order_item_id,order_id,product_id,quantity,unit_price,line_revenue
HITM0000001,HORD000001,PRD0795,1.0,808.42,808.42
HITM0000002,HORD000001,PRD0023,1.0,965.26,965.26
HITM0000003,HORD000001,PRD0286,1.0,841.61,841.61
HITM0000004,HORD000002,PRD0604,1.0,1327.89,1327.89
HITM0000005,HORD000002,PRD0286,1.0,841.61,841.61
HITM0000006,HORD000002,PRD0578,2.0,856.24,1712.48
HITM0000007,HORD000002,PRD0110,1.0,250.51,250.51
HITM0000008,HORD000002,PRD0986,1.0,748.03,748.03
HITM0000009,HORD000003,PRD0896,1.0,502.67,502.67
HITM0000010,HORD000003,PRD0332,1.0,560.39,560.39
HITM0000011,HORD000004,PRD0543,1.0,398.13,398.13
HITM0000012,HORD000004,PRD0598,1.0,929.85,929.85
HITM0000013,HORD000004,PRD0841,1.0,2181.2,2181.2
HITM0000014,HORD000004,PRD0373,1.0,572.77,572.77
HITM0000015,HORD000004,PRD0448,1.0,67.35,67.35
HITM0000016,HORD000005,PRD0981,2.0,2272.24,4544.48
HITM0000017,HORD000005,PRD0804,2.0,1164.25,2328.5
HITM0000018,HORD000005,PRD0504,2.0,3837.7,7675.4
HITM0000019,HORD000006,PRD0792,2.0,1745.87,3491.74
HITM0000020,HORD000006,PRD0288,2.0,171.9,343.8
HITM0000021,HORD000006,PRD0231,1.0,2034.99,2034.99
HITM0000022,HORD000006,PRD0526,3.0,149.19,447.57
HITM0000023,HORD000007,PRD0789,1.0,106.8,106.8
HITM0000024,HORD000007,PRD0642,3.0,790.1,2370.3
HITM0000025,HORD000008,PRD0750,1.0,203.37,203.37
HITM0000026,HORD000009,PRD0999,1.0,464.57,464.57
HITM0000027,HORD000009,PRD0367,2.0,1853.15,3706.3
HITM0000028,HORD000009,PRD0533,1.0,1215.39,1215.39
HITM0000029,HORD000010,PRD0883,1.0,1065.61,1065.61
HITM0000030,HORD000010,PRD0575,1.0,357.22,357.22
HITM0000031,HORD000010,PRD0135,2.0,800.53,1601.06
HITM0000032,HORD000011,PRD0862,1.0,1387.19,1387.19
HITM0000033,HORD000011,PRD0549,2.0,1361.68,2723.36
HITM0000034,HORD000011,PRD0410,1.0,328.86,328.86
HITM0000035,HORD000011,PRD0006,1.0,813.94,813.94
HITM0000036,HORD000011,PRD0235,2.0,510.44,1020.88
HITM0000037,HORD000012,PRD0323,2.0,786.71,1573.42
HITM0000038,HORD000012,PRD0570,2.0,98.43,196.86
HITM0000039,HORD000013,PRD0389,1.0,197.05,197.05
HITM0000040,HORD000013,PRD0436,1.0,99.16,99.16
HITM0000041,HORD000013,PRD0517,1.0,1366.6,1366.6
HITM0000042,HORD000014,PRD0370,1.0,143.48,143.48
HITM0000043,HORD000014,PRD0399,1.0,628.54,628.54
HITM0000044,HORD000014,PRD0772,1.0,546.46,546.46
HITM0000045,HORD000015,PRD0832,1.0,646.88,646.88
HITM0000046,HORD000015,PRD0138,1.0,316.0,316.0
HITM0000047,HORD000015,PRD0121,1.0,3098.72,3098.72
HITM0000048,HORD000016,PRD0210,2.0,91.62,183.24
HITM0000049,HORD000016,PRD0727,2.0,1546.58,3093.16
HITM0000050,HORD000016,PRD0984,1.0,759.8,759.8
HITM0000051,HORD000017,PRD0163,2.0,1539.62,3079.24
HITM0000052,HORD000017,PRD0365,1.0,884.05,884.05
HITM0000053,HORD000017,PRD0189,2.0,1154.51,2309.02
HITM0000054,HORD000017,PRD0165,1.0,722.38,722.38
HITM0000055,HORD000017,PRD0183,1.0,880.19,880.19
HITM0000056,HORD000018,PRD0845,1.0,242.25,242.25
HITM0000057,HORD000018,PRD0648,1.0,210.67,210.67
HITM0000058,HORD000018,PRD0789,1.0,106.8,106.8
HITM0000059,HORD000018,PRD0728,1.0,188.05,188.05
HITM0000060,HORD000018,PRD0815,1.0,446.57,446.57
HITM0000061,HORD000019,PRD0216,1.0,56.76,56.76
HITM0000062,HORD000019,PRD0686,1.0,791.36,791.36
HITM0000063,HORD000019,PRD0485,1.0,518.63,518.63
HITM0000064,HORD000020,PRD0689,1.0,1240.98,1240.98
HITM0000065,HORD000020,PRD0248,1.0,494.67,494.67
HITM0000066,HORD000020,PRD0259,2.0,1302.81,2605.62
HITM0000067,HORD000021,PRD0517,1.0,1366.6,1366.6
HITM0000068,HORD000021,PRD0278,2.0,100.15,200.3
HITM0000069,HORD000021,PRD0145,1.0,1050.7,1050.7
HITM0000070,HORD000021,PRD0155,1.0,237.13,237.13
HITM0000071,HORD000022,PRD0094,2.0,1376.89,2753.78
HITM0000072,HORD000022,PRD0490,1.0,20.66,20.66
HITM0000073,HORD000022,PRD0759,1.0,943.47,943.47
HITM0000074,HORD000022,PRD0300,2.0,30.76,61.52
HITM0000075,HORD000023,PRD0078,2.0,166.61,333.22
HITM0000076,HORD000023,PRD0047,1.0,1258.28,1258.28
HITM0000077,HORD000023,PRD0422,1.0,1749.99,1749.99
HITM0000078,HORD000024,PRD0799,1.0,373.98,373.98
HITM0000079,HORD000024,PRD0796,1.0,830.56,830.56
HITM0000080,HORD000024,PRD0877,1.0,1300.22,1300.22
HITM0000081,HORD000025,PRD0082,1.0,383.13,383.13
HITM0000082,HORD000025,PRD0510,1.0,71.92,71.92
HITM0000083,HORD000025,PRD0445,2.0,1141.73,2283.46
HITM0000084,HORD000026,PRD0396,1.0,120.07,120.07
HITM0000085,HORD000026,PRD0860,1.0,148.71,148.71
HITM0000086,HORD000026,PRD0734,1.0,2197.09,2197.09
HITM0000087,HORD000026,PRD0916,1.0,265.34,265.34
HITM0000088,HORD000027,PRD0158,1.0,464.07,464.07
HITM0000089,HORD000027,PRD0049,1.0,149.55,149.55
HITM0000090,HORD000028,PRD0924,2.0,1614.34,3228.68
HITM0000091,HORD000028,PRD0854,2.0,386.3,772.6
HITM0000092,HORD000028,PRD0715,1.0,343.66,343.66
HITM0000093,HORD000028,PRD0309,1.0,335.12,335.12
HITM0000094,HORD000028,PRD0781,1.0,1410.25,1410.25
HITM0000095,HORD000029,PRD0790,1.0,25.52,25.52
HITM0000096,HORD000029,PRD0025,2.0,403.1,806.2
HITM0000097,HORD000029,PRD0327,1.0,783.26,783.26
HITM0000098,HORD000029,PRD0472,2.0,1096.23,2192.46
HITM0000099,HORD000030,PRD0063,2.0,1124.17,2248.34
HITM0000100,HORD000030,PRD0136,1.0,107.5,107.5
HITM0000101,HORD000031,PRD0311,1.0,1105.19,1105.19
HITM0000102,HORD000031,PRD0194,1.0,1326.23,1326.23
HITM0000103,HORD000031,PRD0010,1.0,15.97,15.97
HITM0000104,HORD000031,PRD0725,1.0,821.74,821.74
HITM0000105,HORD000032,PRD0885,1.0,510.35,510.35
HITM0000106,HORD000032,PRD0105,2.0,275.3,550.6
HITM0000107,HORD000032,PRD0596,2.0,741.69,1483.38
HITM0000108,HORD000033,PRD0089,1.0,865.25,865.25
HITM0000109,HORD000033,PRD0193,2.0,609.21,1218.42
HITM0000110,HORD000034,PRD0020,2.0,153.47,306.94
HITM0000111,HORD000034,PRD0376,1.0,804.1,804.1
HITM0000112,HORD000034,PRD0700,1.0,258.76,258.76
HITM0000113,HORD000034,PRD0596,1.0,741.69,741.69
HITM0000114,HORD000035,PRD0004,1.0,466.88,466.88
HITM0000115,HORD000035,PRD0761,2.0,965.07,1930.14
HITM0000116,HORD000036,PRD0810,1.0,224.68,224.68
HITM0000117,HORD000036,PRD0304,2.0,524.3,1048.6
HITM0000118,HORD000036,PRD0461,1.0,2080.96,2080.96
HITM0000119,HORD000037,PRD0681,2.0,2498.26,4996.52
HITM0000120,HORD000037,PRD0518,1.0,614.84,614.84
HITM0000121,HORD000038,PRD0700,1.0,258.76,258.76
HITM0000122,HORD000038,PRD0629,1.0,270.17,270.17
HITM0000123,HORD000039,PRD0211,1.0,2411.53,2411.53
HITM0000124,HORD000039,PRD0202,1.0,1243.06,1243.06
HITM0000125,HORD000040,PRD0209,1.0,1090.92,1090.92
HITM0000126,HORD000040,PRD0657,2.0,91.2,182.4
HITM0000127,HORD000040,PRD0274,1.0,2383.39,2383.39
HITM0000128,HORD000040,PRD0273,1.0,1515.39,1515.39
HITM0000129,HORD000041,PRD0520,1.0,93.98,93.98
HITM0000130,HORD000041,PRD0859,2.0,870.26,1740.52
HITM0000131,HORD000041,PRD0648,2.0,210.67,421.34
HITM0000132,HORD000041,PRD0935,1.0,249.9,249.9
HITM0000133,HORD000041,PRD0653,2.0,1533.48,3066.96
HITM0000134,HORD000042,PRD0938,2.0,857.34,1714.68
HITM0000135,HORD000042,PRD0332,1.0,560.39,560.39
HITM0000136,HORD000043,PRD0494,1.0,780.48,780.48
HITM0000137,HORD000043,PRD0186,2.0,223.64,447.28
HITM0000138,HORD000044,PRD0019,1.0,741.78,741.78
HITM0000139,HORD000044,PRD0843,2.0,1142.85,2285.7
HITM0000140,HORD000044,PRD0935,1.0,249.9,249.9
HITM0000141,HORD000045,PRD0030,1.0,159.51,159.51
HITM0000142,HORD000046,PRD0549,2.0,1361.68,2723.36
HITM0000143,HORD000046,PRD0801,1.0,1245.32,1245.32
HITM0000144,HORD000046,PRD0517,1.0,1366.6,1366.6
HITM0000145,HORD000047,PRD0764,1.0,3444.81,3444.81
HITM0000146,HORD000047,PRD0840,2.0,148.97,297.94
HITM0000147,HORD000047,PRD0300,2.0,30.76,61.52
HITM0000148,HORD000048,PRD0722,1.0,909.76,909.76
HITM0000149,HORD000048,PRD0945,1.0,888.88,888.88
HITM0000150,HORD000048,PRD0518,1.0,614.84,614.84
HITM0000151,HORD000048,PRD0042,2.0,1230.08,2460.16
HITM0000152,HORD000049,PRD0373,1.0,572.77,572.77
HITM0000153,HORD000049,PRD0078,2.0,166.61,333.22
HITM0000154,HORD000050,PRD0486,1.0,825.47,825.47
HITM0000155,HORD000050,PRD0156,3.0,681.59,2044.77
HITM0000156,HORD000050,PRD0547,1.0,2376.82,2376.82
HITM0000157,HORD000051,PRD0482,1.0,653.2,653.2
HITM0000158,HORD000051,PRD0875,1.0,916.11,916.11
HITM0000159,HORD000052,PRD0629,1.0,270.17,270.17
HITM0000160,HORD000052,PRD0670,2.0,85.16,170.32
HITM0000161,HORD000052,PRD0707,1.0,1911.85,1911.85
HITM0000162,HORD000052,PRD0363,1.0,1523.75,1523.75
HITM0000163,HORD000053,PRD0380,1.0,117.36,117.36
HITM0000164,HORD000053,PRD0145,1.0,1050.7,1050.7
HITM0000165,HORD000053,PRD0382,1.0,453.52,453.52
HITM0000166,HORD000054,PRD0408,1.0,680.47,680.47
HITM0000167,HORD000054,PRD0260,1.0,73.31,73.31
HITM0000168,HORD000054,PRD0371,1.0,1060.97,1060.97
HITM0000169,HORD000054,PRD0386,1.0,109.17,109.17
HITM0000170,HORD000054,PRD0460,1.0,99.79,99.79
HITM0000171,HORD000055,PRD0837,1.0,333.32,333.32
HITM0000172,HORD000055,PRD0179,1.0,1156.54,1156.54
HITM0000173,HORD000056,PRD0568,1.0,272.51,272.51
HITM0000174,HORD000056,PRD0576,1.0,136.9,136.9
HITM0000175,HORD000057,PRD0690,1.0,306.64,306.64
HITM0000176,HORD000057,PRD0710,2.0,302.55,605.1
HITM0000177,HORD000057,PRD0717,1.0,615.2,615.2
HITM0000178,HORD000057,PRD0734,1.0,2197.09,2197.09
HITM0000179,HORD000057,PRD0739,1.0,408.6,408.6
HITM0000180,HORD000058,PRD0054,1.0,3965.82,3965.82
HITM0000181,HORD000058,PRD0042,1.0,1230.08,1230.08
HITM0000182,HORD000058,PRD0357,1.0,193.87,193.87
HITM0000183,HORD000059,PRD0863,2.0,1009.18,2018.36
HITM0000184,HORD000059,PRD0449,1.0,227.09,227.09
HITM0000185,HORD000059,PRD0508,1.0,637.75,637.75
HITM0000186,HORD000060,PRD0209,2.0,1090.92,2181.84
HITM0000187,HORD000060,PRD0563,2.0,270.8,541.6
HITM0000188,HORD000060,PRD0211,1.0,2411.53,2411.53
HITM0000189,HORD000061,PRD0500,1.0,352.58,352.58
HITM0000190,HORD000061,PRD0555,1.0,407.18,407.18
HITM0000191,HORD000062,PRD0555,1.0,407.18,407.18
HITM0000192,HORD000062,PRD0553,1.0,722.16,722.16
HITM0000193,HORD000062,PRD0270,1.0,145.44,145.44
HITM0000194,HORD000063,PRD0244,1.0,3425.92,3425.92
HITM0000195,HORD000063,PRD0162,1.0,441.75,441.75
HITM0000196,HORD000064,PRD0495,2.0,617.55,1235.1
HITM0000197,HORD000064,PRD0316,1.0,28.93,28.93
HITM0000198,HORD000064,PRD0008,1.0,799.44,799.44
HITM0000199,HORD000064,PRD0010,1.0,15.97,15.97
HITM0000200,HORD000065,PRD0856,1.0,415.09,415.09
HITM0000201,HORD000065,PRD0835,1.0,427.39,427.39
HITM0000202,HORD000065,PRD0198,2.0,155.28,310.56
HITM0000203,HORD000066,PRD0646,3.0,98.45,295.35
HITM0000204,HORD000066,PRD0880,1.0,263.31,263.31
HITM0000205,HORD000066,PRD0540,2.0,255.66,511.32
HITM0000206,HORD000066,PRD0134,1.0,3468.51,3468.51
HITM0000207,HORD000067,PRD0508,1.0,637.75,637.75
HITM0000208,HORD000067,PRD0844,1.0,1996.67,1996.67
HITM0000209,HORD000067,PRD0357,1.0,193.87,193.87
HITM0000210,HORD000068,PRD0303,2.0,961.05,1922.1
HITM0000211,HORD000068,PRD0313,1.0,695.88,695.88
HITM0000212,HORD000068,PRD0765,2.0,126.56,253.12
HITM0000213,HORD000068,PRD0683,1.0,1384.61,1384.61
HITM0000214,HORD000069,PRD0899,1.0,1401.94,1401.94
HITM0000215,HORD000069,PRD0436,2.0,99.16,198.32
HITM0000216,HORD000069,PRD0979,1.0,1102.97,1102.97
HITM0000217,HORD000070,PRD0399,1.0,628.54,628.54
HITM0000218,HORD000070,PRD0752,2.0,1353.89,2707.78
HITM0000219,HORD000071,PRD0097,1.0,673.56,673.56
HITM0000220,HORD000071,PRD0136,2.0,107.5,215.0
HITM0000221,HORD000072,PRD0037,1.0,109.69,109.69
HITM0000222,HORD000072,PRD0755,1.0,683.65,683.65
HITM0000223,HORD000072,PRD0343,1.0,1244.05,1244.05
HITM0000224,HORD000073,PRD0706,1.0,746.72,746.72
HITM0000225,HORD000074,PRD0901,1.0,1477.12,1477.12
HITM0000226,HORD000074,PRD0472,2.0,1096.23,2192.46
HITM0000227,HORD000074,PRD0724,3.0,1250.76,3752.28
HITM0000228,HORD000075,PRD0119,1.0,844.43,844.43
HITM0000229,HORD000075,PRD0275,1.0,182.18,182.18
HITM0000230,HORD000076,PRD0008,1.0,799.44,799.44
HITM0000231,HORD000076,PRD0238,1.0,690.75,690.75
HITM0000232,HORD000076,PRD0894,1.0,1604.45,1604.45
HITM0000233,HORD000076,PRD0188,1.0,604.15,604.15
HITM0000234,HORD000077,PRD0609,1.0,138.47,138.47
HITM0000235,HORD000077,PRD0844,1.0,1996.67,1996.67
HITM0000236,HORD000077,PRD0904,1.0,673.64,673.64
HITM0000237,HORD000077,PRD0690,3.0,306.64,919.92
HITM0000238,HORD000077,PRD0374,1.0,1059.26,1059.26
HITM0000239,HORD000078,PRD0199,1.0,290.9,290.9
HITM0000240,HORD000079,PRD0148,1.0,784.78,784.78
HITM0000241,HORD000079,PRD0981,2.0,2272.24,4544.48
HITM0000242,HORD000079,PRD0805,1.0,151.93,151.93
HITM0000243,HORD000080,PRD0628,1.0,306.06,306.06
HITM0000244,HORD000080,PRD0896,1.0,502.67,502.67
HITM0000245,HORD000081,PRD0856,2.0,415.09,830.18
HITM0000246,HORD000081,PRD0437,1.0,1241.03,1241.03
HITM0000247,HORD000081,PRD0567,1.0,383.28,383.28
HITM0000248,HORD000081,PRD0963,1.0,488.16,488.16
HITM0000249,HORD000082,PRD0964,2.0,1397.93,2795.86
HITM0000250,HORD000082,PRD0549,1.0,1361.68,1361.68
HITM0000251,HORD000083,PRD0553,1.0,722.16,722.16
HITM0000252,HORD000083,PRD0189,1.0,1154.51,1154.51
HITM0000253,HORD000083,PRD0998,2.0,546.63,1093.26
HITM0000254,HORD000084,PRD0751,1.0,1210.18,1210.18
HITM0000255,HORD000084,PRD0979,1.0,1102.97,1102.97
HITM0000256,HORD000084,PRD0381,1.0,1910.84,1910.84
HITM0000257,HORD000085,PRD0952,2.0,982.79,1965.58
HITM0000258,HORD000085,PRD0124,1.0,2036.87,2036.87
HITM0000259,HORD000085,PRD0975,3.0,977.14,2931.42
HITM0000260,HORD000085,PRD0456,1.0,417.01,417.01
HITM0000261,HORD000085,PRD0676,2.0,444.48,888.96
HITM0000262,HORD000086,PRD0729,2.0,1008.84,2017.68
HITM0000263,HORD000086,PRD0180,1.0,24.86,24.86
HITM0000264,HORD000086,PRD0555,1.0,407.18,407.18
HITM0000265,HORD000086,PRD0470,1.0,290.42,290.42
HITM0000266,HORD000086,PRD0065,1.0,729.67,729.67
HITM0000267,HORD000087,PRD0172,1.0,1821.63,1821.63
HITM0000268,HORD000087,PRD0563,1.0,270.8,270.8
HITM0000269,HORD000087,PRD0388,1.0,269.65,269.65
HITM0000270,HORD000088,PRD0521,1.0,1486.1,1486.1
HITM0000271,HORD000088,PRD0028,1.0,364.14,364.14
HITM0000272,HORD000088,PRD0988,1.0,470.37,470.37
HITM0000273,HORD000088,PRD0968,1.0,607.18,607.18
HITM0000274,HORD000089,PRD0266,1.0,424.49,424.49
HITM0000275,HORD000089,PRD0958,1.0,655.23,655.23
HITM0000276,HORD000089,PRD0502,2.0,1894.29,3788.58
HITM0000277,HORD000090,PRD0060,1.0,97.23,97.23
HITM0000278,HORD000090,PRD0369,1.0,462.08,462.08
HITM0000279,HORD000090,PRD0780,1.0,191.96,191.96
HITM0000280,HORD000091,PRD0630,1.0,59.46,59.46
HITM0000281,HORD000091,PRD0628,1.0,306.06,306.06
HITM0000282,HORD000091,PRD0316,1.0,28.93,28.93
HITM0000283,HORD000092,PRD0152,2.0,476.3,952.6
HITM0000284,HORD000092,PRD0303,1.0,961.05,961.05
HITM0000285,HORD000093,PRD0610,1.0,21.93,21.93
HITM0000286,HORD000093,PRD0500,1.0,352.58,352.58
HITM0000287,HORD000093,PRD0596,1.0,741.69,741.69
HITM0000288,HORD000094,PRD0099,1.0,469.56,469.56
HITM0000289,HORD000094,PRD0686,1.0,791.36,791.36
HITM0000290,HORD000095,PRD0529,1.0,1448.34,1448.34
HITM0000291,HORD000095,PRD0733,1.0,894.02,894.02
HITM0000292,HORD000095,PRD0666,1.0,108.17,108.17
HITM0000293,HORD000096,PRD0438,1.0,246.04,246.04
HITM0000294,HORD000096,PRD0758,2.0,688.14,1376.28
HITM0000295,HORD000096,PRD0938,3.0,857.34,2572.02
HITM0000296,HORD000097,PRD0326,2.0,791.27,1582.54
HITM0000297,HORD000097,PRD0360,1.0,14.71,14.71
HITM0000298,HORD000097,PRD0257,1.0,2532.59,2532.59
HITM0000299,HORD000098,PRD0325,1.0,54.61,54.61
HITM0000300,HORD000098,PRD0661,2.0,1397.85,2795.7
HITM0000301,HORD000098,PRD0732,1.0,685.95,685.95
HITM0000302,HORD000099,PRD0359,2.0,169.12,338.24
HITM0000303,HORD000099,PRD0716,1.0,242.32,242.32
HITM0000304,HORD000099,PRD0047,1.0,1258.28,1258.28
HITM0000305,HORD000099,PRD0178,1.0,317.56,317.56
HITM0000306,HORD000100,PRD0021,1.0,2242.17,2242.17
HITM0000307,HORD000100,PRD0078,3.0,166.61,499.83
HITM0000308,HORD000100,PRD0203,1.0,910.47,910.47
HITM0000309,HORD000100,PRD0950,1.0,321.18,321.18
HITM0000310,HORD000101,PRD0977,1.0,352.01,352.01
HITM0000311,HORD000101,PRD0810,1.0,224.68,224.68
HITM0000312,HORD000101,PRD0020,2.0,153.47,306.94
HITM0000313,HORD000101,PRD0152,1.0,476.3,476.3
HITM0000314,HORD000101,PRD0489,1.0,264.6,264.6
HITM0000315,HORD000102,PRD0872,2.0,1715.8,3431.6
HITM0000316,HORD000102,PRD0112,1.0,1193.81,1193.81
HITM0000317,HORD000102,PRD0122,1.0,1755.78,1755.78
HITM0000318,HORD000102,PRD0106,1.0,217.23,217.23
HITM0000319,HORD000102,PRD0573,1.0,394.67,394.67
HITM0000320,HORD000103,PRD0271,2.0,1115.7,2231.4
HITM0000321,HORD000104,PRD0018,1.0,112.62,112.62
HITM0000322,HORD000104,PRD0070,1.0,283.3,283.3
HITM0000323,HORD000104,PRD0337,3.0,92.59,277.77
HITM0000324,HORD000104,PRD0153,1.0,926.23,926.23
HITM0000325,HORD000105,PRD0779,1.0,296.88,296.88
HITM0000326,HORD000105,PRD0108,1.0,186.84,186.84
HITM0000327,HORD000105,PRD0476,1.0,59.63,59.63
HITM0000328,HORD000106,PRD0439,1.0,1119.95,1119.95
HITM0000329,HORD000106,PRD0845,2.0,242.25,484.5
HITM0000330,HORD000106,PRD0368,1.0,807.79,807.79
HITM0000331,HORD000106,PRD0190,1.0,417.54,417.54
HITM0000332,HORD000106,PRD0450,1.0,138.07,138.07
HITM0000333,HORD000107,PRD0154,1.0,1575.91,1575.91
HITM0000334,HORD000107,PRD0665,1.0,215.81,215.81
HITM0000335,HORD000107,PRD0426,1.0,284.68,284.68
HITM0000336,HORD000107,PRD0613,1.0,990.18,990.18
HITM0000337,HORD000107,PRD0570,1.0,98.43,98.43
HITM0000338,HORD000108,PRD0881,1.0,1292.47,1292.47
HITM0000339,HORD000108,PRD0657,1.0,91.2,91.2
HITM0000340,HORD000108,PRD0763,1.0,1426.88,1426.88
HITM0000341,HORD000109,PRD0645,1.0,886.19,886.19
HITM0000342,HORD000109,PRD0598,1.0,929.85,929.85
HITM0000343,HORD000110,PRD0367,1.0,1853.15,1853.15
HITM0000344,HORD000110,PRD0433,1.0,1358.38,1358.38
HITM0000345,HORD000110,PRD0391,1.0,1089.38,1089.38
HITM0000346,HORD000110,PRD0364,1.0,1836.13,1836.13
HITM0000347,HORD000110,PRD0715,1.0,343.66,343.66
HITM0000348,HORD000111,PRD0947,1.0,1897.91,1897.91
HITM0000349,HORD000111,PRD0804,3.0,1164.25,3492.75
HITM0000350,HORD000111,PRD0742,1.0,1512.78,1512.78
HITM0000351,HORD000112,PRD0564,2.0,1250.64,2501.28
HITM0000352,HORD000112,PRD0140,1.0,54.35,54.35
HITM0000353,HORD000112,PRD0930,1.0,371.97,371.97
HITM0000354,HORD000112,PRD0511,1.0,1305.5,1305.5
HITM0000355,HORD000113,PRD0105,1.0,275.3,275.3
HITM0000356,HORD000113,PRD0057,1.0,1403.88,1403.88
HITM0000357,HORD000113,PRD0684,1.0,1584.7,1584.7
HITM0000358,HORD000113,PRD0708,1.0,720.36,720.36
HITM0000359,HORD000113,PRD0506,1.0,309.66,309.66
HITM0000360,HORD000114,PRD0866,2.0,328.46,656.92
HITM0000361,HORD000114,PRD0365,1.0,884.05,884.05
HITM0000362,HORD000115,PRD0576,1.0,136.9,136.9
HITM0000363,HORD000115,PRD0807,2.0,1536.27,3072.54
HITM0000364,HORD000115,PRD0516,1.0,565.33,565.33
HITM0000365,HORD000116,PRD0303,1.0,961.05,961.05
HITM0000366,HORD000117,PRD0894,2.0,1604.45,3208.9
HITM0000367,HORD000117,PRD0531,1.0,2758.01,2758.01
HITM0000368,HORD000117,PRD0219,1.0,374.02,374.02
HITM0000369,HORD000118,PRD0245,1.0,653.23,653.23
HITM0000370,HORD000118,PRD0676,1.0,444.48,444.48
HITM0000371,HORD000118,PRD0892,1.0,324.59,324.59
HITM0000372,HORD000119,PRD0834,1.0,2476.82,2476.82
HITM0000373,HORD000119,PRD0300,1.0,30.76,30.76
HITM0000374,HORD000119,PRD0919,1.0,1151.13,1151.13
HITM0000375,HORD000120,PRD0180,1.0,24.86,24.86
HITM0000376,HORD000120,PRD0306,1.0,643.72,643.72
HITM0000377,HORD000121,PRD0850,1.0,308.86,308.86
HITM0000378,HORD000121,PRD0625,2.0,1041.53,2083.06
HITM0000379,HORD000121,PRD0195,1.0,337.11,337.11
HITM0000380,HORD000121,PRD0123,1.0,322.81,322.81
HITM0000381,HORD000121,PRD0017,1.0,1860.35,1860.35
HITM0000382,HORD000122,PRD0408,1.0,680.47,680.47
HITM0000383,HORD000122,PRD0752,1.0,1353.89,1353.89
HITM0000384,HORD000122,PRD0010,1.0,15.97,15.97
HITM0000385,HORD000123,PRD0444,3.0,636.31,1908.93
HITM0000386,HORD000124,PRD0590,1.0,268.79,268.79
HITM0000387,HORD000124,PRD0866,1.0,328.46,328.46
HITM0000388,HORD000124,PRD0423,1.0,731.87,731.87
HITM0000389,HORD000124,PRD0469,1.0,1472.12,1472.12
HITM0000390,HORD000125,PRD0831,1.0,1201.57,1201.57
HITM0000391,HORD000125,PRD0812,1.0,1836.96,1836.96
HITM0000392,HORD000125,PRD0044,1.0,3554.03,3554.03
HITM0000393,HORD000126,PRD0891,2.0,1480.65,2961.3
HITM0000394,HORD000126,PRD0434,1.0,2443.59,2443.59
HITM0000395,HORD000126,PRD0339,1.0,427.29,427.29
HITM0000396,HORD000127,PRD0885,1.0,510.35,510.35
HITM0000397,HORD000127,PRD0609,1.0,138.47,138.47
HITM0000398,HORD000127,PRD0740,1.0,194.14,194.14
HITM0000399,HORD000127,PRD0899,1.0,1401.94,1401.94
HITM0000400,HORD000128,PRD0070,1.0,283.3,283.3
HITM0000401,HORD000128,PRD0453,1.0,934.48,934.48
HITM0000402,HORD000129,PRD0702,1.0,768.26,768.26
HITM0000403,HORD000129,PRD0416,1.0,753.43,753.43
HITM0000404,HORD000129,PRD0476,1.0,59.63,59.63
HITM0000405,HORD000129,PRD0764,1.0,3444.81,3444.81
HITM0000406,HORD000130,PRD0880,1.0,263.31,263.31
HITM0000407,HORD000130,PRD0690,1.0,306.64,306.64
HITM0000408,HORD000130,PRD0427,1.0,1807.66,1807.66
HITM0000409,HORD000131,PRD0266,2.0,424.49,848.98
HITM0000410,HORD000131,PRD0670,1.0,85.16,85.16
HITM0000411,HORD000131,PRD0877,1.0,1300.22,1300.22
HITM0000412,HORD000131,PRD0540,1.0,255.66,255.66
HITM0000413,HORD000132,PRD0916,1.0,265.34,265.34
HITM0000414,HORD000132,PRD0147,1.0,94.45,94.45
HITM0000415,HORD000132,PRD0320,2.0,289.98,579.96
HITM0000416,HORD000133,PRD0545,1.0,879.28,879.28
HITM0000417,HORD000133,PRD0356,1.0,302.84,302.84
HITM0000418,HORD000134,PRD0207,2.0,1299.41,2598.82
HITM0000419,HORD000134,PRD0898,1.0,236.36,236.36
HITM0000420,HORD000134,PRD0060,1.0,97.23,97.23
HITM0000421,HORD000134,PRD0894,1.0,1604.45,1604.45
HITM0000422,HORD000134,PRD0113,3.0,605.4,1816.2
HITM0000423,HORD000135,PRD0109,1.0,516.32,516.32
HITM0000424,HORD000135,PRD0881,1.0,1292.47,1292.47
HITM0000425,HORD000135,PRD0738,2.0,306.26,612.52
HITM0000426,HORD000135,PRD0630,1.0,59.46,59.46
HITM0000427,HORD000136,PRD0735,1.0,606.53,606.53
HITM0000428,HORD000136,PRD0105,1.0,275.3,275.3
HITM0000429,HORD000136,PRD0380,1.0,117.36,117.36
HITM0000430,HORD000136,PRD0723,1.0,1236.33,1236.33
HITM0000431,HORD000137,PRD0906,1.0,58.83,58.83
HITM0000432,HORD000137,PRD0631,1.0,2799.14,2799.14
HITM0000433,HORD000137,PRD0977,1.0,352.01,352.01
HITM0000434,HORD000138,PRD0061,2.0,2524.66,5049.32
HITM0000435,HORD000138,PRD0054,1.0,3965.82,3965.82
HITM0000436,HORD000138,PRD0772,1.0,546.46,546.46
HITM0000437,HORD000139,PRD0487,1.0,1262.93,1262.93
HITM0000438,HORD000139,PRD0191,1.0,1045.12,1045.12
HITM0000439,HORD000139,PRD0056,3.0,318.87,956.61
HITM0000440,HORD000140,PRD0733,1.0,894.02,894.02
HITM0000441,HORD000140,PRD0287,2.0,1873.36,3746.72
HITM0000442,HORD000140,PRD0339,1.0,427.29,427.29
HITM0000443,HORD000141,PRD0318,1.0,913.52,913.52
HITM0000444,HORD000141,PRD0883,1.0,1065.61,1065.61
HITM0000445,HORD000142,PRD0140,3.0,54.35,163.05
HITM0000446,HORD000142,PRD0018,1.0,112.62,112.62
HITM0000447,HORD000142,PRD0008,1.0,799.44,799.44
HITM0000448,HORD000142,PRD0558,2.0,603.01,1206.02
HITM0000449,HORD000142,PRD0130,2.0,128.78,257.56
HITM0000450,HORD000143,PRD0312,1.0,845.47,845.47
HITM0000451,HORD000143,PRD0924,2.0,1614.34,3228.68
HITM0000452,HORD000143,PRD0322,1.0,719.5,719.5
HITM0000453,HORD000144,PRD0360,1.0,14.71,14.71
HITM0000454,HORD000144,PRD0016,1.0,348.79,348.79
HITM0000455,HORD000144,PRD0466,1.0,283.41,283.41
HITM0000456,HORD000145,PRD0598,1.0,929.85,929.85
HITM0000457,HORD000145,PRD0397,1.0,1953.43,1953.43
HITM0000458,HORD000145,PRD0582,1.0,1682.59,1682.59
HITM0000459,HORD000146,PRD0606,1.0,721.57,721.57
HITM0000460,HORD000146,PRD0474,1.0,1023.76,1023.76
HITM0000461,HORD000147,PRD0258,3.0,171.41,514.23
HITM0000462,HORD000147,PRD0035,1.0,410.43,410.43
HITM0000463,HORD000147,PRD0806,3.0,43.45,130.35
HITM0000464,HORD000148,PRD0617,1.0,1897.96,1897.96
HITM0000465,HORD000149,PRD0083,1.0,719.56,719.56
HITM0000466,HORD000149,PRD0936,2.0,808.97,1617.94
HITM0000467,HORD000150,PRD0480,2.0,37.46,74.92
HITM0000468,HORD000150,PRD0945,1.0,888.88,888.88
HITM0000469,HORD000150,PRD0130,1.0,128.78,128.78
HITM0000470,HORD000150,PRD0525,1.0,904.72,904.72
HITM0000471,HORD000151,PRD0788,1.0,934.58,934.58
HITM0000472,HORD000151,PRD0604,1.0,1327.89,1327.89
HITM0000473,HORD000151,PRD0466,3.0,283.41,850.23
HITM0000474,HORD000152,PRD0865,1.0,558.87,558.87
HITM0000475,HORD000152,PRD0901,1.0,1477.12,1477.12
HITM0000476,HORD000152,PRD0490,3.0,20.66,61.98
HITM0000477,HORD000153,PRD0575,1.0,357.22,357.22
HITM0000478,HORD000153,PRD0306,1.0,643.72,643.72
HITM0000479,HORD000153,PRD0340,1.0,68.17,68.17
HITM0000480,HORD000154,PRD0395,2.0,404.44,808.88
HITM0000481,HORD000154,PRD0986,1.0,748.03,748.03
HITM0000482,HORD000155,PRD0336,1.0,823.14,823.14
HITM0000483,HORD000155,PRD0280,1.0,34.27,34.27
HITM0000484,HORD000155,PRD0109,1.0,516.32,516.32
HITM0000485,HORD000156,PRD0913,1.0,645.54,645.54
HITM0000486,HORD000156,PRD0654,1.0,4124.98,4124.98
HITM0000487,HORD000156,PRD0221,1.0,1714.89,1714.89
HITM0000488,HORD000157,PRD0846,3.0,808.25,2424.75
HITM0000489,HORD000157,PRD0648,1.0,210.67,210.67
HITM0000490,HORD000157,PRD0809,1.0,929.49,929.49
HITM0000491,HORD000158,PRD0281,1.0,1660.11,1660.11
HITM0000492,HORD000158,PRD0471,2.0,2346.96,4693.92
HITM0000493,HORD000159,PRD0578,1.0,856.24,856.24
HITM0000494,HORD000159,PRD0553,2.0,722.16,1444.32
HITM0000495,HORD000160,PRD0716,1.0,242.32,242.32
HITM0000496,HORD000160,PRD0169,1.0,1057.68,1057.68
HITM0000497,HORD000160,PRD0398,1.0,413.35,413.35
HITM0000498,HORD000160,PRD0825,3.0,289.25,867.75
HITM0000499,HORD000161,PRD0158,2.0,464.07,928.14
HITM0000500,HORD000161,PRD0666,2.0,108.17,216.34
HITM0000501,HORD000161,PRD0498,3.0,753.34,2260.02
HITM0000502,HORD000161,PRD0705,1.0,1103.54,1103.54
HITM0000503,HORD000161,PRD0186,1.0,223.64,223.64
HITM0000504,HORD000162,PRD0307,1.0,2171.11,2171.11
HITM0000505,HORD000162,PRD0580,1.0,76.83,76.83
HITM0000506,HORD000162,PRD0612,1.0,471.59,471.59
HITM0000507,HORD000163,PRD0175,1.0,760.09,760.09
HITM0000508,HORD000163,PRD0770,1.0,254.66,254.66
HITM0000509,HORD000164,PRD0100,2.0,122.42,244.84
HITM0000510,HORD000164,PRD0922,1.0,1416.33,1416.33
HITM0000511,HORD000165,PRD0275,1.0,182.18,182.18
HITM0000512,HORD000165,PRD0739,1.0,408.6,408.6
HITM0000513,HORD000165,PRD0316,1.0,28.93,28.93
HITM0000514,HORD000166,PRD0026,1.0,304.81,304.81
HITM0000515,HORD000166,PRD0942,1.0,646.79,646.79
HITM0000516,HORD000167,PRD0416,1.0,753.43,753.43
HITM0000517,HORD000167,PRD0132,2.0,713.61,1427.22
HITM0000518,HORD000167,PRD0506,2.0,309.66,619.32
HITM0000519,HORD000168,PRD0789,1.0,106.8,106.8
HITM0000520,HORD000168,PRD0675,1.0,898.47,898.47
HITM0000521,HORD000169,PRD0790,1.0,25.52,25.52
HITM0000522,HORD000169,PRD0493,1.0,1550.96,1550.96
HITM0000523,HORD000169,PRD0462,1.0,1259.7,1259.7
HITM0000524,HORD000170,PRD0804,2.0,1164.25,2328.5
HITM0000525,HORD000170,PRD0850,1.0,308.86,308.86
HITM0000526,HORD000170,PRD0063,1.0,1124.17,1124.17
HITM0000527,HORD000170,PRD0354,1.0,2306.23,2306.23
HITM0000528,HORD000171,PRD0034,1.0,1865.66,1865.66
HITM0000529,HORD000171,PRD0225,1.0,213.62,213.62
HITM0000530,HORD000171,PRD0316,1.0,28.93,28.93
HITM0000531,HORD000172,PRD0055,2.0,1172.72,2345.44
HITM0000532,HORD000172,PRD0799,1.0,373.98,373.98
HITM0000533,HORD000172,PRD0630,2.0,59.46,118.92
HITM0000534,HORD000172,PRD0496,1.0,176.22,176.22
HITM0000535,HORD000172,PRD0466,1.0,283.41,283.41
HITM0000536,HORD000173,PRD0884,1.0,586.48,586.48
HITM0000537,HORD000173,PRD0304,1.0,524.3,524.3
HITM0000538,HORD000173,PRD0630,1.0,59.46,59.46
HITM0000539,HORD000173,PRD0098,1.0,149.72,149.72
HITM0000540,HORD000174,PRD0702,1.0,768.26,768.26
HITM0000541,HORD000174,PRD0006,1.0,813.94,813.94
HITM0000542,HORD000174,PRD0349,1.0,986.72,986.72
HITM0000543,HORD000174,PRD0973,1.0,1395.47,1395.47
HITM0000544,HORD000175,PRD0009,1.0,1102.1,1102.1
HITM0000545,HORD000175,PRD0102,1.0,786.59,786.59
HITM0000546,HORD000175,PRD0836,1.0,726.47,726.47
HITM0000547,HORD000176,PRD0900,2.0,274.2,548.4
HITM0000548,HORD000176,PRD0038,1.0,829.21,829.21
HITM0000549,HORD000176,PRD0695,1.0,809.88,809.88
HITM0000550,HORD000176,PRD0779,2.0,296.88,593.76
HITM0000551,HORD000177,PRD0503,2.0,866.27,1732.54
HITM0000552,HORD000177,PRD0498,1.0,753.34,753.34
HITM0000553,HORD000177,PRD0359,1.0,169.12,169.12
HITM0000554,HORD000178,PRD0669,1.0,1077.89,1077.89
HITM0000555,HORD000178,PRD0459,2.0,1138.25,2276.5
HITM0000556,HORD000178,PRD0374,1.0,1059.26,1059.26
HITM0000557,HORD000178,PRD0080,1.0,390.63,390.63
HITM0000558,HORD000179,PRD0865,2.0,558.87,1117.74
HITM0000559,HORD000180,PRD0515,1.0,421.93,421.93
HITM0000560,HORD000180,PRD0007,1.0,775.64,775.64
HITM0000561,HORD000180,PRD0583,1.0,981.15,981.15
HITM0000562,HORD000180,PRD0026,2.0,304.81,609.62
HITM0000563,HORD000181,PRD0447,1.0,79.94,79.94
HITM0000564,HORD000181,PRD0646,1.0,98.45,98.45
HITM0000565,HORD000181,PRD0758,1.0,688.14,688.14
HITM0000566,HORD000182,PRD0820,1.0,95.58,95.58
HITM0000567,HORD000182,PRD0350,2.0,294.0,588.0
HITM0000568,HORD000182,PRD0390,1.0,27.7,27.7
HITM0000569,HORD000183,PRD0278,1.0,100.15,100.15
HITM0000570,HORD000183,PRD0048,1.0,1075.72,1075.72
HITM0000571,HORD000183,PRD0982,1.0,921.88,921.88
HITM0000572,HORD000183,PRD0040,1.0,208.06,208.06
HITM0000573,HORD000184,PRD0275,1.0,182.18,182.18
HITM0000574,HORD000184,PRD0643,1.0,809.36,809.36
HITM0000575,HORD000184,PRD0799,1.0,373.98,373.98
HITM0000576,HORD000184,PRD0562,3.0,536.89,1610.67
HITM0000577,HORD000185,PRD0251,2.0,954.37,1908.74
HITM0000578,HORD000185,PRD0213,1.0,1561.73,1561.73
HITM0000579,HORD000185,PRD0018,1.0,112.62,112.62
HITM0000580,HORD000186,PRD0930,1.0,371.97,371.97
HITM0000581,HORD000186,PRD0016,2.0,348.79,697.58
HITM0000582,HORD000186,PRD0356,1.0,302.84,302.84
HITM0000583,HORD000187,PRD0888,2.0,183.72,367.44
HITM0000584,HORD000187,PRD0305,1.0,662.05,662.05
HITM0000585,HORD000187,PRD0123,2.0,322.81,645.62
HITM0000586,HORD000187,PRD0316,1.0,28.93,28.93
HITM0000587,HORD000188,PRD0366,1.0,496.46,496.46
HITM0000588,HORD000188,PRD0914,1.0,3839.74,3839.74
HITM0000589,HORD000188,PRD0120,1.0,319.18,319.18
HITM0000590,HORD000189,PRD0031,1.0,2166.94,2166.94
HITM0000591,HORD000189,PRD0615,1.0,196.23,196.23
HITM0000592,HORD000190,PRD0912,1.0,1809.29,1809.29
HITM0000593,HORD000190,PRD0399,2.0,628.54,1257.08
HITM0000594,HORD000190,PRD0871,1.0,2970.68,2970.68
HITM0000595,HORD000191,PRD0130,1.0,128.78,128.78
HITM0000596,HORD000191,PRD0113,2.0,605.4,1210.8
HITM0000597,HORD000191,PRD0492,1.0,1490.94,1490.94
HITM0000598,HORD000191,PRD0957,1.0,2168.33,2168.33
HITM0000599,HORD000192,PRD0263,1.0,1272.94,1272.94
HITM0000600,HORD000192,PRD0701,1.0,2361.18,2361.18
HITM0000601,HORD000192,PRD0826,1.0,272.89,272.89
HITM0000602,HORD000193,PRD0123,2.0,322.81,645.62
HITM0000603,HORD000193,PRD0107,1.0,1500.51,1500.51
HITM0000604,HORD000193,PRD0403,1.0,1465.36,1465.36
HITM0000605,HORD000193,PRD0887,3.0,111.87,335.61
HITM0000606,HORD000194,PRD0254,3.0,1660.0,4980.0
HITM0000607,HORD000194,PRD0935,2.0,249.9,499.8
HITM0000608,HORD000194,PRD0010,2.0,15.97,31.94
HITM0000609,HORD000194,PRD0260,1.0,73.31,73.31
HITM0000610,HORD000195,PRD0804,1.0,1164.25,1164.25
HITM0000611,HORD000195,PRD0566,2.0,47.51,95.02
HITM0000612,HORD000195,PRD0715,1.0,343.66,343.66
HITM0000613,HORD000195,PRD0935,1.0,249.9,249.9
HITM0000614,HORD000196,PRD0230,2.0,266.68,533.36
HITM0000615,HORD000196,PRD0806,1.0,43.45,43.45
HITM0000616,HORD000196,PRD0745,1.0,805.9,805.9
HITM0000617,HORD000196,PRD0139,1.0,1414.96,1414.96
HITM0000618,HORD000197,PRD0442,1.0,1625.44,1625.44
HITM0000619,HORD000197,PRD0740,1.0,194.14,194.14
HITM0000620,HORD000197,PRD0438,1.0,246.04,246.04
HITM0000621,HORD000198,PRD0564,1.0,1250.64,1250.64
HITM0000622,HORD000198,PRD0278,1.0,100.15,100.15
HITM0000623,HORD000198,PRD0186,1.0,223.64,223.64
HITM0000624,HORD000199,PRD0424,2.0,1571.65,3143.3
HITM0000625,HORD000199,PRD0665,3.0,215.81,647.43
HITM0000626,HORD000199,PRD0710,2.0,302.55,605.1
HITM0000627,HORD000200,PRD0550,2.0,184.97,369.94
HITM0000628,HORD000200,PRD0866,1.0,328.46,328.46
HITM0000629,HORD000201,PRD0185,1.0,575.43,575.43
HITM0000630,HORD000201,PRD0243,1.0,1380.67,1380.67
HITM0000631,HORD000202,PRD0923,3.0,283.84,851.52
HITM0000632,HORD000202,PRD0516,1.0,565.33,565.33
HITM0000633,HORD000202,PRD0865,1.0,558.87,558.87
HITM0000634,HORD000202,PRD0436,2.0,99.16,198.32
HITM0000635,HORD000202,PRD0500,1.0,352.58,352.58
HITM0000636,HORD000203,PRD0396,2.0,120.07,240.14
HITM0000637,HORD000203,PRD0158,1.0,464.07,464.07
HITM0000638,HORD000203,PRD0238,1.0,690.75,690.75
HITM0000639,HORD000204,PRD0096,1.0,329.23,329.23
HITM0000640,HORD000204,PRD0106,1.0,217.23,217.23
HITM0000641,HORD000204,PRD0616,1.0,644.96,644.96
HITM0000642,HORD000205,PRD0568,3.0,272.51,817.53
HITM0000643,HORD000205,PRD0395,2.0,404.44,808.88
HITM0000644,HORD000206,PRD0216,1.0,56.76,56.76
HITM0000645,HORD000206,PRD0191,2.0,1045.12,2090.24
HITM0000646,HORD000207,PRD0190,1.0,417.54,417.54
HITM0000647,HORD000207,PRD0565,1.0,1060.41,1060.41
HITM0000648,HORD000208,PRD0431,1.0,2253.8,2253.8
HITM0000649,HORD000208,PRD0545,1.0,879.28,879.28
HITM0000650,HORD000209,PRD0566,1.0,47.51,47.51
HITM0000651,HORD000209,PRD0195,1.0,337.11,337.11
HITM0000652,HORD000209,PRD0305,1.0,662.05,662.05
HITM0000653,HORD000210,PRD0896,1.0,502.67,502.67
HITM0000654,HORD000210,PRD0179,1.0,1156.54,1156.54
HITM0000655,HORD000210,PRD0075,1.0,227.56,227.56
HITM0000656,HORD000211,PRD0169,1.0,1057.68,1057.68
HITM0000657,HORD000211,PRD0263,1.0,1272.94,1272.94
HITM0000658,HORD000211,PRD0078,2.0,166.61,333.22
HITM0000659,HORD000212,PRD0045,1.0,70.08,70.08
HITM0000660,HORD000212,PRD0388,1.0,269.65,269.65
HITM0000661,HORD000213,PRD0019,1.0,741.78,741.78
HITM0000662,HORD000213,PRD0814,2.0,2358.42,4716.84
HITM0000663,HORD000214,PRD0421,1.0,2504.26,2504.26
HITM0000664,HORD000214,PRD0997,1.0,995.85,995.85
HITM0000665,HORD000214,PRD0109,1.0,516.32,516.32
HITM0000666,HORD000214,PRD0320,1.0,289.98,289.98
HITM0000667,HORD000214,PRD0360,1.0,14.71,14.71
HITM0000668,HORD000215,PRD0210,2.0,91.62,183.24
HITM0000669,HORD000215,PRD0105,1.0,275.3,275.3
HITM0000670,HORD000215,PRD0629,1.0,270.17,270.17
HITM0000671,HORD000216,PRD0849,1.0,1011.98,1011.98
HITM0000672,HORD000216,PRD0403,1.0,1465.36,1465.36
HITM0000673,HORD000216,PRD0448,1.0,67.35,67.35
HITM0000674,HORD000217,PRD0423,1.0,731.87,731.87
HITM0000675,HORD000217,PRD0795,1.0,808.42,808.42
HITM0000676,HORD000217,PRD0960,1.0,103.86,103.86
HITM0000677,HORD000218,PRD0560,1.0,230.25,230.25
HITM0000678,HORD000218,PRD0833,2.0,1413.97,2827.94
HITM0000679,HORD000218,PRD0792,2.0,1745.87,3491.74
HITM0000680,HORD000219,PRD0370,3.0,143.48,430.44
HITM0000681,HORD000219,PRD0302,3.0,1232.1,3696.3
HITM0000682,HORD000219,PRD0389,1.0,197.05,197.05
HITM0000683,HORD000219,PRD0085,1.0,304.21,304.21
HITM0000684,HORD000220,PRD0610,1.0,21.93,21.93
HITM0000685,HORD000220,PRD0035,1.0,410.43,410.43
HITM0000686,HORD000220,PRD0587,2.0,103.55,207.1
HITM0000687,HORD000221,PRD0122,2.0,1755.78,3511.56
HITM0000688,HORD000221,PRD0288,2.0,171.9,343.8
HITM0000689,HORD000221,PRD0557,1.0,1855.06,1855.06
HITM0000690,HORD000222,PRD0870,1.0,285.87,285.87
HITM0000691,HORD000222,PRD0554,2.0,1619.69,3239.38
HITM0000692,HORD000222,PRD0631,2.0,2799.14,5598.28
HITM0000693,HORD000222,PRD0529,1.0,1448.34,1448.34
HITM0000694,HORD000222,PRD0996,1.0,654.73,654.73
HITM0000695,HORD000223,PRD0572,1.0,483.42,483.42
HITM0000696,HORD000223,PRD0027,1.0,1635.42,1635.42
HITM0000697,HORD000223,PRD0280,1.0,34.27,34.27
HITM0000698,HORD000223,PRD0940,1.0,139.21,139.21
HITM0000699,HORD000224,PRD0263,1.0,1272.94,1272.94
HITM0000700,HORD000224,PRD0192,1.0,1199.68,1199.68
HITM0000701,HORD000224,PRD0033,3.0,1186.21,3558.63
HITM0000702,HORD000224,PRD0334,1.0,2364.45,2364.45
HITM0000703,HORD000224,PRD0772,1.0,546.46,546.46
HITM0000704,HORD000225,PRD0479,1.0,785.34,785.34
HITM0000705,HORD000225,PRD0426,1.0,284.68,284.68
HITM0000706,HORD000225,PRD0469,1.0,1472.12,1472.12
HITM0000707,HORD000226,PRD0037,1.0,109.69,109.69
HITM0000708,HORD000226,PRD0303,2.0,961.05,1922.1
HITM0000709,HORD000226,PRD0686,2.0,791.36,1582.72
HITM0000710,HORD000226,PRD0612,1.0,471.59,471.59
HITM0000711,HORD000226,PRD0416,2.0,753.43,1506.86
HITM0000712,HORD000227,PRD0481,1.0,1297.53,1297.53
HITM0000713,HORD000227,PRD0229,1.0,412.68,412.68
HITM0000714,HORD000227,PRD0002,2.0,684.63,1369.26
HITM0000715,HORD000228,PRD0463,1.0,533.33,533.33
HITM0000716,HORD000228,PRD0862,1.0,1387.19,1387.19
HITM0000717,HORD000228,PRD0077,1.0,966.88,966.88
HITM0000718,HORD000229,PRD0592,2.0,748.49,1496.98
HITM0000719,HORD000229,PRD0685,1.0,367.73,367.73
HITM0000720,HORD000230,PRD0642,1.0,790.1,790.1
HITM0000721,HORD000230,PRD0270,1.0,145.44,145.44
HITM0000722,HORD000230,PRD0870,1.0,285.87,285.87
HITM0000723,HORD000230,PRD0997,1.0,995.85,995.85
HITM0000724,HORD000231,PRD0281,1.0,1660.11,1660.11
HITM0000725,HORD000231,PRD0035,2.0,410.43,820.86
HITM0000726,HORD000231,PRD0990,1.0,373.23,373.23
HITM0000727,HORD000231,PRD0290,2.0,61.51,123.02
HITM0000728,HORD000231,PRD0054,2.0,3965.82,7931.64
HITM0000729,HORD000232,PRD0515,2.0,421.93,843.86
HITM0000730,HORD000232,PRD0594,2.0,3645.51,7291.02
HITM0000731,HORD000233,PRD0248,2.0,494.67,989.34
HITM0000732,HORD000233,PRD0390,1.0,27.7,27.7
HITM0000733,HORD000234,PRD0839,1.0,706.25,706.25
HITM0000734,HORD000234,PRD0696,1.0,107.86,107.86
HITM0000735,HORD000234,PRD0882,1.0,366.62,366.62
HITM0000736,HORD000235,PRD0463,1.0,533.33,533.33
HITM0000737,HORD000235,PRD0969,1.0,1459.43,1459.43
HITM0000738,HORD000235,PRD0728,2.0,188.05,376.1
HITM0000739,HORD000235,PRD0904,1.0,673.64,673.64
HITM0000740,HORD000236,PRD0508,1.0,637.75,637.75
HITM0000741,HORD000236,PRD0479,1.0,785.34,785.34
HITM0000742,HORD000237,PRD0596,1.0,741.69,741.69
HITM0000743,HORD000237,PRD0636,1.0,63.83,63.83
HITM0000744,HORD000237,PRD0035,1.0,410.43,410.43
HITM0000745,HORD000237,PRD0105,2.0,275.3,550.6
HITM0000746,HORD000238,PRD0873,2.0,1287.46,2574.92
HITM0000747,HORD000238,PRD0624,1.0,4074.77,4074.77
HITM0000748,HORD000238,PRD0661,1.0,1397.85,1397.85
HITM0000749,HORD000239,PRD0045,2.0,70.08,140.16
HITM0000750,HORD000239,PRD0242,1.0,1257.76,1257.76
HITM0000751,HORD000240,PRD0007,1.0,775.64,775.64
HITM0000752,HORD000240,PRD0818,2.0,510.62,1021.24
HITM0000753,HORD000240,PRD0158,2.0,464.07,928.14
HITM0000754,HORD000240,PRD0378,3.0,110.97,332.91
HITM0000755,HORD000241,PRD0456,1.0,417.01,417.01
HITM0000756,HORD000242,PRD0020,3.0,153.47,460.41
HITM0000757,HORD000242,PRD0913,1.0,645.54,645.54
HITM0000758,HORD000242,PRD0599,1.0,1206.34,1206.34
HITM0000759,HORD000242,PRD0058,2.0,660.96,1321.92
HITM0000760,HORD000242,PRD0759,2.0,943.47,1886.94
HITM0000761,HORD000243,PRD0078,3.0,166.61,499.83
HITM0000762,HORD000243,PRD0090,1.0,166.35,166.35
HITM0000763,HORD000243,PRD0202,1.0,1243.06,1243.06
HITM0000764,HORD000244,PRD0754,1.0,3612.65,3612.65
HITM0000765,HORD000244,PRD0669,1.0,1077.89,1077.89
HITM0000766,HORD000244,PRD0828,1.0,125.24,125.24
HITM0000767,HORD000244,PRD0808,2.0,830.41,1660.82
HITM0000768,HORD000244,PRD0767,1.0,122.05,122.05
HITM0000769,HORD000245,PRD0993,2.0,489.97,979.94
HITM0000770,HORD000245,PRD0135,1.0,800.53,800.53
HITM0000771,HORD000246,PRD0293,2.0,399.18,798.36
HITM0000772,HORD000246,PRD0528,1.0,821.66,821.66
HITM0000773,HORD000246,PRD0947,2.0,1897.91,3795.82
HITM0000774,HORD000246,PRD0987,1.0,925.55,925.55
HITM0000775,HORD000247,PRD0465,1.0,1026.13,1026.13
HITM0000776,HORD000247,PRD0997,1.0,995.85,995.85
HITM0000777,HORD000248,PRD0987,1.0,925.55,925.55
HITM0000778,HORD000249,PRD0674,1.0,2346.31,2346.31
HITM0000779,HORD000249,PRD0956,1.0,301.52,301.52
HITM0000780,HORD000249,PRD0783,1.0,516.28,516.28
HITM0000781,HORD000249,PRD0619,1.0,180.89,180.89
HITM0000782,HORD000250,PRD0193,1.0,609.21,609.21
HITM0000783,HORD000250,PRD0638,1.0,248.57,248.57
HITM0000784,HORD000250,PRD0548,1.0,181.04,181.04
HITM0000785,HORD000251,PRD0810,1.0,224.68,224.68
HITM0000786,HORD000251,PRD0734,1.0,2197.09,2197.09
HITM0000787,HORD000251,PRD0999,1.0,464.57,464.57
HITM0000788,HORD000252,PRD0651,2.0,929.1,1858.2
HITM0000789,HORD000252,PRD0996,1.0,654.73,654.73
HITM0000790,HORD000252,PRD0483,1.0,1343.25,1343.25
HITM0000791,HORD000253,PRD0003,1.0,745.86,745.86
HITM0000792,HORD000253,PRD0995,1.0,855.97,855.97
HITM0000793,HORD000253,PRD0053,1.0,482.7,482.7
HITM0000794,HORD000253,PRD0418,1.0,513.88,513.88
HITM0000795,HORD000254,PRD0178,2.0,317.56,635.12
HITM0000796,HORD000254,PRD0494,1.0,780.48,780.48
HITM0000797,HORD000254,PRD0820,1.0,95.58,95.58
HITM0000798,HORD000255,PRD0640,1.0,153.76,153.76
HITM0000799,HORD000255,PRD0863,1.0,1009.18,1009.18
HITM0000800,HORD000255,PRD0985,1.0,750.86,750.86
HITM0000801,HORD000256,PRD0930,1.0,371.97,371.97
HITM0000802,HORD000256,PRD0196,1.0,437.6,437.6
HITM0000803,HORD000256,PRD0406,1.0,241.97,241.97
HITM0000804,HORD000256,PRD0420,2.0,202.02,404.04
HITM0000805,HORD000256,PRD0190,1.0,417.54,417.54
HITM0000806,HORD000257,PRD0099,1.0,469.56,469.56
HITM0000807,HORD000257,PRD0737,2.0,1942.18,3884.36
HITM0000808,HORD000258,PRD0993,1.0,489.97,489.97
HITM0000809,HORD000258,PRD0143,1.0,1501.79,1501.79
HITM0000810,HORD000258,PRD0369,1.0,462.08,462.08
HITM0000811,HORD000259,PRD0281,2.0,1660.11,3320.22
HITM0000812,HORD000259,PRD0674,1.0,2346.31,2346.31
HITM0000813,HORD000259,PRD0856,2.0,415.09,830.18
HITM0000814,HORD000260,PRD0119,2.0,844.43,1688.86
HITM0000815,HORD000260,PRD0522,1.0,942.08,942.08
HITM0000816,HORD000260,PRD0543,1.0,398.13,398.13
HITM0000817,HORD000260,PRD0996,1.0,654.73,654.73
HITM0000818,HORD000261,PRD0932,1.0,1316.49,1316.49
HITM0000819,HORD000261,PRD0772,1.0,546.46,546.46
HITM0000820,HORD000261,PRD0786,1.0,211.68,211.68
HITM0000821,HORD000261,PRD0016,1.0,348.79,348.79
HITM0000822,HORD000262,PRD0378,1.0,110.97,110.97
HITM0000823,HORD000262,PRD0106,1.0,217.23,217.23
HITM0000824,HORD000262,PRD0612,2.0,471.59,943.18
HITM0000825,HORD000263,PRD0984,1.0,759.8,759.8
HITM0000826,HORD000263,PRD0361,3.0,3013.48,9040.44
HITM0000827,HORD000264,PRD0976,1.0,348.6,348.6
HITM0000828,HORD000264,PRD0709,1.0,1423.26,1423.26
HITM0000829,HORD000264,PRD0525,1.0,904.72,904.72
HITM0000830,HORD000265,PRD0049,1.0,149.55,149.55
HITM0000831,HORD000265,PRD0731,1.0,1790.91,1790.91
HITM0000832,HORD000265,PRD0623,3.0,292.46,877.38
HITM0000833,HORD000266,PRD0689,2.0,1240.98,2481.96
HITM0000834,HORD000266,PRD0654,1.0,4124.98,4124.98
HITM0000835,HORD000266,PRD0139,1.0,1414.96,1414.96
HITM0000836,HORD000267,PRD0430,1.0,214.75,214.75
HITM0000837,HORD000267,PRD0556,1.0,303.66,303.66
HITM0000838,HORD000267,PRD0361,1.0,3013.48,3013.48
HITM0000839,HORD000267,PRD0186,1.0,223.64,223.64
HITM0000840,HORD000268,PRD0589,2.0,675.7,1351.4
HITM0000841,HORD000268,PRD0356,1.0,302.84,302.84
HITM0000842,HORD000268,PRD0730,1.0,394.42,394.42
HITM0000843,HORD000268,PRD0136,1.0,107.5,107.5
HITM0000844,HORD000269,PRD0322,1.0,719.5,719.5
HITM0000845,HORD000269,PRD0220,2.0,369.39,738.78
HITM0000846,HORD000269,PRD0200,1.0,279.99,279.99
HITM0000847,HORD000269,PRD0790,1.0,25.52,25.52
HITM0000848,HORD000270,PRD0304,1.0,524.3,524.3
HITM0000849,HORD000270,PRD0292,1.0,324.37,324.37
HITM0000850,HORD000270,PRD0523,1.0,1192.94,1192.94
HITM0000851,HORD000270,PRD0956,1.0,301.52,301.52
HITM0000852,HORD000270,PRD0884,1.0,586.48,586.48
HITM0000853,HORD000271,PRD0113,2.0,605.4,1210.8
HITM0000854,HORD000271,PRD0414,2.0,2790.14,5580.28
HITM0000855,HORD000271,PRD0092,1.0,1623.69,1623.69
HITM0000856,HORD000271,PRD0928,1.0,739.11,739.11
HITM0000857,HORD000271,PRD0033,1.0,1186.21,1186.21
HITM0000858,HORD000272,PRD0276,2.0,586.47,1172.94
HITM0000859,HORD000272,PRD0197,1.0,1349.02,1349.02
HITM0000860,HORD000272,PRD0847,2.0,940.4,1880.8
HITM0000861,HORD000273,PRD0421,2.0,2504.26,5008.52
HITM0000862,HORD000273,PRD0026,1.0,304.81,304.81
HITM0000863,HORD000273,PRD0082,1.0,383.13,383.13
HITM0000864,HORD000274,PRD0077,1.0,966.88,966.88
HITM0000865,HORD000274,PRD0415,1.0,921.87,921.87
HITM0000866,HORD000274,PRD0951,1.0,1234.66,1234.66
HITM0000867,HORD000275,PRD0946,1.0,553.66,553.66
HITM0000868,HORD000275,PRD0038,1.0,829.21,829.21
HITM0000869,HORD000275,PRD0325,1.0,54.61,54.61
HITM0000870,HORD000276,PRD0039,1.0,980.04,980.04
HITM0000871,HORD000277,PRD0943,1.0,940.81,940.81
HITM0000872,HORD000277,PRD0359,1.0,169.12,169.12
HITM0000873,HORD000277,PRD0810,1.0,224.68,224.68
HITM0000874,HORD000278,PRD0738,1.0,306.26,306.26
HITM0000875,HORD000278,PRD0078,1.0,166.61,166.61
HITM0000876,HORD000278,PRD0438,1.0,246.04,246.04
HITM0000877,HORD000279,PRD0485,1.0,518.63,518.63
HITM0000878,HORD000279,PRD0400,1.0,286.55,286.55
HITM0000879,HORD000279,PRD0717,1.0,615.2,615.2
HITM0000880,HORD000279,PRD0317,1.0,1875.46,1875.46
HITM0000881,HORD000280,PRD0450,1.0,138.07,138.07
HITM0000882,HORD000280,PRD0323,1.0,786.71,786.71
HITM0000883,HORD000280,PRD0686,1.0,791.36,791.36
HITM0000884,HORD000281,PRD0877,1.0,1300.22,1300.22
HITM0000885,HORD000281,PRD0386,1.0,109.17,109.17
HITM0000886,HORD000281,PRD0039,1.0,980.04,980.04
HITM0000887,HORD000281,PRD0980,2.0,334.19,668.38
HITM0000888,HORD000281,PRD0465,1.0,1026.13,1026.13
HITM0000889,HORD000282,PRD0123,1.0,322.81,322.81
HITM0000890,HORD000282,PRD0771,2.0,1968.01,3936.02
HITM0000891,HORD000283,PRD0057,1.0,1403.88,1403.88
HITM0000892,HORD000283,PRD0555,2.0,407.18,814.36
HITM0000893,HORD000283,PRD0832,1.0,646.88,646.88
HITM0000894,HORD000283,PRD0131,1.0,1214.27,1214.27
HITM0000895,HORD000284,PRD0423,1.0,731.87,731.87
HITM0000896,HORD000284,PRD0845,1.0,242.25,242.25
HITM0000897,HORD000284,PRD0931,3.0,2080.26,6240.78
HITM0000898,HORD000285,PRD0899,1.0,1401.94,1401.94
HITM0000899,HORD000285,PRD0829,1.0,385.82,385.82
HITM0000900,HORD000285,PRD0020,1.0,153.47,153.47
HITM0000901,HORD000285,PRD0288,1.0,171.9,171.9
HITM0000902,HORD000286,PRD0271,2.0,1115.7,2231.4
HITM0000903,HORD000286,PRD0630,2.0,59.46,118.92
HITM0000904,HORD000287,PRD0050,1.0,202.62,202.62
HITM0000905,HORD000287,PRD0555,1.0,407.18,407.18
HITM0000906,HORD000287,PRD0216,1.0,56.76,56.76
HITM0000907,HORD000288,PRD0455,3.0,329.34,988.02
HITM0000908,HORD000289,PRD0551,1.0,2626.22,2626.22
HITM0000909,HORD000289,PRD0696,1.0,107.86,107.86
HITM0000910,HORD000290,PRD0368,1.0,807.79,807.79
HITM0000911,HORD000291,PRD0166,1.0,833.21,833.21
HITM0000912,HORD000291,PRD0152,1.0,476.3,476.3
HITM0000913,HORD000291,PRD0079,1.0,994.48,994.48
HITM0000914,HORD000292,PRD0097,1.0,673.56,673.56
HITM0000915,HORD000292,PRD0015,1.0,184.83,184.83
HITM0000916,HORD000292,PRD0267,1.0,1252.5,1252.5
HITM0000917,HORD000292,PRD0949,2.0,221.57,443.14
HITM0000918,HORD000293,PRD0420,1.0,202.02,202.02
HITM0000919,HORD000293,PRD0360,1.0,14.71,14.71
HITM0000920,HORD000293,PRD0717,1.0,615.2,615.2
HITM0000921,HORD000294,PRD0359,1.0,169.12,169.12
HITM0000922,HORD000294,PRD0450,1.0,138.07,138.07
HITM0000923,HORD000294,PRD0483,1.0,1343.25,1343.25
HITM0000924,HORD000294,PRD0003,1.0,745.86,745.86
HITM0000925,HORD000295,PRD0950,1.0,321.18,321.18
HITM0000926,HORD000295,PRD0518,1.0,614.84,614.84
HITM0000927,HORD000296,PRD0866,1.0,328.46,328.46
HITM0000928,HORD000296,PRD0096,1.0,329.23,329.23
HITM0000929,HORD000297,PRD0116,1.0,466.48,466.48
HITM0000930,HORD000297,PRD0436,1.0,99.16,99.16
HITM0000931,HORD000297,PRD0702,1.0,768.26,768.26
HITM0000932,HORD000297,PRD0935,1.0,249.9,249.9
HITM0000933,HORD000298,PRD0256,3.0,336.19,1008.57
HITM0000934,HORD000298,PRD0914,1.0,3839.74,3839.74
HITM0000935,HORD000298,PRD0382,2.0,453.52,907.04
HITM0000936,HORD000299,PRD0098,2.0,149.72,299.44
HITM0000937,HORD000299,PRD0067,1.0,638.19,638.19
HITM0000938,HORD000299,PRD0006,1.0,813.94,813.94
HITM0000939,HORD000299,PRD0538,1.0,930.3,930.3
HITM0000940,HORD000299,PRD0810,1.0,224.68,224.68
HITM0000941,HORD000300,PRD0945,2.0,888.88,1777.76
HITM0000942,HORD000300,PRD0343,1.0,1244.05,1244.05
HITM0000943,HORD000300,PRD0666,2.0,108.17,216.34
HITM0000944,HORD000300,PRD0797,1.0,2454.69,2454.69
HITM0000945,HORD000301,PRD0273,1.0,1515.39,1515.39
HITM0000946,HORD000301,PRD0804,1.0,1164.25,1164.25
HITM0000947,HORD000301,PRD0977,1.0,352.01,352.01
HITM0000948,HORD000302,PRD0836,1.0,726.47,726.47
HITM0000949,HORD000302,PRD0156,1.0,681.59,681.59
HITM0000950,HORD000302,PRD0988,1.0,470.37,470.37
HITM0000951,HORD000302,PRD0898,1.0,236.36,236.36
HITM0000952,HORD000303,PRD0995,2.0,855.97,1711.94
HITM0000953,HORD000303,PRD0500,1.0,352.58,352.58
HITM0000954,HORD000303,PRD0215,1.0,915.08,915.08
HITM0000955,HORD000303,PRD0035,1.0,410.43,410.43
HITM0000956,HORD000304,PRD0415,1.0,921.87,921.87
HITM0000957,HORD000304,PRD0102,1.0,786.59,786.59
HITM0000958,HORD000304,PRD0628,1.0,306.06,306.06
HITM0000959,HORD000305,PRD0203,2.0,910.47,1820.94
HITM0000960,HORD000305,PRD0605,2.0,845.14,1690.28
HITM0000961,HORD000305,PRD0005,1.0,450.36,450.36
HITM0000962,HORD000305,PRD0337,1.0,92.59,92.59
HITM0000963,HORD000305,PRD0102,1.0,786.59,786.59
HITM0000964,HORD000306,PRD0917,1.0,1550.77,1550.77
HITM0000965,HORD000306,PRD0106,2.0,217.23,434.46
HITM0000966,HORD000306,PRD0810,2.0,224.68,449.36
HITM0000967,HORD000307,PRD0689,1.0,1240.98,1240.98
HITM0000968,HORD000307,PRD0041,1.0,2120.5,2120.5
HITM0000969,HORD000307,PRD0129,1.0,416.68,416.68
HITM0000970,HORD000307,PRD0782,2.0,1330.98,2661.96
HITM0000971,HORD000308,PRD0676,2.0,444.48,888.96
HITM0000972,HORD000308,PRD0864,2.0,2617.37,5234.74
HITM0000973,HORD000308,PRD0797,1.0,2454.69,2454.69
HITM0000974,HORD000308,PRD0360,1.0,14.71,14.71
HITM0000975,HORD000308,PRD0158,1.0,464.07,464.07
HITM0000976,HORD000309,PRD0402,1.0,1191.53,1191.53
HITM0000977,HORD000309,PRD0655,2.0,444.01,888.02
HITM0000978,HORD000309,PRD0970,1.0,71.64,71.64
HITM0000979,HORD000309,PRD0590,1.0,268.79,268.79
HITM0000980,HORD000309,PRD0010,1.0,15.97,15.97
HITM0000981,HORD000310,PRD0606,1.0,721.57,721.57
HITM0000982,HORD000310,PRD0935,1.0,249.9,249.9
HITM0000983,HORD000310,PRD0637,2.0,1717.71,3435.42
HITM0000984,HORD000310,PRD0520,1.0,93.98,93.98
HITM0000985,HORD000311,PRD0734,2.0,2197.09,4394.18
HITM0000986,HORD000311,PRD0461,2.0,2080.96,4161.92
HITM0000987,HORD000311,PRD0064,2.0,3819.98,7639.96
HITM0000988,HORD000312,PRD0177,1.0,500.75,500.75
HITM0000989,HORD000312,PRD0296,1.0,366.63,366.63
HITM0000990,HORD000312,PRD0991,1.0,1637.29,1637.29
HITM0000991,HORD000312,PRD0382,2.0,453.52,907.04
HITM0000992,HORD000312,PRD0214,1.0,2414.54,2414.54
HITM0000993,HORD000313,PRD0278,1.0,100.15,100.15
HITM0000994,HORD000313,PRD0593,2.0,1331.28,2662.56
HITM0000995,HORD000313,PRD0189,1.0,1154.51,1154.51
HITM0000996,HORD000313,PRD0155,1.0,237.13,237.13
HITM0000997,HORD000314,PRD0756,1.0,244.21,244.21
HITM0000998,HORD000314,PRD0673,2.0,1324.45,2648.9
HITM0000999,HORD000314,PRD0940,1.0,139.21,139.21
HITM0001000,HORD000314,PRD0143,1.0,1501.79,1501.79
HITM0001001,HORD000315,PRD0340,2.0,68.17,136.34
HITM0001002,HORD000315,PRD0286,1.0,841.61,841.61
HITM0001003,HORD000315,PRD0300,2.0,30.76,61.52
HITM0001004,HORD000316,PRD0494,1.0,780.48,780.48
HITM0001005,HORD000316,PRD0149,1.0,217.37,217.37
HITM0001006,HORD000316,PRD0827,1.0,2008.13,2008.13
HITM0001007,HORD000316,PRD0154,1.0,1575.91,1575.91
HITM0001008,HORD000317,PRD0746,2.0,130.44,260.88
HITM0001009,HORD000318,PRD0221,1.0,1714.89,1714.89
HITM0001010,HORD000318,PRD0922,1.0,1416.33,1416.33
HITM0001011,HORD000318,PRD0351,1.0,1873.03,1873.03
HITM0001012,HORD000319,PRD0870,1.0,285.87,285.87
HITM0001013,HORD000319,PRD0980,1.0,334.19,334.19
HITM0001014,HORD000319,PRD0810,1.0,224.68,224.68
HITM0001015,HORD000319,PRD0844,2.0,1996.67,3993.34
HITM0001016,HORD000320,PRD0519,1.0,1101.57,1101.57
HITM0001017,HORD000320,PRD0675,1.0,898.47,898.47
HITM0001018,HORD000320,PRD0264,1.0,721.82,721.82
HITM0001019,HORD000320,PRD0553,1.0,722.16,722.16
HITM0001020,HORD000321,PRD0885,3.0,510.35,1531.05
HITM0001021,HORD000321,PRD0959,1.0,198.15,198.15
HITM0001022,HORD000321,PRD0129,1.0,416.68,416.68
HITM0001023,HORD000321,PRD0475,1.0,304.73,304.73
HITM0001024,HORD000322,PRD0090,1.0,166.35,166.35
HITM0001025,HORD000322,PRD0307,1.0,2171.11,2171.11
HITM0001026,HORD000322,PRD0815,1.0,446.57,446.57
HITM0001027,HORD000322,PRD0893,1.0,434.15,434.15
HITM0001028,HORD000322,PRD0225,1.0,213.62,213.62
HITM0001029,HORD000323,PRD0562,1.0,536.89,536.89
HITM0001030,HORD000324,PRD0642,1.0,790.1,790.1
HITM0001031,HORD000324,PRD0440,1.0,292.13,292.13
HITM0001032,HORD000324,PRD0430,1.0,214.75,214.75
HITM0001033,HORD000325,PRD0225,1.0,213.62,213.62
HITM0001034,HORD000325,PRD0782,3.0,1330.98,3992.94
HITM0001035,HORD000325,PRD0434,1.0,2443.59,2443.59
HITM0001036,HORD000325,PRD0202,1.0,1243.06,1243.06
HITM0001037,HORD000326,PRD0962,1.0,1519.3,1519.3
HITM0001038,HORD000326,PRD0866,1.0,328.46,328.46
HITM0001039,HORD000326,PRD0046,1.0,690.5,690.5
HITM0001040,HORD000326,PRD0086,1.0,248.61,248.61
HITM0001041,HORD000326,PRD0156,1.0,681.59,681.59
HITM0001042,HORD000327,PRD0010,2.0,15.97,31.94
HITM0001043,HORD000327,PRD0868,1.0,869.51,869.51
HITM0001044,HORD000327,PRD0942,1.0,646.79,646.79
HITM0001045,HORD000328,PRD0132,2.0,713.61,1427.22
HITM0001046,HORD000328,PRD0170,1.0,71.95,71.95
HITM0001047,HORD000328,PRD0055,1.0,1172.72,1172.72
HITM0001048,HORD000329,PRD0642,1.0,790.1,790.1
HITM0001049,HORD000329,PRD0385,1.0,699.4,699.4
HITM0001050,HORD000329,PRD0858,1.0,251.31,251.31
HITM0001051,HORD000329,PRD0756,1.0,244.21,244.21
HITM0001052,HORD000329,PRD0322,2.0,719.5,1439.0
HITM0001053,HORD000330,PRD0251,1.0,954.37,954.37
HITM0001054,HORD000330,PRD0063,1.0,1124.17,1124.17
HITM0001055,HORD000330,PRD0305,1.0,662.05,662.05
HITM0001056,HORD000330,PRD0218,2.0,838.07,1676.14
HITM0001057,HORD000331,PRD0555,1.0,407.18,407.18
HITM0001058,HORD000331,PRD0790,1.0,25.52,25.52
HITM0001059,HORD000332,PRD0585,1.0,557.31,557.31
HITM0001060,HORD000332,PRD0768,1.0,912.93,912.93
HITM0001061,HORD000332,PRD0643,1.0,809.36,809.36
HITM0001062,HORD000333,PRD0738,1.0,306.26,306.26
HITM0001063,HORD000333,PRD0906,1.0,58.83,58.83
HITM0001064,HORD000334,PRD0653,1.0,1533.48,1533.48
HITM0001065,HORD000334,PRD0442,1.0,1625.44,1625.44
HITM0001066,HORD000335,PRD0020,2.0,153.47,306.94
HITM0001067,HORD000335,PRD0693,2.0,1160.83,2321.66
HITM0001068,HORD000335,PRD0501,1.0,1207.42,1207.42
HITM0001069,HORD000335,PRD0980,1.0,334.19,334.19
HITM0001070,HORD000336,PRD0672,1.0,527.46,527.46
HITM0001071,HORD000337,PRD0452,1.0,318.36,318.36
HITM0001072,HORD000337,PRD0016,1.0,348.79,348.79
HITM0001073,HORD000337,PRD0790,1.0,25.52,25.52
HITM0001074,HORD000338,PRD0337,1.0,92.59,92.59
HITM0001075,HORD000338,PRD0230,1.0,266.68,266.68
HITM0001076,HORD000338,PRD0476,1.0,59.63,59.63
HITM0001077,HORD000338,PRD0890,1.0,273.8,273.8
HITM0001078,HORD000339,PRD0738,1.0,306.26,306.26
HITM0001079,HORD000339,PRD0101,1.0,1447.07,1447.07
HITM0001080,HORD000340,PRD0800,1.0,235.68,235.68
HITM0001081,HORD000340,PRD0277,3.0,2592.52,7777.56
HITM0001082,HORD000341,PRD0201,1.0,2007.57,2007.57
HITM0001083,HORD000341,PRD0010,1.0,15.97,15.97
HITM0001084,HORD000342,PRD0264,1.0,721.82,721.82
HITM0001085,HORD000342,PRD0175,1.0,760.09,760.09
HITM0001086,HORD000342,PRD0116,1.0,466.48,466.48
HITM0001087,HORD000342,PRD0169,2.0,1057.68,2115.36
HITM0001088,HORD000343,PRD0845,2.0,242.25,484.5
HITM0001089,HORD000343,PRD0070,2.0,283.3,566.6
HITM0001090,HORD000343,PRD0335,1.0,424.96,424.96
HITM0001091,HORD000343,PRD0877,1.0,1300.22,1300.22
HITM0001092,HORD000344,PRD0818,1.0,510.62,510.62
HITM0001093,HORD000344,PRD0007,1.0,775.64,775.64
HITM0001094,HORD000344,PRD0376,1.0,804.1,804.1
HITM0001095,HORD000345,PRD0685,2.0,367.73,735.46
HITM0001096,HORD000345,PRD0378,1.0,110.97,110.97
HITM0001097,HORD000346,PRD0635,1.0,626.79,626.79
HITM0001098,HORD000346,PRD0270,1.0,145.44,145.44
HITM0001099,HORD000346,PRD0055,1.0,1172.72,1172.72
HITM0001100,HORD000346,PRD0450,1.0,138.07,138.07
HITM0001101,HORD000346,PRD0925,3.0,976.66,2929.98
HITM0001102,HORD000347,PRD0507,1.0,2300.74,2300.74
HITM0001103,HORD000347,PRD0539,1.0,125.14,125.14
HITM0001104,HORD000347,PRD0176,1.0,796.11,796.11
HITM0001105,HORD000348,PRD0447,2.0,79.94,159.88
HITM0001106,HORD000348,PRD0037,1.0,109.69,109.69
HITM0001107,HORD000348,PRD0462,1.0,1259.7,1259.7
HITM0001108,HORD000348,PRD0830,1.0,87.0,87.0
HITM0001109,HORD000348,PRD0207,1.0,1299.41,1299.41
HITM0001110,HORD000349,PRD0462,1.0,1259.7,1259.7
HITM0001111,HORD000349,PRD0953,1.0,367.94,367.94
HITM0001112,HORD000349,PRD0700,1.0,258.76,258.76
HITM0001113,HORD000350,PRD0840,1.0,148.97,148.97
HITM0001114,HORD000350,PRD0144,1.0,1126.55,1126.55
HITM0001115,HORD000350,PRD0665,1.0,215.81,215.81
HITM0001116,HORD000351,PRD0487,1.0,1262.93,1262.93
HITM0001117,HORD000351,PRD0685,1.0,367.73,367.73
HITM0001118,HORD000352,PRD0869,1.0,1409.61,1409.61
HITM0001119,HORD000353,PRD0401,1.0,1541.92,1541.92
HITM0001120,HORD000353,PRD0258,1.0,171.41,171.41
HITM0001121,HORD000353,PRD0154,1.0,1575.91,1575.91
HITM0001122,HORD000353,PRD0576,1.0,136.9,136.9
HITM0001123,HORD000353,PRD0155,1.0,237.13,237.13
HITM0001124,HORD000354,PRD0182,1.0,589.1,589.1
HITM0001125,HORD000354,PRD0807,1.0,1536.27,1536.27
HITM0001126,HORD000354,PRD0114,1.0,2615.62,2615.62
HITM0001127,HORD000354,PRD0639,1.0,1043.97,1043.97
HITM0001128,HORD000355,PRD0830,1.0,87.0,87.0
HITM0001129,HORD000355,PRD0952,1.0,982.79,982.79
HITM0001130,HORD000356,PRD0804,2.0,1164.25,2328.5
HITM0001131,HORD000356,PRD0731,1.0,1790.91,1790.91
HITM0001132,HORD000356,PRD0188,1.0,604.15,604.15
HITM0001133,HORD000357,PRD0583,1.0,981.15,981.15
HITM0001134,HORD000357,PRD0068,2.0,190.2,380.4
HITM0001135,HORD000357,PRD0250,1.0,335.17,335.17
HITM0001136,HORD000357,PRD0595,1.0,521.69,521.69
HITM0001137,HORD000357,PRD0753,1.0,497.57,497.57
HITM0001138,HORD000358,PRD0125,1.0,1004.47,1004.47
HITM0001139,HORD000358,PRD0132,2.0,713.61,1427.22
HITM0001140,HORD000358,PRD0393,1.0,307.2,307.2
HITM0001141,HORD000359,PRD0986,1.0,748.03,748.03
HITM0001142,HORD000359,PRD0453,1.0,934.48,934.48
HITM0001143,HORD000359,PRD0070,1.0,283.3,283.3
HITM0001144,HORD000360,PRD0480,1.0,37.46,37.46
HITM0001145,HORD000360,PRD0353,1.0,526.39,526.39
HITM0001146,HORD000360,PRD0536,1.0,616.08,616.08
HITM0001147,HORD000360,PRD0025,1.0,403.1,403.1
HITM0001148,HORD000361,PRD0845,1.0,242.25,242.25
HITM0001149,HORD000361,PRD0123,2.0,322.81,645.62
HITM0001150,HORD000361,PRD0419,1.0,1223.67,1223.67
HITM0001151,HORD000362,PRD0539,1.0,125.14,125.14
HITM0001152,HORD000362,PRD0972,1.0,903.07,903.07
HITM0001153,HORD000363,PRD0797,1.0,2454.69,2454.69
HITM0001154,HORD000363,PRD0889,1.0,252.57,252.57
HITM0001155,HORD000363,PRD0536,1.0,616.08,616.08
HITM0001156,HORD000364,PRD0450,1.0,138.07,138.07
HITM0001157,HORD000364,PRD0646,1.0,98.45,98.45
HITM0001158,HORD000364,PRD0325,2.0,54.61,109.22
HITM0001159,HORD000364,PRD0137,3.0,598.84,1796.52
HITM0001160,HORD000365,PRD0843,1.0,1142.85,1142.85
HITM0001161,HORD000365,PRD0150,1.0,27.72,27.72
HITM0001162,HORD000365,PRD0809,1.0,929.49,929.49
HITM0001163,HORD000366,PRD0488,1.0,482.8,482.8
HITM0001164,HORD000366,PRD0986,1.0,748.03,748.03
HITM0001165,HORD000367,PRD0469,1.0,1472.12,1472.12
HITM0001166,HORD000367,PRD0501,1.0,1207.42,1207.42
HITM0001167,HORD000367,PRD0854,1.0,386.3,386.3
HITM0001168,HORD000368,PRD0408,1.0,680.47,680.47
HITM0001169,HORD000368,PRD0037,1.0,109.69,109.69
HITM0001170,HORD000368,PRD0331,1.0,1711.06,1711.06
HITM0001171,HORD000368,PRD0045,1.0,70.08,70.08
HITM0001172,HORD000368,PRD0536,3.0,616.08,1848.24
HITM0001173,HORD000369,PRD0154,1.0,1575.91,1575.91
HITM0001174,HORD000369,PRD0199,1.0,290.9,290.9
HITM0001175,HORD000369,PRD0360,1.0,14.71,14.71
HITM0001176,HORD000370,PRD0037,2.0,109.69,219.38
HITM0001177,HORD000370,PRD0113,1.0,605.4,605.4
HITM0001178,HORD000370,PRD0972,1.0,903.07,903.07
HITM0001179,HORD000370,PRD0108,1.0,186.84,186.84
HITM0001180,HORD000371,PRD0190,1.0,417.54,417.54
HITM0001181,HORD000371,PRD0378,1.0,110.97,110.97
HITM0001182,HORD000371,PRD0327,1.0,783.26,783.26
HITM0001183,HORD000371,PRD0680,1.0,46.75,46.75
HITM0001184,HORD000372,PRD0892,1.0,324.59,324.59
HITM0001185,HORD000372,PRD0810,1.0,224.68,224.68
HITM0001186,HORD000372,PRD0845,1.0,242.25,242.25
HITM0001187,HORD000373,PRD0080,2.0,390.63,781.26
HITM0001188,HORD000373,PRD0420,1.0,202.02,202.02
HITM0001189,HORD000373,PRD0789,1.0,106.8,106.8
HITM0001190,HORD000374,PRD0813,1.0,1381.91,1381.91
HITM0001191,HORD000375,PRD0001,1.0,942.83,942.83
HITM0001192,HORD000375,PRD0694,1.0,3973.34,3973.34
HITM0001193,HORD000375,PRD0518,1.0,614.84,614.84
HITM0001194,HORD000375,PRD0658,1.0,140.48,140.48
HITM0001195,HORD000376,PRD0496,1.0,176.22,176.22
HITM0001196,HORD000376,PRD0775,1.0,376.86,376.86
HITM0001197,HORD000377,PRD0078,1.0,166.61,166.61
HITM0001198,HORD000377,PRD0982,1.0,921.88,921.88
HITM0001199,HORD000378,PRD0665,1.0,215.81,215.81
HITM0001200,HORD000378,PRD0055,1.0,1172.72,1172.72
HITM0001201,HORD000378,PRD0667,1.0,424.48,424.48
HITM0001202,HORD000379,PRD0383,1.0,1343.47,1343.47
HITM0001203,HORD000380,PRD0193,1.0,609.21,609.21
HITM0001204,HORD000380,PRD0169,1.0,1057.68,1057.68
HITM0001205,HORD000381,PRD0942,1.0,646.79,646.79
HITM0001206,HORD000381,PRD0390,1.0,27.7,27.7
HITM0001207,HORD000381,PRD0180,1.0,24.86,24.86
HITM0001208,HORD000381,PRD0977,1.0,352.01,352.01
HITM0001209,HORD000382,PRD0009,1.0,1102.1,1102.1
HITM0001210,HORD000382,PRD0456,1.0,417.01,417.01
HITM0001211,HORD000382,PRD0223,2.0,427.66,855.32
HITM0001212,HORD000383,PRD0010,1.0,15.97,15.97
HITM0001213,HORD000383,PRD0431,1.0,2253.8,2253.8
HITM0001214,HORD000383,PRD0778,1.0,981.57,981.57
HITM0001215,HORD000383,PRD0432,1.0,1225.0,1225.0
HITM0001216,HORD000384,PRD0710,2.0,302.55,605.1
HITM0001217,HORD000384,PRD0689,1.0,1240.98,1240.98
HITM0001218,HORD000385,PRD0486,1.0,825.47,825.47
HITM0001219,HORD000385,PRD0784,1.0,3454.65,3454.65
HITM0001220,HORD000385,PRD0326,1.0,791.27,791.27
HITM0001221,HORD000385,PRD0010,2.0,15.97,31.94
HITM0001222,HORD000385,PRD0375,1.0,302.41,302.41
HITM0001223,HORD000386,PRD0886,1.0,688.19,688.19
HITM0001224,HORD000386,PRD0770,1.0,254.66,254.66
HITM0001225,HORD000386,PRD0636,1.0,63.83,63.83
HITM0001226,HORD000387,PRD0448,1.0,67.35,67.35
HITM0001227,HORD000388,PRD0374,1.0,1059.26,1059.26
HITM0001228,HORD000388,PRD0206,3.0,673.8,2021.4
HITM0001229,HORD000389,PRD0773,1.0,429.44,429.44
HITM0001230,HORD000389,PRD0368,2.0,807.79,1615.58
HITM0001231,HORD000389,PRD0290,1.0,61.51,61.51
HITM0001232,HORD000390,PRD0068,1.0,190.2,190.2
HITM0001233,HORD000390,PRD0036,1.0,116.11,116.11
HITM0001234,HORD000390,PRD0966,1.0,340.4,340.4
HITM0001235,HORD000390,PRD0010,1.0,15.97,15.97
HITM0001236,HORD000391,PRD0039,1.0,980.04,980.04
HITM0001237,HORD000391,PRD0010,1.0,15.97,15.97
HITM0001238,HORD000392,PRD0347,1.0,1107.53,1107.53
HITM0001239,HORD000393,PRD0719,1.0,659.02,659.02
HITM0001240,HORD000393,PRD0585,1.0,557.31,557.31
HITM0001241,HORD000393,PRD0293,1.0,399.18,399.18
HITM0001242,HORD000394,PRD0127,1.0,1805.09,1805.09
HITM0001243,HORD000394,PRD0577,1.0,941.97,941.97
HITM0001244,HORD000394,PRD0942,1.0,646.79,646.79
HITM0001245,HORD000395,PRD0664,1.0,2839.43,2839.43
HITM0001246,HORD000395,PRD0890,1.0,273.8,273.8
HITM0001247,HORD000395,PRD0157,1.0,2583.38,2583.38
HITM0001248,HORD000396,PRD0366,1.0,496.46,496.46
HITM0001249,HORD000396,PRD0683,1.0,1384.61,1384.61
HITM0001250,HORD000396,PRD0588,2.0,597.66,1195.32
HITM0001251,HORD000396,PRD0041,1.0,2120.5,2120.5
HITM0001252,HORD000396,PRD0148,1.0,784.78,784.78
HITM0001253,HORD000397,PRD0496,1.0,176.22,176.22
HITM0001254,HORD000397,PRD0216,1.0,56.76,56.76
HITM0001255,HORD000398,PRD0963,2.0,488.16,976.32
HITM0001256,HORD000398,PRD0655,1.0,444.01,444.01
HITM0001257,HORD000398,PRD0632,1.0,1094.69,1094.69
HITM0001258,HORD000398,PRD0897,1.0,2339.09,2339.09
HITM0001259,HORD000399,PRD0847,1.0,940.4,940.4
HITM0001260,HORD000399,PRD0790,1.0,25.52,25.52
HITM0001261,HORD000400,PRD0693,1.0,1160.83,1160.83
HITM0001262,HORD000400,PRD0459,1.0,1138.25,1138.25
HITM0001263,HORD000400,PRD0630,1.0,59.46,59.46
HITM0001264,HORD000400,PRD0651,1.0,929.1,929.1
HITM0001265,HORD000401,PRD0969,1.0,1459.43,1459.43
HITM0001266,HORD000401,PRD0928,1.0,739.11,739.11
HITM0001267,HORD000401,PRD0196,1.0,437.6,437.6
HITM0001268,HORD000402,PRD0837,2.0,333.32,666.64
HITM0001269,HORD000402,PRD0487,1.0,1262.93,1262.93
HITM0001270,HORD000403,PRD0804,1.0,1164.25,1164.25
HITM0001271,HORD000403,PRD0359,1.0,169.12,169.12
HITM0001272,HORD000404,PRD0479,2.0,785.34,1570.68
HITM0001273,HORD000404,PRD0934,1.0,3943.07,3943.07
HITM0001274,HORD000404,PRD0550,1.0,184.97,184.97
HITM0001275,HORD000404,PRD0685,1.0,367.73,367.73
HITM0001276,HORD000405,PRD0320,1.0,289.98,289.98
HITM0001277,HORD000405,PRD0236,1.0,590.33,590.33
HITM0001278,HORD000405,PRD0010,2.0,15.97,31.94
HITM0001279,HORD000406,PRD0657,1.0,91.2,91.2
HITM0001280,HORD000406,PRD0825,1.0,289.25,289.25
HITM0001281,HORD000406,PRD0767,1.0,122.05,122.05
HITM0001282,HORD000407,PRD0599,2.0,1206.34,2412.68
HITM0001283,HORD000407,PRD0031,2.0,2166.94,4333.88
HITM0001284,HORD000407,PRD0077,2.0,966.88,1933.76
HITM0001285,HORD000407,PRD0227,2.0,2395.1,4790.2
HITM0001286,HORD000407,PRD0810,1.0,224.68,224.68
HITM0001287,HORD000408,PRD0700,1.0,258.76,258.76
HITM0001288,HORD000408,PRD0628,2.0,306.06,612.12
HITM0001289,HORD000408,PRD0703,1.0,299.48,299.48
HITM0001290,HORD000408,PRD0522,1.0,942.08,942.08
HITM0001291,HORD000409,PRD0366,2.0,496.46,992.92
HITM0001292,HORD000409,PRD0888,1.0,183.72,183.72
HITM0001293,HORD000409,PRD0663,1.0,1546.5,1546.5
HITM0001294,HORD000409,PRD0978,1.0,710.35,710.35
HITM0001295,HORD000410,PRD0610,1.0,21.93,21.93
HITM0001296,HORD000410,PRD0715,2.0,343.66,687.32
HITM0001297,HORD000410,PRD0100,1.0,122.42,122.42
HITM0001298,HORD000410,PRD0830,1.0,87.0,87.0
HITM0001299,HORD000410,PRD0990,1.0,373.23,373.23
HITM0001300,HORD000411,PRD0682,1.0,1121.22,1121.22
HITM0001301,HORD000411,PRD0448,1.0,67.35,67.35
HITM0001302,HORD000412,PRD0661,1.0,1397.85,1397.85
HITM0001303,HORD000412,PRD0340,1.0,68.17,68.17
HITM0001304,HORD000412,PRD0305,2.0,662.05,1324.1
HITM0001305,HORD000413,PRD0527,1.0,1359.21,1359.21
HITM0001306,HORD000414,PRD0119,2.0,844.43,1688.86
HITM0001307,HORD000414,PRD0421,1.0,2504.26,2504.26
HITM0001308,HORD000414,PRD0283,1.0,733.77,733.77
HITM0001309,HORD000414,PRD0037,3.0,109.69,329.07
HITM0001310,HORD000414,PRD0697,1.0,1104.18,1104.18
HITM0001311,HORD000415,PRD0987,1.0,925.55,925.55
HITM0001312,HORD000415,PRD0832,1.0,646.88,646.88
HITM0001313,HORD000415,PRD0592,2.0,748.49,1496.98
HITM0001314,HORD000415,PRD0687,1.0,2401.89,2401.89
HITM0001315,HORD000416,PRD0732,1.0,685.95,685.95
HITM0001316,HORD000416,PRD0766,1.0,551.34,551.34
HITM0001317,HORD000416,PRD0286,1.0,841.61,841.61
HITM0001318,HORD000417,PRD0319,1.0,1203.94,1203.94
HITM0001319,HORD000417,PRD0851,2.0,1384.1,2768.2
HITM0001320,HORD000417,PRD0159,1.0,1165.58,1165.58
HITM0001321,HORD000417,PRD0480,1.0,37.46,37.46
HITM0001322,HORD000418,PRD0648,1.0,210.67,210.67
HITM0001323,HORD000418,PRD0887,2.0,111.87,223.74
HITM0001324,HORD000418,PRD0585,1.0,557.31,557.31
HITM0001325,HORD000418,PRD0800,3.0,235.68,707.04
HITM0001326,HORD000418,PRD0132,2.0,713.61,1427.22
HITM0001327,HORD000419,PRD0393,1.0,307.2,307.2
HITM0001328,HORD000419,PRD0395,1.0,404.44,404.44
HITM0001329,HORD000419,PRD0237,1.0,2346.84,2346.84
HITM0001330,HORD000419,PRD0236,1.0,590.33,590.33
HITM0001331,HORD000420,PRD0182,1.0,589.1,589.1
HITM0001332,HORD000420,PRD0937,1.0,983.99,983.99
HITM0001333,HORD000420,PRD0650,3.0,367.95,1103.85
HITM0001334,HORD000421,PRD0931,1.0,2080.26,2080.26
HITM0001335,HORD000421,PRD0890,2.0,273.8,547.6
HITM0001336,HORD000421,PRD0590,1.0,268.79,268.79
HITM0001337,HORD000421,PRD0185,1.0,575.43,575.43
HITM0001338,HORD000421,PRD0240,2.0,113.94,227.88
HITM0001339,HORD000422,PRD0340,1.0,68.17,68.17
HITM0001340,HORD000422,PRD0688,1.0,231.65,231.65
HITM0001341,HORD000422,PRD0390,1.0,27.7,27.7
HITM0001342,HORD000423,PRD0439,1.0,1119.95,1119.95
HITM0001343,HORD000423,PRD0697,1.0,1104.18,1104.18
HITM0001344,HORD000424,PRD0875,1.0,916.11,916.11
HITM0001345,HORD000424,PRD0850,1.0,308.86,308.86
HITM0001346,HORD000425,PRD0565,1.0,1060.41,1060.41
HITM0001347,HORD000425,PRD0961,2.0,1724.67,3449.34
HITM0001348,HORD000425,PRD0118,1.0,461.86,461.86
HITM0001349,HORD000426,PRD0738,1.0,306.26,306.26
HITM0001350,HORD000426,PRD0258,2.0,171.41,342.82
HITM0001351,HORD000426,PRD0975,1.0,977.14,977.14
HITM0001352,HORD000426,PRD0589,1.0,675.7,675.7
HITM0001353,HORD000426,PRD0845,1.0,242.25,242.25
HITM0001354,HORD000427,PRD0046,2.0,690.5,1381.0
HITM0001355,HORD000427,PRD0304,1.0,524.3,524.3
HITM0001356,HORD000427,PRD0586,1.0,450.26,450.26
HITM0001357,HORD000427,PRD0329,1.0,1082.5,1082.5
HITM0001358,HORD000428,PRD0522,1.0,942.08,942.08
HITM0001359,HORD000428,PRD0136,1.0,107.5,107.5
HITM0001360,HORD000428,PRD0948,2.0,889.57,1779.14
HITM0001361,HORD000428,PRD0366,1.0,496.46,496.46
HITM0001362,HORD000429,PRD0487,1.0,1262.93,1262.93
HITM0001363,HORD000429,PRD0480,1.0,37.46,37.46
HITM0001364,HORD000429,PRD0357,1.0,193.87,193.87
HITM0001365,HORD000430,PRD0666,1.0,108.17,108.17
HITM0001366,HORD000430,PRD0010,1.0,15.97,15.97
HITM0001367,HORD000430,PRD0988,1.0,470.37,470.37
HITM0001368,HORD000431,PRD0516,1.0,565.33,565.33
HITM0001369,HORD000431,PRD0736,3.0,829.44,2488.32
HITM0001370,HORD000431,PRD0953,1.0,367.94,367.94
HITM0001371,HORD000432,PRD0600,2.0,394.0,788.0
HITM0001372,HORD000432,PRD0150,1.0,27.72,27.72
HITM0001373,HORD000432,PRD0548,1.0,181.04,181.04
HITM0001374,HORD000433,PRD0140,2.0,54.35,108.7
HITM0001375,HORD000433,PRD0010,2.0,15.97,31.94
HITM0001376,HORD000433,PRD0039,1.0,980.04,980.04
HITM0001377,HORD000433,PRD0108,1.0,186.84,186.84
HITM0001378,HORD000434,PRD0010,1.0,15.97,15.97
HITM0001379,HORD000435,PRD0288,1.0,171.9,171.9
HITM0001380,HORD000435,PRD0903,1.0,368.54,368.54
HITM0001381,HORD000436,PRD0152,1.0,476.3,476.3
HITM0001382,HORD000436,PRD0426,1.0,284.68,284.68
HITM0001383,HORD000437,PRD0395,2.0,404.44,808.88
HITM0001384,HORD000437,PRD0049,2.0,149.55,299.1
HITM0001385,HORD000437,PRD0092,2.0,1623.69,3247.38
HITM0001386,HORD000438,PRD0860,1.0,148.71,148.71
HITM0001387,HORD000438,PRD0505,1.0,1083.53,1083.53
HITM0001388,HORD000439,PRD0700,1.0,258.76,258.76
HITM0001389,HORD000439,PRD0898,2.0,236.36,472.72
HITM0001390,HORD000440,PRD0124,1.0,2036.87,2036.87
HITM0001391,HORD000440,PRD0238,1.0,690.75,690.75
HITM0001392,HORD000440,PRD0800,1.0,235.68,235.68
HITM0001393,HORD000441,PRD0477,1.0,791.3,791.3
HITM0001394,HORD000441,PRD0660,1.0,351.34,351.34
HITM0001395,HORD000441,PRD0551,1.0,2626.22,2626.22
HITM0001396,HORD000441,PRD0380,2.0,117.36,234.72
HITM0001397,HORD000442,PRD0140,1.0,54.35,54.35
HITM0001398,HORD000442,PRD0002,1.0,684.63,684.63
HITM0001399,HORD000442,PRD0265,1.0,255.41,255.41
HITM0001400,HORD000442,PRD0686,1.0,791.36,791.36
HITM0001401,HORD000443,PRD0068,1.0,190.2,190.2
HITM0001402,HORD000443,PRD0048,1.0,1075.72,1075.72
HITM0001403,HORD000443,PRD0356,1.0,302.84,302.84
HITM0001404,HORD000444,PRD0255,1.0,783.42,783.42
HITM0001405,HORD000444,PRD0498,1.0,753.34,753.34
HITM0001406,HORD000444,PRD0904,1.0,673.64,673.64
HITM0001407,HORD000444,PRD0656,1.0,820.33,820.33
HITM0001408,HORD000444,PRD0829,1.0,385.82,385.82
HITM0001409,HORD000445,PRD0657,1.0,91.2,91.2
HITM0001410,HORD000445,PRD0254,1.0,1660.0,1660.0
HITM0001411,HORD000445,PRD0422,1.0,1749.99,1749.99
HITM0001412,HORD000446,PRD0619,2.0,180.89,361.78
HITM0001413,HORD000446,PRD0740,1.0,194.14,194.14
HITM0001414,HORD000446,PRD0613,1.0,990.18,990.18
HITM0001415,HORD000446,PRD0904,1.0,673.64,673.64
HITM0001416,HORD000446,PRD0320,1.0,289.98,289.98
HITM0001417,HORD000447,PRD0228,1.0,148.71,148.71
HITM0001418,HORD000447,PRD0030,1.0,159.51,159.51
HITM0001419,HORD000447,PRD0446,1.0,546.41,546.41
HITM0001420,HORD000447,PRD0285,1.0,136.65,136.65
HITM0001421,HORD000448,PRD0970,1.0,71.64,71.64
HITM0001422,HORD000448,PRD0511,1.0,1305.5,1305.5
HITM0001423,HORD000448,PRD0411,2.0,1649.5,3299.0
HITM0001424,HORD000448,PRD0515,2.0,421.93,843.86
HITM0001425,HORD000448,PRD0264,3.0,721.82,2165.46
HITM0001426,HORD000449,PRD0804,1.0,1164.25,1164.25
HITM0001427,HORD000449,PRD0555,1.0,407.18,407.18
HITM0001428,HORD000449,PRD0320,1.0,289.98,289.98
HITM0001429,HORD000450,PRD0799,2.0,373.98,747.96
HITM0001430,HORD000450,PRD0025,2.0,403.1,806.2
HITM0001431,HORD000450,PRD0989,1.0,961.78,961.78
HITM0001432,HORD000451,PRD0482,1.0,653.2,653.2
HITM0001433,HORD000451,PRD0883,1.0,1065.61,1065.61
HITM0001434,HORD000451,PRD0408,1.0,680.47,680.47
HITM0001435,HORD000451,PRD0357,1.0,193.87,193.87
HITM0001436,HORD000451,PRD0746,1.0,130.44,130.44
HITM0001437,HORD000452,PRD0518,1.0,614.84,614.84
HITM0001438,HORD000452,PRD0417,1.0,318.04,318.04
HITM0001439,HORD000453,PRD0583,2.0,981.15,1962.3
HITM0001440,HORD000453,PRD0165,1.0,722.38,722.38
HITM0001441,HORD000453,PRD0501,1.0,1207.42,1207.42
HITM0001442,HORD000453,PRD0746,2.0,130.44,260.88
HITM0001443,HORD000454,PRD0542,1.0,720.22,720.22
HITM0001444,HORD000454,PRD0674,1.0,2346.31,2346.31
HITM0001445,HORD000454,PRD0577,2.0,941.97,1883.94
HITM0001446,HORD000454,PRD0423,3.0,731.87,2195.61
HITM0001447,HORD000455,PRD0221,1.0,1714.89,1714.89
HITM0001448,HORD000455,PRD0149,1.0,217.37,217.37
HITM0001449,HORD000456,PRD0366,1.0,496.46,496.46
HITM0001450,HORD000456,PRD0544,1.0,1918.0,1918.0
HITM0001451,HORD000456,PRD0049,1.0,149.55,149.55
HITM0001452,HORD000457,PRD0816,2.0,354.93,709.86
HITM0001453,HORD000457,PRD0610,1.0,21.93,21.93
HITM0001454,HORD000457,PRD0790,1.0,25.52,25.52
HITM0001455,HORD000457,PRD0353,2.0,526.39,1052.78
HITM0001456,HORD000458,PRD0733,1.0,894.02,894.02
HITM0001457,HORD000459,PRD0436,1.0,99.16,99.16
HITM0001458,HORD000459,PRD0381,2.0,1910.84,3821.68
HITM0001459,HORD000459,PRD0883,1.0,1065.61,1065.61
HITM0001460,HORD000459,PRD0765,1.0,126.56,126.56
HITM0001461,HORD000460,PRD0620,2.0,123.89,247.78
HITM0001462,HORD000460,PRD0461,1.0,2080.96,2080.96
HITM0001463,HORD000460,PRD0859,1.0,870.26,870.26
HITM0001464,HORD000460,PRD0400,1.0,286.55,286.55
HITM0001465,HORD000461,PRD0199,1.0,290.9,290.9
HITM0001466,HORD000461,PRD0371,2.0,1060.97,2121.94
HITM0001467,HORD000461,PRD0946,1.0,553.66,553.66
HITM0001468,HORD000462,PRD0767,1.0,122.05,122.05
HITM0001469,HORD000463,PRD0820,1.0,95.58,95.58
HITM0001470,HORD000463,PRD0916,1.0,265.34,265.34
HITM0001471,HORD000464,PRD0334,1.0,2364.45,2364.45
HITM0001472,HORD000464,PRD0904,1.0,673.64,673.64
HITM0001473,HORD000464,PRD0930,1.0,371.97,371.97
HITM0001474,HORD000464,PRD0463,2.0,533.33,1066.66
HITM0001475,HORD000465,PRD0706,1.0,746.72,746.72
HITM0001476,HORD000465,PRD0390,1.0,27.7,27.7
HITM0001477,HORD000465,PRD0697,1.0,1104.18,1104.18
HITM0001478,HORD000466,PRD0447,1.0,79.94,79.94
HITM0001479,HORD000466,PRD0923,1.0,283.84,283.84
HITM0001480,HORD000466,PRD0636,1.0,63.83,63.83
HITM0001481,HORD000467,PRD0889,2.0,252.57,505.14
HITM0001482,HORD000467,PRD0370,3.0,143.48,430.44
HITM0001483,HORD000468,PRD0555,2.0,407.18,814.36
HITM0001484,HORD000468,PRD0629,1.0,270.17,270.17
HITM0001485,HORD000468,PRD0421,1.0,2504.26,2504.26
HITM0001486,HORD000468,PRD0316,1.0,28.93,28.93
HITM0001487,HORD000469,PRD0147,2.0,94.45,188.9
HITM0001488,HORD000469,PRD0923,2.0,283.84,567.68
HITM0001489,HORD000470,PRD0192,1.0,1199.68,1199.68
HITM0001490,HORD000470,PRD0554,1.0,1619.69,1619.69
HITM0001491,HORD000470,PRD0570,2.0,98.43,196.86
HITM0001492,HORD000470,PRD0597,1.0,1093.56,1093.56
HITM0001493,HORD000471,PRD0390,1.0,27.7,27.7
HITM0001494,HORD000471,PRD0908,3.0,857.77,2573.31
HITM0001495,HORD000471,PRD0491,2.0,1093.0,2186.0
HITM0001496,HORD000472,PRD0360,1.0,14.71,14.71
HITM0001497,HORD000473,PRD0740,2.0,194.14,388.28
HITM0001498,HORD000473,PRD0938,1.0,857.34,857.34
HITM0001499,HORD000474,PRD0230,1.0,266.68,266.68
HITM0001500,HORD000474,PRD0467,1.0,1705.11,1705.11
HITM0001501,HORD000474,PRD0975,1.0,977.14,977.14
HITM0001502,HORD000474,PRD0724,1.0,1250.76,1250.76
HITM0001503,HORD000475,PRD0146,1.0,795.49,795.49
HITM0001504,HORD000475,PRD0395,1.0,404.44,404.44
HITM0001505,HORD000475,PRD0759,1.0,943.47,943.47
HITM0001506,HORD000475,PRD0723,1.0,1236.33,1236.33
HITM0001507,HORD000476,PRD0068,1.0,190.2,190.2
HITM0001508,HORD000476,PRD0376,1.0,804.1,804.1
HITM0001509,HORD000477,PRD0087,1.0,2140.71,2140.71
HITM0001510,HORD000477,PRD0404,1.0,3995.8,3995.8
HITM0001511,HORD000477,PRD0736,2.0,829.44,1658.88
HITM0001512,HORD000478,PRD0390,1.0,27.7,27.7
HITM0001513,HORD000478,PRD0129,1.0,416.68,416.68
HITM0001514,HORD000478,PRD0136,2.0,107.5,215.0
HITM0001515,HORD000479,PRD0322,1.0,719.5,719.5
HITM0001516,HORD000479,PRD0311,1.0,1105.19,1105.19
HITM0001517,HORD000479,PRD0830,1.0,87.0,87.0
HITM0001518,HORD000480,PRD0358,1.0,67.02,67.02
HITM0001519,HORD000480,PRD0959,1.0,198.15,198.15
HITM0001520,HORD000480,PRD0090,1.0,166.35,166.35
HITM0001521,HORD000481,PRD0582,1.0,1682.59,1682.59
HITM0001522,HORD000481,PRD0180,1.0,24.86,24.86
HITM0001523,HORD000482,PRD0929,1.0,1084.81,1084.81
HITM0001524,HORD000482,PRD0330,2.0,184.25,368.5
HITM0001525,HORD000482,PRD0225,1.0,213.62,213.62
HITM0001526,HORD000482,PRD0828,1.0,125.24,125.24
HITM0001527,HORD000483,PRD0707,1.0,1911.85,1911.85
HITM0001528,HORD000483,PRD0702,1.0,768.26,768.26
HITM0001529,HORD000483,PRD0597,1.0,1093.56,1093.56
HITM0001530,HORD000483,PRD0115,1.0,895.49,895.49
HITM0001531,HORD000484,PRD0461,2.0,2080.96,4161.92
HITM0001532,HORD000485,PRD0466,1.0,283.41,283.41
HITM0001533,HORD000485,PRD0278,1.0,100.15,100.15
HITM0001534,HORD000485,PRD0510,1.0,71.92,71.92
HITM0001535,HORD000485,PRD0336,1.0,823.14,823.14
HITM0001536,HORD000486,PRD0180,2.0,24.86,49.72
HITM0001537,HORD000486,PRD0208,2.0,373.86,747.72
HITM0001538,HORD000486,PRD0999,1.0,464.57,464.57
HITM0001539,HORD000487,PRD0787,1.0,1706.85,1706.85
HITM0001540,HORD000487,PRD0336,1.0,823.14,823.14
HITM0001541,HORD000487,PRD0271,2.0,1115.7,2231.4
HITM0001542,HORD000487,PRD0360,1.0,14.71,14.71
HITM0001543,HORD000487,PRD0388,3.0,269.65,808.95
HITM0001544,HORD000488,PRD0980,1.0,334.19,334.19
HITM0001545,HORD000488,PRD0181,3.0,3070.56,9211.68
HITM0001546,HORD000488,PRD0106,1.0,217.23,217.23
HITM0001547,HORD000489,PRD0231,1.0,2034.99,2034.99
HITM0001548,HORD000489,PRD0852,1.0,516.19,516.19
HITM0001549,HORD000489,PRD0310,1.0,318.45,318.45
HITM0001550,HORD000490,PRD0629,2.0,270.17,540.34
HITM0001551,HORD000490,PRD0010,1.0,15.97,15.97
HITM0001552,HORD000490,PRD0018,1.0,112.62,112.62
HITM0001553,HORD000491,PRD0056,2.0,318.87,637.74
HITM0001554,HORD000491,PRD0775,1.0,376.86,376.86
HITM0001555,HORD000491,PRD0861,1.0,2320.68,2320.68
HITM0001556,HORD000491,PRD0733,1.0,894.02,894.02
HITM0001557,HORD000492,PRD0348,1.0,1003.34,1003.34
HITM0001558,HORD000492,PRD0338,2.0,950.04,1900.08
HITM0001559,HORD000492,PRD0916,1.0,265.34,265.34
HITM0001560,HORD000493,PRD0268,2.0,944.09,1888.18
HITM0001561,HORD000493,PRD0828,1.0,125.24,125.24
HITM0001562,HORD000493,PRD0746,1.0,130.44,130.44
HITM0001563,HORD000493,PRD0940,2.0,139.21,278.42
HITM0001564,HORD000494,PRD0088,1.0,835.18,835.18
HITM0001565,HORD000494,PRD0472,1.0,1096.23,1096.23
HITM0001566,HORD000494,PRD0702,1.0,768.26,768.26
HITM0001567,HORD000495,PRD0401,1.0,1541.92,1541.92
HITM0001568,HORD000495,PRD0911,1.0,1436.52,1436.52
HITM0001569,HORD000495,PRD0398,1.0,413.35,413.35
HITM0001570,HORD000496,PRD0907,1.0,1869.43,1869.43
HITM0001571,HORD000496,PRD0154,2.0,1575.91,3151.82
HITM0001572,HORD000496,PRD0320,1.0,289.98,289.98
HITM0001573,HORD000496,PRD0148,1.0,784.78,784.78
HITM0001574,HORD000496,PRD0188,2.0,604.15,1208.3
HITM0001575,HORD000497,PRD0138,2.0,316.0,632.0
HITM0001576,HORD000498,PRD0010,1.0,15.97,15.97
HITM0001577,HORD000498,PRD0839,2.0,706.25,1412.5
HITM0001578,HORD000498,PRD0025,1.0,403.1,403.1
HITM0001579,HORD000499,PRD0306,1.0,643.72,643.72
HITM0001580,HORD000499,PRD0469,2.0,1472.12,2944.24
HITM0001581,HORD000499,PRD0270,1.0,145.44,145.44
HITM0001582,HORD000499,PRD0866,2.0,328.46,656.92
HITM0001583,HORD000500,PRD0888,1.0,183.72,183.72
HITM0001584,HORD000500,PRD0903,1.0,368.54,368.54
HITM0001585,HORD000500,PRD0379,2.0,759.43,1518.86
HITM0001586,HORD000501,PRD0892,1.0,324.59,324.59
HITM0001587,HORD000501,PRD0765,1.0,126.56,126.56
HITM0001588,HORD000501,PRD0648,1.0,210.67,210.67
HITM0001589,HORD000502,PRD0037,1.0,109.69,109.69
HITM0001590,HORD000502,PRD0917,2.0,1550.77,3101.54
HITM0001591,HORD000502,PRD0638,1.0,248.57,248.57
HITM0001592,HORD000502,PRD0943,1.0,940.81,940.81
HITM0001593,HORD000503,PRD0893,2.0,434.15,868.3
HITM0001594,HORD000503,PRD0127,1.0,1805.09,1805.09
HITM0001595,HORD000503,PRD0056,1.0,318.87,318.87
HITM0001596,HORD000504,PRD0307,1.0,2171.11,2171.11
HITM0001597,HORD000504,PRD0430,1.0,214.75,214.75
HITM0001598,HORD000505,PRD0909,2.0,1137.09,2274.18
HITM0001599,HORD000505,PRD0280,1.0,34.27,34.27
HITM0001600,HORD000505,PRD0977,1.0,352.01,352.01
HITM0001601,HORD000505,PRD0849,1.0,1011.98,1011.98
HITM0001602,HORD000505,PRD0114,2.0,2615.62,5231.24
HITM0001603,HORD000506,PRD0567,1.0,383.28,383.28
HITM0001604,HORD000506,PRD0374,1.0,1059.26,1059.26
HITM0001605,HORD000506,PRD0749,1.0,633.27,633.27
HITM0001606,HORD000506,PRD0524,1.0,1527.37,1527.37
HITM0001607,HORD000506,PRD0397,1.0,1953.43,1953.43
HITM0001608,HORD000507,PRD0461,2.0,2080.96,4161.92
HITM0001609,HORD000508,PRD0970,1.0,71.64,71.64
HITM0001610,HORD000508,PRD0076,1.0,588.36,588.36
HITM0001611,HORD000508,PRD0194,2.0,1326.23,2652.46
HITM0001612,HORD000509,PRD0007,1.0,775.64,775.64
HITM0001613,HORD000509,PRD0140,1.0,54.35,54.35
HITM0001614,HORD000509,PRD0546,1.0,426.68,426.68
HITM0001615,HORD000510,PRD0422,1.0,1749.99,1749.99
HITM0001616,HORD000510,PRD0208,1.0,373.86,373.86
HITM0001617,HORD000511,PRD0634,1.0,405.16,405.16
HITM0001618,HORD000511,PRD0004,1.0,466.88,466.88
HITM0001619,HORD000512,PRD0221,1.0,1714.89,1714.89
HITM0001620,HORD000512,PRD0840,1.0,148.97,148.97
HITM0001621,HORD000512,PRD0015,2.0,184.83,369.66
HITM0001622,HORD000513,PRD0016,1.0,348.79,348.79
HITM0001623,HORD000513,PRD0567,1.0,383.28,383.28
HITM0001624,HORD000513,PRD0332,1.0,560.39,560.39
HITM0001625,HORD000513,PRD0032,2.0,417.41,834.82
HITM0001626,HORD000514,PRD0576,1.0,136.9,136.9
HITM0001627,HORD000514,PRD0140,1.0,54.35,54.35
HITM0001628,HORD000515,PRD0020,1.0,153.47,153.47
HITM0001629,HORD000515,PRD0845,1.0,242.25,242.25
HITM0001630,HORD000515,PRD0702,1.0,768.26,768.26
HITM0001631,HORD000515,PRD0153,1.0,926.23,926.23
HITM0001632,HORD000516,PRD0566,1.0,47.51,47.51
HITM0001633,HORD000516,PRD0951,1.0,1234.66,1234.66
HITM0001634,HORD000516,PRD0805,1.0,151.93,151.93
HITM0001635,HORD000517,PRD0531,1.0,2758.01,2758.01
HITM0001636,HORD000517,PRD0790,2.0,25.52,51.04
HITM0001637,HORD000517,PRD0643,1.0,809.36,809.36
HITM0001638,HORD000518,PRD0244,1.0,3425.92,3425.92
HITM0001639,HORD000518,PRD0806,1.0,43.45,43.45
HITM0001640,HORD000518,PRD0938,1.0,857.34,857.34
HITM0001641,HORD000518,PRD0170,2.0,71.95,143.9
HITM0001642,HORD000519,PRD0588,1.0,597.66,597.66
HITM0001643,HORD000519,PRD0024,1.0,1506.88,1506.88
HITM0001644,HORD000519,PRD0927,2.0,867.79,1735.58
HITM0001645,HORD000519,PRD0212,1.0,736.5,736.5
HITM0001646,HORD000520,PRD0004,2.0,466.88,933.76
HITM0001647,HORD000520,PRD0970,1.0,71.64,71.64
HITM0001648,HORD000520,PRD0471,1.0,2346.96,2346.96
HITM0001649,HORD000521,PRD0590,2.0,268.79,537.58
HITM0001650,HORD000521,PRD0061,1.0,2524.66,2524.66
HITM0001651,HORD000521,PRD0477,1.0,791.3,791.3
HITM0001652,HORD000521,PRD0220,1.0,369.39,369.39
HITM0001653,HORD000522,PRD0787,1.0,1706.85,1706.85
HITM0001654,HORD000522,PRD0738,1.0,306.26,306.26
HITM0001655,HORD000522,PRD0158,1.0,464.07,464.07
HITM0001656,HORD000522,PRD0859,2.0,870.26,1740.52
HITM0001657,HORD000523,PRD0632,1.0,1094.69,1094.69
HITM0001658,HORD000523,PRD0461,2.0,2080.96,4161.92
HITM0001659,HORD000523,PRD0353,1.0,526.39,526.39
HITM0001660,HORD000524,PRD0716,1.0,242.32,242.32
HITM0001661,HORD000524,PRD0183,2.0,880.19,1760.38
HITM0001662,HORD000524,PRD0762,1.0,1654.61,1654.61
HITM0001663,HORD000524,PRD0447,1.0,79.94,79.94
HITM0001664,HORD000525,PRD0053,1.0,482.7,482.7
HITM0001665,HORD000525,PRD0680,1.0,46.75,46.75
HITM0001666,HORD000525,PRD0427,2.0,1807.66,3615.32
HITM0001667,HORD000525,PRD0820,2.0,95.58,191.16
HITM0001668,HORD000526,PRD0462,1.0,1259.7,1259.7
HITM0001669,HORD000526,PRD0422,1.0,1749.99,1749.99
HITM0001670,HORD000526,PRD0518,1.0,614.84,614.84
HITM0001671,HORD000527,PRD0881,1.0,1292.47,1292.47
HITM0001672,HORD000527,PRD0700,1.0,258.76,258.76
HITM0001673,HORD000527,PRD0987,1.0,925.55,925.55
HITM0001674,HORD000528,PRD0941,1.0,2905.2,2905.2
HITM0001675,HORD000528,PRD0542,2.0,720.22,1440.44
HITM0001676,HORD000528,PRD0905,2.0,760.24,1520.48
HITM0001677,HORD000528,PRD0787,1.0,1706.85,1706.85
HITM0001678,HORD000529,PRD0882,1.0,366.62,366.62
HITM0001679,HORD000529,PRD0745,1.0,805.9,805.9
HITM0001680,HORD000529,PRD0373,1.0,572.77,572.77
HITM0001681,HORD000529,PRD0861,2.0,2320.68,4641.36
HITM0001682,HORD000530,PRD0104,1.0,3735.61,3735.61
HITM0001683,HORD000530,PRD0495,1.0,617.55,617.55
HITM0001684,HORD000530,PRD0726,1.0,620.57,620.57
HITM0001685,HORD000531,PRD0444,1.0,636.31,636.31
HITM0001686,HORD000531,PRD0222,1.0,1106.86,1106.86
HITM0001687,HORD000531,PRD0220,1.0,369.39,369.39
HITM0001688,HORD000532,PRD0047,1.0,1258.28,1258.28
HITM0001689,HORD000532,PRD0589,1.0,675.7,675.7
HITM0001690,HORD000532,PRD0728,1.0,188.05,188.05
HITM0001691,HORD000532,PRD0134,1.0,3468.51,3468.51
HITM0001692,HORD000533,PRD0122,1.0,1755.78,1755.78
HITM0001693,HORD000533,PRD0805,1.0,151.93,151.93
HITM0001694,HORD000533,PRD0275,2.0,182.18,364.36
HITM0001695,HORD000533,PRD0513,1.0,1454.2,1454.2
HITM0001696,HORD000534,PRD0835,1.0,427.39,427.39
HITM0001697,HORD000534,PRD0056,1.0,318.87,318.87
HITM0001698,HORD000534,PRD0179,2.0,1156.54,2313.08
HITM0001699,HORD000534,PRD0508,1.0,637.75,637.75
HITM0001700,HORD000534,PRD0047,1.0,1258.28,1258.28
HITM0001701,HORD000535,PRD0080,1.0,390.63,390.63
HITM0001702,HORD000535,PRD0469,1.0,1472.12,1472.12
HITM0001703,HORD000535,PRD0068,1.0,190.2,190.2
HITM0001704,HORD000536,PRD0488,1.0,482.8,482.8
HITM0001705,HORD000536,PRD0018,1.0,112.62,112.62
HITM0001706,HORD000536,PRD0469,1.0,1472.12,1472.12
HITM0001707,HORD000537,PRD0730,1.0,394.42,394.42
HITM0001708,HORD000537,PRD0332,1.0,560.39,560.39
HITM0001709,HORD000537,PRD0745,1.0,805.9,805.9
HITM0001710,HORD000537,PRD0120,1.0,319.18,319.18
HITM0001711,HORD000537,PRD0179,1.0,1156.54,1156.54
HITM0001712,HORD000538,PRD0719,1.0,659.02,659.02
HITM0001713,HORD000538,PRD0036,1.0,116.11,116.11
HITM0001714,HORD000538,PRD0445,1.0,1141.73,1141.73
HITM0001715,HORD000539,PRD0717,3.0,615.2,1845.6
HITM0001716,HORD000539,PRD0837,2.0,333.32,666.64
HITM0001717,HORD000540,PRD0609,1.0,138.47,138.47
HITM0001718,HORD000540,PRD0436,1.0,99.16,99.16
HITM0001719,HORD000540,PRD0685,1.0,367.73,367.73
HITM0001720,HORD000540,PRD0623,1.0,292.46,292.46
HITM0001721,HORD000541,PRD0107,1.0,1500.51,1500.51
HITM0001722,HORD000541,PRD0612,1.0,471.59,471.59
HITM0001723,HORD000541,PRD0631,2.0,2799.14,5598.28
HITM0001724,HORD000541,PRD0846,3.0,808.25,2424.75
HITM0001725,HORD000541,PRD0626,1.0,502.49,502.49
HITM0001726,HORD000542,PRD0461,1.0,2080.96,2080.96
HITM0001727,HORD000542,PRD0278,1.0,100.15,100.15
HITM0001728,HORD000542,PRD0949,2.0,221.57,443.14
HITM0001729,HORD000543,PRD0023,1.0,965.26,965.26
HITM0001730,HORD000543,PRD0162,2.0,441.75,883.5
HITM0001731,HORD000543,PRD0870,1.0,285.87,285.87
HITM0001732,HORD000543,PRD0643,1.0,809.36,809.36
HITM0001733,HORD000544,PRD0717,2.0,615.2,1230.4
HITM0001734,HORD000544,PRD0859,1.0,870.26,870.26
HITM0001735,HORD000544,PRD0680,2.0,46.75,93.5
HITM0001736,HORD000544,PRD0066,1.0,331.96,331.96
HITM0001737,HORD000544,PRD0239,2.0,1256.88,2513.76
HITM0001738,HORD000545,PRD0099,1.0,469.56,469.56
HITM0001739,HORD000545,PRD0700,1.0,258.76,258.76
HITM0001740,HORD000545,PRD0668,2.0,658.68,1317.36
HITM0001741,HORD000546,PRD0065,1.0,729.67,729.67
HITM0001742,HORD000546,PRD0019,1.0,741.78,741.78
HITM0001743,HORD000546,PRD0587,1.0,103.55,103.55
HITM0001744,HORD000546,PRD0170,1.0,71.95,71.95
HITM0001745,HORD000547,PRD0369,2.0,462.08,924.16
HITM0001746,HORD000547,PRD0398,1.0,413.35,413.35
HITM0001747,HORD000547,PRD0673,2.0,1324.45,2648.9
HITM0001748,HORD000548,PRD0490,2.0,20.66,41.32
HITM0001749,HORD000548,PRD0194,1.0,1326.23,1326.23
HITM0001750,HORD000549,PRD0566,2.0,47.51,95.02
HITM0001751,HORD000549,PRD0558,3.0,603.01,1809.03
HITM0001752,HORD000549,PRD0446,1.0,546.41,546.41
HITM0001753,HORD000550,PRD0765,1.0,126.56,126.56
HITM0001754,HORD000550,PRD0858,1.0,251.31,251.31
HITM0001755,HORD000550,PRD0808,3.0,830.41,2491.23
HITM0001756,HORD000551,PRD0496,1.0,176.22,176.22
HITM0001757,HORD000551,PRD0149,1.0,217.37,217.37
HITM0001758,HORD000551,PRD0288,2.0,171.9,343.8
HITM0001759,HORD000551,PRD0569,1.0,965.49,965.49
HITM0001760,HORD000551,PRD0700,2.0,258.76,517.52
HITM0001761,HORD000552,PRD0192,1.0,1199.68,1199.68
HITM0001762,HORD000552,PRD0478,1.0,111.87,111.87
HITM0001763,HORD000553,PRD0767,1.0,122.05,122.05
HITM0001764,HORD000553,PRD0396,1.0,120.07,120.07
HITM0001765,HORD000553,PRD0702,1.0,768.26,768.26
HITM0001766,HORD000554,PRD0893,1.0,434.15,434.15
HITM0001767,HORD000554,PRD0090,1.0,166.35,166.35
HITM0001768,HORD000555,PRD0538,1.0,930.3,930.3
HITM0001769,HORD000555,PRD0438,1.0,246.04,246.04
HITM0001770,HORD000555,PRD0451,2.0,2097.21,4194.42
HITM0001771,HORD000556,PRD0089,1.0,865.25,865.25
HITM0001772,HORD000556,PRD0478,1.0,111.87,111.87
HITM0001773,HORD000557,PRD0612,1.0,471.59,471.59
HITM0001774,HORD000557,PRD0447,1.0,79.94,79.94
HITM0001775,HORD000557,PRD0511,2.0,1305.5,2611.0
HITM0001776,HORD000558,PRD0906,1.0,58.83,58.83
HITM0001777,HORD000558,PRD0670,1.0,85.16,85.16
HITM0001778,HORD000559,PRD0001,2.0,942.83,1885.66
HITM0001779,HORD000560,PRD0121,1.0,3098.72,3098.72
HITM0001780,HORD000560,PRD0598,1.0,929.85,929.85
HITM0001781,HORD000560,PRD0446,2.0,546.41,1092.82
HITM0001782,HORD000561,PRD0127,1.0,1805.09,1805.09
HITM0001783,HORD000561,PRD0626,3.0,502.49,1507.47
HITM0001784,HORD000562,PRD0580,1.0,76.83,76.83
HITM0001785,HORD000562,PRD0097,2.0,673.56,1347.12
HITM0001786,HORD000562,PRD0381,1.0,1910.84,1910.84
HITM0001787,HORD000563,PRD0415,2.0,921.87,1843.74
HITM0001788,HORD000563,PRD0172,1.0,1821.63,1821.63
HITM0001789,HORD000563,PRD0735,1.0,606.53,606.53
HITM0001790,HORD000564,PRD0098,1.0,149.72,149.72
HITM0001791,HORD000564,PRD0538,1.0,930.3,930.3
HITM0001792,HORD000565,PRD0229,1.0,412.68,412.68
HITM0001793,HORD000565,PRD0090,1.0,166.35,166.35
HITM0001794,HORD000565,PRD0681,1.0,2498.26,2498.26
HITM0001795,HORD000566,PRD0020,1.0,153.47,153.47
HITM0001796,HORD000566,PRD0916,2.0,265.34,530.68
HITM0001797,HORD000567,PRD0716,1.0,242.32,242.32
HITM0001798,HORD000568,PRD0854,2.0,386.3,772.6
HITM0001799,HORD000568,PRD0847,1.0,940.4,940.4
HITM0001800,HORD000568,PRD0168,1.0,325.2,325.2
HITM0001801,HORD000568,PRD0835,1.0,427.39,427.39
HITM0001802,HORD000569,PRD0660,1.0,351.34,351.34
HITM0001803,HORD000569,PRD0095,1.0,857.11,857.11
HITM0001804,HORD000569,PRD0335,1.0,424.96,424.96
HITM0001805,HORD000570,PRD0623,1.0,292.46,292.46
HITM0001806,HORD000570,PRD0906,1.0,58.83,58.83
HITM0001807,HORD000570,PRD0606,3.0,721.57,2164.71
HITM0001808,HORD000570,PRD0930,1.0,371.97,371.97
HITM0001809,HORD000571,PRD0718,1.0,1045.66,1045.66
HITM0001810,HORD000571,PRD0328,1.0,728.97,728.97
HITM0001811,HORD000572,PRD0572,1.0,483.42,483.42
HITM0001812,HORD000572,PRD0438,1.0,246.04,246.04
HITM0001813,HORD000572,PRD0069,1.0,850.31,850.31
HITM0001814,HORD000572,PRD0010,1.0,15.97,15.97
HITM0001815,HORD000572,PRD0363,2.0,1523.75,3047.5
HITM0001816,HORD000573,PRD0246,2.0,733.57,1467.14
HITM0001817,HORD000573,PRD0238,1.0,690.75,690.75
HITM0001818,HORD000573,PRD0398,1.0,413.35,413.35
HITM0001819,HORD000573,PRD0799,1.0,373.98,373.98
HITM0001820,HORD000574,PRD0637,1.0,1717.71,1717.71
HITM0001821,HORD000574,PRD0604,1.0,1327.89,1327.89
HITM0001822,HORD000574,PRD0307,1.0,2171.11,2171.11
HITM0001823,HORD000574,PRD0030,1.0,159.51,159.51
HITM0001824,HORD000575,PRD0993,2.0,489.97,979.94
HITM0001825,HORD000575,PRD0706,2.0,746.72,1493.44
HITM0001826,HORD000575,PRD0283,2.0,733.77,1467.54
HITM0001827,HORD000576,PRD0349,2.0,986.72,1973.44
HITM0001828,HORD000576,PRD0446,1.0,546.41,546.41
HITM0001829,HORD000576,PRD0203,2.0,910.47,1820.94
HITM0001830,HORD000576,PRD0954,1.0,3030.23,3030.23
HITM0001831,HORD000576,PRD0685,1.0,367.73,367.73
HITM0001832,HORD000577,PRD0280,1.0,34.27,34.27
HITM0001833,HORD000578,PRD0898,1.0,236.36,236.36
HITM0001834,HORD000578,PRD0086,1.0,248.61,248.61
HITM0001835,HORD000578,PRD0932,1.0,1316.49,1316.49
HITM0001836,HORD000578,PRD0602,1.0,1279.42,1279.42
HITM0001837,HORD000578,PRD0463,1.0,533.33,533.33
HITM0001838,HORD000579,PRD0282,3.0,1401.95,4205.85
HITM0001839,HORD000579,PRD0956,1.0,301.52,301.52
HITM0001840,HORD000579,PRD0358,1.0,67.02,67.02
HITM0001841,HORD000580,PRD0704,2.0,2221.12,4442.24
HITM0001842,HORD000580,PRD0059,1.0,721.08,721.08
HITM0001843,HORD000580,PRD0272,1.0,721.72,721.72
HITM0001844,HORD000581,PRD0149,1.0,217.37,217.37
HITM0001845,HORD000581,PRD0630,1.0,59.46,59.46
HITM0001846,HORD000581,PRD0619,1.0,180.89,180.89
HITM0001847,HORD000581,PRD0548,1.0,181.04,181.04
HITM0001848,HORD000581,PRD0493,1.0,1550.96,1550.96
HITM0001849,HORD000582,PRD0897,1.0,2339.09,2339.09
HITM0001850,HORD000582,PRD0560,1.0,230.25,230.25
HITM0001851,HORD000582,PRD0555,1.0,407.18,407.18
HITM0001852,HORD000582,PRD0304,1.0,524.3,524.3
HITM0001853,HORD000583,PRD0638,1.0,248.57,248.57
HITM0001854,HORD000583,PRD0787,1.0,1706.85,1706.85
HITM0001855,HORD000583,PRD0915,1.0,763.7,763.7
HITM0001856,HORD000584,PRD0790,1.0,25.52,25.52
HITM0001857,HORD000584,PRD0789,2.0,106.8,213.6
HITM0001858,HORD000584,PRD0721,1.0,1812.9,1812.9
HITM0001859,HORD000584,PRD0806,1.0,43.45,43.45
HITM0001860,HORD000585,PRD0003,2.0,745.86,1491.72
HITM0001861,HORD000585,PRD0789,2.0,106.8,213.6
HITM0001862,HORD000585,PRD0368,1.0,807.79,807.79
HITM0001863,HORD000586,PRD0514,1.0,2353.19,2353.19
HITM0001864,HORD000586,PRD0215,2.0,915.08,1830.16
HITM0001865,HORD000586,PRD0600,1.0,394.0,394.0
HITM0001866,HORD000586,PRD0938,1.0,857.34,857.34
HITM0001867,HORD000586,PRD0790,1.0,25.52,25.52
HITM0001868,HORD000587,PRD0174,1.0,3910.58,3910.58
HITM0001869,HORD000587,PRD0451,1.0,2097.21,2097.21
HITM0001870,HORD000587,PRD0427,1.0,1807.66,1807.66
HITM0001871,HORD000588,PRD0854,1.0,386.3,386.3
HITM0001872,HORD000588,PRD0830,3.0,87.0,261.0
HITM0001873,HORD000589,PRD0078,1.0,166.61,166.61
HITM0001874,HORD000589,PRD0998,1.0,546.63,546.63
HITM0001875,HORD000589,PRD0256,1.0,336.19,336.19
HITM0001876,HORD000590,PRD0830,2.0,87.0,174.0
HITM0001877,HORD000590,PRD0330,1.0,184.25,184.25
HITM0001878,HORD000590,PRD0490,2.0,20.66,41.32
HITM0001879,HORD000590,PRD0017,1.0,1860.35,1860.35
HITM0001880,HORD000591,PRD0818,1.0,510.62,510.62
HITM0001881,HORD000591,PRD0967,1.0,571.48,571.48
HITM0001882,HORD000591,PRD0670,1.0,85.16,85.16
HITM0001883,HORD000591,PRD0953,1.0,367.94,367.94
HITM0001884,HORD000592,PRD0090,1.0,166.35,166.35
HITM0001885,HORD000592,PRD0060,1.0,97.23,97.23
HITM0001886,HORD000592,PRD0150,1.0,27.72,27.72
HITM0001887,HORD000592,PRD0081,1.0,2768.19,2768.19
HITM0001888,HORD000593,PRD0801,1.0,1245.32,1245.32
HITM0001889,HORD000593,PRD0029,1.0,1109.68,1109.68
HITM0001890,HORD000594,PRD0189,3.0,1154.51,3463.53
HITM0001891,HORD000594,PRD0287,1.0,1873.36,1873.36
HITM0001892,HORD000594,PRD0412,2.0,1184.31,2368.62
HITM0001893,HORD000595,PRD0186,3.0,223.64,670.92
HITM0001894,HORD000595,PRD0679,1.0,1147.59,1147.59
HITM0001895,HORD000595,PRD0544,2.0,1918.0,3836.0
HITM0001896,HORD000595,PRD0050,1.0,202.62,202.62
HITM0001897,HORD000596,PRD0873,3.0,1287.46,3862.38
HITM0001898,HORD000596,PRD0347,1.0,1107.53,1107.53
HITM0001899,HORD000596,PRD0039,1.0,980.04,980.04
HITM0001900,HORD000596,PRD0673,1.0,1324.45,1324.45
HITM0001901,HORD000597,PRD0136,1.0,107.5,107.5
HITM0001902,HORD000597,PRD0210,1.0,91.62,91.62
HITM0001903,HORD000597,PRD0585,1.0,557.31,557.31
HITM0001904,HORD000598,PRD0098,1.0,149.72,149.72
HITM0001905,HORD000598,PRD0110,1.0,250.51,250.51
HITM0001906,HORD000598,PRD0425,1.0,514.7,514.7
HITM0001907,HORD000599,PRD0851,2.0,1384.1,2768.2
HITM0001908,HORD000599,PRD0180,1.0,24.86,24.86
HITM0001909,HORD000599,PRD0753,3.0,497.57,1492.71
HITM0001910,HORD000600,PRD0845,2.0,242.25,484.5
HITM0001911,HORD000600,PRD0358,1.0,67.02,67.02
HITM0001912,HORD000600,PRD0265,2.0,255.41,510.82
HITM0001913,HORD000601,PRD0740,1.0,194.14,194.14
HITM0001914,HORD000601,PRD0682,1.0,1121.22,1121.22
HITM0001915,HORD000602,PRD0260,1.0,73.31,73.31
HITM0001916,HORD000602,PRD0953,1.0,367.94,367.94
HITM0001917,HORD000602,PRD0935,1.0,249.9,249.9
HITM0001918,HORD000602,PRD0888,2.0,183.72,367.44
HITM0001919,HORD000603,PRD0079,1.0,994.48,994.48
HITM0001920,HORD000603,PRD0520,1.0,93.98,93.98
HITM0001921,HORD000603,PRD0106,1.0,217.23,217.23
HITM0001922,HORD000604,PRD0715,1.0,343.66,343.66
HITM0001923,HORD000604,PRD0485,1.0,518.63,518.63
HITM0001924,HORD000604,PRD0918,1.0,342.99,342.99
HITM0001925,HORD000604,PRD0978,1.0,710.35,710.35
HITM0001926,HORD000605,PRD0582,1.0,1682.59,1682.59
HITM0001927,HORD000605,PRD0424,1.0,1571.65,1571.65
HITM0001928,HORD000605,PRD0291,1.0,1079.47,1079.47
HITM0001929,HORD000606,PRD0050,1.0,202.62,202.62
HITM0001930,HORD000606,PRD0049,1.0,149.55,149.55
HITM0001931,HORD000606,PRD0295,1.0,606.51,606.51
HITM0001932,HORD000606,PRD0378,1.0,110.97,110.97
HITM0001933,HORD000607,PRD0975,2.0,977.14,1954.28
HITM0001934,HORD000607,PRD0992,1.0,1778.47,1778.47
HITM0001935,HORD000607,PRD0080,1.0,390.63,390.63
HITM0001936,HORD000608,PRD0014,1.0,2953.53,2953.53
HITM0001937,HORD000609,PRD0147,1.0,94.45,94.45
HITM0001938,HORD000610,PRD0722,2.0,909.76,1819.52
HITM0001939,HORD000610,PRD0678,2.0,653.14,1306.28
HITM0001940,HORD000611,PRD0363,1.0,1523.75,1523.75
HITM0001941,HORD000611,PRD0670,1.0,85.16,85.16
HITM0001942,HORD000611,PRD0256,2.0,336.19,672.38
HITM0001943,HORD000612,PRD0847,1.0,940.4,940.4
HITM0001944,HORD000612,PRD0180,2.0,24.86,49.72
HITM0001945,HORD000612,PRD0314,1.0,2377.47,2377.47
HITM0001946,HORD000612,PRD0238,1.0,690.75,690.75
HITM0001947,HORD000612,PRD0677,1.0,2307.95,2307.95
HITM0001948,HORD000613,PRD0338,1.0,950.04,950.04
HITM0001949,HORD000613,PRD0630,1.0,59.46,59.46
HITM0001950,HORD000613,PRD0314,2.0,2377.47,4754.94
HITM0001951,HORD000614,PRD0216,1.0,56.76,56.76
HITM0001952,HORD000614,PRD0965,1.0,271.51,271.51
HITM0001953,HORD000614,PRD0820,1.0,95.58,95.58
HITM0001954,HORD000615,PRD0356,1.0,302.84,302.84
HITM0001955,HORD000615,PRD0079,1.0,994.48,994.48
HITM0001956,HORD000616,PRD0823,1.0,1081.67,1081.67
HITM0001957,HORD000617,PRD0950,1.0,321.18,321.18
HITM0001958,HORD000617,PRD0763,1.0,1426.88,1426.88
HITM0001959,HORD000617,PRD0390,1.0,27.7,27.7
HITM0001960,HORD000618,PRD0648,1.0,210.67,210.67
HITM0001961,HORD000619,PRD0953,2.0,367.94,735.88
HITM0001962,HORD000619,PRD0079,1.0,994.48,994.48
HITM0001963,HORD000619,PRD0175,1.0,760.09,760.09
HITM0001964,HORD000619,PRD0545,1.0,879.28,879.28
HITM0001965,HORD000620,PRD0532,1.0,894.27,894.27
HITM0001966,HORD000620,PRD0138,1.0,316.0,316.0
HITM0001967,HORD000620,PRD0892,1.0,324.59,324.59
HITM0001968,HORD000620,PRD0771,3.0,1968.01,5904.03
HITM0001969,HORD000620,PRD0416,2.0,753.43,1506.86
HITM0001970,HORD000621,PRD0055,1.0,1172.72,1172.72
HITM0001971,HORD000621,PRD0979,1.0,1102.97,1102.97
HITM0001972,HORD000622,PRD0961,2.0,1724.67,3449.34
HITM0001973,HORD000622,PRD0298,2.0,565.35,1130.7
HITM0001974,HORD000622,PRD0586,1.0,450.26,450.26
HITM0001975,HORD000623,PRD0446,1.0,546.41,546.41
HITM0001976,HORD000623,PRD0606,1.0,721.57,721.57
HITM0001977,HORD000623,PRD0830,1.0,87.0,87.0
HITM0001978,HORD000623,PRD0334,2.0,2364.45,4728.9
HITM0001979,HORD000623,PRD0965,1.0,271.51,271.51
HITM0001980,HORD000624,PRD0629,1.0,270.17,270.17
HITM0001981,HORD000624,PRD0536,1.0,616.08,616.08
HITM0001982,HORD000625,PRD0539,1.0,125.14,125.14
HITM0001983,HORD000625,PRD0110,2.0,250.51,501.02
HITM0001984,HORD000625,PRD0041,1.0,2120.5,2120.5
HITM0001985,HORD000626,PRD0390,2.0,27.7,55.4
HITM0001986,HORD000626,PRD0694,1.0,3973.34,3973.34
HITM0001987,HORD000626,PRD0848,2.0,503.4,1006.8
HITM0001988,HORD000627,PRD0580,2.0,76.83,153.66
HITM0001989,HORD000628,PRD0772,2.0,546.46,1092.92
HITM0001990,HORD000629,PRD0372,1.0,763.17,763.17
HITM0001991,HORD000629,PRD0873,1.0,1287.46,1287.46
HITM0001992,HORD000629,PRD0666,1.0,108.17,108.17
HITM0001993,HORD000629,PRD0369,1.0,462.08,462.08
HITM0001994,HORD000630,PRD0106,1.0,217.23,217.23
HITM0001995,HORD000630,PRD0292,1.0,324.37,324.37
HITM0001996,HORD000630,PRD0150,1.0,27.72,27.72
HITM0001997,HORD000631,PRD0765,1.0,126.56,126.56
HITM0001998,HORD000631,PRD0646,1.0,98.45,98.45
HITM0001999,HORD000631,PRD0496,1.0,176.22,176.22
HITM0002000,HORD000631,PRD0113,2.0,605.4,1210.8
HITM0002001,HORD000632,PRD0190,1.0,417.54,417.54
HITM0002002,HORD000633,PRD0280,2.0,34.27,68.54
HITM0002003,HORD000633,PRD0688,1.0,231.65,231.65
HITM0002004,HORD000634,PRD0069,2.0,850.31,1700.62
HITM0002005,HORD000634,PRD0702,1.0,768.26,768.26
HITM0002006,HORD000635,PRD0700,2.0,258.76,517.52
HITM0002007,HORD000635,PRD0173,2.0,1377.08,2754.16
HITM0002008,HORD000636,PRD0858,1.0,251.31,251.31
HITM0002009,HORD000636,PRD0240,1.0,113.94,113.94
HITM0002010,HORD000636,PRD0197,1.0,1349.02,1349.02
HITM0002011,HORD000636,PRD0131,1.0,1214.27,1214.27
HITM0002012,HORD000636,PRD0466,1.0,283.41,283.41
HITM0002013,HORD000637,PRD0563,1.0,270.8,270.8
HITM0002014,HORD000637,PRD0294,1.0,1781.81,1781.81
HITM0002015,HORD000637,PRD0359,2.0,169.12,338.24
HITM0002016,HORD000638,PRD0768,1.0,912.93,912.93
HITM0002017,HORD000638,PRD0431,1.0,2253.8,2253.8
HITM0002018,HORD000638,PRD0722,1.0,909.76,909.76
HITM0002019,HORD000638,PRD0580,2.0,76.83,153.66
HITM0002020,HORD000638,PRD0791,2.0,1863.17,3726.34
HITM0002021,HORD000639,PRD0760,2.0,405.95,811.9
HITM0002022,HORD000639,PRD0667,1.0,424.48,424.48
HITM0002023,HORD000639,PRD0924,1.0,1614.34,1614.34
HITM0002024,HORD000640,PRD0498,1.0,753.34,753.34
HITM0002025,HORD000640,PRD0528,1.0,821.66,821.66
HITM0002026,HORD000640,PRD0906,1.0,58.83,58.83
HITM0002027,HORD000640,PRD0548,1.0,181.04,181.04
HITM0002028,HORD000641,PRD0511,1.0,1305.5,1305.5
HITM0002029,HORD000641,PRD0723,1.0,1236.33,1236.33
HITM0002030,HORD000641,PRD0055,2.0,1172.72,2345.44
HITM0002031,HORD000641,PRD0946,2.0,553.66,1107.32
HITM0002032,HORD000642,PRD0610,1.0,21.93,21.93
HITM0002033,HORD000642,PRD0547,1.0,2376.82,2376.82
HITM0002034,HORD000642,PRD0582,1.0,1682.59,1682.59
HITM0002035,HORD000643,PRD0088,2.0,835.18,1670.36
HITM0002036,HORD000643,PRD0573,2.0,394.67,789.34
HITM0002037,HORD000644,PRD0670,1.0,85.16,85.16
HITM0002038,HORD000644,PRD0751,1.0,1210.18,1210.18
HITM0002039,HORD000644,PRD0897,1.0,2339.09,2339.09
HITM0002040,HORD000644,PRD0560,1.0,230.25,230.25
HITM0002041,HORD000645,PRD0186,2.0,223.64,447.28
HITM0002042,HORD000645,PRD0446,1.0,546.41,546.41
HITM0002043,HORD000645,PRD0034,1.0,1865.66,1865.66
HITM0002044,HORD000645,PRD0279,2.0,250.57,501.14
HITM0002045,HORD000646,PRD0399,1.0,628.54,628.54
HITM0002046,HORD000646,PRD0982,1.0,921.88,921.88
HITM0002047,HORD000646,PRD0480,1.0,37.46,37.46
HITM0002048,HORD000646,PRD0699,2.0,1495.41,2990.82
HITM0002049,HORD000647,PRD0180,2.0,24.86,49.72
HITM0002050,HORD000647,PRD0871,1.0,2970.68,2970.68
HITM0002051,HORD000647,PRD0335,1.0,424.96,424.96
HITM0002052,HORD000648,PRD0946,1.0,553.66,553.66
HITM0002053,HORD000648,PRD0195,1.0,337.11,337.11
HITM0002054,HORD000648,PRD0159,1.0,1165.58,1165.58
HITM0002055,HORD000648,PRD0716,2.0,242.32,484.64
HITM0002056,HORD000649,PRD0112,1.0,1193.81,1193.81
HITM0002057,HORD000649,PRD0553,1.0,722.16,722.16
HITM0002058,HORD000649,PRD0536,3.0,616.08,1848.24
HITM0002059,HORD000650,PRD0562,1.0,536.89,536.89
HITM0002060,HORD000650,PRD0132,2.0,713.61,1427.22
HITM0002061,HORD000650,PRD0325,1.0,54.61,54.61
HITM0002062,HORD000651,PRD0138,1.0,316.0,316.0
HITM0002063,HORD000651,PRD0399,2.0,628.54,1257.08
HITM0002064,HORD000652,PRD0461,2.0,2080.96,4161.92
HITM0002065,HORD000652,PRD0200,1.0,279.99,279.99
HITM0002066,HORD000653,PRD0213,1.0,1561.73,1561.73
HITM0002067,HORD000653,PRD0871,1.0,2970.68,2970.68
HITM0002068,HORD000653,PRD0914,1.0,3839.74,3839.74
HITM0002069,HORD000653,PRD0867,1.0,2280.38,2280.38
HITM0002070,HORD000654,PRD0390,1.0,27.7,27.7
HITM0002071,HORD000654,PRD0800,1.0,235.68,235.68
HITM0002072,HORD000655,PRD0155,2.0,237.13,474.26
HITM0002073,HORD000655,PRD0386,1.0,109.17,109.17
HITM0002074,HORD000656,PRD0730,2.0,394.42,788.84
HITM0002075,HORD000656,PRD0122,1.0,1755.78,1755.78
HITM0002076,HORD000656,PRD0668,1.0,658.68,658.68
HITM0002077,HORD000656,PRD0087,3.0,2140.71,6422.13
HITM0002078,HORD000656,PRD0325,1.0,54.61,54.61
HITM0002079,HORD000657,PRD0431,1.0,2253.8,2253.8
HITM0002080,HORD000657,PRD0372,1.0,763.17,763.17
HITM0002081,HORD000657,PRD0352,1.0,1479.5,1479.5
HITM0002082,HORD000657,PRD0464,1.0,1572.44,1572.44
HITM0002083,HORD000657,PRD0226,1.0,155.94,155.94
HITM0002084,HORD000658,PRD0609,1.0,138.47,138.47
HITM0002085,HORD000658,PRD0535,1.0,976.79,976.79
HITM0002086,HORD000658,PRD0005,2.0,450.36,900.72
HITM0002087,HORD000659,PRD0715,1.0,343.66,343.66
HITM0002088,HORD000659,PRD0347,3.0,1107.53,3322.59
HITM0002089,HORD000659,PRD0352,1.0,1479.5,1479.5
HITM0002090,HORD000660,PRD0098,1.0,149.72,149.72
HITM0002091,HORD000660,PRD0789,2.0,106.8,213.6
HITM0002092,HORD000660,PRD0120,1.0,319.18,319.18
HITM0002093,HORD000660,PRD0300,1.0,30.76,30.76
HITM0002094,HORD000661,PRD0941,2.0,2905.2,5810.4
HITM0002095,HORD000661,PRD0598,1.0,929.85,929.85
HITM0002096,HORD000661,PRD0181,1.0,3070.56,3070.56
HITM0002097,HORD000662,PRD0870,1.0,285.87,285.87
HITM0002098,HORD000662,PRD0773,1.0,429.44,429.44
HITM0002099,HORD000663,PRD0037,1.0,109.69,109.69
HITM0002100,HORD000663,PRD0615,1.0,196.23,196.23
HITM0002101,HORD000664,PRD0881,1.0,1292.47,1292.47
HITM0002102,HORD000664,PRD0804,2.0,1164.25,2328.5
HITM0002103,HORD000664,PRD0880,1.0,263.31,263.31
HITM0002104,HORD000665,PRD0784,2.0,3454.65,6909.3
HITM0002105,HORD000665,PRD0583,1.0,981.15,981.15
HITM0002106,HORD000665,PRD0766,1.0,551.34,551.34
HITM0002107,HORD000666,PRD0960,3.0,103.86,311.58
HITM0002108,HORD000666,PRD0402,2.0,1191.53,2383.06
HITM0002109,HORD000666,PRD0240,2.0,113.94,227.88
HITM0002110,HORD000666,PRD0514,1.0,2353.19,2353.19
HITM0002111,HORD000667,PRD0877,1.0,1300.22,1300.22
HITM0002112,HORD000667,PRD0718,1.0,1045.66,1045.66
HITM0002113,HORD000667,PRD0465,2.0,1026.13,2052.26
HITM0002114,HORD000668,PRD0874,1.0,2267.23,2267.23
HITM0002115,HORD000668,PRD0308,1.0,1053.94,1053.94
HITM0002116,HORD000668,PRD0390,1.0,27.7,27.7
HITM0002117,HORD000669,PRD0788,1.0,934.58,934.58
HITM0002118,HORD000670,PRD0473,1.0,576.89,576.89
HITM0002119,HORD000670,PRD0347,1.0,1107.53,1107.53
HITM0002120,HORD000670,PRD0893,1.0,434.15,434.15
HITM0002121,HORD000670,PRD0191,1.0,1045.12,1045.12
HITM0002122,HORD000671,PRD0383,1.0,1343.47,1343.47
HITM0002123,HORD000671,PRD0497,1.0,1686.58,1686.58
HITM0002124,HORD000672,PRD0108,1.0,186.84,186.84
HITM0002125,HORD000672,PRD0475,1.0,304.73,304.73
HITM0002126,HORD000673,PRD0826,1.0,272.89,272.89
HITM0002127,HORD000673,PRD0420,1.0,202.02,202.02
HITM0002128,HORD000674,PRD0377,1.0,1672.48,1672.48
HITM0002129,HORD000675,PRD0702,1.0,768.26,768.26
HITM0002130,HORD000675,PRD0743,1.0,1161.24,1161.24
HITM0002131,HORD000675,PRD0357,1.0,193.87,193.87
HITM0002132,HORD000675,PRD0081,1.0,2768.19,2768.19
HITM0002133,HORD000676,PRD0503,2.0,866.27,1732.54
HITM0002134,HORD000676,PRD0904,1.0,673.64,673.64
HITM0002135,HORD000676,PRD0874,2.0,2267.23,4534.46
HITM0002136,HORD000676,PRD0647,1.0,1397.05,1397.05
HITM0002137,HORD000677,PRD0404,1.0,3995.8,3995.8
HITM0002138,HORD000677,PRD0142,1.0,1815.54,1815.54
HITM0002139,HORD000677,PRD0318,1.0,913.52,913.52
HITM0002140,HORD000677,PRD0594,1.0,3645.51,3645.51
HITM0002141,HORD000678,PRD0171,1.0,1187.41,1187.41
HITM0002142,HORD000678,PRD0939,1.0,1091.13,1091.13
HITM0002143,HORD000678,PRD0942,1.0,646.79,646.79
HITM0002144,HORD000678,PRD0678,2.0,653.14,1306.28
HITM0002145,HORD000679,PRD0335,1.0,424.96,424.96
HITM0002146,HORD000679,PRD0193,2.0,609.21,1218.42
HITM0002147,HORD000679,PRD0740,1.0,194.14,194.14
HITM0002148,HORD000679,PRD0269,1.0,514.16,514.16
HITM0002149,HORD000680,PRD0770,2.0,254.66,509.32
HITM0002150,HORD000680,PRD0301,1.0,1847.23,1847.23
HITM0002151,HORD000680,PRD0993,1.0,489.97,489.97
HITM0002152,HORD000680,PRD0370,1.0,143.48,143.48
HITM0002153,HORD000681,PRD0710,3.0,302.55,907.65
HITM0002154,HORD000681,PRD0008,2.0,799.44,1598.88
HITM0002155,HORD000681,PRD0850,2.0,308.86,617.72
HITM0002156,HORD000682,PRD0168,2.0,325.2,650.4
HITM0002157,HORD000682,PRD0448,1.0,67.35,67.35
HITM0002158,HORD000682,PRD0596,1.0,741.69,741.69
HITM0002159,HORD000682,PRD0875,2.0,916.11,1832.22
HITM0002160,HORD000683,PRD0907,1.0,1869.43,1869.43
HITM0002161,HORD000683,PRD0479,1.0,785.34,785.34
HITM0002162,HORD000683,PRD0795,3.0,808.42,2425.26
HITM0002163,HORD000683,PRD0598,1.0,929.85,929.85
HITM0002164,HORD000684,PRD0672,2.0,527.46,1054.92
HITM0002165,HORD000684,PRD0535,1.0,976.79,976.79
HITM0002166,HORD000685,PRD0313,2.0,695.88,1391.76
HITM0002167,HORD000685,PRD0755,1.0,683.65,683.65
HITM0002168,HORD000685,PRD0368,2.0,807.79,1615.58
HITM0002169,HORD000686,PRD0067,1.0,638.19,638.19
HITM0002170,HORD000686,PRD0389,1.0,197.05,197.05
HITM0002171,HORD000686,PRD0697,1.0,1104.18,1104.18
HITM0002172,HORD000686,PRD0949,2.0,221.57,443.14
HITM0002173,HORD000687,PRD0568,1.0,272.51,272.51
HITM0002174,HORD000687,PRD0665,1.0,215.81,215.81
HITM0002175,HORD000687,PRD0686,3.0,791.36,2374.08
HITM0002176,HORD000687,PRD0276,2.0,586.47,1172.94
HITM0002177,HORD000688,PRD0834,1.0,2476.82,2476.82
HITM0002178,HORD000688,PRD0013,1.0,1194.01,1194.01
HITM0002179,HORD000688,PRD0119,3.0,844.43,2533.29
HITM0002180,HORD000688,PRD0583,1.0,981.15,981.15
HITM0002181,HORD000689,PRD0242,1.0,1257.76,1257.76
HITM0002182,HORD000689,PRD0622,1.0,1882.1,1882.1
HITM0002183,HORD000689,PRD0646,2.0,98.45,196.9
HITM0002184,HORD000689,PRD0275,1.0,182.18,182.18
HITM0002185,HORD000689,PRD0232,1.0,306.48,306.48
HITM0002186,HORD000690,PRD0526,2.0,149.19,298.38
HITM0002187,HORD000690,PRD0975,1.0,977.14,977.14
HITM0002188,HORD000690,PRD1000,2.0,364.05,728.1
HITM0002189,HORD000690,PRD0768,2.0,912.93,1825.86
HITM0002190,HORD000691,PRD0767,1.0,122.05,122.05
HITM0002191,HORD000692,PRD0169,1.0,1057.68,1057.68
HITM0002192,HORD000692,PRD0057,1.0,1403.88,1403.88
HITM0002193,HORD000692,PRD0808,1.0,830.41,830.41
HITM0002194,HORD000693,PRD0741,1.0,2451.18,2451.18
HITM0002195,HORD000693,PRD0155,1.0,237.13,237.13
HITM0002196,HORD000693,PRD0647,1.0,1397.05,1397.05
HITM0002197,HORD000693,PRD0470,1.0,290.42,290.42
HITM0002198,HORD000693,PRD0521,1.0,1486.1,1486.1
HITM0002199,HORD000694,PRD0058,1.0,660.96,660.96
HITM0002200,HORD000694,PRD0532,2.0,894.27,1788.54
HITM0002201,HORD000694,PRD0398,2.0,413.35,826.7
HITM0002202,HORD000695,PRD0637,1.0,1717.71,1717.71
HITM0002203,HORD000696,PRD0109,1.0,516.32,516.32
HITM0002204,HORD000697,PRD0478,1.0,111.87,111.87
HITM0002205,HORD000698,PRD0492,1.0,1490.94,1490.94
HITM0002206,HORD000698,PRD0367,2.0,1853.15,3706.3
HITM0002207,HORD000698,PRD0939,2.0,1091.13,2182.26
HITM0002208,HORD000699,PRD0858,2.0,251.31,502.62
HITM0002209,HORD000699,PRD0854,1.0,386.3,386.3
HITM0002210,HORD000699,PRD0414,2.0,2790.14,5580.28
HITM0002211,HORD000700,PRD0338,1.0,950.04,950.04
HITM0002212,HORD000700,PRD0769,1.0,809.07,809.07
HITM0002213,HORD000700,PRD0623,2.0,292.46,584.92
HITM0002214,HORD000700,PRD0466,1.0,283.41,283.41
HITM0002215,HORD000700,PRD0802,1.0,1342.26,1342.26
HITM0002216,HORD000701,PRD0398,1.0,413.35,413.35
HITM0002217,HORD000701,PRD0015,2.0,184.83,369.66
HITM0002218,HORD000701,PRD0993,1.0,489.97,489.97
HITM0002219,HORD000702,PRD0709,1.0,1423.26,1423.26
HITM0002220,HORD000702,PRD0003,2.0,745.86,1491.72
HITM0002221,HORD000702,PRD0778,1.0,981.57,981.57
HITM0002222,HORD000702,PRD0893,1.0,434.15,434.15
HITM0002223,HORD000703,PRD0639,1.0,1043.97,1043.97
HITM0002224,HORD000704,PRD0830,1.0,87.0,87.0
HITM0002225,HORD000704,PRD0512,1.0,1597.11,1597.11
HITM0002226,HORD000705,PRD0664,2.0,2839.43,5678.86
HITM0002227,HORD000705,PRD0095,1.0,857.11,857.11
HITM0002228,HORD000705,PRD0080,1.0,390.63,390.63
HITM0002229,HORD000705,PRD0746,1.0,130.44,130.44
HITM0002230,HORD000705,PRD0369,1.0,462.08,462.08
HITM0002231,HORD000706,PRD0518,1.0,614.84,614.84
HITM0002232,HORD000706,PRD0795,1.0,808.42,808.42
HITM0002233,HORD000706,PRD0018,1.0,112.62,112.62
HITM0002234,HORD000707,PRD0926,1.0,711.69,711.69
HITM0002235,HORD000707,PRD0382,1.0,453.52,453.52
HITM0002236,HORD000707,PRD0306,1.0,643.72,643.72
HITM0002237,HORD000708,PRD0327,2.0,783.26,1566.52
HITM0002238,HORD000708,PRD0150,3.0,27.72,83.16
HITM0002239,HORD000708,PRD0216,1.0,56.76,56.76
HITM0002240,HORD000709,PRD0064,1.0,3819.98,3819.98
HITM0002241,HORD000709,PRD0836,1.0,726.47,726.47
HITM0002242,HORD000709,PRD0449,1.0,227.09,227.09
HITM0002243,HORD000710,PRD0890,1.0,273.8,273.8
HITM0002244,HORD000710,PRD0276,1.0,586.47,586.47
HITM0002245,HORD000710,PRD0623,1.0,292.46,292.46
HITM0002246,HORD000711,PRD0239,1.0,1256.88,1256.88
HITM0002247,HORD000711,PRD0942,1.0,646.79,646.79
HITM0002248,HORD000712,PRD0945,1.0,888.88,888.88
HITM0002249,HORD000712,PRD0096,1.0,329.23,329.23
HITM0002250,HORD000713,PRD0539,1.0,125.14,125.14
HITM0002251,HORD000713,PRD0925,2.0,976.66,1953.32
HITM0002252,HORD000713,PRD0578,1.0,856.24,856.24
HITM0002253,HORD000714,PRD0378,2.0,110.97,221.94
HITM0002254,HORD000714,PRD0953,2.0,367.94,735.88
HITM0002255,HORD000714,PRD0068,1.0,190.2,190.2
HITM0002256,HORD000715,PRD0206,2.0,673.8,1347.6
HITM0002257,HORD000715,PRD0240,1.0,113.94,113.94
HITM0002258,HORD000715,PRD0320,1.0,289.98,289.98
HITM0002259,HORD000715,PRD0186,3.0,223.64,670.92
HITM0002260,HORD000716,PRD0191,1.0,1045.12,1045.12
HITM0002261,HORD000717,PRD0134,2.0,3468.51,6937.02
HITM0002262,HORD000717,PRD0619,1.0,180.89,180.89
HITM0002263,HORD000718,PRD0074,1.0,2480.38,2480.38
HITM0002264,HORD000718,PRD0976,1.0,348.6,348.6
HITM0002265,HORD000718,PRD0559,1.0,899.23,899.23
HITM0002266,HORD000719,PRD0865,1.0,558.87,558.87
HITM0002267,HORD000719,PRD0530,1.0,376.94,376.94
HITM0002268,HORD000719,PRD0951,1.0,1234.66,1234.66
HITM0002269,HORD000720,PRD0335,1.0,424.96,424.96
HITM0002270,HORD000720,PRD0733,1.0,894.02,894.02
HITM0002271,HORD000720,PRD0453,1.0,934.48,934.48
HITM0002272,HORD000721,PRD0878,1.0,919.03,919.03
HITM0002273,HORD000721,PRD0651,2.0,929.1,1858.2
HITM0002274,HORD000721,PRD0767,1.0,122.05,122.05
HITM0002275,HORD000721,PRD0584,1.0,2076.86,2076.86
HITM0002276,HORD000722,PRD0982,1.0,921.88,921.88
HITM0002277,HORD000722,PRD0573,2.0,394.67,789.34
HITM0002278,HORD000723,PRD0750,2.0,203.37,406.74
HITM0002279,HORD000723,PRD0887,1.0,111.87,111.87
HITM0002280,HORD000723,PRD0157,1.0,2583.38,2583.38
HITM0002281,HORD000723,PRD0928,1.0,739.11,739.11
HITM0002282,HORD000724,PRD0667,1.0,424.48,424.48
HITM0002283,HORD000724,PRD0841,2.0,2181.2,4362.4
HITM0002284,HORD000725,PRD0543,1.0,398.13,398.13
HITM0002285,HORD000725,PRD0239,2.0,1256.88,2513.76
HITM0002286,HORD000725,PRD0075,2.0,227.56,455.12
HITM0002287,HORD000726,PRD0899,1.0,1401.94,1401.94
HITM0002288,HORD000726,PRD0666,1.0,108.17,108.17
HITM0002289,HORD000727,PRD0779,1.0,296.88,296.88
HITM0002290,HORD000727,PRD0722,1.0,909.76,909.76
HITM0002291,HORD000728,PRD0326,2.0,791.27,1582.54
HITM0002292,HORD000728,PRD0555,1.0,407.18,407.18
HITM0002293,HORD000728,PRD0218,1.0,838.07,838.07
HITM0002294,HORD000728,PRD0816,1.0,354.93,354.93
HITM0002295,HORD000729,PRD0096,1.0,329.23,329.23
HITM0002296,HORD000730,PRD0767,1.0,122.05,122.05
HITM0002297,HORD000730,PRD0646,1.0,98.45,98.45
HITM0002298,HORD000730,PRD0550,3.0,184.97,554.91
HITM0002299,HORD000730,PRD0014,1.0,2953.53,2953.53
HITM0002300,HORD000730,PRD0999,1.0,464.57,464.57
HITM0002301,HORD000731,PRD0027,1.0,1635.42,1635.42
HITM0002302,HORD000731,PRD0265,1.0,255.41,255.41
HITM0002303,HORD000731,PRD0275,2.0,182.18,364.36
HITM0002304,HORD000731,PRD0944,1.0,2277.06,2277.06
HITM0002305,HORD000732,PRD0916,1.0,265.34,265.34
HITM0002306,HORD000732,PRD0086,1.0,248.61,248.61
HITM0002307,HORD000732,PRD0680,1.0,46.75,46.75
HITM0002308,HORD000733,PRD0010,1.0,15.97,15.97
HITM0002309,HORD000733,PRD0619,1.0,180.89,180.89
HITM0002310,HORD000733,PRD0679,1.0,1147.59,1147.59
HITM0002311,HORD000734,PRD0696,1.0,107.86,107.86
HITM0002312,HORD000734,PRD0276,1.0,586.47,586.47
HITM0002313,HORD000734,PRD0449,1.0,227.09,227.09
HITM0002314,HORD000735,PRD0801,1.0,1245.32,1245.32
HITM0002315,HORD000736,PRD0700,1.0,258.76,258.76
HITM0002316,HORD000736,PRD0907,2.0,1869.43,3738.86
HITM0002317,HORD000736,PRD0983,2.0,493.01,986.02
HITM0002318,HORD000736,PRD0466,2.0,283.41,566.82
HITM0002319,HORD000737,PRD0849,2.0,1011.98,2023.96
HITM0002320,HORD000737,PRD0289,1.0,721.6,721.6
HITM0002321,HORD000738,PRD0304,2.0,524.3,1048.6
HITM0002322,HORD000738,PRD0291,3.0,1079.47,3238.41
HITM0002323,HORD000738,PRD0010,2.0,15.97,31.94
HITM0002324,HORD000738,PRD0898,1.0,236.36,236.36
HITM0002325,HORD000738,PRD0312,1.0,845.47,845.47
HITM0002326,HORD000739,PRD0393,1.0,307.2,307.2
HITM0002327,HORD000739,PRD0376,2.0,804.1,1608.2
HITM0002328,HORD000740,PRD0293,1.0,399.18,399.18
HITM0002329,HORD000740,PRD0721,1.0,1812.9,1812.9
HITM0002330,HORD000741,PRD0376,2.0,804.1,1608.2
HITM0002331,HORD000741,PRD0759,1.0,943.47,943.47
HITM0002332,HORD000741,PRD0849,1.0,1011.98,1011.98
HITM0002333,HORD000742,PRD0875,1.0,916.11,916.11
HITM0002334,HORD000742,PRD0450,1.0,138.07,138.07
HITM0002335,HORD000742,PRD0860,1.0,148.71,148.71
HITM0002336,HORD000743,PRD0181,2.0,3070.56,6141.12
HITM0002337,HORD000743,PRD0638,1.0,248.57,248.57
HITM0002338,HORD000743,PRD0360,1.0,14.71,14.71
HITM0002339,HORD000743,PRD0258,1.0,171.41,171.41
HITM0002340,HORD000743,PRD0483,1.0,1343.25,1343.25
HITM0002341,HORD000744,PRD0691,1.0,1850.74,1850.74
HITM0002342,HORD000744,PRD0471,1.0,2346.96,2346.96
HITM0002343,HORD000744,PRD0426,1.0,284.68,284.68
HITM0002344,HORD000745,PRD0601,1.0,1666.52,1666.52
HITM0002345,HORD000745,PRD0672,1.0,527.46,527.46
HITM0002346,HORD000745,PRD0406,1.0,241.97,241.97
HITM0002347,HORD000746,PRD0990,1.0,373.23,373.23
HITM0002348,HORD000746,PRD0556,1.0,303.66,303.66
HITM0002349,HORD000746,PRD0296,1.0,366.63,366.63
HITM0002350,HORD000747,PRD0806,2.0,43.45,86.9
HITM0002351,HORD000747,PRD0643,1.0,809.36,809.36
HITM0002352,HORD000748,PRD0204,1.0,1433.35,1433.35
HITM0002353,HORD000748,PRD0636,2.0,63.83,127.66
HITM0002354,HORD000749,PRD0847,1.0,940.4,940.4
HITM0002355,HORD000749,PRD0642,1.0,790.1,790.1
HITM0002356,HORD000750,PRD0942,1.0,646.79,646.79
HITM0002357,HORD000750,PRD0912,1.0,1809.29,1809.29
HITM0002358,HORD000750,PRD0499,1.0,1327.93,1327.93
HITM0002359,HORD000751,PRD0679,1.0,1147.59,1147.59
HITM0002360,HORD000751,PRD0607,1.0,1460.76,1460.76
HITM0002361,HORD000752,PRD0994,2.0,1974.93,3949.86
HITM0002362,HORD000752,PRD0860,1.0,148.71,148.71
HITM0002363,HORD000752,PRD0903,1.0,368.54,368.54
HITM0002364,HORD000752,PRD0785,2.0,611.01,1222.02
HITM0002365,HORD000752,PRD0847,1.0,940.4,940.4
HITM0002366,HORD000753,PRD0446,2.0,546.41,1092.82
HITM0002367,HORD000753,PRD0610,1.0,21.93,21.93
HITM0002368,HORD000753,PRD0685,1.0,367.73,367.73
HITM0002369,HORD000754,PRD0041,1.0,2120.5,2120.5
HITM0002370,HORD000754,PRD0741,1.0,2451.18,2451.18
HITM0002371,HORD000754,PRD0334,1.0,2364.45,2364.45
HITM0002372,HORD000755,PRD0653,1.0,1533.48,1533.48
HITM0002373,HORD000755,PRD0358,2.0,67.02,134.04
HITM0002374,HORD000755,PRD0048,1.0,1075.72,1075.72
HITM0002375,HORD000756,PRD0140,1.0,54.35,54.35
HITM0002376,HORD000757,PRD0556,1.0,303.66,303.66
HITM0002377,HORD000757,PRD0419,1.0,1223.67,1223.67
HITM0002378,HORD000757,PRD0898,1.0,236.36,236.36
HITM0002379,HORD000757,PRD0640,1.0,153.76,153.76
HITM0002380,HORD000758,PRD0175,2.0,760.09,1520.18
HITM0002381,HORD000758,PRD0386,1.0,109.17,109.17
HITM0002382,HORD000759,PRD0478,3.0,111.87,335.61
HITM0002383,HORD000759,PRD0026,2.0,304.81,609.62
HITM0002384,HORD000759,PRD0898,2.0,236.36,472.72
HITM0002385,HORD000760,PRD0408,1.0,680.47,680.47
HITM0002386,HORD000760,PRD0067,1.0,638.19,638.19
HITM0002387,HORD000760,PRD0347,1.0,1107.53,1107.53
HITM0002388,HORD000760,PRD0863,3.0,1009.18,3027.54
HITM0002389,HORD000760,PRD0155,2.0,237.13,474.26
HITM0002390,HORD000761,PRD0456,1.0,417.01,417.01
HITM0002391,HORD000761,PRD0954,1.0,3030.23,3030.23
HITM0002392,HORD000761,PRD0255,2.0,783.42,1566.84
HITM0002393,HORD000761,PRD0615,1.0,196.23,196.23
HITM0002394,HORD000762,PRD0433,1.0,1358.38,1358.38
HITM0002395,HORD000762,PRD0760,1.0,405.95,405.95
HITM0002396,HORD000762,PRD0879,1.0,746.36,746.36
HITM0002397,HORD000762,PRD0838,1.0,1007.36,1007.36
HITM0002398,HORD000763,PRD0929,1.0,1084.81,1084.81
HITM0002399,HORD000763,PRD0676,2.0,444.48,888.96
HITM0002400,HORD000764,PRD0670,1.0,85.16,85.16
HITM0002401,HORD000765,PRD0199,1.0,290.9,290.9
HITM0002402,HORD000765,PRD0431,1.0,2253.8,2253.8
HITM0002403,HORD000766,PRD0067,1.0,638.19,638.19
HITM0002404,HORD000766,PRD0500,1.0,352.58,352.58
HITM0002405,HORD000766,PRD0251,2.0,954.37,1908.74
HITM0002406,HORD000767,PRD0130,3.0,128.78,386.34
HITM0002407,HORD000767,PRD0357,1.0,193.87,193.87
HITM0002408,HORD000767,PRD0223,1.0,427.66,427.66
HITM0002409,HORD000768,PRD0999,1.0,464.57,464.57
HITM0002410,HORD000768,PRD0056,1.0,318.87,318.87
HITM0002411,HORD000768,PRD0096,1.0,329.23,329.23
HITM0002412,HORD000769,PRD0629,1.0,270.17,270.17
HITM0002413,HORD000769,PRD0125,1.0,1004.47,1004.47
HITM0002414,HORD000769,PRD0285,1.0,136.65,136.65
HITM0002415,HORD000770,PRD0874,1.0,2267.23,2267.23
HITM0002416,HORD000770,PRD0400,1.0,286.55,286.55
HITM0002417,HORD000770,PRD0007,1.0,775.64,775.64
HITM0002418,HORD000770,PRD0443,1.0,667.38,667.38
HITM0002419,HORD000770,PRD0496,2.0,176.22,352.44
HITM0002420,HORD000771,PRD0749,1.0,633.27,633.27
HITM0002421,HORD000771,PRD0454,1.0,561.82,561.82
HITM0002422,HORD000772,PRD0620,2.0,123.89,247.78
HITM0002423,HORD000772,PRD0800,1.0,235.68,235.68
HITM0002424,HORD000772,PRD0930,1.0,371.97,371.97
HITM0002425,HORD000773,PRD0494,2.0,780.48,1560.96
HITM0002426,HORD000773,PRD0102,1.0,786.59,786.59
HITM0002427,HORD000773,PRD0396,2.0,120.07,240.14
HITM0002428,HORD000773,PRD0933,2.0,1263.06,2526.12
HITM0002429,HORD000773,PRD0576,1.0,136.9,136.9
HITM0002430,HORD000774,PRD0362,1.0,1501.87,1501.87
HITM0002431,HORD000774,PRD0416,1.0,753.43,753.43
HITM0002432,HORD000774,PRD0047,1.0,1258.28,1258.28
HITM0002433,HORD000775,PRD0440,1.0,292.13,292.13
HITM0002434,HORD000775,PRD0580,1.0,76.83,76.83
HITM0002435,HORD000775,PRD0463,1.0,533.33,533.33
HITM0002436,HORD000776,PRD0858,1.0,251.31,251.31
HITM0002437,HORD000776,PRD0587,1.0,103.55,103.55
HITM0002438,HORD000777,PRD0728,1.0,188.05,188.05
HITM0002439,HORD000777,PRD0380,1.0,117.36,117.36
HITM0002440,HORD000777,PRD0657,1.0,91.2,91.2
HITM0002441,HORD000777,PRD0930,1.0,371.97,371.97
HITM0002442,HORD000778,PRD0150,1.0,27.72,27.72
HITM0002443,HORD000778,PRD0270,2.0,145.44,290.88
HITM0002444,HORD000778,PRD0548,1.0,181.04,181.04
HITM0002445,HORD000779,PRD0703,2.0,299.48,598.96
HITM0002446,HORD000779,PRD0225,2.0,213.62,427.24
HITM0002447,HORD000779,PRD0715,2.0,343.66,687.32
HITM0002448,HORD000779,PRD0220,1.0,369.39,369.39
HITM0002449,HORD000780,PRD0448,1.0,67.35,67.35
HITM0002450,HORD000780,PRD0129,2.0,416.68,833.36
HITM0002451,HORD000780,PRD0222,2.0,1106.86,2213.72
HITM0002452,HORD000781,PRD0330,1.0,184.25,184.25
HITM0002453,HORD000781,PRD0663,3.0,1546.5,4639.5
HITM0002454,HORD000781,PRD0466,1.0,283.41,283.41
HITM0002455,HORD000781,PRD0961,1.0,1724.67,1724.67
HITM0002456,HORD000781,PRD0710,1.0,302.55,302.55
HITM0002457,HORD000782,PRD0906,1.0,58.83,58.83
HITM0002458,HORD000782,PRD0570,1.0,98.43,98.43
HITM0002459,HORD000782,PRD0745,2.0,805.9,1611.8
HITM0002460,HORD000783,PRD0463,1.0,533.33,533.33
HITM0002461,HORD000783,PRD0309,3.0,335.12,1005.36
HITM0002462,HORD000783,PRD0661,2.0,1397.85,2795.7
HITM0002463,HORD000784,PRD0013,1.0,1194.01,1194.01
HITM0002464,HORD000784,PRD0916,1.0,265.34,265.34
HITM0002465,HORD000784,PRD0010,1.0,15.97,15.97
HITM0002466,HORD000785,PRD0573,1.0,394.67,394.67
HITM0002467,HORD000786,PRD0317,1.0,1875.46,1875.46
HITM0002468,HORD000786,PRD0994,1.0,1974.93,1974.93
HITM0002469,HORD000786,PRD0814,1.0,2358.42,2358.42
HITM0002470,HORD000786,PRD0418,1.0,513.88,513.88
HITM0002471,HORD000787,PRD0782,2.0,1330.98,2661.96
HITM0002472,HORD000787,PRD0336,1.0,823.14,823.14
HITM0002473,HORD000787,PRD0522,1.0,942.08,942.08
HITM0002474,HORD000788,PRD0096,1.0,329.23,329.23
HITM0002475,HORD000788,PRD0395,1.0,404.44,404.44
HITM0002476,HORD000788,PRD0849,1.0,1011.98,1011.98
HITM0002477,HORD000789,PRD0188,2.0,604.15,1208.3
HITM0002478,HORD000789,PRD0326,1.0,791.27,791.27
HITM0002479,HORD000789,PRD0109,1.0,516.32,516.32
HITM0002480,HORD000789,PRD0655,1.0,444.01,444.01
HITM0002481,HORD000789,PRD0960,1.0,103.86,103.86
HITM0002482,HORD000790,PRD0506,1.0,309.66,309.66
HITM0002483,HORD000790,PRD0396,2.0,120.07,240.14
HITM0002484,HORD000790,PRD0745,2.0,805.9,1611.8
HITM0002485,HORD000790,PRD0012,1.0,1367.99,1367.99
HITM0002486,HORD000791,PRD0603,1.0,671.51,671.51
HITM0002487,HORD000791,PRD0994,1.0,1974.93,1974.93
HITM0002488,HORD000791,PRD0969,2.0,1459.43,2918.86
HITM0002489,HORD000791,PRD0066,3.0,331.96,995.88
HITM0002490,HORD000791,PRD0298,1.0,565.35,565.35
HITM0002491,HORD000792,PRD0838,1.0,1007.36,1007.36
HITM0002492,HORD000792,PRD0173,1.0,1377.08,1377.08
HITM0002493,HORD000792,PRD0887,2.0,111.87,223.74
HITM0002494,HORD000792,PRD0057,2.0,1403.88,2807.76
HITM0002495,HORD000793,PRD0350,1.0,294.0,294.0
HITM0002496,HORD000793,PRD0494,1.0,780.48,780.48
HITM0002497,HORD000793,PRD0366,1.0,496.46,496.46
HITM0002498,HORD000793,PRD0700,1.0,258.76,258.76
HITM0002499,HORD000793,PRD0216,1.0,56.76,56.76
HITM0002500,HORD000794,PRD0779,1.0,296.88,296.88
HITM0002501,HORD000794,PRD0976,1.0,348.6,348.6
HITM0002502,HORD000794,PRD0889,1.0,252.57,252.57
HITM0002503,HORD000795,PRD0010,1.0,15.97,15.97
HITM0002504,HORD000795,PRD0155,1.0,237.13,237.13
HITM0002505,HORD000795,PRD0300,1.0,30.76,30.76
HITM0002506,HORD000796,PRD0010,1.0,15.97,15.97
HITM0002507,HORD000796,PRD0488,2.0,482.8,965.6
HITM0002508,HORD000796,PRD0138,1.0,316.0,316.0
HITM0002509,HORD000796,PRD0731,1.0,1790.91,1790.91
HITM0002510,HORD000797,PRD0575,1.0,357.22,357.22
HITM0002511,HORD000797,PRD0802,1.0,1342.26,1342.26
HITM0002512,HORD000797,PRD0455,1.0,329.34,329.34
HITM0002513,HORD000797,PRD0849,1.0,1011.98,1011.98
HITM0002514,HORD000798,PRD0150,1.0,27.72,27.72
HITM0002515,HORD000798,PRD0696,1.0,107.86,107.86
HITM0002516,HORD000798,PRD0219,2.0,374.02,748.04
HITM0002517,HORD000799,PRD0353,1.0,526.39,526.39
HITM0002518,HORD000799,PRD0945,1.0,888.88,888.88
HITM0002519,HORD000799,PRD0235,2.0,510.44,1020.88
HITM0002520,HORD000800,PRD0449,2.0,227.09,454.18
HITM0002521,HORD000800,PRD0873,1.0,1287.46,1287.46
HITM0002522,HORD000800,PRD0490,1.0,20.66,20.66
HITM0002523,HORD000800,PRD0016,2.0,348.79,697.58
HITM0002524,HORD000801,PRD0835,1.0,427.39,427.39
HITM0002525,HORD000801,PRD0908,1.0,857.77,857.77
HITM0002526,HORD000802,PRD0941,1.0,2905.2,2905.2
HITM0002527,HORD000802,PRD0630,1.0,59.46,59.46
HITM0002528,HORD000803,PRD0670,2.0,85.16,170.32
HITM0002529,HORD000803,PRD0773,1.0,429.44,429.44
HITM0002530,HORD000803,PRD0666,2.0,108.17,216.34
HITM0002531,HORD000803,PRD0851,1.0,1384.1,1384.1
HITM0002532,HORD000803,PRD0130,1.0,128.78,128.78
HITM0002533,HORD000804,PRD0896,1.0,502.67,502.67
HITM0002534,HORD000804,PRD0506,2.0,309.66,619.32
HITM0002535,HORD000804,PRD0803,1.0,788.9,788.9
HITM0002536,HORD000805,PRD0946,1.0,553.66,553.66
HITM0002537,HORD000805,PRD0805,1.0,151.93,151.93
HITM0002538,HORD000805,PRD0846,1.0,808.25,808.25
HITM0002539,HORD000806,PRD0740,1.0,194.14,194.14
HITM0002540,HORD000806,PRD0657,2.0,91.2,182.4
HITM0002541,HORD000806,PRD0082,1.0,383.13,383.13
HITM0002542,HORD000806,PRD0566,2.0,47.51,95.02
HITM0002543,HORD000807,PRD0517,2.0,1366.6,2733.2
HITM0002544,HORD000808,PRD0634,1.0,405.16,405.16
HITM0002545,HORD000808,PRD0260,2.0,73.31,146.62
HITM0002546,HORD000808,PRD0175,1.0,760.09,760.09
HITM0002547,HORD000809,PRD0549,1.0,1361.68,1361.68
HITM0002548,HORD000809,PRD0362,1.0,1501.87,1501.87
HITM0002549,HORD000809,PRD0185,1.0,575.43,575.43
HITM0002550,HORD000809,PRD0933,1.0,1263.06,1263.06
HITM0002551,HORD000809,PRD0423,1.0,731.87,731.87
HITM0002552,HORD000810,PRD0738,1.0,306.26,306.26
HITM0002553,HORD000810,PRD0446,2.0,546.41,1092.82
HITM0002554,HORD000810,PRD0163,1.0,1539.62,1539.62
HITM0002555,HORD000811,PRD0896,1.0,502.67,502.67
HITM0002556,HORD000811,PRD0476,1.0,59.63,59.63
HITM0002557,HORD000811,PRD0722,1.0,909.76,909.76
HITM0002558,HORD000812,PRD0675,2.0,898.47,1796.94
HITM0002559,HORD000812,PRD0030,1.0,159.51,159.51
HITM0002560,HORD000812,PRD0856,1.0,415.09,415.09
HITM0002561,HORD000812,PRD0790,1.0,25.52,25.52
HITM0002562,HORD000813,PRD0786,1.0,211.68,211.68
HITM0002563,HORD000813,PRD0970,1.0,71.64,71.64
HITM0002564,HORD000813,PRD0082,1.0,383.13,383.13
HITM0002565,HORD000813,PRD0102,1.0,786.59,786.59
HITM0002566,HORD000814,PRD0648,1.0,210.67,210.67
HITM0002567,HORD000814,PRD0760,1.0,405.95,405.95
HITM0002568,HORD000815,PRD0659,1.0,293.62,293.62
HITM0002569,HORD000815,PRD0736,1.0,829.44,829.44
HITM0002570,HORD000815,PRD0431,1.0,2253.8,2253.8
HITM0002571,HORD000816,PRD0173,2.0,1377.08,2754.16
HITM0002572,HORD000816,PRD0596,1.0,741.69,741.69
HITM0002573,HORD000817,PRD0781,1.0,1410.25,1410.25
HITM0002574,HORD000817,PRD0356,1.0,302.84,302.84
HITM0002575,HORD000817,PRD0035,1.0,410.43,410.43
HITM0002576,HORD000818,PRD0282,3.0,1401.95,4205.85
HITM0002577,HORD000818,PRD0400,1.0,286.55,286.55
HITM0002578,HORD000818,PRD0316,1.0,28.93,28.93
HITM0002579,HORD000819,PRD0509,1.0,866.14,866.14
HITM0002580,HORD000819,PRD0411,1.0,1649.5,1649.5
HITM0002581,HORD000820,PRD0025,2.0,403.1,806.2
HITM0002582,HORD000820,PRD0721,1.0,1812.9,1812.9
HITM0002583,HORD000820,PRD0007,2.0,775.64,1551.28
HITM0002584,HORD000820,PRD0160,1.0,263.81,263.81
HITM0002585,HORD000821,PRD0729,1.0,1008.84,1008.84
HITM0002586,HORD000822,PRD0108,1.0,186.84,186.84
HITM0002587,HORD000822,PRD0867,1.0,2280.38,2280.38
HITM0002588,HORD000822,PRD0098,1.0,149.72,149.72
HITM0002589,HORD000822,PRD0037,1.0,109.69,109.69
HITM0002590,HORD000823,PRD0339,1.0,427.29,427.29
HITM0002591,HORD000823,PRD0314,1.0,2377.47,2377.47
HITM0002592,HORD000823,PRD0630,1.0,59.46,59.46
HITM0002593,HORD000824,PRD0012,2.0,1367.99,2735.98
HITM0002594,HORD000824,PRD0441,1.0,1117.87,1117.87
HITM0002595,HORD000824,PRD0498,2.0,753.34,1506.68
HITM0002596,HORD000824,PRD0359,1.0,169.12,169.12
HITM0002597,HORD000825,PRD0510,2.0,71.92,143.84
HITM0002598,HORD000825,PRD0571,1.0,3138.88,3138.88
HITM0002599,HORD000825,PRD0098,1.0,149.72,149.72
HITM0002600,HORD000826,PRD0812,1.0,1836.96,1836.96
HITM0002601,HORD000827,PRD0356,1.0,302.84,302.84
HITM0002602,HORD000827,PRD0127,1.0,1805.09,1805.09
HITM0002603,HORD000827,PRD0850,1.0,308.86,308.86
HITM0002604,HORD000828,PRD0869,1.0,1409.61,1409.61
HITM0002605,HORD000828,PRD0652,2.0,1465.81,2931.62
HITM0002606,HORD000828,PRD0010,1.0,15.97,15.97
HITM0002607,HORD000828,PRD0516,2.0,565.33,1130.66
HITM0002608,HORD000829,PRD0148,2.0,784.78,1569.56
HITM0002609,HORD000830,PRD0763,1.0,1426.88,1426.88
HITM0002610,HORD000830,PRD0433,1.0,1358.38,1358.38
HITM0002611,HORD000830,PRD0372,2.0,763.17,1526.34
HITM0002612,HORD000830,PRD0010,2.0,15.97,31.94
HITM0002613,HORD000831,PRD0516,1.0,565.33,565.33
HITM0002614,HORD000831,PRD0256,2.0,336.19,672.38
HITM0002615,HORD000831,PRD0016,2.0,348.79,697.58
HITM0002616,HORD000832,PRD0654,1.0,4124.98,4124.98
HITM0002617,HORD000832,PRD0303,1.0,961.05,961.05
HITM0002618,HORD000832,PRD0942,3.0,646.79,1940.37
HITM0002619,HORD000833,PRD0963,3.0,488.16,1464.48
HITM0002620,HORD000833,PRD0006,1.0,813.94,813.94
HITM0002621,HORD000833,PRD0563,2.0,270.8,541.6
HITM0002622,HORD000834,PRD0186,1.0,223.64,223.64
HITM0002623,HORD000834,PRD0696,1.0,107.86,107.86
HITM0002624,HORD000834,PRD0810,1.0,224.68,224.68
HITM0002625,HORD000834,PRD0520,2.0,93.98,187.96
HITM0002626,HORD000835,PRD0400,1.0,286.55,286.55
HITM0002627,HORD000835,PRD0361,2.0,3013.48,6026.96
HITM0002628,HORD000835,PRD0488,2.0,482.8,965.6
HITM0002629,HORD000835,PRD0524,1.0,1527.37,1527.37
HITM0002630,HORD000835,PRD0895,1.0,862.99,862.99
HITM0002631,HORD000836,PRD0157,1.0,2583.38,2583.38
HITM0002632,HORD000836,PRD0492,1.0,1490.94,1490.94
HITM0002633,HORD000836,PRD0440,1.0,292.13,292.13
HITM0002634,HORD000837,PRD0358,1.0,67.02,67.02
HITM0002635,HORD000837,PRD0625,1.0,1041.53,1041.53
HITM0002636,HORD000837,PRD0276,1.0,586.47,586.47
HITM0002637,HORD000838,PRD0994,2.0,1974.93,3949.86
HITM0002638,HORD000839,PRD0201,1.0,2007.57,2007.57
HITM0002639,HORD000839,PRD0973,1.0,1395.47,1395.47
HITM0002640,HORD000840,PRD0587,2.0,103.55,207.1
HITM0002641,HORD000840,PRD0966,1.0,340.4,340.4
HITM0002642,HORD000841,PRD0095,2.0,857.11,1714.22
HITM0002643,HORD000841,PRD0556,1.0,303.66,303.66
HITM0002644,HORD000842,PRD0750,1.0,203.37,203.37
HITM0002645,HORD000842,PRD0531,1.0,2758.01,2758.01
HITM0002646,HORD000842,PRD0992,1.0,1778.47,1778.47
HITM0002647,HORD000843,PRD0400,2.0,286.55,573.1
HITM0002648,HORD000843,PRD0205,1.0,1189.79,1189.79
HITM0002649,HORD000843,PRD0309,2.0,335.12,670.24
HITM0002650,HORD000844,PRD0667,1.0,424.48,424.48
HITM0002651,HORD000844,PRD0548,2.0,181.04,362.08
HITM0002652,HORD000844,PRD0096,1.0,329.23,329.23
HITM0002653,HORD000844,PRD0636,1.0,63.83,63.83
HITM0002654,HORD000844,PRD0938,1.0,857.34,857.34
HITM0002655,HORD000845,PRD0822,1.0,1127.28,1127.28
HITM0002656,HORD000845,PRD0666,1.0,108.17,108.17
HITM0002657,HORD000846,PRD0538,1.0,930.3,930.3
HITM0002658,HORD000846,PRD0251,2.0,954.37,1908.74
HITM0002659,HORD000846,PRD0830,1.0,87.0,87.0
HITM0002660,HORD000846,PRD0646,1.0,98.45,98.45
HITM0002661,HORD000847,PRD0123,1.0,322.81,322.81
HITM0002662,HORD000847,PRD0552,2.0,1832.39,3664.78
HITM0002663,HORD000847,PRD0412,1.0,1184.31,1184.31
HITM0002664,HORD000847,PRD0904,1.0,673.64,673.64
HITM0002665,HORD000848,PRD0932,1.0,1316.49,1316.49
HITM0002666,HORD000848,PRD0792,2.0,1745.87,3491.74
HITM0002667,HORD000848,PRD0841,2.0,2181.2,4362.4
HITM0002668,HORD000849,PRD0952,2.0,982.79,1965.58
HITM0002669,HORD000849,PRD0619,1.0,180.89,180.89
HITM0002670,HORD000849,PRD0425,1.0,514.7,514.7
HITM0002671,HORD000850,PRD0495,2.0,617.55,1235.1
HITM0002672,HORD000850,PRD0942,1.0,646.79,646.79
HITM0002673,HORD000850,PRD0536,1.0,616.08,616.08
HITM0002674,HORD000850,PRD0039,2.0,980.04,1960.08
HITM0002675,HORD000850,PRD0168,1.0,325.2,325.2
HITM0002676,HORD000851,PRD0987,2.0,925.55,1851.1
HITM0002677,HORD000852,PRD0940,1.0,139.21,139.21
HITM0002678,HORD000852,PRD0231,1.0,2034.99,2034.99
HITM0002679,HORD000852,PRD0953,1.0,367.94,367.94
HITM0002680,HORD000853,PRD0482,1.0,653.2,653.2
HITM0002681,HORD000853,PRD0790,3.0,25.52,76.56
HITM0002682,HORD000853,PRD0592,2.0,748.49,1496.98
HITM0002683,HORD000853,PRD0261,1.0,2476.88,2476.88
HITM0002684,HORD000854,PRD0796,1.0,830.56,830.56
HITM0002685,HORD000854,PRD0805,2.0,151.93,303.86
HITM0002686,HORD000855,PRD0194,2.0,1326.23,2652.46
HITM0002687,HORD000855,PRD0900,1.0,274.2,274.2
HITM0002688,HORD000855,PRD0340,1.0,68.17,68.17
HITM0002689,HORD000856,PRD0221,2.0,1714.89,3429.78
HITM0002690,HORD000856,PRD0576,2.0,136.9,273.8
HITM0002691,HORD000856,PRD0747,2.0,1984.91,3969.82
HITM0002692,HORD000856,PRD0305,1.0,662.05,662.05
HITM0002693,HORD000856,PRD0470,2.0,290.42,580.84
HITM0002694,HORD000857,PRD0057,1.0,1403.88,1403.88
HITM0002695,HORD000857,PRD0999,1.0,464.57,464.57
HITM0002696,HORD000857,PRD0052,1.0,1188.55,1188.55
HITM0002697,HORD000857,PRD0927,1.0,867.79,867.79
HITM0002698,HORD000858,PRD0082,1.0,383.13,383.13
HITM0002699,HORD000859,PRD0543,1.0,398.13,398.13
HITM0002700,HORD000859,PRD0046,1.0,690.5,690.5
HITM0002701,HORD000860,PRD0740,2.0,194.14,388.28
HITM0002702,HORD000860,PRD0621,1.0,1720.44,1720.44
HITM0002703,HORD000861,PRD0534,1.0,3276.91,3276.91
HITM0002704,HORD000861,PRD0275,1.0,182.18,182.18
HITM0002705,HORD000861,PRD0390,1.0,27.7,27.7
HITM0002706,HORD000862,PRD0308,2.0,1053.94,2107.88
HITM0002707,HORD000862,PRD0336,1.0,823.14,823.14
HITM0002708,HORD000863,PRD0936,2.0,808.97,1617.94
HITM0002709,HORD000863,PRD0180,1.0,24.86,24.86
HITM0002710,HORD000863,PRD0115,2.0,895.49,1790.98
HITM0002711,HORD000864,PRD0069,1.0,850.31,850.31
HITM0002712,HORD000864,PRD0265,1.0,255.41,255.41
HITM0002713,HORD000864,PRD0669,3.0,1077.89,3233.67
HITM0002714,HORD000864,PRD0916,1.0,265.34,265.34
HITM0002715,HORD000864,PRD0431,1.0,2253.8,2253.8
HITM0002716,HORD000865,PRD0168,1.0,325.2,325.2
HITM0002717,HORD000865,PRD0825,1.0,289.25,289.25
HITM0002718,HORD000865,PRD0431,2.0,2253.8,4507.6
HITM0002719,HORD000866,PRD0823,2.0,1081.67,2163.34
HITM0002720,HORD000866,PRD0933,1.0,1263.06,1263.06
HITM0002721,HORD000866,PRD0480,1.0,37.46,37.46
HITM0002722,HORD000866,PRD0015,1.0,184.83,184.83
HITM0002723,HORD000867,PRD0606,1.0,721.57,721.57
HITM0002724,HORD000868,PRD0393,1.0,307.2,307.2
HITM0002725,HORD000868,PRD0969,1.0,1459.43,1459.43
HITM0002726,HORD000868,PRD0693,2.0,1160.83,2321.66
HITM0002727,HORD000869,PRD0046,2.0,690.5,1381.0
HITM0002728,HORD000869,PRD0617,2.0,1897.96,3795.92
HITM0002729,HORD000869,PRD0098,1.0,149.72,149.72
HITM0002730,HORD000869,PRD0804,1.0,1164.25,1164.25
HITM0002731,HORD000870,PRD0966,1.0,340.4,340.4
HITM0002732,HORD000870,PRD0377,1.0,1672.48,1672.48
HITM0002733,HORD000870,PRD0356,1.0,302.84,302.84
HITM0002734,HORD000871,PRD0456,1.0,417.01,417.01
HITM0002735,HORD000871,PRD0789,1.0,106.8,106.8
HITM0002736,HORD000871,PRD0830,2.0,87.0,174.0
HITM0002737,HORD000871,PRD0716,1.0,242.32,242.32
HITM0002738,HORD000872,PRD0837,1.0,333.32,333.32
HITM0002739,HORD000872,PRD0355,1.0,535.15,535.15
HITM0002740,HORD000872,PRD0460,1.0,99.79,99.79
HITM0002741,HORD000872,PRD0339,1.0,427.29,427.29
HITM0002742,HORD000872,PRD0352,2.0,1479.5,2959.0
HITM0002743,HORD000873,PRD0829,3.0,385.82,1157.46
HITM0002744,HORD000873,PRD0150,2.0,27.72,55.44
HITM0002745,HORD000874,PRD0563,1.0,270.8,270.8
HITM0002746,HORD000874,PRD0934,1.0,3943.07,3943.07
HITM0002747,HORD000874,PRD0175,2.0,760.09,1520.18
HITM0002748,HORD000875,PRD0116,1.0,466.48,466.48
HITM0002749,HORD000875,PRD0215,1.0,915.08,915.08
HITM0002750,HORD000875,PRD0903,2.0,368.54,737.08
HITM0002751,HORD000875,PRD0635,1.0,626.79,626.79
HITM0002752,HORD000875,PRD0212,1.0,736.5,736.5
HITM0002753,HORD000876,PRD0641,3.0,934.18,2802.54
HITM0002754,HORD000876,PRD0363,1.0,1523.75,1523.75
HITM0002755,HORD000877,PRD0415,3.0,921.87,2765.61
HITM0002756,HORD000877,PRD1000,1.0,364.05,364.05
HITM0002757,HORD000877,PRD0566,1.0,47.51,47.51
HITM0002758,HORD000877,PRD0968,1.0,607.18,607.18
HITM0002759,HORD000877,PRD0580,1.0,76.83,76.83
HITM0002760,HORD000878,PRD0039,1.0,980.04,980.04
HITM0002761,HORD000878,PRD0167,2.0,1781.84,3563.68
HITM0002762,HORD000878,PRD0642,1.0,790.1,790.1
HITM0002763,HORD000878,PRD0215,1.0,915.08,915.08
HITM0002764,HORD000878,PRD0466,1.0,283.41,283.41
HITM0002765,HORD000879,PRD0844,1.0,1996.67,1996.67
HITM0002766,HORD000879,PRD0168,2.0,325.2,650.4
HITM0002767,HORD000879,PRD0662,1.0,1253.13,1253.13
HITM0002768,HORD000879,PRD0162,2.0,441.75,883.5
HITM0002769,HORD000880,PRD0963,2.0,488.16,976.32
HITM0002770,HORD000881,PRD0253,1.0,1081.02,1081.02
HITM0002771,HORD000881,PRD0453,1.0,934.48,934.48
HITM0002772,HORD000881,PRD0324,1.0,3625.94,3625.94
HITM0002773,HORD000881,PRD0130,1.0,128.78,128.78
HITM0002774,HORD000881,PRD0314,1.0,2377.47,2377.47
HITM0002775,HORD000882,PRD0888,1.0,183.72,183.72
HITM0002776,HORD000883,PRD0949,2.0,221.57,443.14
HITM0002777,HORD000883,PRD0019,2.0,741.78,1483.56
HITM0002778,HORD000883,PRD0631,1.0,2799.14,2799.14
HITM0002779,HORD000884,PRD0909,3.0,1137.09,3411.27
HITM0002780,HORD000884,PRD0479,2.0,785.34,1570.68
HITM0002781,HORD000884,PRD0211,1.0,2411.53,2411.53
HITM0002782,HORD000884,PRD0411,1.0,1649.5,1649.5
HITM0002783,HORD000884,PRD0459,1.0,1138.25,1138.25
HITM0002784,HORD000885,PRD0129,1.0,416.68,416.68
HITM0002785,HORD000885,PRD0970,1.0,71.64,71.64
HITM0002786,HORD000885,PRD0979,1.0,1102.97,1102.97
HITM0002787,HORD000885,PRD0477,1.0,791.3,791.3
HITM0002788,HORD000886,PRD0127,1.0,1805.09,1805.09
HITM0002789,HORD000886,PRD0589,1.0,675.7,675.7
HITM0002790,HORD000886,PRD0738,1.0,306.26,306.26
HITM0002791,HORD000886,PRD0254,1.0,1660.0,1660.0
HITM0002792,HORD000886,PRD0823,2.0,1081.67,2163.34
HITM0002793,HORD000887,PRD0135,2.0,800.53,1601.06
HITM0002794,HORD000887,PRD0038,1.0,829.21,829.21
HITM0002795,HORD000888,PRD0918,1.0,342.99,342.99
HITM0002796,HORD000888,PRD0199,1.0,290.9,290.9
HITM0002797,HORD000888,PRD0706,1.0,746.72,746.72
HITM0002798,HORD000888,PRD0788,2.0,934.58,1869.16
HITM0002799,HORD000889,PRD0900,1.0,274.2,274.2
HITM0002800,HORD000889,PRD0367,1.0,1853.15,1853.15
HITM0002801,HORD000889,PRD0226,1.0,155.94,155.94
HITM0002802,HORD000890,PRD0661,1.0,1397.85,1397.85
HITM0002803,HORD000890,PRD0116,1.0,466.48,466.48
HITM0002804,HORD000890,PRD0950,2.0,321.18,642.36
HITM0002805,HORD000891,PRD0212,1.0,736.5,736.5
HITM0002806,HORD000891,PRD0898,1.0,236.36,236.36
HITM0002807,HORD000892,PRD0577,1.0,941.97,941.97
HITM0002808,HORD000892,PRD0563,1.0,270.8,270.8
HITM0002809,HORD000893,PRD0302,1.0,1232.1,1232.1
HITM0002810,HORD000893,PRD0375,1.0,302.41,302.41
HITM0002811,HORD000893,PRD0713,1.0,1533.07,1533.07
HITM0002812,HORD000894,PRD0395,1.0,404.44,404.44
HITM0002813,HORD000894,PRD0168,2.0,325.2,650.4
HITM0002814,HORD000894,PRD0827,1.0,2008.13,2008.13
HITM0002815,HORD000895,PRD0129,2.0,416.68,833.36
HITM0002816,HORD000895,PRD0379,1.0,759.43,759.43
HITM0002817,HORD000895,PRD0214,2.0,2414.54,4829.08
HITM0002818,HORD000896,PRD0244,1.0,3425.92,3425.92
HITM0002819,HORD000896,PRD0311,2.0,1105.19,2210.38
HITM0002820,HORD000896,PRD0790,1.0,25.52,25.52
HITM0002821,HORD000896,PRD0192,2.0,1199.68,2399.36
HITM0002822,HORD000896,PRD0427,1.0,1807.66,1807.66
HITM0002823,HORD000897,PRD0416,1.0,753.43,753.43
HITM0002824,HORD000897,PRD0297,2.0,1540.93,3081.86
HITM0002825,HORD000898,PRD0359,1.0,169.12,169.12
HITM0002826,HORD000898,PRD0208,1.0,373.86,373.86
HITM0002827,HORD000898,PRD0562,1.0,536.89,536.89
HITM0002828,HORD000899,PRD0578,3.0,856.24,2568.72
HITM0002829,HORD000899,PRD0816,1.0,354.93,354.93
HITM0002830,HORD000899,PRD0128,1.0,396.23,396.23
HITM0002831,HORD000899,PRD0473,1.0,576.89,576.89
HITM0002832,HORD000900,PRD0161,1.0,1014.36,1014.36
HITM0002833,HORD000900,PRD0655,1.0,444.01,444.01
HITM0002834,HORD000900,PRD0135,1.0,800.53,800.53
HITM0002835,HORD000901,PRD0567,1.0,383.28,383.28
HITM0002836,HORD000901,PRD0733,1.0,894.02,894.02
HITM0002837,HORD000902,PRD0494,1.0,780.48,780.48
HITM0002838,HORD000903,PRD0815,1.0,446.57,446.57
HITM0002839,HORD000903,PRD0130,2.0,128.78,257.56
HITM0002840,HORD000903,PRD0491,1.0,1093.0,1093.0
HITM0002841,HORD000903,PRD0133,2.0,289.57,579.14
HITM0002842,HORD000903,PRD0562,1.0,536.89,536.89
HITM0002843,HORD000904,PRD0333,2.0,419.02,838.04
HITM0002844,HORD000904,PRD0015,1.0,184.83,184.83
HITM0002845,HORD000904,PRD0448,1.0,67.35,67.35
HITM0002846,HORD000904,PRD0503,1.0,866.27,866.27
HITM0002847,HORD000905,PRD0158,2.0,464.07,928.14
HITM0002848,HORD000906,PRD0340,1.0,68.17,68.17
HITM0002849,HORD000906,PRD0716,1.0,242.32,242.32
HITM0002850,HORD000907,PRD0612,1.0,471.59,471.59
HITM0002851,HORD000907,PRD0255,1.0,783.42,783.42
HITM0002852,HORD000907,PRD0127,1.0,1805.09,1805.09
HITM0002853,HORD000907,PRD0826,1.0,272.89,272.89
HITM0002854,HORD000908,PRD0730,1.0,394.42,394.42
HITM0002855,HORD000908,PRD0531,1.0,2758.01,2758.01
HITM0002856,HORD000908,PRD0840,1.0,148.97,148.97
HITM0002857,HORD000908,PRD0483,1.0,1343.25,1343.25
HITM0002858,HORD000909,PRD0510,1.0,71.92,71.92
HITM0002859,HORD000909,PRD0547,1.0,2376.82,2376.82
HITM0002860,HORD000909,PRD0973,1.0,1395.47,1395.47
HITM0002861,HORD000910,PRD0530,1.0,376.94,376.94
HITM0002862,HORD000910,PRD0189,2.0,1154.51,2309.02
HITM0002863,HORD000910,PRD0906,1.0,58.83,58.83
HITM0002864,HORD000910,PRD0248,2.0,494.67,989.34
HITM0002865,HORD000910,PRD0820,1.0,95.58,95.58
HITM0002866,HORD000911,PRD0386,1.0,109.17,109.17
HITM0002867,HORD000911,PRD0835,1.0,427.39,427.39
HITM0002868,HORD000911,PRD0874,1.0,2267.23,2267.23
HITM0002869,HORD000911,PRD0823,2.0,1081.67,2163.34
HITM0002870,HORD000912,PRD0803,1.0,788.9,788.9
HITM0002871,HORD000913,PRD0276,3.0,586.47,1759.41
HITM0002872,HORD000913,PRD0846,2.0,808.25,1616.5
HITM0002873,HORD000913,PRD0635,1.0,626.79,626.79
HITM0002874,HORD000913,PRD0958,1.0,655.23,655.23
HITM0002875,HORD000913,PRD0188,1.0,604.15,604.15
HITM0002876,HORD000914,PRD0783,1.0,516.28,516.28
HITM0002877,HORD000914,PRD0595,1.0,521.69,521.69
HITM0002878,HORD000914,PRD0083,1.0,719.56,719.56
HITM0002879,HORD000914,PRD0491,1.0,1093.0,1093.0
HITM0002880,HORD000915,PRD0142,1.0,1815.54,1815.54
HITM0002881,HORD000915,PRD0078,1.0,166.61,166.61
HITM0002882,HORD000916,PRD0461,1.0,2080.96,2080.96
HITM0002883,HORD000916,PRD0721,1.0,1812.9,1812.9
HITM0002884,HORD000916,PRD0952,1.0,982.79,982.79
HITM0002885,HORD000916,PRD0290,2.0,61.51,123.02
HITM0002886,HORD000917,PRD0718,1.0,1045.66,1045.66
HITM0002887,HORD000917,PRD0155,1.0,237.13,237.13
HITM0002888,HORD000917,PRD0648,1.0,210.67,210.67
HITM0002889,HORD000917,PRD0275,1.0,182.18,182.18
HITM0002890,HORD000917,PRD0414,1.0,2790.14,2790.14
HITM0002891,HORD000918,PRD0583,2.0,981.15,1962.3
HITM0002892,HORD000918,PRD0432,2.0,1225.0,2450.0
HITM0002893,HORD000918,PRD0138,2.0,316.0,632.0
HITM0002894,HORD000919,PRD0215,2.0,915.08,1830.16
HITM0002895,HORD000919,PRD0324,1.0,3625.94,3625.94
HITM0002896,HORD000919,PRD0490,1.0,20.66,20.66
HITM0002897,HORD000920,PRD0210,2.0,91.62,183.24
HITM0002898,HORD000920,PRD0887,1.0,111.87,111.87
HITM0002899,HORD000920,PRD0590,2.0,268.79,537.58
HITM0002900,HORD000921,PRD0147,1.0,94.45,94.45
HITM0002901,HORD000921,PRD0095,1.0,857.11,857.11
HITM0002902,HORD000921,PRD0431,1.0,2253.8,2253.8
HITM0002903,HORD000922,PRD0561,1.0,2439.38,2439.38
HITM0002904,HORD000922,PRD0033,1.0,1186.21,1186.21
HITM0002905,HORD000923,PRD0959,2.0,198.15,396.3
HITM0002906,HORD000923,PRD0635,1.0,626.79,626.79
HITM0002907,HORD000923,PRD0717,1.0,615.2,615.2
HITM0002908,HORD000923,PRD0246,1.0,733.57,733.57
HITM0002909,HORD000923,PRD0936,2.0,808.97,1617.94
HITM0002910,HORD000924,PRD0816,1.0,354.93,354.93
HITM0002911,HORD000924,PRD0464,1.0,1572.44,1572.44
HITM0002912,HORD000924,PRD0552,1.0,1832.39,1832.39
HITM0002913,HORD000924,PRD0037,1.0,109.69,109.69
HITM0002914,HORD000925,PRD0890,2.0,273.8,547.6
HITM0002915,HORD000925,PRD0802,1.0,1342.26,1342.26
HITM0002916,HORD000925,PRD0683,1.0,1384.61,1384.61
HITM0002917,HORD000926,PRD0762,1.0,1654.61,1654.61
HITM0002918,HORD000927,PRD0418,1.0,513.88,513.88
HITM0002919,HORD000927,PRD0036,1.0,116.11,116.11
HITM0002920,HORD000927,PRD0662,2.0,1253.13,2506.26
HITM0002921,HORD000927,PRD0051,1.0,1650.3,1650.3
HITM0002922,HORD000927,PRD0014,1.0,2953.53,2953.53
HITM0002923,HORD000928,PRD0583,1.0,981.15,981.15
HITM0002924,HORD000928,PRD0767,2.0,122.05,244.1
HITM0002925,HORD000929,PRD0838,1.0,1007.36,1007.36
HITM0002926,HORD000929,PRD0796,1.0,830.56,830.56
HITM0002927,HORD000929,PRD0720,3.0,261.71,785.13
HITM0002928,HORD000929,PRD0745,2.0,805.9,1611.8
HITM0002929,HORD000930,PRD0855,2.0,1099.26,2198.52
HITM0002930,HORD000930,PRD0666,1.0,108.17,108.17
HITM0002931,HORD000931,PRD0622,1.0,1882.1,1882.1
HITM0002932,HORD000931,PRD0604,2.0,1327.89,2655.78
HITM0002933,HORD000931,PRD0180,1.0,24.86,24.86
HITM0002934,HORD000931,PRD0984,2.0,759.8,1519.6
HITM0002935,HORD000931,PRD0400,1.0,286.55,286.55
HITM0002936,HORD000932,PRD0896,1.0,502.67,502.67
HITM0002937,HORD000932,PRD0425,1.0,514.7,514.7
HITM0002938,HORD000933,PRD0804,1.0,1164.25,1164.25
HITM0002939,HORD000933,PRD0659,2.0,293.62,587.24
HITM0002940,HORD000933,PRD0073,1.0,1110.47,1110.47
HITM0002941,HORD000934,PRD0716,2.0,242.32,484.64
HITM0002942,HORD000934,PRD0220,1.0,369.39,369.39
HITM0002943,HORD000935,PRD0078,1.0,166.61,166.61
HITM0002944,HORD000936,PRD0810,1.0,224.68,224.68
HITM0002945,HORD000936,PRD0490,3.0,20.66,61.98
HITM0002946,HORD000937,PRD0943,1.0,940.81,940.81
HITM0002947,HORD000937,PRD0481,1.0,1297.53,1297.53
HITM0002948,HORD000937,PRD0287,2.0,1873.36,3746.72
HITM0002949,HORD000937,PRD0884,1.0,586.48,586.48
HITM0002950,HORD000938,PRD0725,1.0,821.74,821.74
HITM0002951,HORD000938,PRD0150,1.0,27.72,27.72
HITM0002952,HORD000938,PRD0178,1.0,317.56,317.56
HITM0002953,HORD000938,PRD0767,1.0,122.05,122.05
HITM0002954,HORD000938,PRD0476,1.0,59.63,59.63
HITM0002955,HORD000939,PRD1000,2.0,364.05,728.1
HITM0002956,HORD000939,PRD0541,1.0,1837.92,1837.92
HITM0002957,HORD000939,PRD0904,3.0,673.64,2020.92
HITM0002958,HORD000940,PRD0325,1.0,54.61,54.61
HITM0002959,HORD000940,PRD0678,1.0,653.14,653.14
HITM0002960,HORD000940,PRD0498,2.0,753.34,1506.68
HITM0002961,HORD000940,PRD0548,1.0,181.04,181.04
HITM0002962,HORD000941,PRD0893,2.0,434.15,868.3
HITM0002963,HORD000941,PRD0750,1.0,203.37,203.37
HITM0002964,HORD000941,PRD0670,2.0,85.16,170.32
HITM0002965,HORD000941,PRD0710,1.0,302.55,302.55
HITM0002966,HORD000941,PRD0963,2.0,488.16,976.32
HITM0002967,HORD000942,PRD0832,1.0,646.88,646.88
HITM0002968,HORD000942,PRD0296,1.0,366.63,366.63
HITM0002969,HORD000942,PRD0389,1.0,197.05,197.05
HITM0002970,HORD000943,PRD0195,1.0,337.11,337.11
HITM0002971,HORD000943,PRD0069,1.0,850.31,850.31
HITM0002972,HORD000943,PRD0488,2.0,482.8,965.6
HITM0002973,HORD000943,PRD0290,1.0,61.51,61.51
HITM0002974,HORD000944,PRD0198,1.0,155.28,155.28
HITM0002975,HORD000944,PRD0924,1.0,1614.34,1614.34
HITM0002976,HORD000944,PRD0368,1.0,807.79,807.79
HITM0002977,HORD000944,PRD0214,1.0,2414.54,2414.54
HITM0002978,HORD000944,PRD0863,1.0,1009.18,1009.18
HITM0002979,HORD000945,PRD0134,2.0,3468.51,6937.02
HITM0002980,HORD000945,PRD0859,1.0,870.26,870.26
HITM0002981,HORD000945,PRD0010,1.0,15.97,15.97
HITM0002982,HORD000946,PRD0954,1.0,3030.23,3030.23
HITM0002983,HORD000946,PRD0236,1.0,590.33,590.33
HITM0002984,HORD000946,PRD0992,1.0,1778.47,1778.47
HITM0002985,HORD000946,PRD0180,2.0,24.86,49.72
HITM0002986,HORD000946,PRD0151,1.0,1779.3,1779.3
HITM0002987,HORD000947,PRD0317,1.0,1875.46,1875.46
HITM0002988,HORD000947,PRD0015,1.0,184.83,184.83
HITM0002989,HORD000947,PRD0140,1.0,54.35,54.35
HITM0002990,HORD000947,PRD0198,1.0,155.28,155.28
HITM0002991,HORD000948,PRD0982,1.0,921.88,921.88
HITM0002992,HORD000948,PRD0819,1.0,647.95,647.95
HITM0002993,HORD000948,PRD0243,2.0,1380.67,2761.34
HITM0002994,HORD000949,PRD0970,1.0,71.64,71.64
HITM0002995,HORD000949,PRD0153,1.0,926.23,926.23
HITM0002996,HORD000949,PRD0349,1.0,986.72,986.72
HITM0002997,HORD000949,PRD0866,1.0,328.46,328.46
HITM0002998,HORD000950,PRD0663,1.0,1546.5,1546.5
HITM0002999,HORD000950,PRD0666,1.0,108.17,108.17
HITM0003000,HORD000950,PRD0288,2.0,171.9,343.8
HITM0003001,HORD000950,PRD0460,1.0,99.79,99.79
HITM0003002,HORD000951,PRD0051,1.0,1650.3,1650.3
HITM0003003,HORD000951,PRD0490,1.0,20.66,20.66
HITM0003004,HORD000952,PRD0959,1.0,198.15,198.15
HITM0003005,HORD000952,PRD0894,2.0,1604.45,3208.9
HITM0003006,HORD000952,PRD0250,1.0,335.17,335.17
HITM0003007,HORD000952,PRD0914,1.0,3839.74,3839.74
HITM0003008,HORD000952,PRD0109,2.0,516.32,1032.64
HITM0003009,HORD000953,PRD0010,2.0,15.97,31.94
HITM0003010,HORD000953,PRD0246,1.0,733.57,733.57
HITM0003011,HORD000954,PRD0229,1.0,412.68,412.68
HITM0003012,HORD000954,PRD0566,1.0,47.51,47.51
HITM0003013,HORD000954,PRD0614,1.0,3562.62,3562.62
HITM0003014,HORD000954,PRD0406,1.0,241.97,241.97
HITM0003015,HORD000954,PRD0092,2.0,1623.69,3247.38
HITM0003016,HORD000955,PRD0645,2.0,886.19,1772.38
HITM0003017,HORD000955,PRD0657,2.0,91.2,182.4
HITM0003018,HORD000955,PRD0940,1.0,139.21,139.21
HITM0003019,HORD000956,PRD0810,1.0,224.68,224.68
HITM0003020,HORD000956,PRD0842,1.0,1682.83,1682.83
HITM0003021,HORD000956,PRD0003,1.0,745.86,745.86
HITM0003022,HORD000956,PRD0170,1.0,71.95,71.95
HITM0003023,HORD000957,PRD0148,1.0,784.78,784.78
HITM0003024,HORD000957,PRD0196,2.0,437.6,875.2
HITM0003025,HORD000957,PRD0488,1.0,482.8,482.8
HITM0003026,HORD000958,PRD0822,2.0,1127.28,2254.56
HITM0003027,HORD000958,PRD0812,1.0,1836.96,1836.96
HITM0003028,HORD000959,PRD0733,2.0,894.02,1788.04
HITM0003029,HORD000959,PRD0416,1.0,753.43,753.43
HITM0003030,HORD000959,PRD0276,1.0,586.47,586.47
HITM0003031,HORD000959,PRD0489,1.0,264.6,264.6
HITM0003032,HORD000960,PRD0700,1.0,258.76,258.76
HITM0003033,HORD000960,PRD0323,1.0,786.71,786.71
HITM0003034,HORD000960,PRD0316,1.0,28.93,28.93
HITM0003035,HORD000961,PRD0651,3.0,929.1,2787.3
HITM0003036,HORD000961,PRD0002,1.0,684.63,684.63
HITM0003037,HORD000962,PRD0682,1.0,1121.22,1121.22
HITM0003038,HORD000962,PRD0869,1.0,1409.61,1409.61
HITM0003039,HORD000962,PRD0288,1.0,171.9,171.9
HITM0003040,HORD000962,PRD0856,2.0,415.09,830.18
HITM0003041,HORD000963,PRD0932,2.0,1316.49,2632.98
HITM0003042,HORD000963,PRD0238,2.0,690.75,1381.5
HITM0003043,HORD000963,PRD0453,1.0,934.48,934.48
HITM0003044,HORD000964,PRD0452,1.0,318.36,318.36
HITM0003045,HORD000964,PRD0635,1.0,626.79,626.79
HITM0003046,HORD000964,PRD0700,1.0,258.76,258.76
HITM0003047,HORD000964,PRD0980,3.0,334.19,1002.57
HITM0003048,HORD000965,PRD0892,1.0,324.59,324.59
HITM0003049,HORD000965,PRD0692,3.0,959.48,2878.44
HITM0003050,HORD000966,PRD0900,1.0,274.2,274.2
HITM0003051,HORD000966,PRD0456,2.0,417.01,834.02
HITM0003052,HORD000966,PRD0243,1.0,1380.67,1380.67
HITM0003053,HORD000967,PRD0684,1.0,1584.7,1584.7
HITM0003054,HORD000967,PRD0055,2.0,1172.72,2345.44
HITM0003055,HORD000968,PRD0610,1.0,21.93,21.93
HITM0003056,HORD000968,PRD0826,1.0,272.89,272.89
HITM0003057,HORD000968,PRD0964,1.0,1397.93,1397.93
HITM0003058,HORD000969,PRD0776,1.0,486.13,486.13
HITM0003059,HORD000969,PRD0868,1.0,869.51,869.51
HITM0003060,HORD000969,PRD0756,2.0,244.21,488.42
HITM0003061,HORD000969,PRD0106,1.0,217.23,217.23
HITM0003062,HORD000969,PRD0337,1.0,92.59,92.59
HITM0003063,HORD000970,PRD0320,1.0,289.98,289.98
HITM0003064,HORD000970,PRD0827,1.0,2008.13,2008.13
HITM0003065,HORD000970,PRD0220,1.0,369.39,369.39
HITM0003066,HORD000970,PRD0417,1.0,318.04,318.04
HITM0003067,HORD000971,PRD0072,1.0,1390.27,1390.27
HITM0003068,HORD000971,PRD0835,2.0,427.39,854.78
HITM0003069,HORD000971,PRD0657,1.0,91.2,91.2
HITM0003070,HORD000972,PRD0476,1.0,59.63,59.63
HITM0003071,HORD000972,PRD0193,2.0,609.21,1218.42
HITM0003072,HORD000972,PRD0322,1.0,719.5,719.5
HITM0003073,HORD000972,PRD0106,2.0,217.23,434.46
HITM0003074,HORD000973,PRD0990,2.0,373.23,746.46
HITM0003075,HORD000973,PRD0950,1.0,321.18,321.18
HITM0003076,HORD000973,PRD0512,2.0,1597.11,3194.22
HITM0003077,HORD000974,PRD0636,2.0,63.83,127.66
HITM0003078,HORD000974,PRD0866,2.0,328.46,656.92
HITM0003079,HORD000974,PRD0557,1.0,1855.06,1855.06
HITM0003080,HORD000975,PRD0759,1.0,943.47,943.47
HITM0003081,HORD000975,PRD0489,1.0,264.6,264.6
HITM0003082,HORD000976,PRD0282,1.0,1401.95,1401.95
HITM0003083,HORD000977,PRD0484,1.0,1275.63,1275.63
HITM0003084,HORD000977,PRD0543,1.0,398.13,398.13
HITM0003085,HORD000978,PRD0438,1.0,246.04,246.04
HITM0003086,HORD000978,PRD0185,1.0,575.43,575.43
HITM0003087,HORD000978,PRD0760,1.0,405.95,405.95
HITM0003088,HORD000979,PRD0760,1.0,405.95,405.95
HITM0003089,HORD000979,PRD0678,1.0,653.14,653.14
HITM0003090,HORD000979,PRD0010,1.0,15.97,15.97
HITM0003091,HORD000980,PRD0421,1.0,2504.26,2504.26
HITM0003092,HORD000980,PRD0496,1.0,176.22,176.22
HITM0003093,HORD000980,PRD0009,1.0,1102.1,1102.1
HITM0003094,HORD000980,PRD0806,1.0,43.45,43.45
HITM0003095,HORD000981,PRD0078,1.0,166.61,166.61
HITM0003096,HORD000981,PRD0561,1.0,2439.38,2439.38
HITM0003097,HORD000981,PRD0268,1.0,944.09,944.09
HITM0003098,HORD000981,PRD0882,1.0,366.62,366.62
HITM0003099,HORD000981,PRD0473,1.0,576.89,576.89
HITM0003100,HORD000982,PRD0611,1.0,1602.37,1602.37
HITM0003101,HORD000982,PRD0324,2.0,3625.94,7251.88
HITM0003102,HORD000982,PRD0434,1.0,2443.59,2443.59
HITM0003103,HORD000982,PRD0945,1.0,888.88,888.88
HITM0003104,HORD000982,PRD0610,1.0,21.93,21.93
HITM0003105,HORD000983,PRD0656,1.0,820.33,820.33
HITM0003106,HORD000983,PRD0853,1.0,1456.04,1456.04
HITM0003107,HORD000983,PRD0549,1.0,1361.68,1361.68
HITM0003108,HORD000983,PRD0344,1.0,3507.24,3507.24
HITM0003109,HORD000984,PRD0640,1.0,153.76,153.76
HITM0003110,HORD000984,PRD0927,2.0,867.79,1735.58
HITM0003111,HORD000984,PRD0973,1.0,1395.47,1395.47
HITM0003112,HORD000984,PRD0488,1.0,482.8,482.8
HITM0003113,HORD000984,PRD0667,1.0,424.48,424.48
HITM0003114,HORD000985,PRD0369,1.0,462.08,462.08
HITM0003115,HORD000985,PRD0404,1.0,3995.8,3995.8
HITM0003116,HORD000985,PRD0717,1.0,615.2,615.2
HITM0003117,HORD000985,PRD0309,1.0,335.12,335.12
HITM0003118,HORD000985,PRD0137,2.0,598.84,1197.68
HITM0003119,HORD000986,PRD0148,1.0,784.78,784.78
HITM0003120,HORD000986,PRD0805,1.0,151.93,151.93
HITM0003121,HORD000987,PRD0689,1.0,1240.98,1240.98
HITM0003122,HORD000987,PRD0123,1.0,322.81,322.81
HITM0003123,HORD000987,PRD0884,2.0,586.48,1172.96
HITM0003124,HORD000987,PRD0984,1.0,759.8,759.8
HITM0003125,HORD000987,PRD0117,1.0,1153.53,1153.53
HITM0003126,HORD000988,PRD0565,2.0,1060.41,2120.82
HITM0003127,HORD000988,PRD0004,1.0,466.88,466.88
HITM0003128,HORD000988,PRD0382,1.0,453.52,453.52
HITM0003129,HORD000988,PRD0021,1.0,2242.17,2242.17
HITM0003130,HORD000989,PRD0153,2.0,926.23,1852.46
HITM0003131,HORD000989,PRD0598,1.0,929.85,929.85
HITM0003132,HORD000989,PRD0703,2.0,299.48,598.96
HITM0003133,HORD000989,PRD0180,1.0,24.86,24.86
HITM0003134,HORD000990,PRD0574,1.0,2255.24,2255.24
HITM0003135,HORD000990,PRD0907,1.0,1869.43,1869.43
HITM0003136,HORD000990,PRD0501,2.0,1207.42,2414.84
HITM0003137,HORD000990,PRD0812,1.0,1836.96,1836.96
HITM0003138,HORD000990,PRD0333,1.0,419.02,419.02
HITM0003139,HORD000991,PRD0845,1.0,242.25,242.25
HITM0003140,HORD000991,PRD0007,1.0,775.64,775.64
HITM0003141,HORD000991,PRD0479,1.0,785.34,785.34
HITM0003142,HORD000992,PRD0948,1.0,889.57,889.57
HITM0003143,HORD000992,PRD0652,1.0,1465.81,1465.81
HITM0003144,HORD000993,PRD0246,2.0,733.57,1467.14
HITM0003145,HORD000993,PRD0965,1.0,271.51,271.51
HITM0003146,HORD000993,PRD0957,3.0,2168.33,6504.99
HITM0003147,HORD000993,PRD0409,1.0,1192.0,1192.0
HITM0003148,HORD000994,PRD0292,1.0,324.37,324.37
HITM0003149,HORD000994,PRD0635,1.0,626.79,626.79
HITM0003150,HORD000994,PRD0933,1.0,1263.06,1263.06
HITM0003151,HORD000995,PRD0563,1.0,270.8,270.8
HITM0003152,HORD000996,PRD0681,1.0,2498.26,2498.26
HITM0003153,HORD000996,PRD0937,1.0,983.99,983.99
HITM0003154,HORD000996,PRD0610,2.0,21.93,43.86
HITM0003155,HORD000996,PRD0357,1.0,193.87,193.87
HITM0003156,HORD000997,PRD0308,2.0,1053.94,2107.88
HITM0003157,HORD000997,PRD0534,1.0,3276.91,3276.91
HITM0003158,HORD000997,PRD0395,1.0,404.44,404.44
HITM0003159,HORD000997,PRD0991,1.0,1637.29,1637.29
HITM0003160,HORD000998,PRD0078,1.0,166.61,166.61
HITM0003161,HORD000998,PRD0015,1.0,184.83,184.83
HITM0003162,HORD000998,PRD0483,1.0,1343.25,1343.25
HITM0003163,HORD000998,PRD0139,1.0,1414.96,1414.96
HITM0003164,HORD000998,PRD0700,1.0,258.76,258.76
HITM0003165,HORD000999,PRD0905,1.0,760.24,760.24
HITM0003166,HORD000999,PRD0960,1.0,103.86,103.86
HITM0003167,HORD000999,PRD0548,1.0,181.04,181.04
HITM0003168,HORD000999,PRD0741,1.0,2451.18,2451.18
HITM0003169,HORD000999,PRD0418,1.0,513.88,513.88
HITM0003170,HORD001000,PRD0215,3.0,915.08,2745.24
HITM0003171,HORD001000,PRD0186,1.0,223.64,223.64
HITM0003172,HORD001000,PRD0534,1.0,3276.91,3276.91
HITM0003173,HORD001000,PRD0422,1.0,1749.99,1749.99
HITM0003174,HORD001001,PRD0284,1.0,4071.02,4071.02
HITM0003175,HORD001001,PRD0300,1.0,30.76,30.76
HITM0003176,HORD001002,PRD0187,1.0,1290.47,1290.47
HITM0003177,HORD001002,PRD0911,2.0,1436.52,2873.04
HITM0003178,HORD001002,PRD0956,1.0,301.52,301.52
HITM0003179,HORD001002,PRD0740,1.0,194.14,194.14
HITM0003180,HORD001002,PRD0799,1.0,373.98,373.98
HITM0003181,HORD001003,PRD0680,1.0,46.75,46.75
HITM0003182,HORD001003,PRD0071,2.0,2347.4,4694.8
HITM0003183,HORD001003,PRD0168,1.0,325.2,325.2
HITM0003184,HORD001004,PRD0830,1.0,87.0,87.0
HITM0003185,HORD001004,PRD0193,2.0,609.21,1218.42
HITM0003186,HORD001004,PRD0206,1.0,673.8,673.8
HITM0003187,HORD001004,PRD0799,3.0,373.98,1121.94
HITM0003188,HORD001005,PRD0570,1.0,98.43,98.43
HITM0003189,HORD001005,PRD0155,3.0,237.13,711.39
HITM0003190,HORD001005,PRD0730,1.0,394.42,394.42
HITM0003191,HORD001006,PRD0360,1.0,14.71,14.71
HITM0003192,HORD001006,PRD0889,1.0,252.57,252.57
HITM0003193,HORD001006,PRD0800,1.0,235.68,235.68
HITM0003194,HORD001006,PRD0018,1.0,112.62,112.62
HITM0003195,HORD001007,PRD0315,1.0,1099.77,1099.77
HITM0003196,HORD001007,PRD0700,1.0,258.76,258.76
HITM0003197,HORD001008,PRD0330,1.0,184.25,184.25
HITM0003198,HORD001008,PRD0060,1.0,97.23,97.23
HITM0003199,HORD001008,PRD0357,1.0,193.87,193.87
HITM0003200,HORD001008,PRD0900,1.0,274.2,274.2
HITM0003201,HORD001009,PRD0887,3.0,111.87,335.61
HITM0003202,HORD001009,PRD0984,1.0,759.8,759.8
HITM0003203,HORD001009,PRD0634,1.0,405.16,405.16
HITM0003204,HORD001009,PRD1000,1.0,364.05,364.05
HITM0003205,HORD001009,PRD0790,1.0,25.52,25.52
HITM0003206,HORD001010,PRD0428,2.0,621.91,1243.82
HITM0003207,HORD001010,PRD0706,2.0,746.72,1493.44
HITM0003208,HORD001010,PRD0555,1.0,407.18,407.18
HITM0003209,HORD001011,PRD0250,1.0,335.17,335.17
HITM0003210,HORD001011,PRD0151,2.0,1779.3,3558.6
HITM0003211,HORD001011,PRD0592,1.0,748.49,748.49
HITM0003212,HORD001011,PRD0906,1.0,58.83,58.83
HITM0003213,HORD001012,PRD0048,2.0,1075.72,2151.44
HITM0003214,HORD001012,PRD0582,2.0,1682.59,3365.18
HITM0003215,HORD001012,PRD0480,1.0,37.46,37.46
HITM0003216,HORD001013,PRD0394,1.0,3284.35,3284.35
HITM0003217,HORD001014,PRD0060,1.0,97.23,97.23
HITM0003218,HORD001014,PRD0380,1.0,117.36,117.36
HITM0003219,HORD001014,PRD0007,1.0,775.64,775.64
HITM0003220,HORD001014,PRD0567,1.0,383.28,383.28
HITM0003221,HORD001015,PRD0662,2.0,1253.13,2506.26
HITM0003222,HORD001015,PRD0436,1.0,99.16,99.16
HITM0003223,HORD001016,PRD0870,3.0,285.87,857.61
HITM0003224,HORD001016,PRD0541,1.0,1837.92,1837.92
HITM0003225,HORD001017,PRD0850,1.0,308.86,308.86
HITM0003226,HORD001017,PRD0442,2.0,1625.44,3250.88
HITM0003227,HORD001017,PRD0503,1.0,866.27,866.27
HITM0003228,HORD001018,PRD0161,1.0,1014.36,1014.36
HITM0003229,HORD001018,PRD0680,1.0,46.75,46.75
HITM0003230,HORD001019,PRD0561,2.0,2439.38,4878.76
HITM0003231,HORD001019,PRD0848,1.0,503.4,503.4
HITM0003232,HORD001019,PRD0596,1.0,741.69,741.69
HITM0003233,HORD001020,PRD0791,2.0,1863.17,3726.34
HITM0003234,HORD001020,PRD0748,1.0,176.05,176.05
HITM0003235,HORD001021,PRD0399,1.0,628.54,628.54
HITM0003236,HORD001022,PRD0406,1.0,241.97,241.97
HITM0003237,HORD001022,PRD0691,3.0,1850.74,5552.22
HITM0003238,HORD001022,PRD0624,1.0,4074.77,4074.77
HITM0003239,HORD001022,PRD0014,1.0,2953.53,2953.53
HITM0003240,HORD001023,PRD0234,3.0,3839.41,11518.23
HITM0003241,HORD001023,PRD0177,2.0,500.75,1001.5
HITM0003242,HORD001023,PRD0791,2.0,1863.17,3726.34
HITM0003243,HORD001023,PRD0681,1.0,2498.26,2498.26
HITM0003244,HORD001024,PRD0887,1.0,111.87,111.87
HITM0003245,HORD001024,PRD0128,1.0,396.23,396.23
HITM0003246,HORD001024,PRD0792,2.0,1745.87,3491.74
HITM0003247,HORD001024,PRD0555,1.0,407.18,407.18
HITM0003248,HORD001025,PRD0300,1.0,30.76,30.76
HITM0003249,HORD001025,PRD0291,2.0,1079.47,2158.94
HITM0003250,HORD001025,PRD0436,1.0,99.16,99.16
HITM0003251,HORD001025,PRD0090,1.0,166.35,166.35
HITM0003252,HORD001026,PRD0270,1.0,145.44,145.44
HITM0003253,HORD001026,PRD0378,1.0,110.97,110.97
HITM0003254,HORD001027,PRD0113,1.0,605.4,605.4
HITM0003255,HORD001027,PRD0176,1.0,796.11,796.11
HITM0003256,HORD001027,PRD0033,1.0,1186.21,1186.21
HITM0003257,HORD001027,PRD0615,2.0,196.23,392.46
HITM0003258,HORD001027,PRD0232,1.0,306.48,306.48
HITM0003259,HORD001028,PRD0200,1.0,279.99,279.99
HITM0003260,HORD001028,PRD0586,2.0,450.26,900.52
HITM0003261,HORD001028,PRD0666,1.0,108.17,108.17
HITM0003262,HORD001028,PRD0429,1.0,1382.07,1382.07
HITM0003263,HORD001028,PRD0728,2.0,188.05,376.1
HITM0003264,HORD001029,PRD0669,3.0,1077.89,3233.67
HITM0003265,HORD001029,PRD0128,1.0,396.23,396.23
HITM0003266,HORD001029,PRD0136,3.0,107.5,322.5
HITM0003267,HORD001029,PRD0531,1.0,2758.01,2758.01
HITM0003268,HORD001030,PRD0212,1.0,736.5,736.5
HITM0003269,HORD001030,PRD0543,1.0,398.13,398.13
HITM0003270,HORD001030,PRD0424,1.0,1571.65,1571.65
HITM0003271,HORD001030,PRD0370,1.0,143.48,143.48
HITM0003272,HORD001031,PRD0536,1.0,616.08,616.08
HITM0003273,HORD001031,PRD0923,2.0,283.84,567.68
HITM0003274,HORD001032,PRD0804,1.0,1164.25,1164.25
HITM0003275,HORD001032,PRD0260,1.0,73.31,73.31
HITM0003276,HORD001032,PRD0180,1.0,24.86,24.86
HITM0003277,HORD001032,PRD0828,1.0,125.24,125.24
HITM0003278,HORD001033,PRD0045,3.0,70.08,210.24
HITM0003279,HORD001034,PRD0010,1.0,15.97,15.97
HITM0003280,HORD001034,PRD0164,2.0,1852.48,3704.96
HITM0003281,HORD001035,PRD0382,1.0,453.52,453.52
HITM0003282,HORD001035,PRD0999,1.0,464.57,464.57
HITM0003283,HORD001035,PRD0587,1.0,103.55,103.55
HITM0003284,HORD001035,PRD0923,2.0,283.84,567.68
HITM0003285,HORD001035,PRD0396,1.0,120.07,120.07
HITM0003286,HORD001036,PRD0820,1.0,95.58,95.58
HITM0003287,HORD001036,PRD0018,2.0,112.62,225.24
HITM0003288,HORD001036,PRD0603,2.0,671.51,1343.02
HITM0003289,HORD001037,PRD0804,1.0,1164.25,1164.25
HITM0003290,HORD001038,PRD0230,1.0,266.68,266.68
HITM0003291,HORD001039,PRD0201,2.0,2007.57,4015.14
HITM0003292,HORD001039,PRD0631,1.0,2799.14,2799.14
HITM0003293,HORD001039,PRD0873,1.0,1287.46,1287.46
HITM0003294,HORD001039,PRD0770,3.0,254.66,763.98
HITM0003295,HORD001040,PRD0830,1.0,87.0,87.0
HITM0003296,HORD001040,PRD0590,2.0,268.79,537.58
HITM0003297,HORD001040,PRD0246,1.0,733.57,733.57
HITM0003298,HORD001040,PRD0456,1.0,417.01,417.01
HITM0003299,HORD001041,PRD0266,1.0,424.49,424.49
HITM0003300,HORD001041,PRD0669,1.0,1077.89,1077.89
HITM0003301,HORD001042,PRD0646,1.0,98.45,98.45
HITM0003302,HORD001043,PRD0317,1.0,1875.46,1875.46
HITM0003303,HORD001043,PRD0439,1.0,1119.95,1119.95
HITM0003304,HORD001044,PRD0176,1.0,796.11,796.11
HITM0003305,HORD001044,PRD0830,1.0,87.0,87.0
HITM0003306,HORD001044,PRD0279,1.0,250.57,250.57
HITM0003307,HORD001044,PRD0411,1.0,1649.5,1649.5
HITM0003308,HORD001045,PRD0162,1.0,441.75,441.75
HITM0003309,HORD001045,PRD0306,2.0,643.72,1287.44
HITM0003310,HORD001045,PRD0140,1.0,54.35,54.35
HITM0003311,HORD001045,PRD0436,1.0,99.16,99.16
HITM0003312,HORD001045,PRD0654,1.0,4124.98,4124.98
HITM0003313,HORD001046,PRD0010,1.0,15.97,15.97
HITM0003314,HORD001046,PRD0842,1.0,1682.83,1682.83
HITM0003315,HORD001046,PRD0572,1.0,483.42,483.42
HITM0003316,HORD001046,PRD0386,1.0,109.17,109.17
HITM0003317,HORD001046,PRD0049,1.0,149.55,149.55
HITM0003318,HORD001047,PRD0665,1.0,215.81,215.81
HITM0003319,HORD001047,PRD0034,1.0,1865.66,1865.66
HITM0003320,HORD001047,PRD0323,1.0,786.71,786.71
HITM0003321,HORD001047,PRD0216,1.0,56.76,56.76
HITM0003322,HORD001048,PRD0008,2.0,799.44,1598.88
HITM0003323,HORD001048,PRD0804,1.0,1164.25,1164.25
HITM0003324,HORD001048,PRD0145,2.0,1050.7,2101.4
HITM0003325,HORD001049,PRD0555,1.0,407.18,407.18
HITM0003326,HORD001049,PRD0149,1.0,217.37,217.37
HITM0003327,HORD001050,PRD0047,1.0,1258.28,1258.28
HITM0003328,HORD001050,PRD0500,1.0,352.58,352.58
HITM0003329,HORD001050,PRD0347,1.0,1107.53,1107.53
HITM0003330,HORD001050,PRD0920,1.0,129.86,129.86
HITM0003331,HORD001051,PRD0320,2.0,289.98,579.96
HITM0003332,HORD001051,PRD0772,2.0,546.46,1092.92
HITM0003333,HORD001051,PRD0204,1.0,1433.35,1433.35
HITM0003334,HORD001051,PRD0921,1.0,1711.96,1711.96
HITM0003335,HORD001052,PRD0246,1.0,733.57,733.57
HITM0003336,HORD001052,PRD0103,1.0,540.65,540.65
HITM0003337,HORD001052,PRD0096,1.0,329.23,329.23
HITM0003338,HORD001052,PRD0603,1.0,671.51,671.51
HITM0003339,HORD001052,PRD0846,1.0,808.25,808.25
HITM0003340,HORD001053,PRD0358,1.0,67.02,67.02
HITM0003341,HORD001053,PRD0856,1.0,415.09,415.09
HITM0003342,HORD001054,PRD0644,1.0,3489.22,3489.22
HITM0003343,HORD001054,PRD0582,1.0,1682.59,1682.59
HITM0003344,HORD001054,PRD0780,1.0,191.96,191.96
HITM0003345,HORD001054,PRD0339,1.0,427.29,427.29
HITM0003346,HORD001055,PRD0504,2.0,3837.7,7675.4
HITM0003347,HORD001055,PRD0114,1.0,2615.62,2615.62
HITM0003348,HORD001055,PRD0700,2.0,258.76,517.52
HITM0003349,HORD001056,PRD0290,2.0,61.51,123.02
HITM0003350,HORD001056,PRD0085,1.0,304.21,304.21
HITM0003351,HORD001057,PRD0888,1.0,183.72,183.72
HITM0003352,HORD001057,PRD0229,1.0,412.68,412.68
HITM0003353,HORD001057,PRD0018,1.0,112.62,112.62
HITM0003354,HORD001058,PRD0196,1.0,437.6,437.6
HITM0003355,HORD001058,PRD0480,2.0,37.46,74.92
HITM0003356,HORD001058,PRD0396,1.0,120.07,120.07
HITM0003357,HORD001059,PRD0688,1.0,231.65,231.65
HITM0003358,HORD001059,PRD0573,1.0,394.67,394.67
HITM0003359,HORD001059,PRD0587,1.0,103.55,103.55
HITM0003360,HORD001059,PRD0702,1.0,768.26,768.26
HITM0003361,HORD001060,PRD0595,1.0,521.69,521.69
HITM0003362,HORD001060,PRD0815,1.0,446.57,446.57
HITM0003363,HORD001060,PRD0400,1.0,286.55,286.55
HITM0003364,HORD001060,PRD0004,1.0,466.88,466.88
HITM0003365,HORD001060,PRD0681,1.0,2498.26,2498.26
HITM0003366,HORD001061,PRD0759,1.0,943.47,943.47
HITM0003367,HORD001061,PRD0775,1.0,376.86,376.86
HITM0003368,HORD001061,PRD0772,2.0,546.46,1092.92
HITM0003369,HORD001061,PRD0018,1.0,112.62,112.62
HITM0003370,HORD001061,PRD0393,1.0,307.2,307.2
HITM0003371,HORD001062,PRD0588,1.0,597.66,597.66
HITM0003372,HORD001062,PRD0376,1.0,804.1,804.1
HITM0003373,HORD001062,PRD0824,1.0,1637.86,1637.86
HITM0003374,HORD001062,PRD0130,2.0,128.78,257.56
HITM0003375,HORD001062,PRD0610,1.0,21.93,21.93
HITM0003376,HORD001063,PRD0149,2.0,217.37,434.74
HITM0003377,HORD001063,PRD0105,2.0,275.3,550.6
HITM0003378,HORD001063,PRD0758,1.0,688.14,688.14
HITM0003379,HORD001063,PRD0543,1.0,398.13,398.13
HITM0003380,HORD001064,PRD0171,1.0,1187.41,1187.41
HITM0003381,HORD001064,PRD0157,1.0,2583.38,2583.38
HITM0003382,HORD001064,PRD0144,1.0,1126.55,1126.55
HITM0003383,HORD001065,PRD0262,1.0,1522.38,1522.38
HITM0003384,HORD001065,PRD0713,1.0,1533.07,1533.07
HITM0003385,HORD001065,PRD0554,1.0,1619.69,1619.69
HITM0003386,HORD001066,PRD0746,1.0,130.44,130.44
HITM0003387,HORD001066,PRD0275,2.0,182.18,364.36
HITM0003388,HORD001066,PRD0875,1.0,916.11,916.11
HITM0003389,HORD001066,PRD0450,1.0,138.07,138.07
HITM0003390,HORD001066,PRD0015,1.0,184.83,184.83
HITM0003391,HORD001067,PRD0378,2.0,110.97,221.94
HITM0003392,HORD001067,PRD0904,2.0,673.64,1347.28
HITM0003393,HORD001067,PRD0850,1.0,308.86,308.86
HITM0003394,HORD001068,PRD0652,1.0,1465.81,1465.81
HITM0003395,HORD001068,PRD0368,1.0,807.79,807.79
HITM0003396,HORD001069,PRD0322,3.0,719.5,2158.5
HITM0003397,HORD001069,PRD0010,2.0,15.97,31.94
HITM0003398,HORD001069,PRD0092,1.0,1623.69,1623.69
HITM0003399,HORD001069,PRD0280,1.0,34.27,34.27
HITM0003400,HORD001070,PRD0716,3.0,242.32,726.96
HITM0003401,HORD001070,PRD0650,1.0,367.95,367.95
HITM0003402,HORD001070,PRD0456,1.0,417.01,417.01
HITM0003403,HORD001070,PRD0599,2.0,1206.34,2412.68
HITM0003404,HORD001071,PRD0523,2.0,1192.94,2385.88
HITM0003405,HORD001071,PRD0936,2.0,808.97,1617.94
HITM0003406,HORD001071,PRD0010,1.0,15.97,15.97
HITM0003407,HORD001071,PRD0946,1.0,553.66,553.66
HITM0003408,HORD001072,PRD0927,1.0,867.79,867.79
HITM0003409,HORD001072,PRD0485,1.0,518.63,518.63
HITM0003410,HORD001072,PRD0390,1.0,27.7,27.7
HITM0003411,HORD001073,PRD0496,3.0,176.22,528.66
HITM0003412,HORD001073,PRD0850,2.0,308.86,617.72
HITM0003413,HORD001074,PRD0378,1.0,110.97,110.97
HITM0003414,HORD001075,PRD0931,1.0,2080.26,2080.26
HITM0003415,HORD001075,PRD0585,1.0,557.31,557.31
HITM0003416,HORD001075,PRD0378,1.0,110.97,110.97
HITM0003417,HORD001075,PRD0572,2.0,483.42,966.84
HITM0003418,HORD001076,PRD0646,2.0,98.45,196.9
HITM0003419,HORD001076,PRD0739,1.0,408.6,408.6
HITM0003420,HORD001076,PRD0491,1.0,1093.0,1093.0
HITM0003421,HORD001076,PRD0038,1.0,829.21,829.21
HITM0003422,HORD001077,PRD0296,2.0,366.63,733.26
HITM0003423,HORD001077,PRD0993,1.0,489.97,489.97
HITM0003424,HORD001078,PRD0982,1.0,921.88,921.88
HITM0003425,HORD001078,PRD0767,1.0,122.05,122.05
HITM0003426,HORD001078,PRD0340,2.0,68.17,136.34
HITM0003427,HORD001079,PRD0406,1.0,241.97,241.97
HITM0003428,HORD001079,PRD0614,2.0,3562.62,7125.24
HITM0003429,HORD001079,PRD0533,3.0,1215.39,3646.17
HITM0003430,HORD001080,PRD0854,1.0,386.3,386.3
HITM0003431,HORD001080,PRD0696,1.0,107.86,107.86
HITM0003432,HORD001080,PRD0036,1.0,116.11,116.11
HITM0003433,HORD001081,PRD0668,3.0,658.68,1976.04
HITM0003434,HORD001082,PRD0531,2.0,2758.01,5516.02
HITM0003435,HORD001082,PRD0293,2.0,399.18,798.36
HITM0003436,HORD001083,PRD0053,2.0,482.7,965.4
HITM0003437,HORD001083,PRD0724,1.0,1250.76,1250.76
HITM0003438,HORD001083,PRD0486,1.0,825.47,825.47
HITM0003439,HORD001084,PRD0276,1.0,586.47,586.47
HITM0003440,HORD001084,PRD0683,2.0,1384.61,2769.22
HITM0003441,HORD001085,PRD0568,1.0,272.51,272.51
HITM0003442,HORD001085,PRD0078,2.0,166.61,333.22
HITM0003443,HORD001085,PRD0860,1.0,148.71,148.71
HITM0003444,HORD001086,PRD0796,2.0,830.56,1661.12
HITM0003445,HORD001086,PRD0567,2.0,383.28,766.56
HITM0003446,HORD001087,PRD0543,1.0,398.13,398.13
HITM0003447,HORD001087,PRD0655,1.0,444.01,444.01
HITM0003448,HORD001087,PRD0393,2.0,307.2,614.4
HITM0003449,HORD001087,PRD0081,1.0,2768.19,2768.19
HITM0003450,HORD001087,PRD0019,1.0,741.78,741.78
HITM0003451,HORD001088,PRD0554,1.0,1619.69,1619.69
HITM0003452,HORD001088,PRD0071,2.0,2347.4,4694.8
HITM0003453,HORD001089,PRD0210,1.0,91.62,91.62
HITM0003454,HORD001089,PRD0516,2.0,565.33,1130.66
HITM0003455,HORD001089,PRD0191,1.0,1045.12,1045.12
HITM0003456,HORD001090,PRD0920,1.0,129.86,129.86
HITM0003457,HORD001090,PRD0240,1.0,113.94,113.94
HITM0003458,HORD001090,PRD0967,1.0,571.48,571.48
HITM0003459,HORD001090,PRD0394,1.0,3284.35,3284.35
HITM0003460,HORD001091,PRD0872,1.0,1715.8,1715.8
HITM0003461,HORD001091,PRD0830,1.0,87.0,87.0
HITM0003462,HORD001092,PRD0799,1.0,373.98,373.98
HITM0003463,HORD001092,PRD0305,1.0,662.05,662.05
HITM0003464,HORD001092,PRD0662,1.0,1253.13,1253.13
HITM0003465,HORD001092,PRD0555,1.0,407.18,407.18
HITM0003466,HORD001093,PRD0928,2.0,739.11,1478.22
HITM0003467,HORD001093,PRD0488,2.0,482.8,965.6
HITM0003468,HORD001093,PRD0940,1.0,139.21,139.21
HITM0003469,HORD001094,PRD0017,1.0,1860.35,1860.35
HITM0003470,HORD001094,PRD0865,2.0,558.87,1117.74
HITM0003471,HORD001095,PRD0807,1.0,1536.27,1536.27
HITM0003472,HORD001096,PRD0765,1.0,126.56,126.56
HITM0003473,HORD001096,PRD0179,1.0,1156.54,1156.54
HITM0003474,HORD001096,PRD0368,1.0,807.79,807.79
HITM0003475,HORD001096,PRD0675,1.0,898.47,898.47
HITM0003476,HORD001097,PRD0265,1.0,255.41,255.41
HITM0003477,HORD001097,PRD0353,1.0,526.39,526.39
HITM0003478,HORD001097,PRD0034,1.0,1865.66,1865.66
HITM0003479,HORD001098,PRD0511,1.0,1305.5,1305.5
HITM0003480,HORD001098,PRD0620,1.0,123.89,123.89
HITM0003481,HORD001098,PRD0600,1.0,394.0,394.0
HITM0003482,HORD001099,PRD0467,1.0,1705.11,1705.11
HITM0003483,HORD001099,PRD0382,2.0,453.52,907.04
HITM0003484,HORD001099,PRD0587,1.0,103.55,103.55
HITM0003485,HORD001100,PRD0416,1.0,753.43,753.43
HITM0003486,HORD001100,PRD0698,1.0,1038.35,1038.35
HITM0003487,HORD001101,PRD0631,1.0,2799.14,2799.14
HITM0003488,HORD001101,PRD0347,1.0,1107.53,1107.53
HITM0003489,HORD001101,PRD0472,2.0,1096.23,2192.46
HITM0003490,HORD001101,PRD0068,1.0,190.2,190.2
HITM0003491,HORD001102,PRD0216,1.0,56.76,56.76
HITM0003492,HORD001102,PRD0866,1.0,328.46,328.46
HITM0003493,HORD001103,PRD0358,1.0,67.02,67.02
HITM0003494,HORD001103,PRD0599,1.0,1206.34,1206.34
HITM0003495,HORD001104,PRD0350,2.0,294.0,588.0
HITM0003496,HORD001104,PRD0170,1.0,71.95,71.95
HITM0003497,HORD001104,PRD0623,1.0,292.46,292.46
HITM0003498,HORD001105,PRD0508,1.0,637.75,637.75
HITM0003499,HORD001105,PRD0650,1.0,367.95,367.95
HITM0003500,HORD001105,PRD0957,1.0,2168.33,2168.33
HITM0003501,HORD001106,PRD0550,2.0,184.97,369.94
HITM0003502,HORD001106,PRD0180,1.0,24.86,24.86
HITM0003503,HORD001106,PRD0436,1.0,99.16,99.16
HITM0003504,HORD001106,PRD0580,1.0,76.83,76.83
HITM0003505,HORD001107,PRD0475,1.0,304.73,304.73
HITM0003506,HORD001107,PRD0149,1.0,217.37,217.37
HITM0003507,HORD001107,PRD0446,1.0,546.41,546.41
HITM0003508,HORD001108,PRD0907,1.0,1869.43,1869.43
HITM0003509,HORD001108,PRD0280,1.0,34.27,34.27
HITM0003510,HORD001108,PRD0672,1.0,527.46,527.46
HITM0003511,HORD001108,PRD0786,1.0,211.68,211.68
HITM0003512,HORD001109,PRD0596,1.0,741.69,741.69
HITM0003513,HORD001109,PRD0155,2.0,237.13,474.26
HITM0003514,HORD001109,PRD0739,1.0,408.6,408.6
HITM0003515,HORD001109,PRD0836,1.0,726.47,726.47
HITM0003516,HORD001110,PRD0105,1.0,275.3,275.3
HITM0003517,HORD001110,PRD0767,3.0,122.05,366.15
HITM0003518,HORD001111,PRD0653,1.0,1533.48,1533.48
HITM0003519,HORD001111,PRD0722,1.0,909.76,909.76
HITM0003520,HORD001111,PRD0779,1.0,296.88,296.88
HITM0003521,HORD001111,PRD0434,1.0,2443.59,2443.59
HITM0003522,HORD001112,PRD0746,1.0,130.44,130.44
HITM0003523,HORD001112,PRD0020,2.0,153.47,306.94
HITM0003524,HORD001112,PRD0710,2.0,302.55,605.1
HITM0003525,HORD001112,PRD0417,1.0,318.04,318.04
HITM0003526,HORD001113,PRD0563,1.0,270.8,270.8
HITM0003527,HORD001113,PRD0931,2.0,2080.26,4160.52
HITM0003528,HORD001113,PRD0306,2.0,643.72,1287.44
HITM0003529,HORD001113,PRD0456,2.0,417.01,834.02
HITM0003530,HORD001114,PRD0227,1.0,2395.1,2395.1
HITM0003531,HORD001114,PRD0829,1.0,385.82,385.82
HITM0003532,HORD001114,PRD0248,1.0,494.67,494.67
HITM0003533,HORD001114,PRD0593,1.0,1331.28,1331.28
HITM0003534,HORD001115,PRD0570,3.0,98.43,295.29
HITM0003535,HORD001115,PRD0360,3.0,14.71,44.13
HITM0003536,HORD001116,PRD0221,1.0,1714.89,1714.89
HITM0003537,HORD001116,PRD0201,1.0,2007.57,2007.57
HITM0003538,HORD001116,PRD0258,1.0,171.41,171.41
HITM0003539,HORD001116,PRD0439,1.0,1119.95,1119.95
HITM0003540,HORD001117,PRD0400,3.0,286.55,859.65
HITM0003541,HORD001117,PRD0852,1.0,516.19,516.19
HITM0003542,HORD001117,PRD0250,1.0,335.17,335.17
HITM0003543,HORD001118,PRD0359,1.0,169.12,169.12
HITM0003544,HORD001118,PRD0063,1.0,1124.17,1124.17
HITM0003545,HORD001118,PRD0229,1.0,412.68,412.68
HITM0003546,HORD001118,PRD0314,1.0,2377.47,2377.47
HITM0003547,HORD001119,PRD0200,3.0,279.99,839.97
HITM0003548,HORD001119,PRD0957,1.0,2168.33,2168.33
HITM0003549,HORD001119,PRD0742,1.0,1512.78,1512.78
HITM0003550,HORD001120,PRD0193,2.0,609.21,1218.42
HITM0003551,HORD001120,PRD0984,1.0,759.8,759.8
HITM0003552,HORD001121,PRD0918,2.0,342.99,685.98
HITM0003553,HORD001121,PRD0708,1.0,720.36,720.36
HITM0003554,HORD001121,PRD0453,1.0,934.48,934.48
HITM0003555,HORD001121,PRD0475,1.0,304.73,304.73
HITM0003556,HORD001122,PRD0692,2.0,959.48,1918.96
HITM0003557,HORD001122,PRD0926,1.0,711.69,711.69
HITM0003558,HORD001123,PRD0680,1.0,46.75,46.75
HITM0003559,HORD001123,PRD0632,1.0,1094.69,1094.69
HITM0003560,HORD001123,PRD0896,1.0,502.67,502.67
HITM0003561,HORD001123,PRD0604,2.0,1327.89,2655.78
HITM0003562,HORD001124,PRD0352,1.0,1479.5,1479.5
HITM0003563,HORD001124,PRD0140,1.0,54.35,54.35
HITM0003564,HORD001124,PRD0027,1.0,1635.42,1635.42
HITM0003565,HORD001125,PRD0041,1.0,2120.5,2120.5
HITM0003566,HORD001125,PRD0756,1.0,244.21,244.21
HITM0003567,HORD001125,PRD0790,1.0,25.52,25.52
HITM0003568,HORD001125,PRD0915,1.0,763.7,763.7
HITM0003569,HORD001125,PRD0789,2.0,106.8,213.6
HITM0003570,HORD001126,PRD0328,2.0,728.97,1457.94
HITM0003571,HORD001126,PRD0265,3.0,255.41,766.23
HITM0003572,HORD001126,PRD0680,1.0,46.75,46.75
HITM0003573,HORD001126,PRD0519,1.0,1101.57,1101.57
HITM0003574,HORD001126,PRD0665,1.0,215.81,215.81
HITM0003575,HORD001127,PRD0240,1.0,113.94,113.94
HITM0003576,HORD001127,PRD0951,1.0,1234.66,1234.66
HITM0003577,HORD001127,PRD0467,2.0,1705.11,3410.22
HITM0003578,HORD001127,PRD0528,1.0,821.66,821.66
HITM0003579,HORD001128,PRD0370,2.0,143.48,286.96
HITM0003580,HORD001128,PRD0149,1.0,217.37,217.37
HITM0003581,HORD001128,PRD0777,1.0,2527.82,2527.82
HITM0003582,HORD001129,PRD0436,1.0,99.16,99.16
HITM0003583,HORD001129,PRD0278,1.0,100.15,100.15
HITM0003584,HORD001129,PRD0490,1.0,20.66,20.66
HITM0003585,HORD001130,PRD0699,1.0,1495.41,1495.41
HITM0003586,HORD001130,PRD0706,1.0,746.72,746.72
HITM0003587,HORD001130,PRD0674,1.0,2346.31,2346.31
HITM0003588,HORD001131,PRD0679,1.0,1147.59,1147.59
HITM0003589,HORD001131,PRD0622,3.0,1882.1,5646.3
HITM0003590,HORD001131,PRD0233,1.0,1406.02,1406.02
HITM0003591,HORD001132,PRD0075,1.0,227.56,227.56
HITM0003592,HORD001132,PRD0180,1.0,24.86,24.86
HITM0003593,HORD001132,PRD0993,1.0,489.97,489.97
HITM0003594,HORD001133,PRD0358,1.0,67.02,67.02
HITM0003595,HORD001133,PRD0116,1.0,466.48,466.48
HITM0003596,HORD001133,PRD0584,2.0,2076.86,4153.72
HITM0003597,HORD001134,PRD0580,1.0,76.83,76.83
HITM0003598,HORD001134,PRD0382,1.0,453.52,453.52
HITM0003599,HORD001134,PRD0746,1.0,130.44,130.44
HITM0003600,HORD001135,PRD0789,1.0,106.8,106.8
HITM0003601,HORD001136,PRD0130,2.0,128.78,257.56
HITM0003602,HORD001136,PRD0892,1.0,324.59,324.59
HITM0003603,HORD001137,PRD0525,1.0,904.72,904.72
HITM0003604,HORD001137,PRD0140,1.0,54.35,54.35
HITM0003605,HORD001137,PRD0499,1.0,1327.93,1327.93
HITM0003606,HORD001138,PRD0700,2.0,258.76,517.52
HITM0003607,HORD001138,PRD0057,1.0,1403.88,1403.88
HITM0003608,HORD001139,PRD0808,1.0,830.41,830.41
HITM0003609,HORD001139,PRD0900,2.0,274.2,548.4
HITM0003610,HORD001139,PRD0218,3.0,838.07,2514.21
HITM0003611,HORD001139,PRD0010,2.0,15.97,31.94
HITM0003612,HORD001140,PRD0586,1.0,450.26,450.26
HITM0003613,HORD001140,PRD0985,2.0,750.86,1501.72
HITM0003614,HORD001140,PRD0301,1.0,1847.23,1847.23
HITM0003615,HORD001140,PRD0449,1.0,227.09,227.09
HITM0003616,HORD001141,PRD0547,1.0,2376.82,2376.82
HITM0003617,HORD001141,PRD0111,1.0,1802.88,1802.88
HITM0003618,HORD001141,PRD0215,1.0,915.08,915.08
HITM0003619,HORD001142,PRD0049,2.0,149.55,299.1
HITM0003620,HORD001142,PRD0708,1.0,720.36,720.36
HITM0003621,HORD001142,PRD0805,1.0,151.93,151.93
HITM0003622,HORD001143,PRD0646,1.0,98.45,98.45
HITM0003623,HORD001143,PRD0241,1.0,1271.03,1271.03
HITM0003624,HORD001143,PRD0778,1.0,981.57,981.57
HITM0003625,HORD001144,PRD0204,1.0,1433.35,1433.35
HITM0003626,HORD001144,PRD0695,1.0,809.88,809.88
HITM0003627,HORD001144,PRD0432,3.0,1225.0,3675.0
HITM0003628,HORD001145,PRD0148,2.0,784.78,1569.56
HITM0003629,HORD001145,PRD0897,1.0,2339.09,2339.09
HITM0003630,HORD001145,PRD0385,1.0,699.4,699.4
HITM0003631,HORD001146,PRD0090,1.0,166.35,166.35
HITM0003632,HORD001146,PRD0226,1.0,155.94,155.94
HITM0003633,HORD001146,PRD0158,1.0,464.07,464.07
HITM0003634,HORD001146,PRD0412,1.0,1184.31,1184.31
HITM0003635,HORD001147,PRD0877,3.0,1300.22,3900.66
HITM0003636,HORD001147,PRD0820,1.0,95.58,95.58
HITM0003637,HORD001147,PRD0480,1.0,37.46,37.46
HITM0003638,HORD001147,PRD0123,1.0,322.81,322.81
HITM0003639,HORD001147,PRD0514,1.0,2353.19,2353.19
HITM0003640,HORD001148,PRD0049,1.0,149.55,149.55
HITM0003641,HORD001149,PRD0940,1.0,139.21,139.21
HITM0003642,HORD001149,PRD0088,1.0,835.18,835.18
HITM0003643,HORD001150,PRD0566,1.0,47.51,47.51
HITM0003644,HORD001150,PRD0717,1.0,615.2,615.2
HITM0003645,HORD001150,PRD0114,1.0,2615.62,2615.62
HITM0003646,HORD001151,PRD0560,1.0,230.25,230.25
HITM0003647,HORD001151,PRD0078,2.0,166.61,333.22
HITM0003648,HORD001151,PRD0276,2.0,586.47,1172.94
HITM0003649,HORD001152,PRD0290,1.0,61.51,61.51
HITM0003650,HORD001152,PRD0288,1.0,171.9,171.9
HITM0003651,HORD001152,PRD0779,1.0,296.88,296.88
HITM0003652,HORD001152,PRD0292,1.0,324.37,324.37
HITM0003653,HORD001153,PRD0960,2.0,103.86,207.72
HITM0003654,HORD001153,PRD0426,1.0,284.68,284.68
HITM0003655,HORD001153,PRD0946,2.0,553.66,1107.32
HITM0003656,HORD001154,PRD0830,1.0,87.0,87.0
HITM0003657,HORD001155,PRD0939,1.0,1091.13,1091.13
HITM0003658,HORD001155,PRD0717,1.0,615.2,615.2
HITM0003659,HORD001156,PRD0773,1.0,429.44,429.44
HITM0003660,HORD001156,PRD0530,2.0,376.94,753.88
HITM0003661,HORD001156,PRD0016,1.0,348.79,348.79
HITM0003662,HORD001157,PRD0901,2.0,1477.12,2954.24
HITM0003663,HORD001157,PRD0865,2.0,558.87,1117.74
HITM0003664,HORD001157,PRD0586,2.0,450.26,900.52
HITM0003665,HORD001157,PRD0270,1.0,145.44,145.44
HITM0003666,HORD001158,PRD0506,2.0,309.66,619.32
HITM0003667,HORD001158,PRD0238,1.0,690.75,690.75
HITM0003668,HORD001159,PRD0015,1.0,184.83,184.83
HITM0003669,HORD001159,PRD0412,1.0,1184.31,1184.31
HITM0003670,HORD001159,PRD0970,2.0,71.64,143.28
HITM0003671,HORD001159,PRD0786,1.0,211.68,211.68
HITM0003672,HORD001159,PRD0452,2.0,318.36,636.72
HITM0003673,HORD001160,PRD0190,1.0,417.54,417.54
HITM0003674,HORD001160,PRD0918,1.0,342.99,342.99
HITM0003675,HORD001160,PRD0202,1.0,1243.06,1243.06
HITM0003676,HORD001161,PRD0705,1.0,1103.54,1103.54
HITM0003677,HORD001161,PRD0207,2.0,1299.41,2598.82
HITM0003678,HORD001161,PRD0772,1.0,546.46,546.46
HITM0003679,HORD001162,PRD0461,1.0,2080.96,2080.96
HITM0003680,HORD001162,PRD0140,1.0,54.35,54.35
HITM0003681,HORD001163,PRD0532,1.0,894.27,894.27
HITM0003682,HORD001164,PRD0482,1.0,653.2,653.2
HITM0003683,HORD001164,PRD0791,1.0,1863.17,1863.17
HITM0003684,HORD001164,PRD0513,1.0,1454.2,1454.2
HITM0003685,HORD001164,PRD0589,1.0,675.7,675.7
HITM0003686,HORD001165,PRD0391,1.0,1089.38,1089.38
HITM0003687,HORD001166,PRD0426,1.0,284.68,284.68
HITM0003688,HORD001166,PRD0156,1.0,681.59,681.59
HITM0003689,HORD001166,PRD1000,1.0,364.05,364.05
HITM0003690,HORD001166,PRD0018,2.0,112.62,225.24
HITM0003691,HORD001167,PRD0485,1.0,518.63,518.63
HITM0003692,HORD001167,PRD0621,1.0,1720.44,1720.44
HITM0003693,HORD001167,PRD0888,1.0,183.72,183.72
HITM0003694,HORD001167,PRD0567,1.0,383.28,383.28
HITM0003695,HORD001167,PRD0020,1.0,153.47,153.47
HITM0003696,HORD001168,PRD0983,1.0,493.01,493.01
HITM0003697,HORD001169,PRD0278,3.0,100.15,300.45
HITM0003698,HORD001170,PRD0810,1.0,224.68,224.68
HITM0003699,HORD001170,PRD0225,1.0,213.62,213.62
HITM0003700,HORD001171,PRD0637,1.0,1717.71,1717.71
HITM0003701,HORD001171,PRD0715,1.0,343.66,343.66
HITM0003702,HORD001171,PRD0765,1.0,126.56,126.56
HITM0003703,HORD001172,PRD0476,1.0,59.63,59.63
HITM0003704,HORD001172,PRD0564,1.0,1250.64,1250.64
HITM0003705,HORD001172,PRD0364,1.0,1836.13,1836.13
HITM0003706,HORD001172,PRD0062,1.0,1554.42,1554.42
HITM0003707,HORD001173,PRD0191,1.0,1045.12,1045.12
HITM0003708,HORD001173,PRD0025,1.0,403.1,403.1
HITM0003709,HORD001174,PRD0517,1.0,1366.6,1366.6
HITM0003710,HORD001174,PRD0954,1.0,3030.23,3030.23
HITM0003711,HORD001174,PRD0865,1.0,558.87,558.87
HITM0003712,HORD001175,PRD0273,3.0,1515.39,4546.17
HITM0003713,HORD001176,PRD0843,2.0,1142.85,2285.7
HITM0003714,HORD001176,PRD0544,2.0,1918.0,3836.0
HITM0003715,HORD001177,PRD0085,2.0,304.21,608.42
HITM0003716,HORD001177,PRD0018,2.0,112.62,225.24
HITM0003717,HORD001177,PRD0093,1.0,1015.33,1015.33
HITM0003718,HORD001177,PRD0277,1.0,2592.52,2592.52
HITM0003719,HORD001178,PRD0860,1.0,148.71,148.71
HITM0003720,HORD001178,PRD0056,1.0,318.87,318.87
HITM0003721,HORD001178,PRD0378,2.0,110.97,221.94
HITM0003722,HORD001179,PRD0280,1.0,34.27,34.27
HITM0003723,HORD001179,PRD0264,1.0,721.82,721.82
HITM0003724,HORD001180,PRD0230,2.0,266.68,533.36
HITM0003725,HORD001180,PRD0821,2.0,1191.59,2383.18
HITM0003726,HORD001180,PRD0192,1.0,1199.68,1199.68
HITM0003727,HORD001181,PRD0772,1.0,546.46,546.46
HITM0003728,HORD001181,PRD0728,2.0,188.05,376.1
HITM0003729,HORD001181,PRD0276,1.0,586.47,586.47
HITM0003730,HORD001182,PRD0665,1.0,215.81,215.81
HITM0003731,HORD001182,PRD0408,1.0,680.47,680.47
HITM0003732,HORD001182,PRD0524,1.0,1527.37,1527.37
HITM0003733,HORD001183,PRD0495,2.0,617.55,1235.1
HITM0003734,HORD001183,PRD0045,1.0,70.08,70.08
HITM0003735,HORD001183,PRD0005,1.0,450.36,450.36
HITM0003736,HORD001183,PRD0837,1.0,333.32,333.32
HITM0003737,HORD001183,PRD0628,3.0,306.06,918.18
HITM0003738,HORD001184,PRD0386,1.0,109.17,109.17
HITM0003739,HORD001184,PRD0648,1.0,210.67,210.67
HITM0003740,HORD001184,PRD0037,1.0,109.69,109.69
HITM0003741,HORD001184,PRD0040,1.0,208.06,208.06
HITM0003742,HORD001184,PRD0803,1.0,788.9,788.9
HITM0003743,HORD001185,PRD0756,1.0,244.21,244.21
HITM0003744,HORD001185,PRD0110,1.0,250.51,250.51
HITM0003745,HORD001185,PRD0563,1.0,270.8,270.8
HITM0003746,HORD001186,PRD0316,1.0,28.93,28.93
HITM0003747,HORD001186,PRD0490,1.0,20.66,20.66
HITM0003748,HORD001186,PRD0426,1.0,284.68,284.68
HITM0003749,HORD001186,PRD0217,1.0,2044.02,2044.02
HITM0003750,HORD001186,PRD0820,1.0,95.58,95.58
HITM0003751,HORD001187,PRD0027,1.0,1635.42,1635.42
HITM0003752,HORD001187,PRD0125,1.0,1004.47,1004.47
HITM0003753,HORD001187,PRD0670,1.0,85.16,85.16
HITM0003754,HORD001188,PRD0501,1.0,1207.42,1207.42
HITM0003755,HORD001188,PRD0208,1.0,373.86,373.86
HITM0003756,HORD001188,PRD0302,1.0,1232.1,1232.1
HITM0003757,HORD001189,PRD0628,2.0,306.06,612.12
HITM0003758,HORD001189,PRD0630,1.0,59.46,59.46
HITM0003759,HORD001189,PRD0686,1.0,791.36,791.36
HITM0003760,HORD001190,PRD0492,2.0,1490.94,2981.88
HITM0003761,HORD001190,PRD0153,1.0,926.23,926.23
HITM0003762,HORD001190,PRD0719,1.0,659.02,659.02
HITM0003763,HORD001190,PRD0674,2.0,2346.31,4692.62
HITM0003764,HORD001190,PRD0953,1.0,367.94,367.94
HITM0003765,HORD001191,PRD0930,1.0,371.97,371.97
HITM0003766,HORD001191,PRD0976,1.0,348.6,348.6
HITM0003767,HORD001191,PRD0097,1.0,673.56,673.56
HITM0003768,HORD001191,PRD0067,1.0,638.19,638.19
HITM0003769,HORD001192,PRD0717,2.0,615.2,1230.4
HITM0003770,HORD001192,PRD0656,1.0,820.33,820.33
HITM0003771,HORD001193,PRD0767,1.0,122.05,122.05
HITM0003772,HORD001193,PRD0249,1.0,380.08,380.08
HITM0003773,HORD001193,PRD0986,1.0,748.03,748.03
HITM0003774,HORD001193,PRD0820,1.0,95.58,95.58
HITM0003775,HORD001194,PRD0843,1.0,1142.85,1142.85
HITM0003776,HORD001194,PRD0208,1.0,373.86,373.86
HITM0003777,HORD001194,PRD0306,1.0,643.72,643.72
HITM0003778,HORD001195,PRD0236,1.0,590.33,590.33
HITM0003779,HORD001195,PRD0020,1.0,153.47,153.47
HITM0003780,HORD001195,PRD0204,1.0,1433.35,1433.35
HITM0003781,HORD001195,PRD0436,3.0,99.16,297.48
HITM0003782,HORD001195,PRD0765,1.0,126.56,126.56
HITM0003783,HORD001196,PRD1000,2.0,364.05,728.1
HITM0003784,HORD001196,PRD0885,1.0,510.35,510.35
HITM0003785,HORD001196,PRD0458,1.0,721.39,721.39
HITM0003786,HORD001196,PRD0198,1.0,155.28,155.28
HITM0003787,HORD001196,PRD0963,1.0,488.16,488.16
HITM0003788,HORD001197,PRD0436,1.0,99.16,99.16
HITM0003789,HORD001197,PRD0913,1.0,645.54,645.54
HITM0003790,HORD001197,PRD0229,1.0,412.68,412.68
HITM0003791,HORD001198,PRD0965,1.0,271.51,271.51
HITM0003792,HORD001198,PRD0648,1.0,210.67,210.67
HITM0003793,HORD001198,PRD0586,1.0,450.26,450.26
HITM0003794,HORD001199,PRD0448,1.0,67.35,67.35
HITM0003795,HORD001199,PRD0743,1.0,1161.24,1161.24
HITM0003796,HORD001199,PRD0311,2.0,1105.19,2210.38
HITM0003797,HORD001200,PRD0938,2.0,857.34,1714.68
HITM0003798,HORD001200,PRD0510,1.0,71.92,71.92
HITM0003799,HORD001200,PRD0473,2.0,576.89,1153.78
HITM0003800,HORD001201,PRD0701,1.0,2361.18,2361.18
HITM0003801,HORD001201,PRD0369,1.0,462.08,462.08
HITM0003802,HORD001201,PRD0628,1.0,306.06,306.06
HITM0003803,HORD001202,PRD0317,2.0,1875.46,3750.92
HITM0003804,HORD001202,PRD0573,1.0,394.67,394.67
HITM0003805,HORD001202,PRD0022,2.0,1200.0,2400.0
HITM0003806,HORD001202,PRD0831,2.0,1201.57,2403.14
HITM0003807,HORD001203,PRD0168,1.0,325.2,325.2
HITM0003808,HORD001203,PRD0600,2.0,394.0,788.0
HITM0003809,HORD001203,PRD0580,1.0,76.83,76.83
HITM0003810,HORD001203,PRD0962,2.0,1519.3,3038.6
HITM0003811,HORD001204,PRD0701,1.0,2361.18,2361.18
HITM0003812,HORD001204,PRD0220,1.0,369.39,369.39
HITM0003813,HORD001204,PRD0450,1.0,138.07,138.07
HITM0003814,HORD001204,PRD0138,1.0,316.0,316.0
HITM0003815,HORD001204,PRD0042,2.0,1230.08,2460.16
HITM0003816,HORD001205,PRD0260,2.0,73.31,146.62
HITM0003817,HORD001205,PRD0829,1.0,385.82,385.82
HITM0003818,HORD001205,PRD0436,1.0,99.16,99.16
HITM0003819,HORD001205,PRD0430,1.0,214.75,214.75
HITM0003820,HORD001206,PRD0032,1.0,417.41,417.41
HITM0003821,HORD001206,PRD0203,2.0,910.47,1820.94
HITM0003822,HORD001207,PRD0015,1.0,184.83,184.83
HITM0003823,HORD001207,PRD0228,1.0,148.71,148.71
HITM0003824,HORD001207,PRD0586,1.0,450.26,450.26
HITM0003825,HORD001207,PRD0473,1.0,576.89,576.89
HITM0003826,HORD001208,PRD0326,2.0,791.27,1582.54
HITM0003827,HORD001209,PRD0860,1.0,148.71,148.71
HITM0003828,HORD001209,PRD0831,1.0,1201.57,1201.57
HITM0003829,HORD001209,PRD0789,1.0,106.8,106.8
HITM0003830,HORD001210,PRD0862,2.0,1387.19,2774.38
HITM0003831,HORD001210,PRD0449,1.0,227.09,227.09
HITM0003832,HORD001210,PRD0705,1.0,1103.54,1103.54
HITM0003833,HORD001211,PRD0445,1.0,1141.73,1141.73
HITM0003834,HORD001211,PRD0383,1.0,1343.47,1343.47
HITM0003835,HORD001211,PRD0733,1.0,894.02,894.02
HITM0003836,HORD001212,PRD0475,2.0,304.73,609.46
HITM0003837,HORD001212,PRD0758,1.0,688.14,688.14
HITM0003838,HORD001212,PRD0541,1.0,1837.92,1837.92
HITM0003839,HORD001212,PRD0938,2.0,857.34,1714.68
HITM0003840,HORD001213,PRD0220,1.0,369.39,369.39
HITM0003841,HORD001213,PRD0434,2.0,2443.59,4887.18
HITM0003842,HORD001214,PRD0375,2.0,302.41,604.82
HITM0003843,HORD001214,PRD0158,1.0,464.07,464.07
HITM0003844,HORD001215,PRD0794,2.0,3227.51,6455.02
HITM0003845,HORD001215,PRD0805,1.0,151.93,151.93
HITM0003846,HORD001215,PRD0608,1.0,772.25,772.25
HITM0003847,HORD001215,PRD0265,1.0,255.41,255.41
HITM0003848,HORD001216,PRD0626,2.0,502.49,1004.98
HITM0003849,HORD001216,PRD0771,1.0,1968.01,1968.01
HITM0003850,HORD001217,PRD0415,1.0,921.87,921.87
HITM0003851,HORD001217,PRD0766,1.0,551.34,551.34
HITM0003852,HORD001217,PRD0147,2.0,94.45,188.9
HITM0003853,HORD001218,PRD0521,1.0,1486.1,1486.1
HITM0003854,HORD001218,PRD0493,1.0,1550.96,1550.96
HITM0003855,HORD001218,PRD0376,1.0,804.1,804.1
HITM0003856,HORD001219,PRD0021,2.0,2242.17,4484.34
HITM0003857,HORD001219,PRD0542,1.0,720.22,720.22
HITM0003858,HORD001219,PRD0416,1.0,753.43,753.43
HITM0003859,HORD001220,PRD0369,1.0,462.08,462.08
HITM0003860,HORD001220,PRD0620,1.0,123.89,123.89
HITM0003861,HORD001220,PRD0755,1.0,683.65,683.65
HITM0003862,HORD001221,PRD0373,1.0,572.77,572.77
HITM0003863,HORD001221,PRD0447,1.0,79.94,79.94
HITM0003864,HORD001221,PRD0554,1.0,1619.69,1619.69
HITM0003865,HORD001221,PRD0717,1.0,615.2,615.2
HITM0003866,HORD001222,PRD0218,1.0,838.07,838.07
HITM0003867,HORD001223,PRD0906,1.0,58.83,58.83
HITM0003868,HORD001223,PRD0005,1.0,450.36,450.36
HITM0003869,HORD001224,PRD0685,1.0,367.73,367.73
HITM0003870,HORD001224,PRD0987,1.0,925.55,925.55
HITM0003871,HORD001224,PRD0078,1.0,166.61,166.61
HITM0003872,HORD001224,PRD0281,1.0,1660.11,1660.11
HITM0003873,HORD001225,PRD0187,3.0,1290.47,3871.41
HITM0003874,HORD001225,PRD0659,1.0,293.62,293.62
HITM0003875,HORD001225,PRD0278,1.0,100.15,100.15
HITM0003876,HORD001226,PRD0790,2.0,25.52,51.04
HITM0003877,HORD001226,PRD0443,2.0,667.38,1334.76
HITM0003878,HORD001226,PRD0845,2.0,242.25,484.5
HITM0003879,HORD001227,PRD0495,2.0,617.55,1235.1
HITM0003880,HORD001227,PRD0526,1.0,149.19,149.19
HITM0003881,HORD001227,PRD0681,1.0,2498.26,2498.26
HITM0003882,HORD001227,PRD0734,1.0,2197.09,2197.09
HITM0003883,HORD001228,PRD0546,2.0,426.68,853.36
HITM0003884,HORD001228,PRD0046,1.0,690.5,690.5
HITM0003885,HORD001228,PRD0039,1.0,980.04,980.04
HITM0003886,HORD001228,PRD0537,1.0,2543.03,2543.03
HITM0003887,HORD001229,PRD0237,1.0,2346.84,2346.84
HITM0003888,HORD001229,PRD0380,1.0,117.36,117.36
HITM0003889,HORD001229,PRD0697,1.0,1104.18,1104.18
HITM0003890,HORD001229,PRD0434,1.0,2443.59,2443.59
HITM0003891,HORD001229,PRD0706,2.0,746.72,1493.44
HITM0003892,HORD001230,PRD0988,1.0,470.37,470.37
HITM0003893,HORD001230,PRD0526,1.0,149.19,149.19
HITM0003894,HORD001230,PRD0561,2.0,2439.38,4878.76
HITM0003895,HORD001231,PRD0529,1.0,1448.34,1448.34
HITM0003896,HORD001231,PRD0564,2.0,1250.64,2501.28
HITM0003897,HORD001232,PRD0567,1.0,383.28,383.28
HITM0003898,HORD001232,PRD0369,1.0,462.08,462.08
HITM0003899,HORD001232,PRD0150,1.0,27.72,27.72
HITM0003900,HORD001232,PRD0320,1.0,289.98,289.98
HITM0003901,HORD001232,PRD0103,1.0,540.65,540.65
HITM0003902,HORD001233,PRD0915,1.0,763.7,763.7
HITM0003903,HORD001234,PRD0480,1.0,37.46,37.46
HITM0003904,HORD001234,PRD0609,1.0,138.47,138.47
HITM0003905,HORD001235,PRD0618,1.0,1068.97,1068.97
HITM0003906,HORD001236,PRD0004,1.0,466.88,466.88
HITM0003907,HORD001236,PRD0150,1.0,27.72,27.72
HITM0003908,HORD001236,PRD0419,1.0,1223.67,1223.67
HITM0003909,HORD001236,PRD0749,1.0,633.27,633.27
HITM0003910,HORD001236,PRD0475,1.0,304.73,304.73
HITM0003911,HORD001237,PRD0339,1.0,427.29,427.29
HITM0003912,HORD001237,PRD0125,1.0,1004.47,1004.47
HITM0003913,HORD001237,PRD0696,1.0,107.86,107.86
HITM0003914,HORD001238,PRD0240,1.0,113.94,113.94
HITM0003915,HORD001238,PRD0966,1.0,340.4,340.4
HITM0003916,HORD001238,PRD0485,2.0,518.63,1037.26
HITM0003917,HORD001238,PRD0258,1.0,171.41,171.41
HITM0003918,HORD001239,PRD0112,1.0,1193.81,1193.81
HITM0003919,HORD001239,PRD0375,1.0,302.41,302.41
HITM0003920,HORD001239,PRD0009,2.0,1102.1,2204.2
HITM0003921,HORD001239,PRD0436,2.0,99.16,198.32
HITM0003922,HORD001239,PRD0757,1.0,2401.56,2401.56
HITM0003923,HORD001240,PRD0122,1.0,1755.78,1755.78
HITM0003924,HORD001240,PRD0050,1.0,202.62,202.62
HITM0003925,HORD001240,PRD0763,1.0,1426.88,1426.88
HITM0003926,HORD001241,PRD0478,1.0,111.87,111.87
HITM0003927,HORD001241,PRD0348,1.0,1003.34,1003.34
HITM0003928,HORD001241,PRD0177,1.0,500.75,500.75
HITM0003929,HORD001242,PRD0816,2.0,354.93,709.86
HITM0003930,HORD001242,PRD0522,1.0,942.08,942.08
HITM0003931,HORD001242,PRD0966,1.0,340.4,340.4
HITM0003932,HORD001243,PRD0485,1.0,518.63,518.63
HITM0003933,HORD001243,PRD0820,1.0,95.58,95.58
HITM0003934,HORD001243,PRD0358,3.0,67.02,201.06
HITM0003935,HORD001244,PRD0585,1.0,557.31,557.31
HITM0003936,HORD001244,PRD0390,2.0,27.7,55.4
HITM0003937,HORD001245,PRD0807,1.0,1536.27,1536.27
HITM0003938,HORD001245,PRD0686,2.0,791.36,1582.72
HITM0003939,HORD001245,PRD0806,1.0,43.45,43.45
HITM0003940,HORD001245,PRD0555,1.0,407.18,407.18
HITM0003941,HORD001245,PRD0950,1.0,321.18,321.18
HITM0003942,HORD001246,PRD0587,1.0,103.55,103.55
HITM0003943,HORD001247,PRD0359,1.0,169.12,169.12
HITM0003944,HORD001247,PRD0892,3.0,324.59,973.77
HITM0003945,HORD001247,PRD0495,1.0,617.55,617.55
HITM0003946,HORD001247,PRD0452,1.0,318.36,318.36
HITM0003947,HORD001248,PRD0136,1.0,107.5,107.5
HITM0003948,HORD001248,PRD0009,3.0,1102.1,3306.3
HITM0003949,HORD001248,PRD0244,1.0,3425.92,3425.92
HITM0003950,HORD001249,PRD0436,1.0,99.16,99.16
HITM0003951,HORD001249,PRD0544,1.0,1918.0,1918.0
HITM0003952,HORD001249,PRD0993,3.0,489.97,1469.91
HITM0003953,HORD001250,PRD0889,2.0,252.57,505.14
HITM0003954,HORD001250,PRD0097,1.0,673.56,673.56
HITM0003955,HORD001251,PRD0657,1.0,91.2,91.2
HITM0003956,HORD001251,PRD0540,1.0,255.66,255.66
HITM0003957,HORD001251,PRD0201,1.0,2007.57,2007.57
HITM0003958,HORD001252,PRD0266,3.0,424.49,1273.47
HITM0003959,HORD001252,PRD0340,2.0,68.17,136.34
HITM0003960,HORD001252,PRD0164,2.0,1852.48,3704.96
HITM0003961,HORD001252,PRD0199,2.0,290.9,581.8
HITM0003962,HORD001252,PRD0922,1.0,1416.33,1416.33
HITM0003963,HORD001253,PRD0049,1.0,149.55,149.55
HITM0003964,HORD001253,PRD0785,2.0,611.01,1222.02
HITM0003965,HORD001253,PRD0387,1.0,2587.59,2587.59
HITM0003966,HORD001254,PRD0728,1.0,188.05,188.05
HITM0003967,HORD001254,PRD0657,2.0,91.2,182.4
HITM0003968,HORD001255,PRD0175,1.0,760.09,760.09
HITM0003969,HORD001255,PRD0369,1.0,462.08,462.08
HITM0003970,HORD001255,PRD0238,1.0,690.75,690.75
HITM0003971,HORD001255,PRD0748,2.0,176.05,352.1
HITM0003972,HORD001256,PRD0867,1.0,2280.38,2280.38
HITM0003973,HORD001257,PRD0078,2.0,166.61,333.22
HITM0003974,HORD001257,PRD0837,2.0,333.32,666.64
HITM0003975,HORD001257,PRD0479,1.0,785.34,785.34
HITM0003976,HORD001257,PRD0556,2.0,303.66,607.32
HITM0003977,HORD001258,PRD0061,1.0,2524.66,2524.66
HITM0003978,HORD001259,PRD0395,1.0,404.44,404.44
HITM0003979,HORD001259,PRD0446,1.0,546.41,546.41
HITM0003980,HORD001259,PRD0798,1.0,902.25,902.25
HITM0003981,HORD001259,PRD0072,1.0,1390.27,1390.27
HITM0003982,HORD001259,PRD0418,1.0,513.88,513.88
HITM0003983,HORD001260,PRD0491,2.0,1093.0,2186.0
HITM0003984,HORD001260,PRD0204,1.0,1433.35,1433.35
HITM0003985,HORD001260,PRD0404,2.0,3995.8,7991.6
HITM0003986,HORD001261,PRD0990,1.0,373.23,373.23
HITM0003987,HORD001261,PRD0010,1.0,15.97,15.97
HITM0003988,HORD001262,PRD0150,1.0,27.72,27.72
HITM0003989,HORD001262,PRD0589,1.0,675.7,675.7
HITM0003990,HORD001262,PRD0490,1.0,20.66,20.66
HITM0003991,HORD001262,PRD0708,2.0,720.36,1440.72
HITM0003992,HORD001262,PRD0500,2.0,352.58,705.16
HITM0003993,HORD001263,PRD0438,1.0,246.04,246.04
HITM0003994,HORD001263,PRD0921,1.0,1711.96,1711.96
HITM0003995,HORD001263,PRD0074,2.0,2480.38,4960.76
HITM0003996,HORD001264,PRD0010,2.0,15.97,31.94
HITM0003997,HORD001264,PRD0445,1.0,1141.73,1141.73
HITM0003998,HORD001264,PRD0015,1.0,184.83,184.83
HITM0003999,HORD001264,PRD0306,1.0,643.72,643.72
HITM0004000,HORD001264,PRD0078,2.0,166.61,333.22
HITM0004001,HORD001265,PRD0378,2.0,110.97,221.94
HITM0004002,HORD001265,PRD0503,1.0,866.27,866.27
HITM0004003,HORD001265,PRD0674,1.0,2346.31,2346.31
HITM0004004,HORD001265,PRD0290,1.0,61.51,61.51
HITM0004005,HORD001265,PRD0720,1.0,261.71,261.71
HITM0004006,HORD001266,PRD0179,1.0,1156.54,1156.54
HITM0004007,HORD001266,PRD0647,1.0,1397.05,1397.05
HITM0004008,HORD001266,PRD0287,1.0,1873.36,1873.36
HITM0004009,HORD001267,PRD0825,1.0,289.25,289.25
HITM0004010,HORD001267,PRD0129,1.0,416.68,416.68
HITM0004011,HORD001267,PRD0904,1.0,673.64,673.64
HITM0004012,HORD001267,PRD0017,1.0,1860.35,1860.35
HITM0004013,HORD001268,PRD0587,1.0,103.55,103.55
HITM0004014,HORD001268,PRD0600,1.0,394.0,394.0
HITM0004015,HORD001268,PRD0458,1.0,721.39,721.39
HITM0004016,HORD001268,PRD0860,1.0,148.71,148.71
HITM0004017,HORD001268,PRD0473,1.0,576.89,576.89
HITM0004018,HORD001269,PRD0263,1.0,1272.94,1272.94
HITM0004019,HORD001269,PRD0077,2.0,966.88,1933.76
HITM0004020,HORD001269,PRD0514,1.0,2353.19,2353.19
HITM0004021,HORD001269,PRD0131,1.0,1214.27,1214.27
HITM0004022,HORD001270,PRD0632,1.0,1094.69,1094.69
HITM0004023,HORD001271,PRD0667,2.0,424.48,848.96
HITM0004024,HORD001271,PRD0904,1.0,673.64,673.64
HITM0004025,HORD001271,PRD0002,1.0,684.63,684.63
HITM0004026,HORD001272,PRD0318,1.0,913.52,913.52
HITM0004027,HORD001272,PRD0794,1.0,3227.51,3227.51
HITM0004028,HORD001272,PRD0580,1.0,76.83,76.83
HITM0004029,HORD001272,PRD0515,1.0,421.93,421.93
HITM0004030,HORD001273,PRD0756,1.0,244.21,244.21
HITM0004031,HORD001273,PRD0431,1.0,2253.8,2253.8
HITM0004032,HORD001274,PRD0024,2.0,1506.88,3013.76
HITM0004033,HORD001274,PRD0487,1.0,1262.93,1262.93
HITM0004034,HORD001274,PRD0034,1.0,1865.66,1865.66
HITM0004035,HORD001275,PRD0438,1.0,246.04,246.04
HITM0004036,HORD001275,PRD0568,1.0,272.51,272.51
HITM0004037,HORD001275,PRD0696,1.0,107.86,107.86
HITM0004038,HORD001275,PRD0288,2.0,171.9,343.8
HITM0004039,HORD001276,PRD0760,1.0,405.95,405.95
HITM0004040,HORD001276,PRD0434,1.0,2443.59,2443.59
HITM0004041,HORD001276,PRD0248,1.0,494.67,494.67
HITM0004042,HORD001277,PRD0063,1.0,1124.17,1124.17
HITM0004043,HORD001277,PRD0996,1.0,654.73,654.73
HITM0004044,HORD001277,PRD0670,1.0,85.16,85.16
HITM0004045,HORD001278,PRD0917,1.0,1550.77,1550.77
HITM0004046,HORD001279,PRD0339,1.0,427.29,427.29
HITM0004047,HORD001279,PRD0174,1.0,3910.58,3910.58
HITM0004048,HORD001279,PRD0618,1.0,1068.97,1068.97
HITM0004049,HORD001279,PRD0428,2.0,621.91,1243.82
HITM0004050,HORD001280,PRD0656,2.0,820.33,1640.66
HITM0004051,HORD001280,PRD0334,2.0,2364.45,4728.9
HITM0004052,HORD001281,PRD0625,1.0,1041.53,1041.53
HITM0004053,HORD001281,PRD0480,1.0,37.46,37.46
HITM0004054,HORD001281,PRD0490,2.0,20.66,41.32
HITM0004055,HORD001281,PRD0936,1.0,808.97,808.97
HITM0004056,HORD001282,PRD0036,1.0,116.11,116.11
HITM0004057,HORD001282,PRD0510,1.0,71.92,71.92
HITM0004058,HORD001282,PRD0709,1.0,1423.26,1423.26
HITM0004059,HORD001282,PRD0839,1.0,706.25,706.25
HITM0004060,HORD001283,PRD0434,1.0,2443.59,2443.59
HITM0004061,HORD001284,PRD0765,1.0,126.56,126.56
HITM0004062,HORD001284,PRD0787,1.0,1706.85,1706.85
HITM0004063,HORD001284,PRD0717,2.0,615.2,1230.4
HITM0004064,HORD001285,PRD0767,1.0,122.05,122.05
HITM0004065,HORD001285,PRD0213,1.0,1561.73,1561.73
HITM0004066,HORD001286,PRD0062,1.0,1554.42,1554.42
HITM0004067,HORD001286,PRD0132,1.0,713.61,713.61
HITM0004068,HORD001286,PRD0343,1.0,1244.05,1244.05
HITM0004069,HORD001287,PRD0129,1.0,416.68,416.68
HITM0004070,HORD001287,PRD0083,1.0,719.56,719.56
HITM0004071,HORD001287,PRD0057,1.0,1403.88,1403.88
HITM0004072,HORD001288,PRD0110,2.0,250.51,501.02
HITM0004073,HORD001288,PRD0371,1.0,1060.97,1060.97
HITM0004074,HORD001288,PRD0338,1.0,950.04,950.04
HITM0004075,HORD001289,PRD0929,1.0,1084.81,1084.81
HITM0004076,HORD001289,PRD0316,1.0,28.93,28.93
HITM0004077,HORD001289,PRD0411,1.0,1649.5,1649.5
HITM0004078,HORD001290,PRD0847,1.0,940.4,940.4
HITM0004079,HORD001290,PRD0938,1.0,857.34,857.34
HITM0004080,HORD001290,PRD0078,1.0,166.61,166.61
HITM0004081,HORD001290,PRD0195,2.0,337.11,674.22
HITM0004082,HORD001291,PRD0370,1.0,143.48,143.48
HITM0004083,HORD001291,PRD0420,1.0,202.02,202.02
HITM0004084,HORD001291,PRD0357,1.0,193.87,193.87
HITM0004085,HORD001291,PRD0807,2.0,1536.27,3072.54
HITM0004086,HORD001292,PRD0409,2.0,1192.0,2384.0
HITM0004087,HORD001292,PRD0140,1.0,54.35,54.35
HITM0004088,HORD001293,PRD0478,1.0,111.87,111.87
HITM0004089,HORD001293,PRD0159,2.0,1165.58,2331.16
HITM0004090,HORD001293,PRD0167,1.0,1781.84,1781.84
HITM0004091,HORD001294,PRD0982,1.0,921.88,921.88
HITM0004092,HORD001294,PRD0980,1.0,334.19,334.19
HITM0004093,HORD001294,PRD0748,1.0,176.05,176.05
HITM0004094,HORD001294,PRD0897,2.0,2339.09,4678.18
HITM0004095,HORD001295,PRD0028,1.0,364.14,364.14
HITM0004096,HORD001295,PRD0431,1.0,2253.8,2253.8
HITM0004097,HORD001295,PRD0175,1.0,760.09,760.09
HITM0004098,HORD001296,PRD0840,1.0,148.97,148.97
HITM0004099,HORD001296,PRD0075,1.0,227.56,227.56
HITM0004100,HORD001297,PRD0432,1.0,1225.0,1225.0
HITM0004101,HORD001297,PRD0973,1.0,1395.47,1395.47
HITM0004102,HORD001297,PRD0154,1.0,1575.91,1575.91
HITM0004103,HORD001298,PRD0993,1.0,489.97,489.97
HITM0004104,HORD001298,PRD0335,1.0,424.96,424.96
HITM0004105,HORD001299,PRD0401,1.0,1541.92,1541.92
HITM0004106,HORD001299,PRD0572,1.0,483.42,483.42
HITM0004107,HORD001299,PRD0808,2.0,830.41,1660.82
HITM0004108,HORD001299,PRD0349,1.0,986.72,986.72
HITM0004109,HORD001300,PRD0463,1.0,533.33,533.33
HITM0004110,HORD001300,PRD0307,1.0,2171.11,2171.11
HITM0004111,HORD001300,PRD0975,2.0,977.14,1954.28
HITM0004112,HORD001300,PRD0586,2.0,450.26,900.52
HITM0004113,HORD001301,PRD0568,1.0,272.51,272.51
HITM0004114,HORD001301,PRD0541,1.0,1837.92,1837.92
HITM0004115,HORD001301,PRD0697,1.0,1104.18,1104.18
HITM0004116,HORD001301,PRD0405,1.0,774.44,774.44
HITM0004117,HORD001302,PRD0740,1.0,194.14,194.14
HITM0004118,HORD001302,PRD0836,1.0,726.47,726.47
HITM0004119,HORD001302,PRD0161,2.0,1014.36,2028.72
HITM0004120,HORD001303,PRD0800,2.0,235.68,471.36
HITM0004121,HORD001303,PRD0030,1.0,159.51,159.51
HITM0004122,HORD001303,PRD0776,1.0,486.13,486.13
HITM0004123,HORD001303,PRD0897,1.0,2339.09,2339.09
HITM0004124,HORD001304,PRD0010,1.0,15.97,15.97
HITM0004125,HORD001304,PRD0182,2.0,589.1,1178.2
HITM0004126,HORD001304,PRD0977,1.0,352.01,352.01
HITM0004127,HORD001304,PRD0149,1.0,217.37,217.37
HITM0004128,HORD001304,PRD0244,2.0,3425.92,6851.84
HITM0004129,HORD001305,PRD0722,1.0,909.76,909.76
HITM0004130,HORD001305,PRD0341,2.0,3051.59,6103.18
HITM0004131,HORD001305,PRD0270,1.0,145.44,145.44
HITM0004132,HORD001305,PRD0334,1.0,2364.45,2364.45
HITM0004133,HORD001305,PRD0619,1.0,180.89,180.89
HITM0004134,HORD001306,PRD0008,1.0,799.44,799.44
HITM0004135,HORD001306,PRD0459,2.0,1138.25,2276.5
HITM0004136,HORD001306,PRD0012,3.0,1367.99,4103.97
HITM0004137,HORD001306,PRD0214,2.0,2414.54,4829.08
HITM0004138,HORD001307,PRD0621,1.0,1720.44,1720.44
HITM0004139,HORD001307,PRD0340,1.0,68.17,68.17
HITM0004140,HORD001307,PRD0634,1.0,405.16,405.16
HITM0004141,HORD001308,PRD0310,3.0,318.45,955.35
HITM0004142,HORD001308,PRD0878,3.0,919.03,2757.09
HITM0004143,HORD001308,PRD0839,1.0,706.25,706.25
HITM0004144,HORD001308,PRD0554,1.0,1619.69,1619.69
HITM0004145,HORD001309,PRD0779,1.0,296.88,296.88
HITM0004146,HORD001309,PRD0112,1.0,1193.81,1193.81
HITM0004147,HORD001309,PRD0625,1.0,1041.53,1041.53
HITM0004148,HORD001310,PRD0603,2.0,671.51,1343.02
HITM0004149,HORD001310,PRD0450,1.0,138.07,138.07
HITM0004150,HORD001311,PRD0927,1.0,867.79,867.79
HITM0004151,HORD001311,PRD0459,1.0,1138.25,1138.25
HITM0004152,HORD001312,PRD0810,1.0,224.68,224.68
HITM0004153,HORD001312,PRD0010,1.0,15.97,15.97
HITM0004154,HORD001312,PRD0696,2.0,107.86,215.72
HITM0004155,HORD001313,PRD0715,1.0,343.66,343.66
HITM0004156,HORD001313,PRD0260,1.0,73.31,73.31
HITM0004157,HORD001314,PRD0720,2.0,261.71,523.42
HITM0004158,HORD001314,PRD0063,1.0,1124.17,1124.17
HITM0004159,HORD001314,PRD0501,2.0,1207.42,2414.84
HITM0004160,HORD001314,PRD0047,1.0,1258.28,1258.28
HITM0004161,HORD001315,PRD0618,1.0,1068.97,1068.97
HITM0004162,HORD001315,PRD0807,1.0,1536.27,1536.27
HITM0004163,HORD001315,PRD0832,1.0,646.88,646.88
HITM0004164,HORD001316,PRD0980,1.0,334.19,334.19
HITM0004165,HORD001316,PRD0224,1.0,1301.36,1301.36
HITM0004166,HORD001317,PRD0194,1.0,1326.23,1326.23
HITM0004167,HORD001317,PRD0967,1.0,571.48,571.48
HITM0004168,HORD001317,PRD0947,1.0,1897.91,1897.91
HITM0004169,HORD001318,PRD0336,1.0,823.14,823.14
HITM0004170,HORD001318,PRD0258,1.0,171.41,171.41
HITM0004171,HORD001318,PRD0050,1.0,202.62,202.62
HITM0004172,HORD001319,PRD0640,1.0,153.76,153.76
HITM0004173,HORD001320,PRD0576,1.0,136.9,136.9
HITM0004174,HORD001320,PRD0564,1.0,1250.64,1250.64
HITM0004175,HORD001321,PRD0268,1.0,944.09,944.09
HITM0004176,HORD001321,PRD0135,1.0,800.53,800.53
HITM0004177,HORD001321,PRD0430,1.0,214.75,214.75
HITM0004178,HORD001321,PRD0302,1.0,1232.1,1232.1
HITM0004179,HORD001322,PRD0690,1.0,306.64,306.64
HITM0004180,HORD001322,PRD0710,1.0,302.55,302.55
HITM0004181,HORD001323,PRD0880,1.0,263.31,263.31
HITM0004182,HORD001323,PRD0208,1.0,373.86,373.86
HITM0004183,HORD001324,PRD0448,2.0,67.35,134.7
HITM0004184,HORD001324,PRD0394,1.0,3284.35,3284.35
HITM0004185,HORD001324,PRD0104,1.0,3735.61,3735.61
HITM0004186,HORD001325,PRD0849,2.0,1011.98,2023.96
HITM0004187,HORD001325,PRD0208,1.0,373.86,373.86
HITM0004188,HORD001325,PRD0480,1.0,37.46,37.46
HITM0004189,HORD001325,PRD0716,1.0,242.32,242.32
HITM0004190,HORD001325,PRD0372,1.0,763.17,763.17
HITM0004191,HORD001326,PRD0680,3.0,46.75,140.25
HITM0004192,HORD001326,PRD0870,1.0,285.87,285.87
HITM0004193,HORD001326,PRD0303,1.0,961.05,961.05
HITM0004194,HORD001326,PRD0580,2.0,76.83,153.66
HITM0004195,HORD001327,PRD0765,1.0,126.56,126.56
HITM0004196,HORD001327,PRD0431,1.0,2253.8,2253.8
HITM0004197,HORD001328,PRD0343,1.0,1244.05,1244.05
HITM0004198,HORD001328,PRD0659,3.0,293.62,880.86
HITM0004199,HORD001328,PRD0370,1.0,143.48,143.48
HITM0004200,HORD001328,PRD0868,1.0,869.51,869.51
HITM0004201,HORD001329,PRD0455,3.0,329.34,988.02
HITM0004202,HORD001329,PRD0950,1.0,321.18,321.18
HITM0004203,HORD001329,PRD0353,1.0,526.39,526.39
HITM0004204,HORD001329,PRD0576,1.0,136.9,136.9
HITM0004205,HORD001329,PRD0445,2.0,1141.73,2283.46
HITM0004206,HORD001330,PRD0739,1.0,408.6,408.6
HITM0004207,HORD001330,PRD0750,2.0,203.37,406.74
HITM0004208,HORD001330,PRD0846,1.0,808.25,808.25
HITM0004209,HORD001330,PRD0849,1.0,1011.98,1011.98
HITM0004210,HORD001331,PRD0416,1.0,753.43,753.43
HITM0004211,HORD001331,PRD0018,2.0,112.62,225.24
HITM0004212,HORD001331,PRD0269,3.0,514.16,1542.48
HITM0004213,HORD001332,PRD0951,1.0,1234.66,1234.66
HITM0004214,HORD001332,PRD0511,1.0,1305.5,1305.5
HITM0004215,HORD001332,PRD0431,1.0,2253.8,2253.8
HITM0004216,HORD001332,PRD0889,1.0,252.57,252.57
HITM0004217,HORD001332,PRD0417,1.0,318.04,318.04
HITM0004218,HORD001333,PRD0724,1.0,1250.76,1250.76
HITM0004219,HORD001333,PRD0801,1.0,1245.32,1245.32
HITM0004220,HORD001334,PRD0059,1.0,721.08,721.08
HITM0004221,HORD001334,PRD0390,3.0,27.7,83.1
HITM0004222,HORD001334,PRD0638,1.0,248.57,248.57
HITM0004223,HORD001335,PRD0232,1.0,306.48,306.48
HITM0004224,HORD001335,PRD0583,2.0,981.15,1962.3
HITM0004225,HORD001335,PRD0806,1.0,43.45,43.45
HITM0004226,HORD001336,PRD0358,1.0,67.02,67.02
HITM0004227,HORD001336,PRD0596,1.0,741.69,741.69
HITM0004228,HORD001337,PRD0575,1.0,357.22,357.22
HITM0004229,HORD001337,PRD0904,2.0,673.64,1347.28
HITM0004230,HORD001338,PRD0428,1.0,621.91,621.91
HITM0004231,HORD001338,PRD0408,1.0,680.47,680.47
HITM0004232,HORD001338,PRD0755,1.0,683.65,683.65
HITM0004233,HORD001338,PRD0306,1.0,643.72,643.72
HITM0004234,HORD001338,PRD0869,1.0,1409.61,1409.61
HITM0004235,HORD001339,PRD0172,1.0,1821.63,1821.63
HITM0004236,HORD001339,PRD0860,1.0,148.71,148.71
HITM0004237,HORD001340,PRD0787,1.0,1706.85,1706.85
HITM0004238,HORD001340,PRD0447,1.0,79.94,79.94
HITM0004239,HORD001340,PRD0887,1.0,111.87,111.87
HITM0004240,HORD001341,PRD0116,1.0,466.48,466.48
HITM0004241,HORD001342,PRD0420,1.0,202.02,202.02
HITM0004242,HORD001342,PRD0590,2.0,268.79,537.58
HITM0004243,HORD001342,PRD0147,1.0,94.45,94.45
HITM0004244,HORD001342,PRD0187,1.0,1290.47,1290.47
HITM0004245,HORD001343,PRD0692,1.0,959.48,959.48
HITM0004246,HORD001344,PRD0614,1.0,3562.62,3562.62
HITM0004247,HORD001344,PRD0372,2.0,763.17,1526.34
HITM0004248,HORD001344,PRD0210,1.0,91.62,91.62
HITM0004249,HORD001345,PRD0461,2.0,2080.96,4161.92
HITM0004250,HORD001345,PRD0770,1.0,254.66,254.66
HITM0004251,HORD001346,PRD0655,1.0,444.01,444.01
HITM0004252,HORD001346,PRD0789,3.0,106.8,320.4
HITM0004253,HORD001347,PRD0750,1.0,203.37,203.37
HITM0004254,HORD001347,PRD0276,2.0,586.47,1172.94
HITM0004255,HORD001347,PRD0668,1.0,658.68,658.68
HITM0004256,HORD001347,PRD0158,1.0,464.07,464.07
HITM0004257,HORD001348,PRD0384,1.0,3587.6,3587.6
HITM0004258,HORD001348,PRD0930,2.0,371.97,743.94
HITM0004259,HORD001349,PRD0378,2.0,110.97,221.94
HITM0004260,HORD001349,PRD0786,1.0,211.68,211.68
HITM0004261,HORD001349,PRD0289,1.0,721.6,721.6
HITM0004262,HORD001349,PRD0627,1.0,2451.16,2451.16
HITM0004263,HORD001350,PRD0490,1.0,20.66,20.66
HITM0004264,HORD001350,PRD0325,1.0,54.61,54.61
HITM0004265,HORD001350,PRD0791,2.0,1863.17,3726.34
HITM0004266,HORD001350,PRD0855,1.0,1099.26,1099.26
HITM0004267,HORD001351,PRD0705,1.0,1103.54,1103.54
HITM0004268,HORD001351,PRD0269,2.0,514.16,1028.32
HITM0004269,HORD001351,PRD0168,1.0,325.2,325.2
HITM0004270,HORD001352,PRD0818,1.0,510.62,510.62
HITM0004271,HORD001352,PRD0723,1.0,1236.33,1236.33
HITM0004272,HORD001353,PRD0140,1.0,54.35,54.35
HITM0004273,HORD001353,PRD0836,1.0,726.47,726.47
HITM0004274,HORD001353,PRD0604,1.0,1327.89,1327.89
HITM0004275,HORD001354,PRD0468,1.0,990.56,990.56
HITM0004276,HORD001354,PRD0868,3.0,869.51,2608.53
HITM0004277,HORD001354,PRD0210,1.0,91.62,91.62
HITM0004278,HORD001355,PRD0006,1.0,813.94,813.94
HITM0004279,HORD001355,PRD0967,1.0,571.48,571.48
HITM0004280,HORD001355,PRD0258,2.0,171.41,342.82
HITM0004281,HORD001355,PRD0050,1.0,202.62,202.62
HITM0004282,HORD001356,PRD0737,1.0,1942.18,1942.18
HITM0004283,HORD001356,PRD0476,2.0,59.63,119.26
HITM0004284,HORD001357,PRD0788,1.0,934.58,934.58
HITM0004285,HORD001357,PRD0004,1.0,466.88,466.88
HITM0004286,HORD001357,PRD0254,1.0,1660.0,1660.0
HITM0004287,HORD001357,PRD0113,2.0,605.4,1210.8
HITM0004288,HORD001357,PRD0257,2.0,2532.59,5065.18
HITM0004289,HORD001358,PRD0038,1.0,829.21,829.21
HITM0004290,HORD001358,PRD0085,1.0,304.21,304.21
HITM0004291,HORD001358,PRD0282,1.0,1401.95,1401.95
HITM0004292,HORD001358,PRD0945,1.0,888.88,888.88
HITM0004293,HORD001359,PRD0235,1.0,510.44,510.44
HITM0004294,HORD001359,PRD0276,1.0,586.47,586.47
HITM0004295,HORD001359,PRD0295,1.0,606.51,606.51
HITM0004296,HORD001359,PRD0473,1.0,576.89,576.89
HITM0004297,HORD001360,PRD0729,1.0,1008.84,1008.84
HITM0004298,HORD001360,PRD0530,1.0,376.94,376.94
HITM0004299,HORD001360,PRD0176,1.0,796.11,796.11
HITM0004300,HORD001361,PRD0933,1.0,1263.06,1263.06
HITM0004301,HORD001361,PRD0088,1.0,835.18,835.18
HITM0004302,HORD001362,PRD0837,1.0,333.32,333.32
HITM0004303,HORD001362,PRD0928,1.0,739.11,739.11
HITM0004304,HORD001362,PRD0789,1.0,106.8,106.8
HITM0004305,HORD001363,PRD0755,1.0,683.65,683.65
HITM0004306,HORD001363,PRD0259,1.0,1302.81,1302.81
HITM0004307,HORD001363,PRD0203,1.0,910.47,910.47
HITM0004308,HORD001363,PRD0970,1.0,71.64,71.64
HITM0004309,HORD001363,PRD0870,1.0,285.87,285.87
HITM0004310,HORD001364,PRD0651,1.0,929.1,929.1
HITM0004311,HORD001364,PRD0019,1.0,741.78,741.78
HITM0004312,HORD001364,PRD1000,2.0,364.05,728.1
HITM0004313,HORD001364,PRD0421,1.0,2504.26,2504.26
HITM0004314,HORD001364,PRD0615,2.0,196.23,392.46
HITM0004315,HORD001365,PRD0816,1.0,354.93,354.93
HITM0004316,HORD001365,PRD0573,1.0,394.67,394.67
HITM0004317,HORD001365,PRD0856,1.0,415.09,415.09
HITM0004318,HORD001365,PRD0076,1.0,588.36,588.36
HITM0004319,HORD001366,PRD0308,1.0,1053.94,1053.94
HITM0004320,HORD001366,PRD0546,1.0,426.68,426.68
HITM0004321,HORD001366,PRD0004,1.0,466.88,466.88
HITM0004322,HORD001366,PRD0462,1.0,1259.7,1259.7
HITM0004323,HORD001366,PRD0745,1.0,805.9,805.9
HITM0004324,HORD001367,PRD0256,2.0,336.19,672.38
HITM0004325,HORD001367,PRD0933,2.0,1263.06,2526.12
HITM0004326,HORD001368,PRD0828,1.0,125.24,125.24
HITM0004327,HORD001368,PRD0916,1.0,265.34,265.34
HITM0004328,HORD001369,PRD0863,1.0,1009.18,1009.18
HITM0004329,HORD001369,PRD0474,1.0,1023.76,1023.76
HITM0004330,HORD001369,PRD0237,1.0,2346.84,2346.84
HITM0004331,HORD001369,PRD0676,1.0,444.48,444.48
HITM0004332,HORD001369,PRD0584,1.0,2076.86,2076.86
HITM0004333,HORD001370,PRD0141,2.0,2490.91,4981.82
HITM0004334,HORD001370,PRD0612,1.0,471.59,471.59
HITM0004335,HORD001370,PRD0475,1.0,304.73,304.73
HITM0004336,HORD001370,PRD0010,1.0,15.97,15.97
HITM0004337,HORD001371,PRD0180,1.0,24.86,24.86
HITM0004338,HORD001371,PRD0268,1.0,944.09,944.09
HITM0004339,HORD001371,PRD0225,1.0,213.62,213.62
HITM0004340,HORD001371,PRD0165,1.0,722.38,722.38
HITM0004341,HORD001371,PRD0145,1.0,1050.7,1050.7
HITM0004342,HORD001372,PRD0046,1.0,690.5,690.5
HITM0004343,HORD001372,PRD0589,1.0,675.7,675.7
HITM0004344,HORD001372,PRD0394,1.0,3284.35,3284.35
HITM0004345,HORD001373,PRD0191,1.0,1045.12,1045.12
HITM0004346,HORD001373,PRD0368,1.0,807.79,807.79
HITM0004347,HORD001373,PRD0867,1.0,2280.38,2280.38
HITM0004348,HORD001373,PRD0299,1.0,658.78,658.78
HITM0004349,HORD001374,PRD0148,2.0,784.78,1569.56
HITM0004350,HORD001374,PRD0997,1.0,995.85,995.85
HITM0004351,HORD001374,PRD0574,1.0,2255.24,2255.24
HITM0004352,HORD001374,PRD0500,3.0,352.58,1057.74
HITM0004353,HORD001375,PRD0231,1.0,2034.99,2034.99
HITM0004354,HORD001375,PRD0790,1.0,25.52,25.52
HITM0004355,HORD001375,PRD0898,2.0,236.36,472.72
HITM0004356,HORD001375,PRD0265,2.0,255.41,510.82
HITM0004357,HORD001376,PRD0127,1.0,1805.09,1805.09
HITM0004358,HORD001376,PRD0271,1.0,1115.7,1115.7
HITM0004359,HORD001376,PRD0843,1.0,1142.85,1142.85
HITM0004360,HORD001376,PRD0783,1.0,516.28,516.28
HITM0004361,HORD001377,PRD0308,1.0,1053.94,1053.94
HITM0004362,HORD001377,PRD0082,1.0,383.13,383.13
HITM0004363,HORD001377,PRD0239,1.0,1256.88,1256.88
HITM0004364,HORD001377,PRD0050,1.0,202.62,202.62
HITM0004365,HORD001377,PRD0130,2.0,128.78,257.56
HITM0004366,HORD001378,PRD0015,1.0,184.83,184.83
HITM0004367,HORD001378,PRD0782,1.0,1330.98,1330.98
HITM0004368,HORD001378,PRD0441,1.0,1117.87,1117.87
HITM0004369,HORD001378,PRD0475,2.0,304.73,609.46
HITM0004370,HORD001378,PRD0499,1.0,1327.93,1327.93
HITM0004371,HORD001379,PRD0420,1.0,202.02,202.02
HITM0004372,HORD001379,PRD0645,1.0,886.19,886.19
HITM0004373,HORD001379,PRD0030,1.0,159.51,159.51
HITM0004374,HORD001379,PRD0448,2.0,67.35,134.7
HITM0004375,HORD001380,PRD0818,3.0,510.62,1531.86
HITM0004376,HORD001380,PRD0481,1.0,1297.53,1297.53
HITM0004377,HORD001380,PRD0005,1.0,450.36,450.36
HITM0004378,HORD001381,PRD0269,1.0,514.16,514.16
HITM0004379,HORD001381,PRD0432,3.0,1225.0,3675.0
HITM0004380,HORD001381,PRD0517,1.0,1366.6,1366.6
HITM0004381,HORD001381,PRD0961,2.0,1724.67,3449.34
HITM0004382,HORD001382,PRD0432,1.0,1225.0,1225.0
HITM0004383,HORD001382,PRD0014,1.0,2953.53,2953.53
HITM0004384,HORD001382,PRD0166,1.0,833.21,833.21
HITM0004385,HORD001382,PRD0293,1.0,399.18,399.18
HITM0004386,HORD001382,PRD0813,1.0,1381.91,1381.91
HITM0004387,HORD001383,PRD0168,1.0,325.2,325.2
HITM0004388,HORD001383,PRD0819,1.0,647.95,647.95
HITM0004389,HORD001383,PRD0809,2.0,929.49,1858.98
HITM0004390,HORD001383,PRD0806,1.0,43.45,43.45
HITM0004391,HORD001384,PRD0051,2.0,1650.3,3300.6
HITM0004392,HORD001384,PRD0432,1.0,1225.0,1225.0
HITM0004393,HORD001384,PRD0058,2.0,660.96,1321.92
HITM0004394,HORD001384,PRD0075,1.0,227.56,227.56
HITM0004395,HORD001385,PRD0564,1.0,1250.64,1250.64
HITM0004396,HORD001386,PRD0679,1.0,1147.59,1147.59
HITM0004397,HORD001387,PRD0753,1.0,497.57,497.57
HITM0004398,HORD001387,PRD0182,1.0,589.1,589.1
HITM0004399,HORD001387,PRD0726,1.0,620.57,620.57
HITM0004400,HORD001387,PRD0911,1.0,1436.52,1436.52
HITM0004401,HORD001388,PRD0642,1.0,790.1,790.1
HITM0004402,HORD001388,PRD0679,2.0,1147.59,2295.18
HITM0004403,HORD001388,PRD0367,3.0,1853.15,5559.45
HITM0004404,HORD001389,PRD0300,1.0,30.76,30.76
HITM0004405,HORD001389,PRD0232,1.0,306.48,306.48
HITM0004406,HORD001389,PRD0753,1.0,497.57,497.57
HITM0004407,HORD001390,PRD0552,1.0,1832.39,1832.39
HITM0004408,HORD001390,PRD0940,2.0,139.21,278.42
HITM0004409,HORD001390,PRD0135,1.0,800.53,800.53
HITM0004410,HORD001390,PRD0520,1.0,93.98,93.98
HITM0004411,HORD001390,PRD0448,1.0,67.35,67.35
HITM0004412,HORD001391,PRD0217,1.0,2044.02,2044.02
HITM0004413,HORD001391,PRD0293,1.0,399.18,399.18
HITM0004414,HORD001391,PRD0314,1.0,2377.47,2377.47
HITM0004415,HORD001391,PRD0380,1.0,117.36,117.36
HITM0004416,HORD001392,PRD0340,1.0,68.17,68.17
HITM0004417,HORD001393,PRD0110,1.0,250.51,250.51
HITM0004418,HORD001394,PRD0258,1.0,171.41,171.41
HITM0004419,HORD001395,PRD0974,1.0,2468.26,2468.26
HITM0004420,HORD001395,PRD0614,1.0,3562.62,3562.62
HITM0004421,HORD001396,PRD0522,3.0,942.08,2826.24
HITM0004422,HORD001396,PRD0232,1.0,306.48,306.48
HITM0004423,HORD001396,PRD0180,1.0,24.86,24.86
HITM0004424,HORD001396,PRD0010,1.0,15.97,15.97
HITM0004425,HORD001397,PRD0641,1.0,934.18,934.18
HITM0004426,HORD001397,PRD0394,1.0,3284.35,3284.35
HITM0004427,HORD001397,PRD0109,1.0,516.32,516.32
HITM0004428,HORD001397,PRD0055,1.0,1172.72,1172.72
HITM0004429,HORD001398,PRD0320,1.0,289.98,289.98
HITM0004430,HORD001398,PRD0466,2.0,283.41,566.82
HITM0004431,HORD001398,PRD0566,1.0,47.51,47.51
HITM0004432,HORD001399,PRD0388,2.0,269.65,539.3
HITM0004433,HORD001399,PRD0895,1.0,862.99,862.99
HITM0004434,HORD001400,PRD0142,1.0,1815.54,1815.54
HITM0004435,HORD001400,PRD0718,1.0,1045.66,1045.66
HITM0004436,HORD001400,PRD0656,1.0,820.33,820.33
HITM0004437,HORD001400,PRD0806,1.0,43.45,43.45
HITM0004438,HORD001401,PRD0100,1.0,122.42,122.42
HITM0004439,HORD001401,PRD0146,1.0,795.49,795.49
HITM0004440,HORD001402,PRD0262,1.0,1522.38,1522.38
HITM0004441,HORD001402,PRD0416,1.0,753.43,753.43
HITM0004442,HORD001402,PRD0960,1.0,103.86,103.86
HITM0004443,HORD001402,PRD0409,1.0,1192.0,1192.0
HITM0004444,HORD001403,PRD0304,1.0,524.3,524.3
HITM0004445,HORD001403,PRD0695,2.0,809.88,1619.76
HITM0004446,HORD001403,PRD0229,1.0,412.68,412.68
HITM0004447,HORD001403,PRD0555,1.0,407.18,407.18
HITM0004448,HORD001404,PRD0029,1.0,1109.68,1109.68
HITM0004449,HORD001404,PRD0392,1.0,930.86,930.86
HITM0004450,HORD001405,PRD0736,1.0,829.44,829.44
HITM0004451,HORD001405,PRD0638,1.0,248.57,248.57
HITM0004452,HORD001405,PRD0756,2.0,244.21,488.42
HITM0004453,HORD001405,PRD0105,1.0,275.3,275.3
HITM0004454,HORD001406,PRD0374,1.0,1059.26,1059.26
HITM0004455,HORD001406,PRD0567,1.0,383.28,383.28
HITM0004456,HORD001406,PRD0082,1.0,383.13,383.13
HITM0004457,HORD001406,PRD0743,2.0,1161.24,2322.48
HITM0004458,HORD001407,PRD0022,1.0,1200.0,1200.0
HITM0004459,HORD001407,PRD0779,1.0,296.88,296.88
HITM0004460,HORD001407,PRD0165,2.0,722.38,1444.76
HITM0004461,HORD001408,PRD0290,1.0,61.51,61.51
HITM0004462,HORD001408,PRD0560,2.0,230.25,460.5
HITM0004463,HORD001408,PRD0129,1.0,416.68,416.68
HITM0004464,HORD001409,PRD0109,1.0,516.32,516.32
HITM0004465,HORD001409,PRD0096,1.0,329.23,329.23
HITM0004466,HORD001409,PRD0528,1.0,821.66,821.66
HITM0004467,HORD001410,PRD0535,1.0,976.79,976.79
HITM0004468,HORD001410,PRD0628,2.0,306.06,612.12
HITM0004469,HORD001410,PRD0304,1.0,524.3,524.3
HITM0004470,HORD001411,PRD0953,1.0,367.94,367.94
HITM0004471,HORD001411,PRD0288,1.0,171.9,171.9
HITM0004472,HORD001411,PRD0045,1.0,70.08,70.08
HITM0004473,HORD001411,PRD0304,1.0,524.3,524.3
HITM0004474,HORD001412,PRD0748,1.0,176.05,176.05
HITM0004475,HORD001412,PRD0198,1.0,155.28,155.28
HITM0004476,HORD001412,PRD0100,1.0,122.42,122.42
HITM0004477,HORD001412,PRD0685,1.0,367.73,367.73
HITM0004478,HORD001413,PRD0170,1.0,71.95,71.95
HITM0004479,HORD001413,PRD0213,1.0,1561.73,1561.73
HITM0004480,HORD001413,PRD0712,1.0,1113.98,1113.98
HITM0004481,HORD001413,PRD0241,1.0,1271.03,1271.03
HITM0004482,HORD001413,PRD0609,1.0,138.47,138.47
HITM0004483,HORD001414,PRD0411,1.0,1649.5,1649.5
HITM0004484,HORD001414,PRD0809,2.0,929.49,1858.98
HITM0004485,HORD001415,PRD0325,1.0,54.61,54.61
HITM0004486,HORD001415,PRD0476,3.0,59.63,178.89
HITM0004487,HORD001415,PRD0449,1.0,227.09,227.09
HITM0004488,HORD001416,PRD0448,1.0,67.35,67.35
HITM0004489,HORD001416,PRD0856,1.0,415.09,415.09
HITM0004490,HORD001416,PRD0323,3.0,786.71,2360.13
HITM0004491,HORD001417,PRD0658,2.0,140.48,280.96
HITM0004492,HORD001417,PRD0380,3.0,117.36,352.08
HITM0004493,HORD001417,PRD0686,1.0,791.36,791.36
HITM0004494,HORD001418,PRD0191,2.0,1045.12,2090.24
HITM0004495,HORD001418,PRD0754,1.0,3612.65,3612.65
HITM0004496,HORD001419,PRD0809,2.0,929.49,1858.98
HITM0004497,HORD001419,PRD0810,1.0,224.68,224.68
HITM0004498,HORD001419,PRD0959,2.0,198.15,396.3
HITM0004499,HORD001419,PRD0985,1.0,750.86,750.86
HITM0004500,HORD001420,PRD0800,1.0,235.68,235.68
HITM0004501,HORD001420,PRD0516,1.0,565.33,565.33
HITM0004502,HORD001420,PRD0965,2.0,271.51,543.02
HITM0004503,HORD001421,PRD0149,1.0,217.37,217.37
HITM0004504,HORD001421,PRD0938,1.0,857.34,857.34
HITM0004505,HORD001422,PRD0340,1.0,68.17,68.17
HITM0004506,HORD001422,PRD0544,3.0,1918.0,5754.0
HITM0004507,HORD001422,PRD0435,2.0,540.59,1081.18
HITM0004508,HORD001423,PRD0767,1.0,122.05,122.05
HITM0004509,HORD001423,PRD0607,1.0,1460.76,1460.76
HITM0004510,HORD001423,PRD0755,1.0,683.65,683.65
HITM0004511,HORD001424,PRD0461,1.0,2080.96,2080.96
HITM0004512,HORD001424,PRD0683,1.0,1384.61,1384.61
HITM0004513,HORD001424,PRD0413,1.0,699.79,699.79
HITM0004514,HORD001425,PRD0616,1.0,644.96,644.96
HITM0004515,HORD001425,PRD0414,1.0,2790.14,2790.14
HITM0004516,HORD001425,PRD0118,1.0,461.86,461.86
HITM0004517,HORD001425,PRD0566,2.0,47.51,95.02
HITM0004518,HORD001425,PRD0412,1.0,1184.31,1184.31
HITM0004519,HORD001426,PRD0657,1.0,91.2,91.2
HITM0004520,HORD001426,PRD0050,1.0,202.62,202.62
HITM0004521,HORD001426,PRD0722,2.0,909.76,1819.52
HITM0004522,HORD001426,PRD0818,2.0,510.62,1021.24
HITM0004523,HORD001427,PRD0454,2.0,561.82,1123.64
HITM0004524,HORD001427,PRD0585,1.0,557.31,557.31
HITM0004525,HORD001427,PRD0740,1.0,194.14,194.14
HITM0004526,HORD001428,PRD0753,1.0,497.57,497.57
HITM0004527,HORD001428,PRD0189,3.0,1154.51,3463.53
HITM0004528,HORD001428,PRD0418,1.0,513.88,513.88
HITM0004529,HORD001429,PRD0152,3.0,476.3,1428.9
HITM0004530,HORD001429,PRD0667,2.0,424.48,848.96
HITM0004531,HORD001429,PRD0108,2.0,186.84,373.68
HITM0004532,HORD001429,PRD0413,1.0,699.79,699.79
HITM0004533,HORD001429,PRD0180,2.0,24.86,49.72
HITM0004534,HORD001430,PRD0001,1.0,942.83,942.83
HITM0004535,HORD001430,PRD0635,1.0,626.79,626.79
HITM0004536,HORD001430,PRD0240,1.0,113.94,113.94
HITM0004537,HORD001430,PRD0716,1.0,242.32,242.32
HITM0004538,HORD001431,PRD0490,1.0,20.66,20.66
HITM0004539,HORD001431,PRD0866,1.0,328.46,328.46
HITM0004540,HORD001431,PRD0435,1.0,540.59,540.59
HITM0004541,HORD001432,PRD0685,3.0,367.73,1103.19
HITM0004542,HORD001432,PRD0450,3.0,138.07,414.21
HITM0004543,HORD001432,PRD0702,1.0,768.26,768.26
HITM0004544,HORD001432,PRD0358,1.0,67.02,67.02
HITM0004545,HORD001433,PRD0683,1.0,1384.61,1384.61
HITM0004546,HORD001433,PRD0716,1.0,242.32,242.32
HITM0004547,HORD001433,PRD0158,1.0,464.07,464.07
HITM0004548,HORD001434,PRD0702,1.0,768.26,768.26
HITM0004549,HORD001434,PRD0796,1.0,830.56,830.56
HITM0004550,HORD001435,PRD0822,1.0,1127.28,1127.28
HITM0004551,HORD001435,PRD0193,3.0,609.21,1827.63
HITM0004552,HORD001436,PRD0034,2.0,1865.66,3731.32
HITM0004553,HORD001436,PRD0096,1.0,329.23,329.23
HITM0004554,HORD001436,PRD0790,1.0,25.52,25.52
HITM0004555,HORD001436,PRD0998,2.0,546.63,1093.26
HITM0004556,HORD001437,PRD0426,2.0,284.68,569.36
HITM0004557,HORD001437,PRD0164,2.0,1852.48,3704.96
HITM0004558,HORD001438,PRD0844,2.0,1996.67,3993.34
HITM0004559,HORD001438,PRD0188,1.0,604.15,604.15
HITM0004560,HORD001438,PRD0244,1.0,3425.92,3425.92
HITM0004561,HORD001438,PRD0386,1.0,109.17,109.17
HITM0004562,HORD001439,PRD0226,2.0,155.94,311.88
HITM0004563,HORD001439,PRD0726,3.0,620.57,1861.71
HITM0004564,HORD001440,PRD0945,1.0,888.88,888.88
HITM0004565,HORD001440,PRD0307,1.0,2171.11,2171.11
HITM0004566,HORD001440,PRD0845,1.0,242.25,242.25
HITM0004567,HORD001440,PRD0490,1.0,20.66,20.66
HITM0004568,HORD001440,PRD0260,1.0,73.31,73.31
HITM0004569,HORD001441,PRD0873,2.0,1287.46,2574.92
HITM0004570,HORD001441,PRD0777,3.0,2527.82,7583.46
HITM0004571,HORD001441,PRD0505,1.0,1083.53,1083.53
HITM0004572,HORD001442,PRD0410,1.0,328.86,328.86
HITM0004573,HORD001442,PRD0398,1.0,413.35,413.35
HITM0004574,HORD001442,PRD0878,1.0,919.03,919.03
HITM0004575,HORD001443,PRD0627,2.0,2451.16,4902.32
HITM0004576,HORD001443,PRD0064,1.0,3819.98,3819.98
HITM0004577,HORD001443,PRD0024,1.0,1506.88,1506.88
HITM0004578,HORD001444,PRD0579,1.0,878.27,878.27
HITM0004579,HORD001444,PRD0818,1.0,510.62,510.62
HITM0004580,HORD001444,PRD0828,1.0,125.24,125.24
HITM0004581,HORD001445,PRD0438,1.0,246.04,246.04
HITM0004582,HORD001446,PRD0582,1.0,1682.59,1682.59
HITM0004583,HORD001447,PRD0356,1.0,302.84,302.84
HITM0004584,HORD001447,PRD0148,1.0,784.78,784.78
HITM0004585,HORD001447,PRD0366,1.0,496.46,496.46
HITM0004586,HORD001447,PRD0830,1.0,87.0,87.0
HITM0004587,HORD001447,PRD0076,2.0,588.36,1176.72
HITM0004588,HORD001448,PRD0592,1.0,748.49,748.49
HITM0004589,HORD001448,PRD0906,1.0,58.83,58.83
HITM0004590,HORD001448,PRD0549,1.0,1361.68,1361.68
HITM0004591,HORD001449,PRD0306,1.0,643.72,643.72
HITM0004592,HORD001449,PRD0636,3.0,63.83,191.49
HITM0004593,HORD001450,PRD0602,1.0,1279.42,1279.42
HITM0004594,HORD001450,PRD0037,1.0,109.69,109.69
HITM0004595,HORD001450,PRD0746,2.0,130.44,260.88
HITM0004596,HORD001450,PRD0247,1.0,968.98,968.98
HITM0004597,HORD001450,PRD0269,1.0,514.16,514.16
HITM0004598,HORD001451,PRD0960,1.0,103.86,103.86
HITM0004599,HORD001451,PRD0988,1.0,470.37,470.37
HITM0004600,HORD001451,PRD0809,1.0,929.49,929.49
HITM0004601,HORD001452,PRD0056,1.0,318.87,318.87
HITM0004602,HORD001452,PRD0245,2.0,653.23,1306.46
HITM0004603,HORD001453,PRD0544,2.0,1918.0,3836.0
HITM0004604,HORD001453,PRD0608,2.0,772.25,1544.5
HITM0004605,HORD001453,PRD0698,2.0,1038.35,2076.7
HITM0004606,HORD001453,PRD0859,2.0,870.26,1740.52
HITM0004607,HORD001454,PRD0124,1.0,2036.87,2036.87
HITM0004608,HORD001454,PRD0353,2.0,526.39,1052.78
HITM0004609,HORD001454,PRD0100,2.0,122.42,244.84
HITM0004610,HORD001454,PRD0846,1.0,808.25,808.25
HITM0004611,HORD001454,PRD0961,1.0,1724.67,1724.67
HITM0004612,HORD001455,PRD0576,1.0,136.9,136.9
HITM0004613,HORD001455,PRD0741,1.0,2451.18,2451.18
HITM0004614,HORD001456,PRD0425,1.0,514.7,514.7
HITM0004615,HORD001456,PRD0478,1.0,111.87,111.87
HITM0004616,HORD001456,PRD0561,1.0,2439.38,2439.38
HITM0004617,HORD001456,PRD0504,1.0,3837.7,3837.7
HITM0004618,HORD001456,PRD0036,1.0,116.11,116.11
HITM0004619,HORD001457,PRD0486,1.0,825.47,825.47
HITM0004620,HORD001458,PRD0573,1.0,394.67,394.67
HITM0004621,HORD001458,PRD0951,2.0,1234.66,2469.32
HITM0004622,HORD001458,PRD0150,2.0,27.72,55.44
HITM0004623,HORD001458,PRD0459,1.0,1138.25,1138.25
HITM0004624,HORD001459,PRD0903,1.0,368.54,368.54
HITM0004625,HORD001460,PRD0238,1.0,690.75,690.75
HITM0004626,HORD001460,PRD0396,1.0,120.07,120.07
HITM0004627,HORD001461,PRD0343,1.0,1244.05,1244.05
HITM0004628,HORD001461,PRD0739,1.0,408.6,408.6
HITM0004629,HORD001462,PRD0436,1.0,99.16,99.16
HITM0004630,HORD001462,PRD0666,1.0,108.17,108.17
HITM0004631,HORD001462,PRD0629,1.0,270.17,270.17
HITM0004632,HORD001463,PRD0682,1.0,1121.22,1121.22
HITM0004633,HORD001463,PRD0893,1.0,434.15,434.15
HITM0004634,HORD001464,PRD0555,1.0,407.18,407.18
HITM0004635,HORD001464,PRD0887,1.0,111.87,111.87
HITM0004636,HORD001464,PRD0506,2.0,309.66,619.32
HITM0004637,HORD001464,PRD0691,2.0,1850.74,3701.48
HITM0004638,HORD001465,PRD0028,1.0,364.14,364.14
HITM0004639,HORD001465,PRD0164,2.0,1852.48,3704.96
HITM0004640,HORD001465,PRD0634,1.0,405.16,405.16
HITM0004641,HORD001466,PRD0225,2.0,213.62,427.24
HITM0004642,HORD001466,PRD0986,1.0,748.03,748.03
HITM0004643,HORD001466,PRD0166,3.0,833.21,2499.63
HITM0004644,HORD001466,PRD0796,1.0,830.56,830.56
HITM0004645,HORD001467,PRD0386,2.0,109.17,218.34
HITM0004646,HORD001467,PRD0543,1.0,398.13,398.13
HITM0004647,HORD001468,PRD0902,1.0,678.89,678.89
HITM0004648,HORD001468,PRD0825,1.0,289.25,289.25
HITM0004649,HORD001468,PRD0439,2.0,1119.95,2239.9
HITM0004650,HORD001468,PRD0626,3.0,502.49,1507.47
HITM0004651,HORD001468,PRD0458,2.0,721.39,1442.78
HITM0004652,HORD001469,PRD0949,2.0,221.57,443.14
HITM0004653,HORD001469,PRD0599,1.0,1206.34,1206.34
HITM0004654,HORD001469,PRD0909,2.0,1137.09,2274.18
HITM0004655,HORD001470,PRD0950,1.0,321.18,321.18
HITM0004656,HORD001470,PRD0636,1.0,63.83,63.83
HITM0004657,HORD001470,PRD0840,1.0,148.97,148.97
HITM0004658,HORD001471,PRD0769,1.0,809.07,809.07
HITM0004659,HORD001471,PRD0526,1.0,149.19,149.19
HITM0004660,HORD001471,PRD0290,1.0,61.51,61.51
HITM0004661,HORD001472,PRD0118,1.0,461.86,461.86
HITM0004662,HORD001472,PRD0280,2.0,34.27,68.54
HITM0004663,HORD001472,PRD0928,1.0,739.11,739.11
HITM0004664,HORD001473,PRD0603,1.0,671.51,671.51
HITM0004665,HORD001473,PRD0366,1.0,496.46,496.46
HITM0004666,HORD001474,PRD0791,2.0,1863.17,3726.34
HITM0004667,HORD001474,PRD0226,2.0,155.94,311.88
HITM0004668,HORD001475,PRD0012,1.0,1367.99,1367.99
HITM0004669,HORD001475,PRD0490,1.0,20.66,20.66
HITM0004670,HORD001475,PRD0891,1.0,1480.65,1480.65
HITM0004671,HORD001476,PRD0470,1.0,290.42,290.42
HITM0004672,HORD001476,PRD0610,1.0,21.93,21.93
HITM0004673,HORD001476,PRD0815,1.0,446.57,446.57
HITM0004674,HORD001476,PRD0795,1.0,808.42,808.42
HITM0004675,HORD001477,PRD0357,1.0,193.87,193.87
HITM0004676,HORD001477,PRD0819,1.0,647.95,647.95
HITM0004677,HORD001477,PRD0528,1.0,821.66,821.66
HITM0004678,HORD001478,PRD0107,1.0,1500.51,1500.51
HITM0004679,HORD001479,PRD0478,1.0,111.87,111.87
HITM0004680,HORD001479,PRD0455,2.0,329.34,658.68
HITM0004681,HORD001479,PRD0688,1.0,231.65,231.65
HITM0004682,HORD001479,PRD0207,2.0,1299.41,2598.82
HITM0004683,HORD001479,PRD0824,1.0,1637.86,1637.86
HITM0004684,HORD001480,PRD0061,1.0,2524.66,2524.66
HITM0004685,HORD001480,PRD0050,1.0,202.62,202.62
HITM0004686,HORD001481,PRD0120,2.0,319.18,638.36
HITM0004687,HORD001482,PRD0467,1.0,1705.11,1705.11
HITM0004688,HORD001482,PRD0278,1.0,100.15,100.15
HITM0004689,HORD001482,PRD0537,1.0,2543.03,2543.03
HITM0004690,HORD001483,PRD0694,1.0,3973.34,3973.34
HITM0004691,HORD001483,PRD0347,2.0,1107.53,2215.06
HITM0004692,HORD001483,PRD0686,1.0,791.36,791.36
HITM0004693,HORD001483,PRD0856,2.0,415.09,830.18
HITM0004694,HORD001483,PRD0465,1.0,1026.13,1026.13
HITM0004695,HORD001484,PRD0099,1.0,469.56,469.56
HITM0004696,HORD001484,PRD0613,1.0,990.18,990.18
HITM0004697,HORD001484,PRD0259,1.0,1302.81,1302.81
HITM0004698,HORD001485,PRD0045,1.0,70.08,70.08
HITM0004699,HORD001485,PRD0745,1.0,805.9,805.9
HITM0004700,HORD001485,PRD0898,1.0,236.36,236.36
HITM0004701,HORD001486,PRD0332,1.0,560.39,560.39
HITM0004702,HORD001486,PRD0087,1.0,2140.71,2140.71
HITM0004703,HORD001486,PRD0481,1.0,1297.53,1297.53
HITM0004704,HORD001486,PRD0023,1.0,965.26,965.26
HITM0004705,HORD001486,PRD0620,1.0,123.89,123.89
HITM0004706,HORD001487,PRD0076,1.0,588.36,588.36
HITM0004707,HORD001488,PRD0349,1.0,986.72,986.72
HITM0004708,HORD001488,PRD0971,1.0,1416.11,1416.11
HITM0004709,HORD001488,PRD0578,1.0,856.24,856.24
HITM0004710,HORD001488,PRD0610,2.0,21.93,43.86
HITM0004711,HORD001489,PRD0988,1.0,470.37,470.37
HITM0004712,HORD001489,PRD0938,1.0,857.34,857.34
HITM0004713,HORD001489,PRD0688,2.0,231.65,463.3
HITM0004714,HORD001489,PRD0147,1.0,94.45,94.45
HITM0004715,HORD001489,PRD0447,2.0,79.94,159.88
HITM0004716,HORD001490,PRD0659,3.0,293.62,880.86
HITM0004717,HORD001491,PRD0959,2.0,198.15,396.3
HITM0004718,HORD001491,PRD0055,1.0,1172.72,1172.72
HITM0004719,HORD001491,PRD0486,1.0,825.47,825.47
HITM0004720,HORD001492,PRD0143,3.0,1501.79,4505.37
HITM0004721,HORD001492,PRD0183,1.0,880.19,880.19
HITM0004722,HORD001493,PRD0787,1.0,1706.85,1706.85
HITM0004723,HORD001493,PRD0583,1.0,981.15,981.15
HITM0004724,HORD001494,PRD0199,1.0,290.9,290.9
HITM0004725,HORD001494,PRD0992,1.0,1778.47,1778.47
HITM0004726,HORD001495,PRD0889,1.0,252.57,252.57
HITM0004727,HORD001495,PRD0083,1.0,719.56,719.56
HITM0004728,HORD001495,PRD0455,1.0,329.34,329.34
HITM0004729,HORD001495,PRD0930,1.0,371.97,371.97
HITM0004730,HORD001496,PRD0638,1.0,248.57,248.57
HITM0004731,HORD001496,PRD0585,2.0,557.31,1114.62
HITM0004732,HORD001497,PRD0212,1.0,736.5,736.5
HITM0004733,HORD001497,PRD0675,1.0,898.47,898.47
HITM0004734,HORD001497,PRD0934,1.0,3943.07,3943.07
HITM0004735,HORD001497,PRD0092,1.0,1623.69,1623.69
HITM0004736,HORD001498,PRD0399,1.0,628.54,628.54
HITM0004737,HORD001498,PRD0449,1.0,227.09,227.09
HITM0004738,HORD001498,PRD0838,2.0,1007.36,2014.72
HITM0004739,HORD001499,PRD0180,1.0,24.86,24.86
HITM0004740,HORD001499,PRD0907,1.0,1869.43,1869.43
HITM0004741,HORD001500,PRD0979,1.0,1102.97,1102.97
HITM0004742,HORD001500,PRD0358,1.0,67.02,67.02
HITM0004743,HORD001500,PRD0688,1.0,231.65,231.65
HITM0004744,HORD001500,PRD0105,2.0,275.3,550.6
HITM0004745,HORD001501,PRD0239,2.0,1256.88,2513.76
HITM0004746,HORD001501,PRD0371,1.0,1060.97,1060.97
HITM0004747,HORD001501,PRD0431,1.0,2253.8,2253.8
HITM0004748,HORD001502,PRD0127,2.0,1805.09,3610.18
HITM0004749,HORD001502,PRD0284,1.0,4071.02,4071.02
HITM0004750,HORD001502,PRD0965,1.0,271.51,271.51
HITM0004751,HORD001503,PRD0916,1.0,265.34,265.34
HITM0004752,HORD001503,PRD0082,1.0,383.13,383.13
HITM0004753,HORD001503,PRD0756,1.0,244.21,244.21
HITM0004754,HORD001504,PRD0600,1.0,394.0,394.0
HITM0004755,HORD001504,PRD0647,3.0,1397.05,4191.15
HITM0004756,HORD001504,PRD0967,2.0,571.48,1142.96
HITM0004757,HORD001504,PRD0348,1.0,1003.34,1003.34
HITM0004758,HORD001505,PRD0655,1.0,444.01,444.01
HITM0004759,HORD001505,PRD0933,1.0,1263.06,1263.06
HITM0004760,HORD001505,PRD0592,1.0,748.49,748.49
HITM0004761,HORD001506,PRD0655,2.0,444.01,888.02
HITM0004762,HORD001506,PRD0293,1.0,399.18,399.18
HITM0004763,HORD001507,PRD0906,1.0,58.83,58.83
HITM0004764,HORD001507,PRD0428,1.0,621.91,621.91
HITM0004765,HORD001507,PRD0222,1.0,1106.86,1106.86
HITM0004766,HORD001507,PRD0523,1.0,1192.94,1192.94
HITM0004767,HORD001508,PRD0824,3.0,1637.86,4913.58
HITM0004768,HORD001508,PRD0449,1.0,227.09,227.09
HITM0004769,HORD001508,PRD0310,2.0,318.45,636.9
HITM0004770,HORD001509,PRD0678,1.0,653.14,653.14
HITM0004771,HORD001509,PRD0023,1.0,965.26,965.26
HITM0004772,HORD001510,PRD0015,1.0,184.83,184.83
HITM0004773,HORD001510,PRD0703,1.0,299.48,299.48
HITM0004774,HORD001510,PRD0241,1.0,1271.03,1271.03
HITM0004775,HORD001510,PRD0293,1.0,399.18,399.18
HITM0004776,HORD001511,PRD0022,1.0,1200.0,1200.0
HITM0004777,HORD001511,PRD0296,1.0,366.63,366.63
HITM0004778,HORD001511,PRD0846,1.0,808.25,808.25
HITM0004779,HORD001511,PRD0483,1.0,1343.25,1343.25
HITM0004780,HORD001511,PRD0772,1.0,546.46,546.46
HITM0004781,HORD001512,PRD0935,1.0,249.9,249.9
HITM0004782,HORD001512,PRD0008,1.0,799.44,799.44
HITM0004783,HORD001512,PRD0078,1.0,166.61,166.61
HITM0004784,HORD001512,PRD0904,1.0,673.64,673.64
HITM0004785,HORD001512,PRD0389,2.0,197.05,394.1
HITM0004786,HORD001513,PRD0502,1.0,1894.29,1894.29
HITM0004787,HORD001513,PRD0643,1.0,809.36,809.36
HITM0004788,HORD001513,PRD0787,1.0,1706.85,1706.85
HITM0004789,HORD001513,PRD0811,1.0,1292.11,1292.11
HITM0004790,HORD001514,PRD0563,1.0,270.8,270.8
HITM0004791,HORD001514,PRD0216,1.0,56.76,56.76
HITM0004792,HORD001515,PRD0293,1.0,399.18,399.18
HITM0004793,HORD001515,PRD0921,1.0,1711.96,1711.96
HITM0004794,HORD001515,PRD0299,2.0,658.78,1317.56
HITM0004795,HORD001516,PRD0432,2.0,1225.0,2450.0
HITM0004796,HORD001516,PRD0268,2.0,944.09,1888.18
HITM0004797,HORD001517,PRD0560,1.0,230.25,230.25
HITM0004798,HORD001517,PRD0553,1.0,722.16,722.16
HITM0004799,HORD001517,PRD0353,1.0,526.39,526.39
HITM0004800,HORD001518,PRD0490,1.0,20.66,20.66
HITM0004801,HORD001518,PRD0580,1.0,76.83,76.83
HITM0004802,HORD001518,PRD0835,1.0,427.39,427.39
HITM0004803,HORD001519,PRD0080,1.0,390.63,390.63
HITM0004804,HORD001519,PRD0108,1.0,186.84,186.84
HITM0004805,HORD001519,PRD0420,1.0,202.02,202.02
HITM0004806,HORD001519,PRD0639,1.0,1043.97,1043.97
HITM0004807,HORD001519,PRD0650,1.0,367.95,367.95
HITM0004808,HORD001520,PRD0299,2.0,658.78,1317.56
HITM0004809,HORD001520,PRD0735,1.0,606.53,606.53
HITM0004810,HORD001520,PRD0397,1.0,1953.43,1953.43
HITM0004811,HORD001520,PRD0099,1.0,469.56,469.56
HITM0004812,HORD001521,PRD0651,1.0,929.1,929.1
HITM0004813,HORD001521,PRD0675,1.0,898.47,898.47
HITM0004814,HORD001521,PRD0647,1.0,1397.05,1397.05
HITM0004815,HORD001522,PRD0438,2.0,246.04,492.08
HITM0004816,HORD001522,PRD0867,1.0,2280.38,2280.38
HITM0004817,HORD001522,PRD0225,3.0,213.62,640.86
HITM0004818,HORD001522,PRD0516,2.0,565.33,1130.66
HITM0004819,HORD001523,PRD0459,2.0,1138.25,2276.5
HITM0004820,HORD001524,PRD0638,1.0,248.57,248.57
HITM0004821,HORD001524,PRD0436,1.0,99.16,99.16
HITM0004822,HORD001524,PRD0980,1.0,334.19,334.19
HITM0004823,HORD001524,PRD0362,2.0,1501.87,3003.74
HITM0004824,HORD001524,PRD0786,2.0,211.68,423.36
HITM0004825,HORD001525,PRD0396,2.0,120.07,240.14
HITM0004826,HORD001525,PRD0328,1.0,728.97,728.97
HITM0004827,HORD001525,PRD0835,1.0,427.39,427.39
HITM0004828,HORD001525,PRD0950,1.0,321.18,321.18
HITM0004829,HORD001525,PRD0410,1.0,328.86,328.86
HITM0004830,HORD001526,PRD0551,1.0,2626.22,2626.22
HITM0004831,HORD001526,PRD0572,1.0,483.42,483.42
HITM0004832,HORD001526,PRD0865,2.0,558.87,1117.74
HITM0004833,HORD001526,PRD0032,1.0,417.41,417.41
HITM0004834,HORD001526,PRD0872,2.0,1715.8,3431.6
HITM0004835,HORD001527,PRD0610,1.0,21.93,21.93
HITM0004836,HORD001527,PRD0290,1.0,61.51,61.51
HITM0004837,HORD001527,PRD0468,1.0,990.56,990.56
HITM0004838,HORD001528,PRD0063,1.0,1124.17,1124.17
HITM0004839,HORD001528,PRD0479,1.0,785.34,785.34
HITM0004840,HORD001529,PRD0692,1.0,959.48,959.48
HITM0004841,HORD001529,PRD0240,2.0,113.94,227.88
HITM0004842,HORD001530,PRD0887,2.0,111.87,223.74
HITM0004843,HORD001530,PRD0057,1.0,1403.88,1403.88
HITM0004844,HORD001531,PRD0726,1.0,620.57,620.57
HITM0004845,HORD001532,PRD0665,2.0,215.81,431.62
HITM0004846,HORD001532,PRD0765,2.0,126.56,253.12
HITM0004847,HORD001532,PRD0600,1.0,394.0,394.0
HITM0004848,HORD001532,PRD0576,1.0,136.9,136.9
HITM0004849,HORD001533,PRD0860,1.0,148.71,148.71
HITM0004850,HORD001533,PRD0406,1.0,241.97,241.97
HITM0004851,HORD001534,PRD0680,2.0,46.75,93.5
HITM0004852,HORD001535,PRD0300,1.0,30.76,30.76
HITM0004853,HORD001535,PRD0335,1.0,424.96,424.96
HITM0004854,HORD001536,PRD0722,1.0,909.76,909.76
HITM0004855,HORD001536,PRD0422,1.0,1749.99,1749.99
HITM0004856,HORD001536,PRD0779,1.0,296.88,296.88
HITM0004857,HORD001537,PRD0276,1.0,586.47,586.47
HITM0004858,HORD001538,PRD0460,2.0,99.79,199.58
HITM0004859,HORD001538,PRD0360,2.0,14.71,29.42
HITM0004860,HORD001538,PRD0505,1.0,1083.53,1083.53
HITM0004861,HORD001538,PRD0157,1.0,2583.38,2583.38
HITM0004862,HORD001539,PRD0264,1.0,721.82,721.82
HITM0004863,HORD001539,PRD0620,1.0,123.89,123.89
HITM0004864,HORD001539,PRD0858,2.0,251.31,502.62
HITM0004865,HORD001539,PRD0033,1.0,1186.21,1186.21
HITM0004866,HORD001539,PRD0437,1.0,1241.03,1241.03
HITM0004867,HORD001540,PRD0445,1.0,1141.73,1141.73
HITM0004868,HORD001540,PRD0364,1.0,1836.13,1836.13
HITM0004869,HORD001541,PRD0910,1.0,202.66,202.66
HITM0004870,HORD001541,PRD0577,1.0,941.97,941.97
HITM0004871,HORD001542,PRD0458,2.0,721.39,1442.78
HITM0004872,HORD001542,PRD0096,1.0,329.23,329.23
HITM0004873,HORD001542,PRD0010,1.0,15.97,15.97
HITM0004874,HORD001542,PRD0783,1.0,516.28,516.28
HITM0004875,HORD001542,PRD0982,2.0,921.88,1843.76
HITM0004876,HORD001543,PRD0178,1.0,317.56,317.56
HITM0004877,HORD001543,PRD0316,2.0,28.93,57.86
HITM0004878,HORD001543,PRD0812,1.0,1836.96,1836.96
HITM0004879,HORD001544,PRD0180,1.0,24.86,24.86
HITM0004880,HORD001544,PRD0666,1.0,108.17,108.17
HITM0004881,HORD001544,PRD0432,1.0,1225.0,1225.0
HITM0004882,HORD001545,PRD0401,1.0,1541.92,1541.92
HITM0004883,HORD001546,PRD0372,1.0,763.17,763.17
HITM0004884,HORD001546,PRD0566,1.0,47.51,47.51
HITM0004885,HORD001546,PRD0716,1.0,242.32,242.32
HITM0004886,HORD001546,PRD0675,1.0,898.47,898.47
HITM0004887,HORD001547,PRD0270,1.0,145.44,145.44
HITM0004888,HORD001547,PRD0310,1.0,318.45,318.45
HITM0004889,HORD001548,PRD0638,1.0,248.57,248.57
HITM0004890,HORD001548,PRD0670,1.0,85.16,85.16
HITM0004891,HORD001548,PRD0797,1.0,2454.69,2454.69
HITM0004892,HORD001549,PRD0611,1.0,1602.37,1602.37
HITM0004893,HORD001549,PRD0641,1.0,934.18,934.18
HITM0004894,HORD001550,PRD0515,1.0,421.93,421.93
HITM0004895,HORD001550,PRD0366,3.0,496.46,1489.38
HITM0004896,HORD001550,PRD0987,1.0,925.55,925.55
HITM0004897,HORD001551,PRD0495,1.0,617.55,617.55
HITM0004898,HORD001551,PRD0459,3.0,1138.25,3414.75
HITM0004899,HORD001551,PRD0633,3.0,809.48,2428.44
HITM0004900,HORD001551,PRD0796,1.0,830.56,830.56
HITM0004901,HORD001552,PRD0506,1.0,309.66,309.66
HITM0004902,HORD001552,PRD0156,2.0,681.59,1363.18
HITM0004903,HORD001553,PRD0380,1.0,117.36,117.36
HITM0004904,HORD001553,PRD0096,1.0,329.23,329.23
HITM0004905,HORD001554,PRD0062,1.0,1554.42,1554.42
HITM0004906,HORD001554,PRD0125,1.0,1004.47,1004.47
HITM0004907,HORD001554,PRD0610,1.0,21.93,21.93
HITM0004908,HORD001554,PRD0750,1.0,203.37,203.37
HITM0004909,HORD001554,PRD0770,2.0,254.66,509.32
HITM0004910,HORD001555,PRD0012,1.0,1367.99,1367.99
HITM0004911,HORD001555,PRD0482,1.0,653.2,653.2
HITM0004912,HORD001555,PRD0860,2.0,148.71,297.42
HITM0004913,HORD001556,PRD0379,1.0,759.43,759.43
HITM0004914,HORD001556,PRD0151,1.0,1779.3,1779.3
HITM0004915,HORD001556,PRD0102,2.0,786.59,1573.18
HITM0004916,HORD001557,PRD0248,1.0,494.67,494.67
HITM0004917,HORD001557,PRD0218,1.0,838.07,838.07
HITM0004918,HORD001558,PRD0376,1.0,804.1,804.1
HITM0004919,HORD001558,PRD0858,2.0,251.31,502.62
HITM0004920,HORD001558,PRD0090,1.0,166.35,166.35
HITM0004921,HORD001558,PRD0630,1.0,59.46,59.46
HITM0004922,HORD001559,PRD0506,2.0,309.66,619.32
HITM0004923,HORD001559,PRD0486,2.0,825.47,1650.94
HITM0004924,HORD001559,PRD0461,1.0,2080.96,2080.96
HITM0004925,HORD001560,PRD0412,1.0,1184.31,1184.31
HITM0004926,HORD001560,PRD0020,1.0,153.47,153.47
HITM0004927,HORD001560,PRD0523,1.0,1192.94,1192.94
HITM0004928,HORD001560,PRD0522,1.0,942.08,942.08
HITM0004929,HORD001561,PRD0318,1.0,913.52,913.52
HITM0004930,HORD001561,PRD0463,1.0,533.33,533.33
HITM0004931,HORD001561,PRD0806,1.0,43.45,43.45
HITM0004932,HORD001562,PRD0164,1.0,1852.48,1852.48
HITM0004933,HORD001562,PRD0299,2.0,658.78,1317.56
HITM0004934,HORD001562,PRD0826,1.0,272.89,272.89
HITM0004935,HORD001563,PRD0348,1.0,1003.34,1003.34
HITM0004936,HORD001563,PRD0868,1.0,869.51,869.51
HITM0004937,HORD001564,PRD0655,1.0,444.01,444.01
HITM0004938,HORD001564,PRD0750,1.0,203.37,203.37
HITM0004939,HORD001565,PRD0234,1.0,3839.41,3839.41
HITM0004940,HORD001566,PRD0992,2.0,1778.47,3556.94
HITM0004941,HORD001566,PRD0996,3.0,654.73,1964.19
HITM0004942,HORD001566,PRD0010,1.0,15.97,15.97
HITM0004943,HORD001567,PRD0830,1.0,87.0,87.0
HITM0004944,HORD001567,PRD0667,1.0,424.48,424.48
HITM0004945,HORD001568,PRD0589,2.0,675.7,1351.4
HITM0004946,HORD001568,PRD0304,1.0,524.3,524.3
HITM0004947,HORD001568,PRD0464,1.0,1572.44,1572.44
HITM0004948,HORD001568,PRD0672,1.0,527.46,527.46
HITM0004949,HORD001569,PRD0286,1.0,841.61,841.61
HITM0004950,HORD001570,PRD0446,2.0,546.41,1092.82
HITM0004951,HORD001570,PRD0560,1.0,230.25,230.25
HITM0004952,HORD001571,PRD0646,1.0,98.45,98.45
HITM0004953,HORD001571,PRD0830,1.0,87.0,87.0
HITM0004954,HORD001572,PRD0958,1.0,655.23,655.23
HITM0004955,HORD001572,PRD0520,1.0,93.98,93.98
HITM0004956,HORD001572,PRD0292,1.0,324.37,324.37
HITM0004957,HORD001572,PRD0394,1.0,3284.35,3284.35
HITM0004958,HORD001573,PRD0249,2.0,380.08,760.16
HITM0004959,HORD001573,PRD0448,1.0,67.35,67.35
HITM0004960,HORD001573,PRD0510,1.0,71.92,71.92
HITM0004961,HORD001573,PRD0753,1.0,497.57,497.57
HITM0004962,HORD001574,PRD0587,1.0,103.55,103.55
HITM0004963,HORD001574,PRD0373,1.0,572.77,572.77
HITM0004964,HORD001574,PRD0483,1.0,1343.25,1343.25
HITM0004965,HORD001575,PRD0132,1.0,713.61,713.61
HITM0004966,HORD001575,PRD0037,2.0,109.69,219.38
HITM0004967,HORD001575,PRD0115,1.0,895.49,895.49
HITM0004968,HORD001576,PRD0598,1.0,929.85,929.85
HITM0004969,HORD001576,PRD0296,1.0,366.63,366.63
HITM0004970,HORD001576,PRD0455,2.0,329.34,658.68
HITM0004971,HORD001576,PRD0370,1.0,143.48,143.48
HITM0004972,HORD001577,PRD0053,1.0,482.7,482.7
HITM0004973,HORD001577,PRD0643,1.0,809.36,809.36
HITM0004974,HORD001577,PRD0378,1.0,110.97,110.97
HITM0004975,HORD001578,PRD0280,1.0,34.27,34.27
HITM0004976,HORD001578,PRD0570,1.0,98.43,98.43
HITM0004977,HORD001578,PRD0751,2.0,1210.18,2420.36
HITM0004978,HORD001579,PRD0639,1.0,1043.97,1043.97
HITM0004979,HORD001579,PRD0242,1.0,1257.76,1257.76
HITM0004980,HORD001580,PRD0219,1.0,374.02,374.02
HITM0004981,HORD001580,PRD0006,1.0,813.94,813.94
HITM0004982,HORD001580,PRD0428,3.0,621.91,1865.73
HITM0004983,HORD001581,PRD0700,1.0,258.76,258.76
HITM0004984,HORD001581,PRD0913,1.0,645.54,645.54
HITM0004985,HORD001581,PRD0419,2.0,1223.67,2447.34
HITM0004986,HORD001581,PRD0090,1.0,166.35,166.35
HITM0004987,HORD001582,PRD0253,1.0,1081.02,1081.02
HITM0004988,HORD001582,PRD0547,1.0,2376.82,2376.82
HITM0004989,HORD001582,PRD0645,1.0,886.19,886.19
HITM0004990,HORD001583,PRD0335,3.0,424.96,1274.88
HITM0004991,HORD001583,PRD0083,1.0,719.56,719.56
HITM0004992,HORD001583,PRD0388,1.0,269.65,269.65
HITM0004993,HORD001584,PRD0180,3.0,24.86,74.58
HITM0004994,HORD001584,PRD0422,1.0,1749.99,1749.99
HITM0004995,HORD001584,PRD0015,1.0,184.83,184.83
HITM0004996,HORD001585,PRD0856,1.0,415.09,415.09
HITM0004997,HORD001585,PRD0867,1.0,2280.38,2280.38
HITM0004998,HORD001585,PRD0710,2.0,302.55,605.1
HITM0004999,HORD001586,PRD0010,1.0,15.97,15.97
HITM0005000,HORD001586,PRD0673,1.0,1324.45,1324.45
HITM0005001,HORD001587,PRD0737,2.0,1942.18,3884.36
HITM0005002,HORD001587,PRD0850,1.0,308.86,308.86
HITM0005003,HORD001587,PRD0666,1.0,108.17,108.17
HITM0005004,HORD001588,PRD0693,2.0,1160.83,2321.66
HITM0005005,HORD001588,PRD0883,1.0,1065.61,1065.61
HITM0005006,HORD001588,PRD0909,1.0,1137.09,1137.09
HITM0005007,HORD001588,PRD0800,1.0,235.68,235.68
HITM0005008,HORD001588,PRD0294,1.0,1781.81,1781.81
HITM0005009,HORD001589,PRD0190,1.0,417.54,417.54
HITM0005010,HORD001589,PRD0067,1.0,638.19,638.19
HITM0005011,HORD001589,PRD0183,1.0,880.19,880.19
HITM0005012,HORD001589,PRD0311,1.0,1105.19,1105.19
HITM0005013,HORD001589,PRD0578,1.0,856.24,856.24
HITM0005014,HORD001590,PRD0108,1.0,186.84,186.84
HITM0005015,HORD001590,PRD0797,2.0,2454.69,4909.38
HITM0005016,HORD001590,PRD0910,1.0,202.66,202.66
HITM0005017,HORD001590,PRD0501,2.0,1207.42,2414.84
HITM0005018,HORD001591,PRD0804,1.0,1164.25,1164.25
HITM0005019,HORD001591,PRD0150,1.0,27.72,27.72
HITM0005020,HORD001591,PRD0119,1.0,844.43,844.43
HITM0005021,HORD001592,PRD0748,1.0,176.05,176.05
HITM0005022,HORD001592,PRD0770,2.0,254.66,509.32
HITM0005023,HORD001592,PRD0675,1.0,898.47,898.47
HITM0005024,HORD001593,PRD0441,1.0,1117.87,1117.87
HITM0005025,HORD001593,PRD0387,1.0,2587.59,2587.59
HITM0005026,HORD001593,PRD0695,1.0,809.88,809.88
HITM0005027,HORD001594,PRD0425,1.0,514.7,514.7
HITM0005028,HORD001594,PRD0906,2.0,58.83,117.66
HITM0005029,HORD001594,PRD0623,1.0,292.46,292.46
HITM0005030,HORD001595,PRD0673,1.0,1324.45,1324.45
HITM0005031,HORD001595,PRD0344,1.0,3507.24,3507.24
HITM0005032,HORD001595,PRD0918,1.0,342.99,342.99
HITM0005033,HORD001596,PRD0544,2.0,1918.0,3836.0
HITM0005034,HORD001596,PRD0328,2.0,728.97,1457.94
HITM0005035,HORD001596,PRD0605,2.0,845.14,1690.28
HITM0005036,HORD001596,PRD0273,2.0,1515.39,3030.78
HITM0005037,HORD001596,PRD0045,1.0,70.08,70.08
HITM0005038,HORD001597,PRD0380,1.0,117.36,117.36
HITM0005039,HORD001597,PRD0735,3.0,606.53,1819.59
HITM0005040,HORD001597,PRD0033,1.0,1186.21,1186.21
HITM0005041,HORD001597,PRD0488,1.0,482.8,482.8
HITM0005042,HORD001598,PRD0948,2.0,889.57,1779.14
HITM0005043,HORD001598,PRD0520,2.0,93.98,187.96
HITM0005044,HORD001598,PRD0575,1.0,357.22,357.22
HITM0005045,HORD001598,PRD0035,1.0,410.43,410.43
HITM0005046,HORD001599,PRD0881,1.0,1292.47,1292.47
HITM0005047,HORD001599,PRD0464,1.0,1572.44,1572.44
HITM0005048,HORD001600,PRD0365,1.0,884.05,884.05
HITM0005049,HORD001601,PRD0218,2.0,838.07,1676.14
HITM0005050,HORD001601,PRD0504,1.0,3837.7,3837.7
HITM0005051,HORD001601,PRD0126,1.0,652.43,652.43
HITM0005052,HORD001602,PRD0226,1.0,155.94,155.94
HITM0005053,HORD001602,PRD0685,1.0,367.73,367.73
HITM0005054,HORD001602,PRD0536,2.0,616.08,1232.16
HITM0005055,HORD001603,PRD0208,1.0,373.86,373.86
HITM0005056,HORD001603,PRD0745,1.0,805.9,805.9
HITM0005057,HORD001604,PRD0596,1.0,741.69,741.69
HITM0005058,HORD001604,PRD0490,1.0,20.66,20.66
HITM0005059,HORD001604,PRD0249,1.0,380.08,380.08
HITM0005060,HORD001605,PRD0067,3.0,638.19,1914.57
HITM0005061,HORD001605,PRD0078,1.0,166.61,166.61
HITM0005062,HORD001606,PRD0063,2.0,1124.17,2248.34
HITM0005063,HORD001606,PRD0907,2.0,1869.43,3738.86
HITM0005064,HORD001606,PRD0198,1.0,155.28,155.28
HITM0005065,HORD001607,PRD0310,1.0,318.45,318.45
HITM0005066,HORD001607,PRD0753,1.0,497.57,497.57
HITM0005067,HORD001607,PRD0530,1.0,376.94,376.94
HITM0005068,HORD001608,PRD0453,1.0,934.48,934.48
HITM0005069,HORD001608,PRD0473,1.0,576.89,576.89
HITM0005070,HORD001608,PRD0738,1.0,306.26,306.26
HITM0005071,HORD001608,PRD0850,2.0,308.86,617.72
HITM0005072,HORD001609,PRD0016,1.0,348.79,348.79
HITM0005073,HORD001609,PRD0979,1.0,1102.97,1102.97
HITM0005074,HORD001609,PRD0198,1.0,155.28,155.28
HITM0005075,HORD001609,PRD0598,1.0,929.85,929.85
HITM0005076,HORD001609,PRD0728,1.0,188.05,188.05
HITM0005077,HORD001610,PRD0343,1.0,1244.05,1244.05
HITM0005078,HORD001610,PRD0129,1.0,416.68,416.68
HITM0005079,HORD001610,PRD0672,1.0,527.46,527.46
HITM0005080,HORD001610,PRD0240,1.0,113.94,113.94
HITM0005081,HORD001610,PRD0513,2.0,1454.2,2908.4
HITM0005082,HORD001611,PRD0411,1.0,1649.5,1649.5
HITM0005083,HORD001611,PRD0272,1.0,721.72,721.72
HITM0005084,HORD001611,PRD0300,1.0,30.76,30.76
HITM0005085,HORD001611,PRD0686,1.0,791.36,791.36
HITM0005086,HORD001611,PRD0406,1.0,241.97,241.97
HITM0005087,HORD001612,PRD0206,1.0,673.8,673.8
HITM0005088,HORD001612,PRD0394,1.0,3284.35,3284.35
HITM0005089,HORD001613,PRD0777,1.0,2527.82,2527.82
HITM0005090,HORD001613,PRD0083,1.0,719.56,719.56
HITM0005091,HORD001613,PRD0670,1.0,85.16,85.16
HITM0005092,HORD001614,PRD0719,1.0,659.02,659.02
HITM0005093,HORD001614,PRD0766,1.0,551.34,551.34
HITM0005094,HORD001615,PRD0472,1.0,1096.23,1096.23
HITM0005095,HORD001615,PRD0445,1.0,1141.73,1141.73
HITM0005096,HORD001615,PRD0697,2.0,1104.18,2208.36
HITM0005097,HORD001616,PRD0463,1.0,533.33,533.33
HITM0005098,HORD001617,PRD0815,1.0,446.57,446.57
HITM0005099,HORD001617,PRD0219,1.0,374.02,374.02
HITM0005100,HORD001617,PRD0828,1.0,125.24,125.24
HITM0005101,HORD001617,PRD0450,2.0,138.07,276.14
HITM0005102,HORD001618,PRD0476,1.0,59.63,59.63
HITM0005103,HORD001618,PRD0657,1.0,91.2,91.2
HITM0005104,HORD001618,PRD0075,1.0,227.56,227.56
HITM0005105,HORD001618,PRD0748,1.0,176.05,176.05
HITM0005106,HORD001619,PRD0670,2.0,85.16,170.32
HITM0005107,HORD001619,PRD0324,1.0,3625.94,3625.94
HITM0005108,HORD001619,PRD0541,1.0,1837.92,1837.92
HITM0005109,HORD001619,PRD0450,1.0,138.07,138.07
HITM0005110,HORD001620,PRD0942,3.0,646.79,1940.37
HITM0005111,HORD001620,PRD0036,1.0,116.11,116.11
HITM0005112,HORD001620,PRD0827,1.0,2008.13,2008.13
HITM0005113,HORD001621,PRD0678,1.0,653.14,653.14
HITM0005114,HORD001621,PRD0210,3.0,91.62,274.86
HITM0005115,HORD001621,PRD0354,2.0,2306.23,4612.46
HITM0005116,HORD001621,PRD0300,1.0,30.76,30.76
HITM0005117,HORD001621,PRD0922,1.0,1416.33,1416.33
HITM0005118,HORD001622,PRD0883,1.0,1065.61,1065.61
HITM0005119,HORD001622,PRD0491,1.0,1093.0,1093.0
HITM0005120,HORD001622,PRD0128,2.0,396.23,792.46
HITM0005121,HORD001623,PRD0670,1.0,85.16,85.16
HITM0005122,HORD001623,PRD0929,2.0,1084.81,2169.62
HITM0005123,HORD001623,PRD0830,1.0,87.0,87.0
HITM0005124,HORD001624,PRD0804,3.0,1164.25,3492.75
HITM0005125,HORD001624,PRD0733,1.0,894.02,894.02
HITM0005126,HORD001624,PRD0956,1.0,301.52,301.52
HITM0005127,HORD001625,PRD0031,1.0,2166.94,2166.94
HITM0005128,HORD001625,PRD0098,1.0,149.72,149.72
HITM0005129,HORD001626,PRD0185,2.0,575.43,1150.86
HITM0005130,HORD001626,PRD0798,1.0,902.25,902.25
HITM0005131,HORD001626,PRD0242,2.0,1257.76,2515.52
HITM0005132,HORD001626,PRD0852,1.0,516.19,516.19
HITM0005133,HORD001627,PRD0176,1.0,796.11,796.11
HITM0005134,HORD001627,PRD0940,2.0,139.21,278.42
HITM0005135,HORD001628,PRD0208,1.0,373.86,373.86
HITM0005136,HORD001628,PRD0390,1.0,27.7,27.7
HITM0005137,HORD001628,PRD0932,2.0,1316.49,2632.98
HITM0005138,HORD001629,PRD0822,1.0,1127.28,1127.28
HITM0005139,HORD001629,PRD0887,1.0,111.87,111.87
HITM0005140,HORD001629,PRD0260,1.0,73.31,73.31
HITM0005141,HORD001630,PRD0531,1.0,2758.01,2758.01
HITM0005142,HORD001630,PRD0309,1.0,335.12,335.12
HITM0005143,HORD001630,PRD0426,1.0,284.68,284.68
HITM0005144,HORD001630,PRD0628,2.0,306.06,612.12
HITM0005145,HORD001630,PRD0371,1.0,1060.97,1060.97
HITM0005146,HORD001631,PRD0205,1.0,1189.79,1189.79
HITM0005147,HORD001632,PRD0119,1.0,844.43,844.43
HITM0005148,HORD001632,PRD0958,1.0,655.23,655.23
HITM0005149,HORD001632,PRD0550,1.0,184.97,184.97
HITM0005150,HORD001632,PRD0434,1.0,2443.59,2443.59
HITM0005151,HORD001633,PRD0977,1.0,352.01,352.01
HITM0005152,HORD001633,PRD0902,1.0,678.89,678.89
HITM0005153,HORD001633,PRD0140,1.0,54.35,54.35
HITM0005154,HORD001633,PRD0619,1.0,180.89,180.89
HITM0005155,HORD001634,PRD0431,1.0,2253.8,2253.8
HITM0005156,HORD001634,PRD0596,1.0,741.69,741.69
HITM0005157,HORD001634,PRD0199,1.0,290.9,290.9
HITM0005158,HORD001634,PRD0632,2.0,1094.69,2189.38
HITM0005159,HORD001635,PRD0436,1.0,99.16,99.16
HITM0005160,HORD001635,PRD0075,1.0,227.56,227.56
HITM0005161,HORD001635,PRD0247,1.0,968.98,968.98
HITM0005162,HORD001635,PRD0169,1.0,1057.68,1057.68
HITM0005163,HORD001636,PRD0139,1.0,1414.96,1414.96
HITM0005164,HORD001636,PRD0113,1.0,605.4,605.4
HITM0005165,HORD001636,PRD0068,1.0,190.2,190.2
HITM0005166,HORD001636,PRD0088,1.0,835.18,835.18
HITM0005167,HORD001637,PRD0931,1.0,2080.26,2080.26
HITM0005168,HORD001637,PRD0290,1.0,61.51,61.51
HITM0005169,HORD001638,PRD0481,1.0,1297.53,1297.53
HITM0005170,HORD001638,PRD0020,1.0,153.47,153.47
HITM0005171,HORD001638,PRD0931,2.0,2080.26,4160.52
HITM0005172,HORD001639,PRD0467,2.0,1705.11,3410.22
HITM0005173,HORD001639,PRD0900,1.0,274.2,274.2
HITM0005174,HORD001639,PRD0380,1.0,117.36,117.36
HITM0005175,HORD001640,PRD0832,1.0,646.88,646.88
HITM0005176,HORD001640,PRD0091,2.0,1559.91,3119.82
HITM0005177,HORD001641,PRD0793,1.0,1185.37,1185.37
HITM0005178,HORD001641,PRD0977,1.0,352.01,352.01
HITM0005179,HORD001642,PRD0521,1.0,1486.1,1486.1
HITM0005180,HORD001642,PRD0010,2.0,15.97,31.94
HITM0005181,HORD001642,PRD0130,1.0,128.78,128.78
HITM0005182,HORD001643,PRD0049,1.0,149.55,149.55
HITM0005183,HORD001643,PRD0216,2.0,56.76,113.52
HITM0005184,HORD001643,PRD0830,1.0,87.0,87.0
HITM0005185,HORD001643,PRD0906,1.0,58.83,58.83
HITM0005186,HORD001643,PRD0852,2.0,516.19,1032.38
HITM0005187,HORD001644,PRD0851,3.0,1384.1,4152.3
HITM0005188,HORD001644,PRD0988,3.0,470.37,1411.11
HITM0005189,HORD001644,PRD0231,1.0,2034.99,2034.99
HITM0005190,HORD001644,PRD0004,1.0,466.88,466.88
HITM0005191,HORD001644,PRD0470,1.0,290.42,290.42
HITM0005192,HORD001645,PRD0220,1.0,369.39,369.39
HITM0005193,HORD001645,PRD0380,1.0,117.36,117.36
HITM0005194,HORD001645,PRD0726,1.0,620.57,620.57
HITM0005195,HORD001646,PRD0852,1.0,516.19,516.19
HITM0005196,HORD001646,PRD0203,1.0,910.47,910.47
HITM0005197,HORD001646,PRD0210,1.0,91.62,91.62
HITM0005198,HORD001646,PRD0882,1.0,366.62,366.62
HITM0005199,HORD001647,PRD0409,1.0,1192.0,1192.0
HITM0005200,HORD001647,PRD0650,1.0,367.95,367.95
HITM0005201,HORD001647,PRD0572,1.0,483.42,483.42
HITM0005202,HORD001647,PRD0390,1.0,27.7,27.7
HITM0005203,HORD001647,PRD0836,3.0,726.47,2179.41
HITM0005204,HORD001648,PRD0045,1.0,70.08,70.08
HITM0005205,HORD001648,PRD0343,1.0,1244.05,1244.05
HITM0005206,HORD001648,PRD0665,1.0,215.81,215.81
HITM0005207,HORD001649,PRD0944,2.0,2277.06,4554.12
HITM0005208,HORD001649,PRD0212,3.0,736.5,2209.5
HITM0005209,HORD001649,PRD0721,1.0,1812.9,1812.9
HITM0005210,HORD001650,PRD0433,1.0,1358.38,1358.38
HITM0005211,HORD001650,PRD0123,1.0,322.81,322.81
HITM0005212,HORD001650,PRD0047,1.0,1258.28,1258.28
HITM0005213,HORD001650,PRD0337,1.0,92.59,92.59
HITM0005214,HORD001651,PRD0902,1.0,678.89,678.89
HITM0005215,HORD001651,PRD0100,1.0,122.42,122.42
HITM0005216,HORD001651,PRD0560,1.0,230.25,230.25
HITM0005217,HORD001651,PRD0563,1.0,270.8,270.8
HITM0005218,HORD001652,PRD0126,1.0,652.43,652.43
HITM0005219,HORD001652,PRD0044,1.0,3554.03,3554.03
HITM0005220,HORD001652,PRD0150,1.0,27.72,27.72
HITM0005221,HORD001653,PRD0630,1.0,59.46,59.46
HITM0005222,HORD001653,PRD0887,3.0,111.87,335.61
HITM0005223,HORD001653,PRD0680,1.0,46.75,46.75
HITM0005224,HORD001654,PRD0650,2.0,367.95,735.9
HITM0005225,HORD001654,PRD0012,1.0,1367.99,1367.99
HITM0005226,HORD001654,PRD0183,1.0,880.19,880.19
HITM0005227,HORD001655,PRD0577,1.0,941.97,941.97
HITM0005228,HORD001655,PRD0549,1.0,1361.68,1361.68
HITM0005229,HORD001655,PRD0046,1.0,690.5,690.5
HITM0005230,HORD001656,PRD0836,1.0,726.47,726.47
HITM0005231,HORD001656,PRD0010,1.0,15.97,15.97
HITM0005232,HORD001656,PRD0775,1.0,376.86,376.86
HITM0005233,HORD001656,PRD0935,1.0,249.9,249.9
HITM0005234,HORD001657,PRD0759,1.0,943.47,943.47
HITM0005235,HORD001657,PRD0402,2.0,1191.53,2383.06
HITM0005236,HORD001657,PRD0293,2.0,399.18,798.36
HITM0005237,HORD001657,PRD0411,1.0,1649.5,1649.5
HITM0005238,HORD001658,PRD0456,1.0,417.01,417.01
HITM0005239,HORD001658,PRD0852,2.0,516.19,1032.38
HITM0005240,HORD001658,PRD0210,1.0,91.62,91.62
HITM0005241,HORD001658,PRD0544,2.0,1918.0,3836.0
HITM0005242,HORD001659,PRD0676,1.0,444.48,444.48
HITM0005243,HORD001660,PRD0425,1.0,514.7,514.7
HITM0005244,HORD001660,PRD0489,1.0,264.6,264.6
HITM0005245,HORD001660,PRD0828,1.0,125.24,125.24
HITM0005246,HORD001660,PRD0325,1.0,54.61,54.61
HITM0005247,HORD001661,PRD0010,1.0,15.97,15.97
HITM0005248,HORD001661,PRD0480,1.0,37.46,37.46
HITM0005249,HORD001661,PRD0188,2.0,604.15,1208.3
HITM0005250,HORD001661,PRD0027,1.0,1635.42,1635.42
HITM0005251,HORD001661,PRD0481,2.0,1297.53,2595.06
HITM0005252,HORD001662,PRD0884,1.0,586.48,586.48
HITM0005253,HORD001662,PRD0269,2.0,514.16,1028.32
HITM0005254,HORD001662,PRD0925,1.0,976.66,976.66
HITM0005255,HORD001662,PRD0293,1.0,399.18,399.18
HITM0005256,HORD001663,PRD0140,2.0,54.35,108.7
HITM0005257,HORD001663,PRD0136,1.0,107.5,107.5
HITM0005258,HORD001663,PRD0697,1.0,1104.18,1104.18
HITM0005259,HORD001663,PRD0073,1.0,1110.47,1110.47
HITM0005260,HORD001663,PRD0137,1.0,598.84,598.84
HITM0005261,HORD001664,PRD0353,1.0,526.39,526.39
HITM0005262,HORD001664,PRD0180,1.0,24.86,24.86
HITM0005263,HORD001664,PRD0380,1.0,117.36,117.36
HITM0005264,HORD001664,PRD0497,1.0,1686.58,1686.58
HITM0005265,HORD001665,PRD0029,1.0,1109.68,1109.68
HITM0005266,HORD001665,PRD0968,1.0,607.18,607.18
HITM0005267,HORD001666,PRD0023,2.0,965.26,1930.52
HITM0005268,HORD001666,PRD0556,2.0,303.66,607.32
HITM0005269,HORD001666,PRD0590,1.0,268.79,268.79
HITM0005270,HORD001666,PRD0156,3.0,681.59,2044.77
HITM0005271,HORD001667,PRD0212,1.0,736.5,736.5
HITM0005272,HORD001668,PRD0709,1.0,1423.26,1423.26
HITM0005273,HORD001668,PRD0494,1.0,780.48,780.48
HITM0005274,HORD001669,PRD0750,1.0,203.37,203.37
HITM0005275,HORD001669,PRD0968,1.0,607.18,607.18
HITM0005276,HORD001669,PRD0805,1.0,151.93,151.93
HITM0005277,HORD001670,PRD0149,1.0,217.37,217.37
HITM0005278,HORD001670,PRD0056,1.0,318.87,318.87
HITM0005279,HORD001670,PRD0353,1.0,526.39,526.39
HITM0005280,HORD001671,PRD0639,1.0,1043.97,1043.97
HITM0005281,HORD001671,PRD0455,1.0,329.34,329.34
HITM0005282,HORD001671,PRD0091,3.0,1559.91,4679.73
HITM0005283,HORD001672,PRD0086,1.0,248.61,248.61
HITM0005284,HORD001672,PRD0415,1.0,921.87,921.87
HITM0005285,HORD001672,PRD0186,1.0,223.64,223.64
HITM0005286,HORD001673,PRD0587,1.0,103.55,103.55
HITM0005287,HORD001673,PRD0945,1.0,888.88,888.88
HITM0005288,HORD001674,PRD0346,1.0,692.97,692.97
HITM0005289,HORD001674,PRD0174,1.0,3910.58,3910.58
HITM0005290,HORD001674,PRD0225,3.0,213.62,640.86
HITM0005291,HORD001675,PRD0881,2.0,1292.47,2584.94
HITM0005292,HORD001675,PRD0382,1.0,453.52,453.52
HITM0005293,HORD001675,PRD0765,1.0,126.56,126.56
HITM0005294,HORD001675,PRD0286,1.0,841.61,841.61
HITM0005295,HORD001676,PRD0792,2.0,1745.87,3491.74
HITM0005296,HORD001676,PRD0156,1.0,681.59,681.59
HITM0005297,HORD001676,PRD0609,1.0,138.47,138.47
HITM0005298,HORD001676,PRD0046,1.0,690.5,690.5
HITM0005299,HORD001677,PRD0201,1.0,2007.57,2007.57
HITM0005300,HORD001677,PRD0574,1.0,2255.24,2255.24
HITM0005301,HORD001677,PRD0607,1.0,1460.76,1460.76
HITM0005302,HORD001678,PRD0862,1.0,1387.19,1387.19
HITM0005303,HORD001678,PRD0111,1.0,1802.88,1802.88
HITM0005304,HORD001678,PRD0116,1.0,466.48,466.48
HITM0005305,HORD001679,PRD0680,1.0,46.75,46.75
HITM0005306,HORD001680,PRD0125,1.0,1004.47,1004.47
HITM0005307,HORD001680,PRD0152,1.0,476.3,476.3
HITM0005308,HORD001680,PRD0060,2.0,97.23,194.46
HITM0005309,HORD001680,PRD0751,3.0,1210.18,3630.54
HITM0005310,HORD001680,PRD0703,1.0,299.48,299.48
HITM0005311,HORD001681,PRD0576,1.0,136.9,136.9
HITM0005312,HORD001682,PRD0997,1.0,995.85,995.85
HITM0005313,HORD001682,PRD0397,2.0,1953.43,3906.86
HITM0005314,HORD001682,PRD0006,1.0,813.94,813.94
HITM0005315,HORD001683,PRD0679,1.0,1147.59,1147.59
HITM0005316,HORD001683,PRD0963,1.0,488.16,488.16
HITM0005317,HORD001684,PRD0711,1.0,2921.29,2921.29
HITM0005318,HORD001684,PRD0863,2.0,1009.18,2018.36
HITM0005319,HORD001684,PRD0949,1.0,221.57,221.57
HITM0005320,HORD001685,PRD0095,2.0,857.11,1714.22
HITM0005321,HORD001686,PRD0781,2.0,1410.25,2820.5
HITM0005322,HORD001686,PRD0212,1.0,736.5,736.5
HITM0005323,HORD001686,PRD0383,2.0,1343.47,2686.94
HITM0005324,HORD001687,PRD0070,1.0,283.3,283.3
HITM0005325,HORD001687,PRD0586,1.0,450.26,450.26
HITM0005326,HORD001687,PRD0692,1.0,959.48,959.48
HITM0005327,HORD001687,PRD0235,3.0,510.44,1531.32
HITM0005328,HORD001688,PRD0349,2.0,986.72,1973.44
HITM0005329,HORD001688,PRD0260,1.0,73.31,73.31
HITM0005330,HORD001688,PRD0548,1.0,181.04,181.04
HITM0005331,HORD001688,PRD0646,1.0,98.45,98.45
HITM0005332,HORD001689,PRD0979,2.0,1102.97,2205.94
HITM0005333,HORD001689,PRD0085,1.0,304.21,304.21
HITM0005334,HORD001689,PRD0750,1.0,203.37,203.37
HITM0005335,HORD001690,PRD0132,1.0,713.61,713.61
HITM0005336,HORD001690,PRD0056,1.0,318.87,318.87
HITM0005337,HORD001690,PRD0304,1.0,524.3,524.3
HITM0005338,HORD001691,PRD0200,1.0,279.99,279.99
HITM0005339,HORD001691,PRD0438,2.0,246.04,492.08
HITM0005340,HORD001691,PRD0560,2.0,230.25,460.5
HITM0005341,HORD001691,PRD0247,1.0,968.98,968.98
HITM0005342,HORD001692,PRD0529,1.0,1448.34,1448.34
HITM0005343,HORD001692,PRD0593,2.0,1331.28,2662.56
HITM0005344,HORD001692,PRD0360,1.0,14.71,14.71
HITM0005345,HORD001692,PRD0919,1.0,1151.13,1151.13
HITM0005346,HORD001693,PRD0235,3.0,510.44,1531.32
HITM0005347,HORD001693,PRD0106,1.0,217.23,217.23
HITM0005348,HORD001693,PRD0278,1.0,100.15,100.15
HITM0005349,HORD001694,PRD0785,1.0,611.01,611.01
HITM0005350,HORD001694,PRD0863,2.0,1009.18,2018.36
HITM0005351,HORD001695,PRD0939,1.0,1091.13,1091.13
HITM0005352,HORD001695,PRD0041,1.0,2120.5,2120.5
HITM0005353,HORD001695,PRD0457,3.0,2260.61,6781.83
HITM0005354,HORD001696,PRD0543,1.0,398.13,398.13
HITM0005355,HORD001696,PRD0393,1.0,307.2,307.2
HITM0005356,HORD001697,PRD0396,2.0,120.07,240.14
HITM0005357,HORD001697,PRD0322,2.0,719.5,1439.0
HITM0005358,HORD001697,PRD0293,1.0,399.18,399.18
HITM0005359,HORD001698,PRD0667,1.0,424.48,424.48
HITM0005360,HORD001698,PRD0856,1.0,415.09,415.09
HITM0005361,HORD001699,PRD0630,2.0,59.46,118.92
HITM0005362,HORD001699,PRD0838,1.0,1007.36,1007.36
HITM0005363,HORD001699,PRD0350,2.0,294.0,588.0
HITM0005364,HORD001700,PRD0225,1.0,213.62,213.62
HITM0005365,HORD001700,PRD0752,1.0,1353.89,1353.89
HITM0005366,HORD001701,PRD0741,1.0,2451.18,2451.18
HITM0005367,HORD001701,PRD0504,1.0,3837.7,3837.7
HITM0005368,HORD001701,PRD0337,1.0,92.59,92.59
HITM0005369,HORD001702,PRD0578,2.0,856.24,1712.48
HITM0005370,HORD001702,PRD0874,1.0,2267.23,2267.23
HITM0005371,HORD001702,PRD0030,1.0,159.51,159.51
HITM0005372,HORD001702,PRD0953,1.0,367.94,367.94
HITM0005373,HORD001702,PRD0729,1.0,1008.84,1008.84
HITM0005374,HORD001703,PRD0617,1.0,1897.96,1897.96
HITM0005375,HORD001703,PRD0339,1.0,427.29,427.29
HITM0005376,HORD001703,PRD0745,1.0,805.9,805.9
HITM0005377,HORD001703,PRD0751,1.0,1210.18,1210.18
HITM0005378,HORD001703,PRD0446,2.0,546.41,1092.82
HITM0005379,HORD001704,PRD0914,1.0,3839.74,3839.74
HITM0005380,HORD001704,PRD0036,1.0,116.11,116.11
HITM0005381,HORD001704,PRD0646,1.0,98.45,98.45
HITM0005382,HORD001704,PRD0224,1.0,1301.36,1301.36
HITM0005383,HORD001705,PRD0609,2.0,138.47,276.94
HITM0005384,HORD001705,PRD0191,1.0,1045.12,1045.12
HITM0005385,HORD001705,PRD0356,1.0,302.84,302.84
HITM0005386,HORD001705,PRD0037,1.0,109.69,109.69
HITM0005387,HORD001705,PRD0019,1.0,741.78,741.78
HITM0005388,HORD001706,PRD0475,1.0,304.73,304.73
HITM0005389,HORD001706,PRD0347,1.0,1107.53,1107.53
HITM0005390,HORD001707,PRD0127,1.0,1805.09,1805.09
HITM0005391,HORD001708,PRD0808,1.0,830.41,830.41
HITM0005392,HORD001708,PRD0466,1.0,283.41,283.41
HITM0005393,HORD001708,PRD0075,1.0,227.56,227.56
HITM0005394,HORD001708,PRD0139,1.0,1414.96,1414.96
HITM0005395,HORD001709,PRD0357,1.0,193.87,193.87
HITM0005396,HORD001709,PRD0410,2.0,328.86,657.72
HITM0005397,HORD001709,PRD0686,3.0,791.36,2374.08
HITM0005398,HORD001710,PRD0338,1.0,950.04,950.04
HITM0005399,HORD001710,PRD0580,1.0,76.83,76.83
HITM0005400,HORD001710,PRD0183,1.0,880.19,880.19
HITM0005401,HORD001710,PRD0569,2.0,965.49,1930.98
HITM0005402,HORD001710,PRD0608,1.0,772.25,772.25
HITM0005403,HORD001711,PRD0630,1.0,59.46,59.46
HITM0005404,HORD001711,PRD0282,2.0,1401.95,2803.9
HITM0005405,HORD001711,PRD0109,1.0,516.32,516.32
HITM0005406,HORD001712,PRD0844,1.0,1996.67,1996.67
HITM0005407,HORD001712,PRD0045,1.0,70.08,70.08
HITM0005408,HORD001712,PRD0348,2.0,1003.34,2006.68
HITM0005409,HORD001712,PRD0018,1.0,112.62,112.62
HITM0005410,HORD001713,PRD0535,2.0,976.79,1953.58
HITM0005411,HORD001713,PRD0482,1.0,653.2,653.2
HITM0005412,HORD001713,PRD0566,1.0,47.51,47.51
HITM0005413,HORD001714,PRD0089,1.0,865.25,865.25
HITM0005414,HORD001714,PRD0288,2.0,171.9,343.8
HITM0005415,HORD001714,PRD0077,1.0,966.88,966.88
HITM0005416,HORD001714,PRD0607,2.0,1460.76,2921.52
HITM0005417,HORD001715,PRD0638,2.0,248.57,497.14
HITM0005418,HORD001715,PRD0546,1.0,426.68,426.68
HITM0005419,HORD001715,PRD0854,1.0,386.3,386.3
HITM0005420,HORD001716,PRD0700,1.0,258.76,258.76
HITM0005421,HORD001716,PRD0132,1.0,713.61,713.61
HITM0005422,HORD001716,PRD0633,1.0,809.48,809.48
HITM0005423,HORD001717,PRD0703,1.0,299.48,299.48
HITM0005424,HORD001717,PRD0153,1.0,926.23,926.23
HITM0005425,HORD001717,PRD0249,1.0,380.08,380.08
HITM0005426,HORD001717,PRD0105,1.0,275.3,275.3
HITM0005427,HORD001718,PRD0110,1.0,250.51,250.51
HITM0005428,HORD001718,PRD0322,1.0,719.5,719.5
HITM0005429,HORD001718,PRD0550,1.0,184.97,184.97
HITM0005430,HORD001719,PRD0447,3.0,79.94,239.82
HITM0005431,HORD001719,PRD0402,1.0,1191.53,1191.53
HITM0005432,HORD001719,PRD0955,1.0,418.8,418.8
HITM0005433,HORD001719,PRD0636,1.0,63.83,63.83
HITM0005434,HORD001719,PRD0348,1.0,1003.34,1003.34
HITM0005435,HORD001720,PRD0653,1.0,1533.48,1533.48
HITM0005436,HORD001720,PRD0213,2.0,1561.73,3123.46
HITM0005437,HORD001720,PRD0965,1.0,271.51,271.51
HITM0005438,HORD001720,PRD0630,2.0,59.46,118.92
HITM0005439,HORD001720,PRD0958,2.0,655.23,1310.46
HITM0005440,HORD001721,PRD0947,1.0,1897.91,1897.91
HITM0005441,HORD001721,PRD0310,2.0,318.45,636.9
HITM0005442,HORD001721,PRD0563,2.0,270.8,541.6
HITM0005443,HORD001722,PRD0007,2.0,775.64,1551.28
HITM0005444,HORD001722,PRD0068,1.0,190.2,190.2
HITM0005445,HORD001722,PRD0196,1.0,437.6,437.6
HITM0005446,HORD001723,PRD0623,1.0,292.46,292.46
HITM0005447,HORD001723,PRD0462,1.0,1259.7,1259.7
HITM0005448,HORD001724,PRD0845,2.0,242.25,484.5
HITM0005449,HORD001724,PRD0320,1.0,289.98,289.98
HITM0005450,HORD001724,PRD0568,1.0,272.51,272.51
HITM0005451,HORD001724,PRD0099,1.0,469.56,469.56
HITM0005452,HORD001724,PRD0416,1.0,753.43,753.43
HITM0005453,HORD001725,PRD0417,1.0,318.04,318.04
HITM0005454,HORD001725,PRD0386,1.0,109.17,109.17
HITM0005455,HORD001725,PRD0439,1.0,1119.95,1119.95
HITM0005456,HORD001725,PRD0708,1.0,720.36,720.36
HITM0005457,HORD001726,PRD0982,1.0,921.88,921.88
HITM0005458,HORD001726,PRD0268,2.0,944.09,1888.18
HITM0005459,HORD001726,PRD0684,2.0,1584.7,3169.4
HITM0005460,HORD001726,PRD0096,1.0,329.23,329.23
HITM0005461,HORD001727,PRD0969,1.0,1459.43,1459.43
HITM0005462,HORD001727,PRD0358,1.0,67.02,67.02
HITM0005463,HORD001727,PRD0658,3.0,140.48,421.44
HITM0005464,HORD001727,PRD0822,1.0,1127.28,1127.28
HITM0005465,HORD001728,PRD0182,1.0,589.1,589.1
HITM0005466,HORD001728,PRD0020,1.0,153.47,153.47
HITM0005467,HORD001728,PRD0772,1.0,546.46,546.46
HITM0005468,HORD001728,PRD0771,1.0,1968.01,1968.01
HITM0005469,HORD001728,PRD0276,1.0,586.47,586.47
HITM0005470,HORD001729,PRD0107,1.0,1500.51,1500.51
HITM0005471,HORD001729,PRD0399,1.0,628.54,628.54
HITM0005472,HORD001729,PRD0288,1.0,171.9,171.9
HITM0005473,HORD001729,PRD0950,1.0,321.18,321.18
HITM0005474,HORD001729,PRD0400,1.0,286.55,286.55
HITM0005475,HORD001730,PRD0339,2.0,427.29,854.58
HITM0005476,HORD001730,PRD0140,1.0,54.35,54.35
HITM0005477,HORD001730,PRD0555,2.0,407.18,814.36
HITM0005478,HORD001730,PRD0552,1.0,1832.39,1832.39
HITM0005479,HORD001731,PRD0570,1.0,98.43,98.43
HITM0005480,HORD001731,PRD0675,3.0,898.47,2695.41
HITM0005481,HORD001731,PRD0603,2.0,671.51,1343.02
HITM0005482,HORD001732,PRD0170,2.0,71.95,143.9
HITM0005483,HORD001732,PRD0880,1.0,263.31,263.31
HITM0005484,HORD001732,PRD0548,1.0,181.04,181.04
HITM0005485,HORD001732,PRD0348,1.0,1003.34,1003.34
HITM0005486,HORD001733,PRD0381,1.0,1910.84,1910.84
HITM0005487,HORD001733,PRD0219,1.0,374.02,374.02
HITM0005488,HORD001734,PRD0151,1.0,1779.3,1779.3
HITM0005489,HORD001734,PRD0828,1.0,125.24,125.24
HITM0005490,HORD001734,PRD0215,1.0,915.08,915.08
HITM0005491,HORD001734,PRD0946,1.0,553.66,553.66
HITM0005492,HORD001735,PRD0355,2.0,535.15,1070.3
HITM0005493,HORD001735,PRD0010,1.0,15.97,15.97
HITM0005494,HORD001735,PRD0472,1.0,1096.23,1096.23
HITM0005495,HORD001736,PRD0646,1.0,98.45,98.45
HITM0005496,HORD001736,PRD0423,2.0,731.87,1463.74
HITM0005497,HORD001736,PRD0146,1.0,795.49,795.49
HITM0005498,HORD001736,PRD0656,1.0,820.33,820.33
HITM0005499,HORD001737,PRD0479,1.0,785.34,785.34
HITM0005500,HORD001737,PRD0027,1.0,1635.42,1635.42
HITM0005501,HORD001737,PRD0068,2.0,190.2,380.4
HITM0005502,HORD001738,PRD0069,1.0,850.31,850.31
HITM0005503,HORD001738,PRD0012,1.0,1367.99,1367.99
HITM0005504,HORD001738,PRD0140,1.0,54.35,54.35
HITM0005505,HORD001738,PRD0028,2.0,364.14,728.28
HITM0005506,HORD001739,PRD0010,1.0,15.97,15.97
HITM0005507,HORD001739,PRD0229,1.0,412.68,412.68
HITM0005508,HORD001740,PRD0666,1.0,108.17,108.17
HITM0005509,HORD001740,PRD0699,3.0,1495.41,4486.23
HITM0005510,HORD001740,PRD0300,1.0,30.76,30.76
HITM0005511,HORD001740,PRD0495,1.0,617.55,617.55
HITM0005512,HORD001741,PRD0485,2.0,518.63,1037.26
HITM0005513,HORD001742,PRD0672,1.0,527.46,527.46
HITM0005514,HORD001742,PRD0282,1.0,1401.95,1401.95
HITM0005515,HORD001742,PRD0617,2.0,1897.96,3795.92
HITM0005516,HORD001743,PRD0915,1.0,763.7,763.7
HITM0005517,HORD001743,PRD0745,1.0,805.9,805.9
HITM0005518,HORD001743,PRD0399,1.0,628.54,628.54
HITM0005519,HORD001744,PRD0330,1.0,184.25,184.25
HITM0005520,HORD001744,PRD0913,1.0,645.54,645.54
HITM0005521,HORD001745,PRD0254,1.0,1660.0,1660.0
HITM0005522,HORD001746,PRD0880,1.0,263.31,263.31
HITM0005523,HORD001746,PRD0160,1.0,263.81,263.81
HITM0005524,HORD001746,PRD0278,1.0,100.15,100.15
HITM0005525,HORD001747,PRD0282,1.0,1401.95,1401.95
HITM0005526,HORD001747,PRD0094,1.0,1376.89,1376.89
HITM0005527,HORD001748,PRD0378,2.0,110.97,221.94
HITM0005528,HORD001748,PRD0037,2.0,109.69,219.38
HITM0005529,HORD001749,PRD0957,1.0,2168.33,2168.33
HITM0005530,HORD001750,PRD0241,1.0,1271.03,1271.03
HITM0005531,HORD001751,PRD0436,1.0,99.16,99.16
HITM0005532,HORD001751,PRD0609,1.0,138.47,138.47
HITM0005533,HORD001751,PRD0683,2.0,1384.61,2769.22
HITM0005534,HORD001751,PRD0726,1.0,620.57,620.57
HITM0005535,HORD001752,PRD0017,1.0,1860.35,1860.35
HITM0005536,HORD001752,PRD0340,2.0,68.17,136.34
HITM0005537,HORD001752,PRD0790,1.0,25.52,25.52
HITM0005538,HORD001752,PRD0997,1.0,995.85,995.85
HITM0005539,HORD001753,PRD0624,1.0,4074.77,4074.77
HITM0005540,HORD001753,PRD0370,2.0,143.48,286.96
HITM0005541,HORD001753,PRD0889,1.0,252.57,252.57
HITM0005542,HORD001754,PRD0810,1.0,224.68,224.68
HITM0005543,HORD001754,PRD0959,2.0,198.15,396.3
HITM0005544,HORD001754,PRD0977,1.0,352.01,352.01
HITM0005545,HORD001755,PRD0932,2.0,1316.49,2632.98
HITM0005546,HORD001755,PRD0790,1.0,25.52,25.52
HITM0005547,HORD001755,PRD0211,1.0,2411.53,2411.53
HITM0005548,HORD001756,PRD0718,1.0,1045.66,1045.66
HITM0005549,HORD001756,PRD0206,2.0,673.8,1347.6
HITM0005550,HORD001756,PRD0496,1.0,176.22,176.22
HITM0005551,HORD001757,PRD0396,1.0,120.07,120.07
HITM0005552,HORD001757,PRD0357,3.0,193.87,581.61
HITM0005553,HORD001757,PRD0580,1.0,76.83,76.83
HITM0005554,HORD001758,PRD0134,1.0,3468.51,3468.51
HITM0005555,HORD001758,PRD0565,1.0,1060.41,1060.41
HITM0005556,HORD001758,PRD0435,1.0,540.59,540.59
HITM0005557,HORD001758,PRD0828,1.0,125.24,125.24
HITM0005558,HORD001759,PRD0448,1.0,67.35,67.35
HITM0005559,HORD001759,PRD0019,1.0,741.78,741.78
HITM0005560,HORD001759,PRD0995,1.0,855.97,855.97
HITM0005561,HORD001759,PRD0784,1.0,3454.65,3454.65
HITM0005562,HORD001760,PRD0008,1.0,799.44,799.44
HITM0005563,HORD001760,PRD0810,1.0,224.68,224.68
HITM0005564,HORD001760,PRD0082,1.0,383.13,383.13
HITM0005565,HORD001761,PRD0980,1.0,334.19,334.19
HITM0005566,HORD001761,PRD0963,1.0,488.16,488.16
HITM0005567,HORD001761,PRD0010,1.0,15.97,15.97
HITM0005568,HORD001762,PRD0463,1.0,533.33,533.33
HITM0005569,HORD001762,PRD0596,1.0,741.69,741.69
HITM0005570,HORD001762,PRD0810,1.0,224.68,224.68
HITM0005571,HORD001763,PRD0524,1.0,1527.37,1527.37
HITM0005572,HORD001763,PRD0716,1.0,242.32,242.32
HITM0005573,HORD001763,PRD0945,1.0,888.88,888.88
HITM0005574,HORD001763,PRD0170,1.0,71.95,71.95
HITM0005575,HORD001764,PRD0409,2.0,1192.0,2384.0
HITM0005576,HORD001764,PRD0415,1.0,921.87,921.87
HITM0005577,HORD001764,PRD0432,1.0,1225.0,1225.0
HITM0005578,HORD001764,PRD0494,1.0,780.48,780.48
HITM0005579,HORD001764,PRD0563,1.0,270.8,270.8
HITM0005580,HORD001765,PRD0169,1.0,1057.68,1057.68
HITM0005581,HORD001765,PRD0055,2.0,1172.72,2345.44
HITM0005582,HORD001766,PRD0563,2.0,270.8,541.6
HITM0005583,HORD001766,PRD0802,1.0,1342.26,1342.26
HITM0005584,HORD001766,PRD0565,1.0,1060.41,1060.41
HITM0005585,HORD001766,PRD0117,1.0,1153.53,1153.53
HITM0005586,HORD001766,PRD0543,2.0,398.13,796.26
HITM0005587,HORD001767,PRD0413,1.0,699.79,699.79
HITM0005588,HORD001767,PRD0150,1.0,27.72,27.72
HITM0005589,HORD001768,PRD0216,1.0,56.76,56.76
HITM0005590,HORD001768,PRD0612,1.0,471.59,471.59
HITM0005591,HORD001769,PRD0475,1.0,304.73,304.73
HITM0005592,HORD001769,PRD0877,2.0,1300.22,2600.44
HITM0005593,HORD001769,PRD0690,1.0,306.64,306.64
HITM0005594,HORD001770,PRD0969,1.0,1459.43,1459.43
HITM0005595,HORD001770,PRD0589,1.0,675.7,675.7
HITM0005596,HORD001770,PRD0138,1.0,316.0,316.0
HITM0005597,HORD001771,PRD0005,2.0,450.36,900.72
HITM0005598,HORD001771,PRD0800,1.0,235.68,235.68
HITM0005599,HORD001772,PRD0663,1.0,1546.5,1546.5
HITM0005600,HORD001772,PRD0745,1.0,805.9,805.9
HITM0005601,HORD001772,PRD0717,1.0,615.2,615.2
HITM0005602,HORD001773,PRD0549,2.0,1361.68,2723.36
HITM0005603,HORD001773,PRD0570,3.0,98.43,295.29
HITM0005604,HORD001773,PRD0834,1.0,2476.82,2476.82
HITM0005605,HORD001774,PRD0368,1.0,807.79,807.79
HITM0005606,HORD001774,PRD0378,2.0,110.97,221.94
HITM0005607,HORD001774,PRD0002,1.0,684.63,684.63
HITM0005608,HORD001774,PRD0047,1.0,1258.28,1258.28
HITM0005609,HORD001774,PRD0807,1.0,1536.27,1536.27
HITM0005610,HORD001775,PRD0502,1.0,1894.29,1894.29
HITM0005611,HORD001775,PRD0591,1.0,2794.24,2794.24
HITM0005612,HORD001775,PRD0889,1.0,252.57,252.57
HITM0005613,HORD001776,PRD0492,1.0,1490.94,1490.94
HITM0005614,HORD001776,PRD0552,1.0,1832.39,1832.39
HITM0005615,HORD001777,PRD0464,2.0,1572.44,3144.88
HITM0005616,HORD001777,PRD0916,2.0,265.34,530.68
HITM0005617,HORD001777,PRD0307,1.0,2171.11,2171.11
HITM0005618,HORD001778,PRD0680,1.0,46.75,46.75
HITM0005619,HORD001778,PRD0616,2.0,644.96,1289.92
HITM0005620,HORD001778,PRD0150,1.0,27.72,27.72
HITM0005621,HORD001779,PRD1000,1.0,364.05,364.05
HITM0005622,HORD001779,PRD0332,1.0,560.39,560.39
HITM0005623,HORD001779,PRD0163,1.0,1539.62,1539.62
HITM0005624,HORD001780,PRD0039,1.0,980.04,980.04
HITM0005625,HORD001780,PRD0901,3.0,1477.12,4431.36
HITM0005626,HORD001780,PRD0308,1.0,1053.94,1053.94
HITM0005627,HORD001780,PRD0925,3.0,976.66,2929.98
HITM0005628,HORD001780,PRD0406,1.0,241.97,241.97
HITM0005629,HORD001781,PRD0690,1.0,306.64,306.64
HITM0005630,HORD001781,PRD0231,1.0,2034.99,2034.99
HITM0005631,HORD001781,PRD0563,3.0,270.8,812.4
HITM0005632,HORD001782,PRD0203,1.0,910.47,910.47
HITM0005633,HORD001782,PRD0984,1.0,759.8,759.8
HITM0005634,HORD001782,PRD0641,2.0,934.18,1868.36
HITM0005635,HORD001782,PRD0197,2.0,1349.02,2698.04
HITM0005636,HORD001783,PRD0620,1.0,123.89,123.89
HITM0005637,HORD001783,PRD0666,2.0,108.17,216.34
HITM0005638,HORD001783,PRD0993,2.0,489.97,979.94
HITM0005639,HORD001783,PRD0219,1.0,374.02,374.02
HITM0005640,HORD001784,PRD0046,1.0,690.5,690.5
HITM0005641,HORD001784,PRD0438,1.0,246.04,246.04
HITM0005642,HORD001784,PRD0140,1.0,54.35,54.35
HITM0005643,HORD001784,PRD0233,1.0,1406.02,1406.02
HITM0005644,HORD001784,PRD0604,2.0,1327.89,2655.78
HITM0005645,HORD001785,PRD0140,1.0,54.35,54.35
HITM0005646,HORD001785,PRD0275,1.0,182.18,182.18
HITM0005647,HORD001785,PRD0473,1.0,576.89,576.89
HITM0005648,HORD001785,PRD0568,1.0,272.51,272.51
HITM0005649,HORD001786,PRD0330,2.0,184.25,368.5
HITM0005650,HORD001786,PRD0420,1.0,202.02,202.02
HITM0005651,HORD001786,PRD0765,1.0,126.56,126.56
HITM0005652,HORD001786,PRD0072,1.0,1390.27,1390.27
HITM0005653,HORD001787,PRD0920,1.0,129.86,129.86
HITM0005654,HORD001787,PRD0218,1.0,838.07,838.07
HITM0005655,HORD001787,PRD0299,2.0,658.78,1317.56
HITM0005656,HORD001787,PRD0790,1.0,25.52,25.52
HITM0005657,HORD001788,PRD0548,1.0,181.04,181.04
HITM0005658,HORD001788,PRD0294,2.0,1781.81,3563.62
HITM0005659,HORD001788,PRD0823,1.0,1081.67,1081.67
HITM0005660,HORD001789,PRD0096,2.0,329.23,658.46
HITM0005661,HORD001789,PRD0808,2.0,830.41,1660.82
HITM0005662,HORD001790,PRD0243,3.0,1380.67,4142.01
HITM0005663,HORD001790,PRD1000,2.0,364.05,728.1
HITM0005664,HORD001790,PRD0845,1.0,242.25,242.25
HITM0005665,HORD001791,PRD0931,2.0,2080.26,4160.52
HITM0005666,HORD001792,PRD0078,2.0,166.61,333.22
HITM0005667,HORD001792,PRD0185,1.0,575.43,575.43
HITM0005668,HORD001793,PRD0746,3.0,130.44,391.32
HITM0005669,HORD001793,PRD0105,1.0,275.3,275.3
HITM0005670,HORD001793,PRD0891,2.0,1480.65,2961.3
HITM0005671,HORD001793,PRD0456,2.0,417.01,834.02
HITM0005672,HORD001794,PRD0451,2.0,2097.21,4194.42
HITM0005673,HORD001794,PRD0410,1.0,328.86,328.86
HITM0005674,HORD001794,PRD0082,1.0,383.13,383.13
HITM0005675,HORD001794,PRD0537,2.0,2543.03,5086.06
HITM0005676,HORD001795,PRD0241,1.0,1271.03,1271.03
HITM0005677,HORD001795,PRD0606,1.0,721.57,721.57
HITM0005678,HORD001795,PRD0010,1.0,15.97,15.97
HITM0005679,HORD001796,PRD0857,1.0,371.03,371.03
HITM0005680,HORD001796,PRD0750,2.0,203.37,406.74
HITM0005681,HORD001796,PRD0377,2.0,1672.48,3344.96
HITM0005682,HORD001797,PRD0815,1.0,446.57,446.57
HITM0005683,HORD001797,PRD0251,1.0,954.37,954.37
HITM0005684,HORD001797,PRD0140,1.0,54.35,54.35
HITM0005685,HORD001797,PRD0523,1.0,1192.94,1192.94
HITM0005686,HORD001798,PRD0811,1.0,1292.11,1292.11
HITM0005687,HORD001798,PRD0235,1.0,510.44,510.44
HITM0005688,HORD001799,PRD0643,2.0,809.36,1618.72
HITM0005689,HORD001799,PRD0018,2.0,112.62,225.24
HITM0005690,HORD001800,PRD0010,1.0,15.97,15.97
HITM0005691,HORD001800,PRD0598,1.0,929.85,929.85
HITM0005692,HORD001800,PRD0345,1.0,927.23,927.23
HITM0005693,HORD001800,PRD0935,1.0,249.9,249.9
HITM0005694,HORD001801,PRD0807,1.0,1536.27,1536.27
HITM0005695,HORD001801,PRD0830,1.0,87.0,87.0
HITM0005696,HORD001801,PRD0789,1.0,106.8,106.8
HITM0005697,HORD001801,PRD0456,1.0,417.01,417.01
HITM0005698,HORD001802,PRD0480,2.0,37.46,74.92
HITM0005699,HORD001803,PRD0906,2.0,58.83,117.66
HITM0005700,HORD001803,PRD0216,1.0,56.76,56.76
HITM0005701,HORD001803,PRD0285,2.0,136.65,273.3
HITM0005702,HORD001804,PRD0580,1.0,76.83,76.83
HITM0005703,HORD001805,PRD0305,1.0,662.05,662.05
HITM0005704,HORD001805,PRD0155,2.0,237.13,474.26
HITM0005705,HORD001805,PRD0212,1.0,736.5,736.5
HITM0005706,HORD001805,PRD0616,1.0,644.96,644.96
HITM0005707,HORD001805,PRD0346,1.0,692.97,692.97
HITM0005708,HORD001806,PRD0844,1.0,1996.67,1996.67
HITM0005709,HORD001806,PRD0413,1.0,699.79,699.79
HITM0005710,HORD001807,PRD0926,1.0,711.69,711.69
HITM0005711,HORD001807,PRD0965,1.0,271.51,271.51
HITM0005712,HORD001807,PRD0298,1.0,565.35,565.35
HITM0005713,HORD001808,PRD0378,1.0,110.97,110.97
HITM0005714,HORD001808,PRD0036,3.0,116.11,348.33
HITM0005715,HORD001808,PRD0549,1.0,1361.68,1361.68
HITM0005716,HORD001809,PRD0439,1.0,1119.95,1119.95
HITM0005717,HORD001809,PRD0593,2.0,1331.28,2662.56
HITM0005718,HORD001809,PRD0419,1.0,1223.67,1223.67
HITM0005719,HORD001810,PRD0517,1.0,1366.6,1366.6
HITM0005720,HORD001810,PRD0035,1.0,410.43,410.43
HITM0005721,HORD001810,PRD0058,2.0,660.96,1321.92
HITM0005722,HORD001810,PRD0530,2.0,376.94,753.88
HITM0005723,HORD001811,PRD0790,1.0,25.52,25.52
HITM0005724,HORD001811,PRD0851,1.0,1384.1,1384.1
HITM0005725,HORD001811,PRD0401,1.0,1541.92,1541.92
HITM0005726,HORD001812,PRD0367,2.0,1853.15,3706.3
HITM0005727,HORD001813,PRD0309,1.0,335.12,335.12
HITM0005728,HORD001813,PRD0216,2.0,56.76,113.52
HITM0005729,HORD001813,PRD0196,1.0,437.6,437.6
HITM0005730,HORD001814,PRD0216,1.0,56.76,56.76
HITM0005731,HORD001814,PRD0883,1.0,1065.61,1065.61
HITM0005732,HORD001815,PRD0454,1.0,561.82,561.82
HITM0005733,HORD001815,PRD0036,1.0,116.11,116.11
HITM0005734,HORD001816,PRD0359,1.0,169.12,169.12
HITM0005735,HORD001816,PRD0488,2.0,482.8,965.6
HITM0005736,HORD001816,PRD0651,1.0,929.1,929.1
HITM0005737,HORD001816,PRD0884,2.0,586.48,1172.96
HITM0005738,HORD001817,PRD0055,1.0,1172.72,1172.72
HITM0005739,HORD001817,PRD0884,1.0,586.48,586.48
HITM0005740,HORD001817,PRD0350,1.0,294.0,294.0
HITM0005741,HORD001818,PRD0656,1.0,820.33,820.33
HITM0005742,HORD001819,PRD0856,1.0,415.09,415.09
HITM0005743,HORD001819,PRD0123,1.0,322.81,322.81
HITM0005744,HORD001819,PRD0316,1.0,28.93,28.93
HITM0005745,HORD001820,PRD0710,1.0,302.55,302.55
HITM0005746,HORD001820,PRD0175,1.0,760.09,760.09
HITM0005747,HORD001820,PRD0036,1.0,116.11,116.11
HITM0005748,HORD001820,PRD0641,1.0,934.18,934.18
HITM0005749,HORD001820,PRD0224,2.0,1301.36,2602.72
HITM0005750,HORD001821,PRD0009,1.0,1102.1,1102.1
HITM0005751,HORD001821,PRD0626,2.0,502.49,1004.98
HITM0005752,HORD001821,PRD0967,2.0,571.48,1142.96
HITM0005753,HORD001822,PRD0497,1.0,1686.58,1686.58
HITM0005754,HORD001822,PRD0673,1.0,1324.45,1324.45
HITM0005755,HORD001822,PRD0765,2.0,126.56,253.12
HITM0005756,HORD001822,PRD0223,1.0,427.66,427.66
HITM0005757,HORD001823,PRD0075,1.0,227.56,227.56
HITM0005758,HORD001823,PRD0610,2.0,21.93,43.86
HITM0005759,HORD001824,PRD0974,1.0,2468.26,2468.26
HITM0005760,HORD001824,PRD0030,2.0,159.51,319.02
HITM0005761,HORD001824,PRD0231,1.0,2034.99,2034.99
HITM0005762,HORD001825,PRD0554,1.0,1619.69,1619.69
HITM0005763,HORD001825,PRD0768,1.0,912.93,912.93
HITM0005764,HORD001825,PRD0216,3.0,56.76,170.28
HITM0005765,HORD001825,PRD0898,1.0,236.36,236.36
HITM0005766,HORD001826,PRD0082,1.0,383.13,383.13
HITM0005767,HORD001826,PRD0111,1.0,1802.88,1802.88
HITM0005768,HORD001827,PRD0033,1.0,1186.21,1186.21
HITM0005769,HORD001827,PRD0749,1.0,633.27,633.27
HITM0005770,HORD001828,PRD0891,1.0,1480.65,1480.65
HITM0005771,HORD001828,PRD0378,1.0,110.97,110.97
HITM0005772,HORD001828,PRD0070,1.0,283.3,283.3
HITM0005773,HORD001829,PRD0617,2.0,1897.96,3795.92
HITM0005774,HORD001829,PRD0999,1.0,464.57,464.57
HITM0005775,HORD001829,PRD0034,1.0,1865.66,1865.66
HITM0005776,HORD001829,PRD0800,1.0,235.68,235.68
HITM0005777,HORD001830,PRD0852,1.0,516.19,516.19
HITM0005778,HORD001830,PRD0586,1.0,450.26,450.26
HITM0005779,HORD001830,PRD0250,2.0,335.17,670.34
HITM0005780,HORD001831,PRD0927,2.0,867.79,1735.58
HITM0005781,HORD001832,PRD0258,1.0,171.41,171.41
HITM0005782,HORD001832,PRD0448,1.0,67.35,67.35
HITM0005783,HORD001832,PRD0010,2.0,15.97,31.94
HITM0005784,HORD001833,PRD0483,1.0,1343.25,1343.25
HITM0005785,HORD001834,PRD0893,2.0,434.15,868.3
HITM0005786,HORD001834,PRD0369,1.0,462.08,462.08
HITM0005787,HORD001835,PRD0214,1.0,2414.54,2414.54
HITM0005788,HORD001835,PRD0144,1.0,1126.55,1126.55
HITM0005789,HORD001835,PRD0019,1.0,741.78,741.78
HITM0005790,HORD001836,PRD0734,1.0,2197.09,2197.09
HITM0005791,HORD001837,PRD0696,1.0,107.86,107.86
HITM0005792,HORD001837,PRD0443,1.0,667.38,667.38
HITM0005793,HORD001838,PRD0605,1.0,845.14,845.14
HITM0005794,HORD001838,PRD0555,1.0,407.18,407.18
HITM0005795,HORD001838,PRD0822,1.0,1127.28,1127.28
HITM0005796,HORD001839,PRD0452,1.0,318.36,318.36
HITM0005797,HORD001839,PRD0813,1.0,1381.91,1381.91
HITM0005798,HORD001839,PRD0711,1.0,2921.29,2921.29
HITM0005799,HORD001840,PRD0196,2.0,437.6,875.2
HITM0005800,HORD001840,PRD0325,2.0,54.61,109.22
HITM0005801,HORD001840,PRD0185,1.0,575.43,575.43
HITM0005802,HORD001841,PRD0887,1.0,111.87,111.87
HITM0005803,HORD001841,PRD0158,3.0,464.07,1392.21
HITM0005804,HORD001842,PRD0179,1.0,1156.54,1156.54
HITM0005805,HORD001842,PRD0263,1.0,1272.94,1272.94
HITM0005806,HORD001842,PRD0896,2.0,502.67,1005.34
HITM0005807,HORD001842,PRD0280,2.0,34.27,68.54
HITM0005808,HORD001843,PRD0325,1.0,54.61,54.61
HITM0005809,HORD001843,PRD0106,1.0,217.23,217.23
HITM0005810,HORD001844,PRD0497,1.0,1686.58,1686.58
HITM0005811,HORD001844,PRD0746,1.0,130.44,130.44
HITM0005812,HORD001844,PRD0491,2.0,1093.0,2186.0
HITM0005813,HORD001845,PRD0445,1.0,1141.73,1141.73
HITM0005814,HORD001845,PRD0706,1.0,746.72,746.72
HITM0005815,HORD001845,PRD0520,2.0,93.98,187.96
HITM0005816,HORD001846,PRD0580,1.0,76.83,76.83
HITM0005817,HORD001847,PRD0325,1.0,54.61,54.61
HITM0005818,HORD001847,PRD0174,1.0,3910.58,3910.58
HITM0005819,HORD001848,PRD0708,1.0,720.36,720.36
HITM0005820,HORD001848,PRD0040,2.0,208.06,416.12
HITM0005821,HORD001848,PRD0485,2.0,518.63,1037.26
HITM0005822,HORD001848,PRD0078,1.0,166.61,166.61
HITM0005823,HORD001849,PRD0981,1.0,2272.24,2272.24
HITM0005824,HORD001849,PRD0286,2.0,841.61,1683.22
HITM0005825,HORD001850,PRD0102,2.0,786.59,1573.18
HITM0005826,HORD001850,PRD0543,2.0,398.13,796.26
HITM0005827,HORD001850,PRD0328,2.0,728.97,1457.94
HITM0005828,HORD001850,PRD0580,1.0,76.83,76.83
HITM0005829,HORD001851,PRD0491,1.0,1093.0,1093.0
HITM0005830,HORD001851,PRD0040,1.0,208.06,208.06
HITM0005831,HORD001851,PRD0455,2.0,329.34,658.68
HITM0005832,HORD001851,PRD0722,1.0,909.76,909.76
HITM0005833,HORD001852,PRD0106,2.0,217.23,434.46
HITM0005834,HORD001852,PRD0140,2.0,54.35,108.7
HITM0005835,HORD001852,PRD0265,2.0,255.41,510.82
HITM0005836,HORD001852,PRD0932,1.0,1316.49,1316.49
HITM0005837,HORD001852,PRD0492,1.0,1490.94,1490.94
HITM0005838,HORD001853,PRD0092,2.0,1623.69,3247.38
HITM0005839,HORD001854,PRD0859,1.0,870.26,870.26
HITM0005840,HORD001854,PRD0700,1.0,258.76,258.76
HITM0005841,HORD001854,PRD0715,2.0,343.66,687.32
HITM0005842,HORD001854,PRD0160,1.0,263.81,263.81
HITM0005843,HORD001854,PRD0945,1.0,888.88,888.88
HITM0005844,HORD001855,PRD0450,1.0,138.07,138.07
HITM0005845,HORD001855,PRD0614,1.0,3562.62,3562.62
HITM0005846,HORD001856,PRD0201,1.0,2007.57,2007.57
HITM0005847,HORD001856,PRD0610,1.0,21.93,21.93
HITM0005848,HORD001856,PRD0503,2.0,866.27,1732.54
HITM0005849,HORD001856,PRD0200,2.0,279.99,559.98
HITM0005850,HORD001856,PRD0975,1.0,977.14,977.14
HITM0005851,HORD001857,PRD0724,1.0,1250.76,1250.76
HITM0005852,HORD001857,PRD0956,1.0,301.52,301.52
HITM0005853,HORD001858,PRD0884,1.0,586.48,586.48
HITM0005854,HORD001858,PRD0648,1.0,210.67,210.67
HITM0005855,HORD001858,PRD0316,3.0,28.93,86.79
HITM0005856,HORD001859,PRD0305,1.0,662.05,662.05
HITM0005857,HORD001859,PRD0186,2.0,223.64,447.28
HITM0005858,HORD001859,PRD0970,2.0,71.64,143.28
HITM0005859,HORD001859,PRD0477,2.0,791.3,1582.6
HITM0005860,HORD001860,PRD0531,2.0,2758.01,5516.02
HITM0005861,HORD001860,PRD0557,1.0,1855.06,1855.06
HITM0005862,HORD001860,PRD0734,1.0,2197.09,2197.09
HITM0005863,HORD001860,PRD0191,1.0,1045.12,1045.12
HITM0005864,HORD001860,PRD0288,2.0,171.9,343.8
HITM0005865,HORD001861,PRD0312,2.0,845.47,1690.94
HITM0005866,HORD001862,PRD0228,1.0,148.71,148.71
HITM0005867,HORD001862,PRD0077,1.0,966.88,966.88
HITM0005868,HORD001862,PRD0939,1.0,1091.13,1091.13
HITM0005869,HORD001862,PRD0605,1.0,845.14,845.14
HITM0005870,HORD001863,PRD0849,1.0,1011.98,1011.98
HITM0005871,HORD001863,PRD0063,3.0,1124.17,3372.51
HITM0005872,HORD001863,PRD0859,2.0,870.26,1740.52
HITM0005873,HORD001863,PRD0443,1.0,667.38,667.38
HITM0005874,HORD001864,PRD0161,1.0,1014.36,1014.36
HITM0005875,HORD001864,PRD0698,1.0,1038.35,1038.35
HITM0005876,HORD001864,PRD0959,1.0,198.15,198.15
HITM0005877,HORD001865,PRD0290,1.0,61.51,61.51
HITM0005878,HORD001866,PRD0368,1.0,807.79,807.79
HITM0005879,HORD001866,PRD0190,2.0,417.54,835.08
HITM0005880,HORD001866,PRD0031,1.0,2166.94,2166.94
HITM0005881,HORD001866,PRD0583,1.0,981.15,981.15
HITM0005882,HORD001866,PRD0374,1.0,1059.26,1059.26
HITM0005883,HORD001867,PRD0449,1.0,227.09,227.09
HITM0005884,HORD001868,PRD0417,1.0,318.04,318.04
HITM0005885,HORD001868,PRD0293,2.0,399.18,798.36
HITM0005886,HORD001868,PRD0609,1.0,138.47,138.47
HITM0005887,HORD001868,PRD0676,1.0,444.48,444.48
HITM0005888,HORD001869,PRD0441,2.0,1117.87,2235.74
HITM0005889,HORD001869,PRD0071,1.0,2347.4,2347.4
HITM0005890,HORD001869,PRD0289,1.0,721.6,721.6
HITM0005891,HORD001869,PRD0330,1.0,184.25,184.25
HITM0005892,HORD001870,PRD0058,1.0,660.96,660.96
HITM0005893,HORD001870,PRD0906,1.0,58.83,58.83
HITM0005894,HORD001870,PRD0999,1.0,464.57,464.57
HITM0005895,HORD001871,PRD0580,3.0,76.83,230.49
HITM0005896,HORD001871,PRD0314,1.0,2377.47,2377.47
HITM0005897,HORD001872,PRD0413,1.0,699.79,699.79
HITM0005898,HORD001872,PRD0310,1.0,318.45,318.45
HITM0005899,HORD001872,PRD0887,2.0,111.87,223.74
HITM0005900,HORD001872,PRD0390,2.0,27.7,55.4
HITM0005901,HORD001873,PRD0990,1.0,373.23,373.23
HITM0005902,HORD001873,PRD0281,1.0,1660.11,1660.11
HITM0005903,HORD001873,PRD0942,1.0,646.79,646.79
HITM0005904,HORD001873,PRD0219,1.0,374.02,374.02
HITM0005905,HORD001874,PRD0782,1.0,1330.98,1330.98
HITM0005906,HORD001874,PRD0752,1.0,1353.89,1353.89
HITM0005907,HORD001875,PRD0836,2.0,726.47,1452.94
HITM0005908,HORD001875,PRD0638,1.0,248.57,248.57
HITM0005909,HORD001876,PRD0092,1.0,1623.69,1623.69
HITM0005910,HORD001876,PRD0190,2.0,417.54,835.08
HITM0005911,HORD001876,PRD0449,2.0,227.09,454.18
HITM0005912,HORD001877,PRD0603,1.0,671.51,671.51
HITM0005913,HORD001877,PRD0248,1.0,494.67,494.67
HITM0005914,HORD001878,PRD0556,1.0,303.66,303.66
HITM0005915,HORD001878,PRD0976,1.0,348.6,348.6
HITM0005916,HORD001878,PRD0413,2.0,699.79,1399.58
HITM0005917,HORD001878,PRD0080,2.0,390.63,781.26
HITM0005918,HORD001879,PRD0964,1.0,1397.93,1397.93
HITM0005919,HORD001879,PRD0078,1.0,166.61,166.61
HITM0005920,HORD001879,PRD0370,1.0,143.48,143.48
HITM0005921,HORD001880,PRD0375,1.0,302.41,302.41
HITM0005922,HORD001880,PRD0180,1.0,24.86,24.86
HITM0005923,HORD001880,PRD0261,1.0,2476.88,2476.88
HITM0005924,HORD001880,PRD0015,3.0,184.83,554.49
HITM0005925,HORD001881,PRD0843,1.0,1142.85,1142.85
HITM0005926,HORD001881,PRD0279,1.0,250.57,250.57
HITM0005927,HORD001881,PRD0700,1.0,258.76,258.76
HITM0005928,HORD001882,PRD0723,1.0,1236.33,1236.33
HITM0005929,HORD001882,PRD0130,3.0,128.78,386.34
HITM0005930,HORD001883,PRD0650,1.0,367.95,367.95
HITM0005931,HORD001883,PRD0198,1.0,155.28,155.28
HITM0005932,HORD001883,PRD0283,2.0,733.77,1467.54
HITM0005933,HORD001883,PRD0316,1.0,28.93,28.93
HITM0005934,HORD001884,PRD0383,1.0,1343.47,1343.47
HITM0005935,HORD001884,PRD0111,1.0,1802.88,1802.88
HITM0005936,HORD001885,PRD0859,2.0,870.26,1740.52
HITM0005937,HORD001885,PRD0847,1.0,940.4,940.4
HITM0005938,HORD001886,PRD0034,1.0,1865.66,1865.66
HITM0005939,HORD001886,PRD0480,1.0,37.46,37.46
HITM0005940,HORD001886,PRD0754,1.0,3612.65,3612.65
HITM0005941,HORD001887,PRD0549,1.0,1361.68,1361.68
HITM0005942,HORD001887,PRD0324,2.0,3625.94,7251.88
HITM0005943,HORD001887,PRD0887,1.0,111.87,111.87
HITM0005944,HORD001888,PRD0058,1.0,660.96,660.96
HITM0005945,HORD001888,PRD0399,1.0,628.54,628.54
HITM0005946,HORD001888,PRD0136,3.0,107.5,322.5
HITM0005947,HORD001889,PRD0884,2.0,586.48,1172.96
HITM0005948,HORD001889,PRD0023,2.0,965.26,1930.52
HITM0005949,HORD001889,PRD0298,2.0,565.35,1130.7
HITM0005950,HORD001890,PRD0959,1.0,198.15,198.15
HITM0005951,HORD001890,PRD0153,2.0,926.23,1852.46
HITM0005952,HORD001890,PRD0197,2.0,1349.02,2698.04
HITM0005953,HORD001890,PRD0467,1.0,1705.11,1705.11
HITM0005954,HORD001891,PRD0425,1.0,514.7,514.7
HITM0005955,HORD001891,PRD0701,1.0,2361.18,2361.18
HITM0005956,HORD001891,PRD0503,1.0,866.27,866.27
HITM0005957,HORD001891,PRD0942,1.0,646.79,646.79
HITM0005958,HORD001892,PRD0109,1.0,516.32,516.32
HITM0005959,HORD001892,PRD0458,1.0,721.39,721.39
HITM0005960,HORD001892,PRD0158,1.0,464.07,464.07
HITM0005961,HORD001892,PRD0801,1.0,1245.32,1245.32
HITM0005962,HORD001893,PRD0145,2.0,1050.7,2101.4
HITM0005963,HORD001894,PRD0264,1.0,721.82,721.82
HITM0005964,HORD001894,PRD0094,2.0,1376.89,2753.78
HITM0005965,HORD001894,PRD0746,1.0,130.44,130.44
HITM0005966,HORD001894,PRD0149,2.0,217.37,434.74
HITM0005967,HORD001895,PRD0328,1.0,728.97,728.97
HITM0005968,HORD001895,PRD0336,1.0,823.14,823.14
HITM0005969,HORD001895,PRD0180,1.0,24.86,24.86
HITM0005970,HORD001895,PRD0257,2.0,2532.59,5065.18
HITM0005971,HORD001895,PRD0898,3.0,236.36,709.08
HITM0005972,HORD001896,PRD0380,1.0,117.36,117.36
HITM0005973,HORD001897,PRD0013,1.0,1194.01,1194.01
HITM0005974,HORD001898,PRD0109,2.0,516.32,1032.64
HITM0005975,HORD001898,PRD0083,1.0,719.56,719.56
HITM0005976,HORD001898,PRD0303,1.0,961.05,961.05
HITM0005977,HORD001899,PRD0323,1.0,786.71,786.71
HITM0005978,HORD001900,PRD0216,2.0,56.76,113.52
HITM0005979,HORD001900,PRD0149,2.0,217.37,434.74
HITM0005980,HORD001901,PRD0702,1.0,768.26,768.26
HITM0005981,HORD001901,PRD0958,1.0,655.23,655.23
HITM0005982,HORD001902,PRD0346,1.0,692.97,692.97
HITM0005983,HORD001903,PRD0491,1.0,1093.0,1093.0
HITM0005984,HORD001903,PRD0193,1.0,609.21,609.21
HITM0005985,HORD001904,PRD0438,1.0,246.04,246.04
HITM0005986,HORD001904,PRD0091,1.0,1559.91,1559.91
HITM0005987,HORD001904,PRD0470,1.0,290.42,290.42
HITM0005988,HORD001905,PRD0619,1.0,180.89,180.89
HITM0005989,HORD001906,PRD0009,1.0,1102.1,1102.1
HITM0005990,HORD001906,PRD0667,1.0,424.48,424.48
HITM0005991,HORD001906,PRD0931,2.0,2080.26,4160.52
HITM0005992,HORD001906,PRD0302,1.0,1232.1,1232.1
HITM0005993,HORD001907,PRD0233,1.0,1406.02,1406.02
HITM0005994,HORD001907,PRD0915,1.0,763.7,763.7
HITM0005995,HORD001907,PRD0186,1.0,223.64,223.64
HITM0005996,HORD001908,PRD0114,3.0,2615.62,7846.86
HITM0005997,HORD001908,PRD0340,1.0,68.17,68.17
HITM0005998,HORD001908,PRD0418,1.0,513.88,513.88
HITM0005999,HORD001909,PRD0253,1.0,1081.02,1081.02
HITM0006000,HORD001909,PRD0562,2.0,536.89,1073.78
HITM0006001,HORD001909,PRD0320,2.0,289.98,579.96
HITM0006002,HORD001909,PRD0816,1.0,354.93,354.93
HITM0006003,HORD001910,PRD0395,2.0,404.44,808.88
HITM0006004,HORD001910,PRD0500,1.0,352.58,352.58
HITM0006005,HORD001911,PRD0312,1.0,845.47,845.47
HITM0006006,HORD001911,PRD0351,1.0,1873.03,1873.03
HITM0006007,HORD001912,PRD0072,2.0,1390.27,2780.54
HITM0006008,HORD001912,PRD0219,1.0,374.02,374.02
HITM0006009,HORD001912,PRD0098,1.0,149.72,149.72
HITM0006010,HORD001913,PRD0180,1.0,24.86,24.86
HITM0006011,HORD001913,PRD0603,1.0,671.51,671.51
HITM0006012,HORD001913,PRD0814,1.0,2358.42,2358.42
HITM0006013,HORD001914,PRD0756,2.0,244.21,488.42
HITM0006014,HORD001914,PRD0252,1.0,1577.09,1577.09
HITM0006015,HORD001914,PRD0256,2.0,336.19,672.38
HITM0006016,HORD001915,PRD0148,1.0,784.78,784.78
HITM0006017,HORD001915,PRD0358,1.0,67.02,67.02
HITM0006018,HORD001916,PRD0070,1.0,283.3,283.3
HITM0006019,HORD001916,PRD0215,1.0,915.08,915.08
HITM0006020,HORD001916,PRD0737,1.0,1942.18,1942.18
HITM0006021,HORD001916,PRD0727,1.0,1546.58,1546.58
HITM0006022,HORD001917,PRD0804,1.0,1164.25,1164.25
HITM0006023,HORD001917,PRD0921,1.0,1711.96,1711.96
HITM0006024,HORD001917,PRD0860,1.0,148.71,148.71
HITM0006025,HORD001917,PRD0630,1.0,59.46,59.46
HITM0006026,HORD001918,PRD0115,1.0,895.49,895.49
HITM0006027,HORD001918,PRD0630,2.0,59.46,118.92
HITM0006028,HORD001919,PRD0686,2.0,791.36,1582.72
HITM0006029,HORD001920,PRD0592,3.0,748.49,2245.47
HITM0006030,HORD001920,PRD0980,1.0,334.19,334.19
HITM0006031,HORD001920,PRD0900,1.0,274.2,274.2
HITM0006032,HORD001921,PRD0804,1.0,1164.25,1164.25
HITM0006033,HORD001921,PRD0231,1.0,2034.99,2034.99
HITM0006034,HORD001922,PRD0008,1.0,799.44,799.44
HITM0006035,HORD001922,PRD0806,1.0,43.45,43.45
HITM0006036,HORD001922,PRD0580,1.0,76.83,76.83
HITM0006037,HORD001922,PRD0140,1.0,54.35,54.35
HITM0006038,HORD001922,PRD0044,1.0,3554.03,3554.03
HITM0006039,HORD001923,PRD0560,1.0,230.25,230.25
HITM0006040,HORD001923,PRD0821,1.0,1191.59,1191.59
HITM0006041,HORD001924,PRD0591,2.0,2794.24,5588.48
HITM0006042,HORD001924,PRD0112,2.0,1193.81,2387.62
HITM0006043,HORD001924,PRD0944,1.0,2277.06,2277.06
HITM0006044,HORD001924,PRD0530,2.0,376.94,753.88
HITM0006045,HORD001925,PRD0264,1.0,721.82,721.82
HITM0006046,HORD001925,PRD0770,1.0,254.66,254.66
HITM0006047,HORD001925,PRD0483,1.0,1343.25,1343.25
HITM0006048,HORD001925,PRD0101,1.0,1447.07,1447.07
HITM0006049,HORD001926,PRD0555,1.0,407.18,407.18
HITM0006050,HORD001926,PRD0395,1.0,404.44,404.44
HITM0006051,HORD001926,PRD0298,1.0,565.35,565.35
HITM0006052,HORD001927,PRD0728,2.0,188.05,376.1
HITM0006053,HORD001927,PRD0233,1.0,1406.02,1406.02
HITM0006054,HORD001927,PRD0600,1.0,394.0,394.0
HITM0006055,HORD001927,PRD0411,2.0,1649.5,3299.0
HITM0006056,HORD001928,PRD0935,2.0,249.9,499.8
HITM0006057,HORD001928,PRD0956,1.0,301.52,301.52
HITM0006058,HORD001928,PRD0710,2.0,302.55,605.1
HITM0006059,HORD001928,PRD0732,1.0,685.95,685.95
HITM0006060,HORD001929,PRD0230,1.0,266.68,266.68
HITM0006061,HORD001929,PRD0220,1.0,369.39,369.39
HITM0006062,HORD001930,PRD0804,1.0,1164.25,1164.25
HITM0006063,HORD001930,PRD0092,1.0,1623.69,1623.69
HITM0006064,HORD001931,PRD0056,1.0,318.87,318.87
HITM0006065,HORD001931,PRD0680,1.0,46.75,46.75
HITM0006066,HORD001931,PRD0057,2.0,1403.88,2807.76
HITM0006067,HORD001932,PRD0856,1.0,415.09,415.09
HITM0006068,HORD001932,PRD0950,1.0,321.18,321.18
HITM0006069,HORD001932,PRD0263,1.0,1272.94,1272.94
HITM0006070,HORD001933,PRD0220,2.0,369.39,738.78
HITM0006071,HORD001933,PRD0319,2.0,1203.94,2407.88
HITM0006072,HORD001933,PRD0057,1.0,1403.88,1403.88
HITM0006073,HORD001933,PRD0788,1.0,934.58,934.58
HITM0006074,HORD001934,PRD0010,1.0,15.97,15.97
HITM0006075,HORD001934,PRD0990,2.0,373.23,746.46
HITM0006076,HORD001934,PRD0483,2.0,1343.25,2686.5
HITM0006077,HORD001935,PRD0484,1.0,1275.63,1275.63
HITM0006078,HORD001935,PRD0984,1.0,759.8,759.8
HITM0006079,HORD001936,PRD0844,1.0,1996.67,1996.67
HITM0006080,HORD001936,PRD0639,1.0,1043.97,1043.97
HITM0006081,HORD001936,PRD0320,1.0,289.98,289.98
HITM0006082,HORD001937,PRD0989,2.0,961.78,1923.56
HITM0006083,HORD001937,PRD0933,1.0,1263.06,1263.06
HITM0006084,HORD001938,PRD0613,2.0,990.18,1980.36
HITM0006085,HORD001938,PRD0629,2.0,270.17,540.34
HITM0006086,HORD001939,PRD0314,1.0,2377.47,2377.47
HITM0006087,HORD001940,PRD0993,1.0,489.97,489.97
HITM0006088,HORD001940,PRD0952,2.0,982.79,1965.58
HITM0006089,HORD001940,PRD0840,1.0,148.97,148.97
HITM0006090,HORD001941,PRD0535,2.0,976.79,1953.58
HITM0006091,HORD001941,PRD0916,1.0,265.34,265.34
HITM0006092,HORD001941,PRD0040,2.0,208.06,416.12
HITM0006093,HORD001942,PRD0019,2.0,741.78,1483.56
HITM0006094,HORD001942,PRD0942,2.0,646.79,1293.58
HITM0006095,HORD001942,PRD0396,1.0,120.07,120.07
HITM0006096,HORD001942,PRD0142,2.0,1815.54,3631.08
HITM0006097,HORD001943,PRD0748,1.0,176.05,176.05
HITM0006098,HORD001943,PRD0105,1.0,275.3,275.3
HITM0006099,HORD001943,PRD0822,1.0,1127.28,1127.28
HITM0006100,HORD001943,PRD0290,2.0,61.51,123.02
HITM0006101,HORD001943,PRD0634,1.0,405.16,405.16
HITM0006102,HORD001944,PRD0724,2.0,1250.76,2501.52
HITM0006103,HORD001944,PRD0309,1.0,335.12,335.12
HITM0006104,HORD001944,PRD0460,1.0,99.79,99.79
HITM0006105,HORD001944,PRD0265,1.0,255.41,255.41
HITM0006106,HORD001945,PRD0206,1.0,673.8,673.8
HITM0006107,HORD001945,PRD0641,1.0,934.18,934.18
HITM0006108,HORD001945,PRD0883,1.0,1065.61,1065.61
HITM0006109,HORD001946,PRD0672,1.0,527.46,527.46
HITM0006110,HORD001946,PRD0894,1.0,1604.45,1604.45
HITM0006111,HORD001946,PRD0398,2.0,413.35,826.7
HITM0006112,HORD001947,PRD0337,1.0,92.59,92.59
HITM0006113,HORD001947,PRD0580,3.0,76.83,230.49
HITM0006114,HORD001948,PRD0738,3.0,306.26,918.78
HITM0006115,HORD001948,PRD0280,1.0,34.27,34.27
HITM0006116,HORD001948,PRD0985,1.0,750.86,750.86
HITM0006117,HORD001949,PRD0670,1.0,85.16,85.16
HITM0006118,HORD001950,PRD0171,1.0,1187.41,1187.41
HITM0006119,HORD001950,PRD0888,1.0,183.72,183.72
HITM0006120,HORD001950,PRD0470,1.0,290.42,290.42
HITM0006121,HORD001951,PRD0194,1.0,1326.23,1326.23
HITM0006122,HORD001951,PRD0765,2.0,126.56,253.12
HITM0006123,HORD001951,PRD0746,1.0,130.44,130.44
HITM0006124,HORD001951,PRD0959,1.0,198.15,198.15
HITM0006125,HORD001952,PRD0157,1.0,2583.38,2583.38
HITM0006126,HORD001952,PRD0793,1.0,1185.37,1185.37
HITM0006127,HORD001953,PRD0007,1.0,775.64,775.64
HITM0006128,HORD001953,PRD0155,1.0,237.13,237.13
HITM0006129,HORD001954,PRD0482,1.0,653.2,653.2
HITM0006130,HORD001954,PRD0410,1.0,328.86,328.86
HITM0006131,HORD001955,PRD0516,1.0,565.33,565.33
HITM0006132,HORD001955,PRD0890,1.0,273.8,273.8
HITM0006133,HORD001956,PRD0182,1.0,589.1,589.1
HITM0006134,HORD001956,PRD0106,1.0,217.23,217.23
HITM0006135,HORD001956,PRD0724,1.0,1250.76,1250.76
HITM0006136,HORD001957,PRD0748,2.0,176.05,352.1
HITM0006137,HORD001958,PRD0666,1.0,108.17,108.17
HITM0006138,HORD001958,PRD0414,1.0,2790.14,2790.14
HITM0006139,HORD001958,PRD0309,1.0,335.12,335.12
HITM0006140,HORD001958,PRD0790,2.0,25.52,51.04
HITM0006141,HORD001959,PRD0659,1.0,293.62,293.62
HITM0006142,HORD001959,PRD0640,1.0,153.76,153.76
HITM0006143,HORD001959,PRD0270,1.0,145.44,145.44
HITM0006144,HORD001960,PRD0223,2.0,427.66,855.32
HITM0006145,HORD001960,PRD0702,1.0,768.26,768.26
HITM0006146,HORD001960,PRD0635,2.0,626.79,1253.58
HITM0006147,HORD001961,PRD0200,1.0,279.99,279.99
HITM0006148,HORD001962,PRD0007,2.0,775.64,1551.28
HITM0006149,HORD001963,PRD0096,1.0,329.23,329.23
HITM0006150,HORD001963,PRD0034,2.0,1865.66,3731.32
HITM0006151,HORD001963,PRD0493,1.0,1550.96,1550.96
HITM0006152,HORD001963,PRD0540,1.0,255.66,255.66
HITM0006153,HORD001964,PRD0310,1.0,318.45,318.45
HITM0006154,HORD001964,PRD0546,1.0,426.68,426.68
HITM0006155,HORD001964,PRD0154,1.0,1575.91,1575.91
HITM0006156,HORD001964,PRD0610,1.0,21.93,21.93
HITM0006157,HORD001965,PRD0166,1.0,833.21,833.21
HITM0006158,HORD001965,PRD0174,1.0,3910.58,3910.58
HITM0006159,HORD001965,PRD0108,1.0,186.84,186.84
HITM0006160,HORD001965,PRD0668,1.0,658.68,658.68
HITM0006161,HORD001966,PRD0278,1.0,100.15,100.15
HITM0006162,HORD001966,PRD0352,3.0,1479.5,4438.5
HITM0006163,HORD001966,PRD0807,1.0,1536.27,1536.27
HITM0006164,HORD001966,PRD0818,1.0,510.62,510.62
HITM0006165,HORD001967,PRD0634,1.0,405.16,405.16
HITM0006166,HORD001967,PRD0923,1.0,283.84,283.84
HITM0006167,HORD001967,PRD0941,1.0,2905.2,2905.2
HITM0006168,HORD001967,PRD0394,1.0,3284.35,3284.35
HITM0006169,HORD001968,PRD0180,1.0,24.86,24.86
HITM0006170,HORD001968,PRD0908,1.0,857.77,857.77
HITM0006171,HORD001969,PRD0807,2.0,1536.27,3072.54
HITM0006172,HORD001969,PRD0759,1.0,943.47,943.47
HITM0006173,HORD001969,PRD0525,1.0,904.72,904.72
HITM0006174,HORD001970,PRD0552,1.0,1832.39,1832.39
HITM0006175,HORD001970,PRD0619,1.0,180.89,180.89
HITM0006176,HORD001970,PRD0902,1.0,678.89,678.89
HITM0006177,HORD001971,PRD0154,2.0,1575.91,3151.82
HITM0006178,HORD001971,PRD0589,1.0,675.7,675.7
HITM0006179,HORD001971,PRD0748,1.0,176.05,176.05
HITM0006180,HORD001972,PRD0325,2.0,54.61,109.22
HITM0006181,HORD001972,PRD0566,1.0,47.51,47.51
HITM0006182,HORD001972,PRD0433,2.0,1358.38,2716.76
HITM0006183,HORD001972,PRD0900,1.0,274.2,274.2
HITM0006184,HORD001972,PRD0857,1.0,371.03,371.03
HITM0006185,HORD001973,PRD0295,1.0,606.51,606.51
HITM0006186,HORD001973,PRD0460,1.0,99.79,99.79
HITM0006187,HORD001973,PRD0879,1.0,746.36,746.36
HITM0006188,HORD001973,PRD0330,1.0,184.25,184.25
HITM0006189,HORD001974,PRD0441,1.0,1117.87,1117.87
HITM0006190,HORD001974,PRD0258,1.0,171.41,171.41
HITM0006191,HORD001974,PRD0593,1.0,1331.28,1331.28
HITM0006192,HORD001974,PRD0948,1.0,889.57,889.57
HITM0006193,HORD001974,PRD0251,1.0,954.37,954.37
HITM0006194,HORD001975,PRD0892,2.0,324.59,649.18
HITM0006195,HORD001975,PRD0718,1.0,1045.66,1045.66
HITM0006196,HORD001975,PRD0931,1.0,2080.26,2080.26
HITM0006197,HORD001976,PRD0421,1.0,2504.26,2504.26
HITM0006198,HORD001976,PRD0954,1.0,3030.23,3030.23
HITM0006199,HORD001976,PRD0481,1.0,1297.53,1297.53
HITM0006200,HORD001977,PRD0582,1.0,1682.59,1682.59
HITM0006201,HORD001977,PRD0937,2.0,983.99,1967.98
HITM0006202,HORD001977,PRD0501,1.0,1207.42,1207.42
HITM0006203,HORD001977,PRD0131,1.0,1214.27,1214.27
HITM0006204,HORD001978,PRD0078,1.0,166.61,166.61
HITM0006205,HORD001978,PRD0929,3.0,1084.81,3254.43
HITM0006206,HORD001978,PRD0480,1.0,37.46,37.46
HITM0006207,HORD001978,PRD0669,1.0,1077.89,1077.89
HITM0006208,HORD001979,PRD0216,1.0,56.76,56.76
HITM0006209,HORD001979,PRD0446,1.0,546.41,546.41
HITM0006210,HORD001980,PRD0525,1.0,904.72,904.72
HITM0006211,HORD001980,PRD0452,1.0,318.36,318.36
HITM0006212,HORD001980,PRD0321,2.0,2990.61,5981.22
HITM0006213,HORD001980,PRD0022,1.0,1200.0,1200.0
HITM0006214,HORD001981,PRD0902,1.0,678.89,678.89
HITM0006215,HORD001981,PRD0714,2.0,3569.58,7139.16
HITM0006216,HORD001982,PRD0854,1.0,386.3,386.3
HITM0006217,HORD001982,PRD0916,2.0,265.34,530.68
HITM0006218,HORD001983,PRD0854,1.0,386.3,386.3
HITM0006219,HORD001983,PRD0955,1.0,418.8,418.8
HITM0006220,HORD001983,PRD0358,1.0,67.02,67.02
HITM0006221,HORD001984,PRD0797,1.0,2454.69,2454.69
HITM0006222,HORD001984,PRD0020,2.0,153.47,306.94
HITM0006223,HORD001985,PRD0420,1.0,202.02,202.02
HITM0006224,HORD001985,PRD0446,2.0,546.41,1092.82
HITM0006225,HORD001985,PRD0580,1.0,76.83,76.83
HITM0006226,HORD001985,PRD0716,1.0,242.32,242.32
HITM0006227,HORD001986,PRD0103,1.0,540.65,540.65
HITM0006228,HORD001986,PRD0174,1.0,3910.58,3910.58
HITM0006229,HORD001986,PRD0976,1.0,348.6,348.6
HITM0006230,HORD001986,PRD0655,1.0,444.01,444.01
HITM0006231,HORD001986,PRD0379,1.0,759.43,759.43
HITM0006232,HORD001987,PRD0636,1.0,63.83,63.83
HITM0006233,HORD001987,PRD0140,2.0,54.35,108.7
HITM0006234,HORD001987,PRD0226,1.0,155.94,155.94
HITM0006235,HORD001987,PRD0313,1.0,695.88,695.88
HITM0006236,HORD001988,PRD0565,1.0,1060.41,1060.41
HITM0006237,HORD001988,PRD0945,1.0,888.88,888.88
HITM0006238,HORD001988,PRD0130,1.0,128.78,128.78
HITM0006239,HORD001989,PRD0147,2.0,94.45,188.9
HITM0006240,HORD001989,PRD0250,1.0,335.17,335.17
HITM0006241,HORD001989,PRD0047,1.0,1258.28,1258.28
HITM0006242,HORD001990,PRD0219,1.0,374.02,374.02
HITM0006243,HORD001991,PRD0265,1.0,255.41,255.41
HITM0006244,HORD001991,PRD0988,2.0,470.37,940.74
HITM0006245,HORD001991,PRD0386,1.0,109.17,109.17
HITM0006246,HORD001991,PRD0190,2.0,417.54,835.08
HITM0006247,HORD001992,PRD0155,1.0,237.13,237.13
HITM0006248,HORD001992,PRD0520,1.0,93.98,93.98
HITM0006249,HORD001992,PRD0922,1.0,1416.33,1416.33
HITM0006250,HORD001992,PRD0739,2.0,408.6,817.2
HITM0006251,HORD001992,PRD0415,1.0,921.87,921.87
HITM0006252,HORD001993,PRD0677,1.0,2307.95,2307.95
HITM0006253,HORD001993,PRD0739,1.0,408.6,408.6
HITM0006254,HORD001993,PRD0108,1.0,186.84,186.84
HITM0006255,HORD001994,PRD0823,1.0,1081.67,1081.67
HITM0006256,HORD001994,PRD0475,1.0,304.73,304.73
HITM0006257,HORD001995,PRD0251,2.0,954.37,1908.74
HITM0006258,HORD001995,PRD0117,1.0,1153.53,1153.53
HITM0006259,HORD001995,PRD0158,1.0,464.07,464.07
HITM0006260,HORD001995,PRD0304,1.0,524.3,524.3
HITM0006261,HORD001996,PRD0444,2.0,636.31,1272.62
HITM0006262,HORD001996,PRD0529,1.0,1448.34,1448.34
HITM0006263,HORD001997,PRD0974,2.0,2468.26,4936.52
HITM0006264,HORD001998,PRD0098,2.0,149.72,299.44
HITM0006265,HORD001998,PRD0448,1.0,67.35,67.35
HITM0006266,HORD001998,PRD0278,1.0,100.15,100.15
HITM0006267,HORD001999,PRD0631,2.0,2799.14,5598.28
HITM0006268,HORD001999,PRD0046,1.0,690.5,690.5
HITM0006269,HORD001999,PRD0286,2.0,841.61,1683.22
HITM0006270,HORD001999,PRD0664,1.0,2839.43,2839.43
HITM0006271,HORD002000,PRD0636,1.0,63.83,63.83
HITM0006272,HORD002000,PRD0901,2.0,1477.12,2954.24
HITM0006273,HORD002001,PRD0846,1.0,808.25,808.25
HITM0006274,HORD002001,PRD0059,1.0,721.08,721.08
HITM0006275,HORD002001,PRD0320,1.0,289.98,289.98
HITM0006276,HORD002002,PRD0588,1.0,597.66,597.66
HITM0006277,HORD002002,PRD0074,1.0,2480.38,2480.38
HITM0006278,HORD002002,PRD0150,1.0,27.72,27.72
HITM0006279,HORD002003,PRD0203,2.0,910.47,1820.94
HITM0006280,HORD002003,PRD0958,2.0,655.23,1310.46
HITM0006281,HORD002003,PRD0778,1.0,981.57,981.57
HITM0006282,HORD002003,PRD0437,1.0,1241.03,1241.03
HITM0006283,HORD002003,PRD0325,1.0,54.61,54.61
HITM0006284,HORD002004,PRD0598,1.0,929.85,929.85
HITM0006285,HORD002004,PRD0028,1.0,364.14,364.14
HITM0006286,HORD002005,PRD0097,1.0,673.56,673.56
HITM0006287,HORD002005,PRD0364,1.0,1836.13,1836.13
HITM0006288,HORD002005,PRD0028,1.0,364.14,364.14
HITM0006289,HORD002006,PRD0231,1.0,2034.99,2034.99
HITM0006290,HORD002006,PRD0422,1.0,1749.99,1749.99
HITM0006291,HORD002006,PRD0555,1.0,407.18,407.18
HITM0006292,HORD002007,PRD0133,1.0,289.57,289.57
HITM0006293,HORD002007,PRD0349,1.0,986.72,986.72
HITM0006294,HORD002007,PRD0774,1.0,4016.42,4016.42
HITM0006295,HORD002008,PRD0688,1.0,231.65,231.65
HITM0006296,HORD002008,PRD1000,1.0,364.05,364.05
HITM0006297,HORD002008,PRD0220,1.0,369.39,369.39
HITM0006298,HORD002008,PRD0133,1.0,289.57,289.57
HITM0006299,HORD002009,PRD0942,1.0,646.79,646.79
HITM0006300,HORD002009,PRD0112,1.0,1193.81,1193.81
HITM0006301,HORD002009,PRD0813,3.0,1381.91,4145.73
HITM0006302,HORD002009,PRD0068,1.0,190.2,190.2
HITM0006303,HORD002010,PRD0037,1.0,109.69,109.69
HITM0006304,HORD002010,PRD0670,2.0,85.16,170.32
HITM0006305,HORD002010,PRD0692,1.0,959.48,959.48
HITM0006306,HORD002010,PRD0628,1.0,306.06,306.06
HITM0006307,HORD002011,PRD0638,1.0,248.57,248.57
HITM0006308,HORD002011,PRD0126,2.0,652.43,1304.86
HITM0006309,HORD002011,PRD0422,1.0,1749.99,1749.99
HITM0006310,HORD002012,PRD0988,1.0,470.37,470.37
HITM0006311,HORD002012,PRD0010,1.0,15.97,15.97
HITM0006312,HORD002012,PRD0642,2.0,790.1,1580.2
HITM0006313,HORD002012,PRD0771,1.0,1968.01,1968.01
HITM0006314,HORD002013,PRD0359,2.0,169.12,338.24
HITM0006315,HORD002013,PRD0606,1.0,721.57,721.57
HITM0006316,HORD002013,PRD0787,1.0,1706.85,1706.85
HITM0006317,HORD002014,PRD0091,1.0,1559.91,1559.91
HITM0006318,HORD002014,PRD0996,1.0,654.73,654.73
HITM0006319,HORD002014,PRD0854,1.0,386.3,386.3
HITM0006320,HORD002015,PRD0567,2.0,383.28,766.56
HITM0006321,HORD002015,PRD0177,2.0,500.75,1001.5
HITM0006322,HORD002015,PRD0010,2.0,15.97,31.94
HITM0006323,HORD002015,PRD0813,1.0,1381.91,1381.91
HITM0006324,HORD002016,PRD0503,1.0,866.27,866.27
HITM0006325,HORD002016,PRD0888,2.0,183.72,367.44
HITM0006326,HORD002017,PRD0869,1.0,1409.61,1409.61
HITM0006327,HORD002017,PRD0928,1.0,739.11,739.11
HITM0006328,HORD002017,PRD0436,1.0,99.16,99.16
HITM0006329,HORD002018,PRD0638,1.0,248.57,248.57
HITM0006330,HORD002018,PRD0371,1.0,1060.97,1060.97
HITM0006331,HORD002019,PRD0276,1.0,586.47,586.47
HITM0006332,HORD002019,PRD0720,1.0,261.71,261.71
HITM0006333,HORD002020,PRD0748,1.0,176.05,176.05
HITM0006334,HORD002020,PRD0949,1.0,221.57,221.57
HITM0006335,HORD002020,PRD0530,1.0,376.94,376.94
HITM0006336,HORD002021,PRD0165,1.0,722.38,722.38
HITM0006337,HORD002021,PRD0496,1.0,176.22,176.22
HITM0006338,HORD002021,PRD0061,1.0,2524.66,2524.66
HITM0006339,HORD002021,PRD0903,1.0,368.54,368.54
HITM0006340,HORD002021,PRD0183,1.0,880.19,880.19
HITM0006341,HORD002022,PRD0577,2.0,941.97,1883.94
HITM0006342,HORD002023,PRD0235,1.0,510.44,510.44
HITM0006343,HORD002023,PRD0878,1.0,919.03,919.03
HITM0006344,HORD002023,PRD0160,2.0,263.81,527.62
HITM0006345,HORD002024,PRD0049,1.0,149.55,149.55
HITM0006346,HORD002024,PRD0978,1.0,710.35,710.35
HITM0006347,HORD002024,PRD0616,1.0,644.96,644.96
HITM0006348,HORD002024,PRD0091,1.0,1559.91,1559.91
HITM0006349,HORD002025,PRD0520,1.0,93.98,93.98
HITM0006350,HORD002025,PRD0049,2.0,149.55,299.1
HITM0006351,HORD002025,PRD0579,1.0,878.27,878.27
HITM0006352,HORD002026,PRD0009,1.0,1102.1,1102.1
HITM0006353,HORD002026,PRD0322,1.0,719.5,719.5
HITM0006354,HORD002026,PRD0923,1.0,283.84,283.84
HITM0006355,HORD002027,PRD0282,2.0,1401.95,2803.9
HITM0006356,HORD002027,PRD0806,1.0,43.45,43.45
HITM0006357,HORD002027,PRD0228,1.0,148.71,148.71
HITM0006358,HORD002028,PRD0149,1.0,217.37,217.37
HITM0006359,HORD002028,PRD0612,1.0,471.59,471.59
HITM0006360,HORD002028,PRD0117,2.0,1153.53,2307.06
HITM0006361,HORD002029,PRD0148,1.0,784.78,784.78
HITM0006362,HORD002029,PRD0459,1.0,1138.25,1138.25
HITM0006363,HORD002029,PRD0168,1.0,325.2,325.2
HITM0006364,HORD002030,PRD0672,1.0,527.46,527.46
HITM0006365,HORD002030,PRD0727,2.0,1546.58,3093.16
HITM0006366,HORD002030,PRD0091,2.0,1559.91,3119.82
HITM0006367,HORD002031,PRD0710,1.0,302.55,302.55
HITM0006368,HORD002031,PRD0263,1.0,1272.94,1272.94
HITM0006369,HORD002031,PRD0701,1.0,2361.18,2361.18
HITM0006370,HORD002031,PRD0804,1.0,1164.25,1164.25
HITM0006371,HORD002032,PRD0505,1.0,1083.53,1083.53
HITM0006372,HORD002033,PRD0566,1.0,47.51,47.51
HITM0006373,HORD002033,PRD0347,1.0,1107.53,1107.53
HITM0006374,HORD002034,PRD0458,1.0,721.39,721.39
HITM0006375,HORD002034,PRD0320,1.0,289.98,289.98
HITM0006376,HORD002034,PRD0577,3.0,941.97,2825.91
HITM0006377,HORD002034,PRD0225,1.0,213.62,213.62
HITM0006378,HORD002035,PRD0520,1.0,93.98,93.98
HITM0006379,HORD002035,PRD0586,1.0,450.26,450.26
HITM0006380,HORD002035,PRD0372,1.0,763.17,763.17
HITM0006381,HORD002035,PRD0478,1.0,111.87,111.87
HITM0006382,HORD002035,PRD0273,2.0,1515.39,3030.78
HITM0006383,HORD002036,PRD0240,1.0,113.94,113.94
HITM0006384,HORD002036,PRD0265,2.0,255.41,510.82
HITM0006385,HORD002036,PRD0079,1.0,994.48,994.48
HITM0006386,HORD002037,PRD0630,1.0,59.46,59.46
HITM0006387,HORD002037,PRD0469,1.0,1472.12,1472.12
HITM0006388,HORD002037,PRD0583,1.0,981.15,981.15
HITM0006389,HORD002037,PRD0987,1.0,925.55,925.55
HITM0006390,HORD002038,PRD0392,1.0,930.86,930.86
HITM0006391,HORD002038,PRD0462,1.0,1259.7,1259.7
HITM0006392,HORD002039,PRD0473,1.0,576.89,576.89
HITM0006393,HORD002039,PRD0142,1.0,1815.54,1815.54
HITM0006394,HORD002039,PRD0492,1.0,1490.94,1490.94
HITM0006395,HORD002039,PRD0460,1.0,99.79,99.79
HITM0006396,HORD002040,PRD0592,1.0,748.49,748.49
HITM0006397,HORD002041,PRD0780,1.0,191.96,191.96
HITM0006398,HORD002041,PRD0888,3.0,183.72,551.16
HITM0006399,HORD002041,PRD0699,2.0,1495.41,2990.82
HITM0006400,HORD002041,PRD0123,1.0,322.81,322.81
HITM0006401,HORD002042,PRD0439,2.0,1119.95,2239.9
HITM0006402,HORD002042,PRD0940,1.0,139.21,139.21
HITM0006403,HORD002042,PRD0790,2.0,25.52,51.04
HITM0006404,HORD002042,PRD0600,1.0,394.0,394.0
HITM0006405,HORD002042,PRD0939,1.0,1091.13,1091.13
HITM0006406,HORD002043,PRD0267,1.0,1252.5,1252.5
HITM0006407,HORD002043,PRD0986,1.0,748.03,748.03
HITM0006408,HORD002043,PRD0082,1.0,383.13,383.13
HITM0006409,HORD002043,PRD0268,1.0,944.09,944.09
HITM0006410,HORD002044,PRD0737,2.0,1942.18,3884.36
HITM0006411,HORD002044,PRD0026,1.0,304.81,304.81
HITM0006412,HORD002044,PRD0276,2.0,586.47,1172.94
HITM0006413,HORD002045,PRD0921,2.0,1711.96,3423.92
HITM0006414,HORD002045,PRD0595,1.0,521.69,521.69
HITM0006415,HORD002046,PRD0640,1.0,153.76,153.76
HITM0006416,HORD002047,PRD0370,2.0,143.48,286.96
HITM0006417,HORD002047,PRD0190,1.0,417.54,417.54
HITM0006418,HORD002047,PRD0005,1.0,450.36,450.36
HITM0006419,HORD002047,PRD0490,1.0,20.66,20.66
HITM0006420,HORD002048,PRD0411,2.0,1649.5,3299.0
HITM0006421,HORD002048,PRD0652,1.0,1465.81,1465.81
HITM0006422,HORD002048,PRD0725,1.0,821.74,821.74
HITM0006423,HORD002048,PRD0586,1.0,450.26,450.26
HITM0006424,HORD002049,PRD0075,1.0,227.56,227.56
HITM0006425,HORD002049,PRD0603,2.0,671.51,1343.02
HITM0006426,HORD002050,PRD0694,1.0,3973.34,3973.34
HITM0006427,HORD002050,PRD0088,2.0,835.18,1670.36
HITM0006428,HORD002050,PRD0722,1.0,909.76,909.76
HITM0006429,HORD002051,PRD0595,2.0,521.69,1043.38
HITM0006430,HORD002051,PRD0658,1.0,140.48,140.48
HITM0006431,HORD002051,PRD0326,1.0,791.27,791.27
HITM0006432,HORD002052,PRD0204,1.0,1433.35,1433.35
HITM0006433,HORD002052,PRD0668,1.0,658.68,658.68
HITM0006434,HORD002053,PRD0792,1.0,1745.87,1745.87
HITM0006435,HORD002053,PRD0252,1.0,1577.09,1577.09
HITM0006436,HORD002053,PRD0122,1.0,1755.78,1755.78
HITM0006437,HORD002053,PRD0725,2.0,821.74,1643.48
HITM0006438,HORD002053,PRD0450,1.0,138.07,138.07
HITM0006439,HORD002054,PRD0395,1.0,404.44,404.44
HITM0006440,HORD002054,PRD0191,1.0,1045.12,1045.12
HITM0006441,HORD002055,PRD0500,1.0,352.58,352.58
HITM0006442,HORD002055,PRD0369,1.0,462.08,462.08
HITM0006443,HORD002055,PRD0548,1.0,181.04,181.04
HITM0006444,HORD002055,PRD0939,1.0,1091.13,1091.13
HITM0006445,HORD002056,PRD0226,1.0,155.94,155.94
HITM0006446,HORD002056,PRD0559,2.0,899.23,1798.46
HITM0006447,HORD002057,PRD0388,1.0,269.65,269.65
HITM0006448,HORD002057,PRD0048,1.0,1075.72,1075.72
HITM0006449,HORD002058,PRD0587,1.0,103.55,103.55
HITM0006450,HORD002058,PRD0669,2.0,1077.89,2155.78
HITM0006451,HORD002058,PRD0040,1.0,208.06,208.06
HITM0006452,HORD002058,PRD0357,1.0,193.87,193.87
HITM0006453,HORD002058,PRD0590,1.0,268.79,268.79
HITM0006454,HORD002059,PRD0156,1.0,681.59,681.59
HITM0006455,HORD002060,PRD0007,1.0,775.64,775.64
HITM0006456,HORD002060,PRD0219,2.0,374.02,748.04
HITM0006457,HORD002060,PRD0634,1.0,405.16,405.16
HITM0006458,HORD002061,PRD0997,1.0,995.85,995.85
HITM0006459,HORD002061,PRD0456,1.0,417.01,417.01
HITM0006460,HORD002061,PRD0162,1.0,441.75,441.75
HITM0006461,HORD002062,PRD0118,2.0,461.86,923.72
HITM0006462,HORD002062,PRD0068,1.0,190.2,190.2
HITM0006463,HORD002063,PRD0480,1.0,37.46,37.46
HITM0006464,HORD002063,PRD0554,1.0,1619.69,1619.69
HITM0006465,HORD002063,PRD0010,1.0,15.97,15.97
HITM0006466,HORD002063,PRD0816,2.0,354.93,709.86
HITM0006467,HORD002064,PRD0643,2.0,809.36,1618.72
HITM0006468,HORD002064,PRD0162,1.0,441.75,441.75
HITM0006469,HORD002064,PRD0702,2.0,768.26,1536.52
HITM0006470,HORD002065,PRD0560,1.0,230.25,230.25
HITM0006471,HORD002065,PRD0069,1.0,850.31,850.31
HITM0006472,HORD002065,PRD0835,1.0,427.39,427.39
HITM0006473,HORD002065,PRD0610,2.0,21.93,43.86
HITM0006474,HORD002066,PRD0300,1.0,30.76,30.76
HITM0006475,HORD002066,PRD0306,1.0,643.72,643.72
HITM0006476,HORD002066,PRD0065,2.0,729.67,1459.34
HITM0006477,HORD002067,PRD0455,1.0,329.34,329.34
HITM0006478,HORD002068,PRD0247,1.0,968.98,968.98
HITM0006479,HORD002068,PRD0767,1.0,122.05,122.05
HITM0006480,HORD002068,PRD0520,1.0,93.98,93.98
HITM0006481,HORD002069,PRD0703,2.0,299.48,598.96
HITM0006482,HORD002070,PRD0987,1.0,925.55,925.55
HITM0006483,HORD002070,PRD0129,1.0,416.68,416.68
HITM0006484,HORD002070,PRD0024,1.0,1506.88,1506.88
HITM0006485,HORD002071,PRD0898,1.0,236.36,236.36
HITM0006486,HORD002071,PRD0030,2.0,159.51,319.02
HITM0006487,HORD002071,PRD0359,1.0,169.12,169.12
HITM0006488,HORD002071,PRD0450,1.0,138.07,138.07
HITM0006489,HORD002072,PRD0136,1.0,107.5,107.5
HITM0006490,HORD002072,PRD0575,1.0,357.22,357.22
HITM0006491,HORD002072,PRD0427,2.0,1807.66,3615.32
HITM0006492,HORD002073,PRD0108,1.0,186.84,186.84
HITM0006493,HORD002073,PRD0776,1.0,486.13,486.13
HITM0006494,HORD002073,PRD0037,1.0,109.69,109.69
HITM0006495,HORD002074,PRD0562,1.0,536.89,536.89
HITM0006496,HORD002074,PRD0167,1.0,1781.84,1781.84
HITM0006497,HORD002074,PRD0426,2.0,284.68,569.36
HITM0006498,HORD002074,PRD0846,1.0,808.25,808.25
HITM0006499,HORD002075,PRD0270,1.0,145.44,145.44
HITM0006500,HORD002076,PRD0393,1.0,307.2,307.2
HITM0006501,HORD002076,PRD0570,2.0,98.43,196.86
HITM0006502,HORD002076,PRD0130,1.0,128.78,128.78
HITM0006503,HORD002076,PRD0949,1.0,221.57,221.57
HITM0006504,HORD002077,PRD0713,3.0,1533.07,4599.21
HITM0006505,HORD002077,PRD0111,1.0,1802.88,1802.88
HITM0006506,HORD002077,PRD0761,1.0,965.07,965.07
HITM0006507,HORD002078,PRD0613,1.0,990.18,990.18
HITM0006508,HORD002078,PRD0545,2.0,879.28,1758.56
HITM0006509,HORD002079,PRD0493,1.0,1550.96,1550.96
HITM0006510,HORD002080,PRD0386,1.0,109.17,109.17
HITM0006511,HORD002080,PRD0288,1.0,171.9,171.9
HITM0006512,HORD002080,PRD0478,1.0,111.87,111.87
HITM0006513,HORD002081,PRD0344,1.0,3507.24,3507.24
HITM0006514,HORD002081,PRD0736,2.0,829.44,1658.88
HITM0006515,HORD002081,PRD0188,1.0,604.15,604.15
HITM0006516,HORD002081,PRD0813,1.0,1381.91,1381.91
HITM0006517,HORD002081,PRD0516,3.0,565.33,1695.99
HITM0006518,HORD002082,PRD0943,2.0,940.81,1881.62
HITM0006519,HORD002082,PRD0567,1.0,383.28,383.28
HITM0006520,HORD002082,PRD0312,1.0,845.47,845.47
HITM0006521,HORD002082,PRD0130,1.0,128.78,128.78
HITM0006522,HORD002083,PRD0776,1.0,486.13,486.13
HITM0006523,HORD002083,PRD0334,2.0,2364.45,4728.9
HITM0006524,HORD002083,PRD0908,1.0,857.77,857.77
HITM0006525,HORD002084,PRD0409,1.0,1192.0,1192.0
HITM0006526,HORD002084,PRD0603,1.0,671.51,671.51
HITM0006527,HORD002084,PRD0947,1.0,1897.91,1897.91
HITM0006528,HORD002084,PRD0009,3.0,1102.1,3306.3
HITM0006529,HORD002085,PRD0360,1.0,14.71,14.71
HITM0006530,HORD002085,PRD0666,1.0,108.17,108.17
HITM0006531,HORD002085,PRD0987,1.0,925.55,925.55
HITM0006532,HORD002086,PRD0378,1.0,110.97,110.97
HITM0006533,HORD002086,PRD0896,1.0,502.67,502.67
HITM0006534,HORD002086,PRD0026,1.0,304.81,304.81
HITM0006535,HORD002086,PRD0312,1.0,845.47,845.47
HITM0006536,HORD002087,PRD0207,1.0,1299.41,1299.41
HITM0006537,HORD002087,PRD0812,1.0,1836.96,1836.96
HITM0006538,HORD002087,PRD0825,1.0,289.25,289.25
HITM0006539,HORD002088,PRD0828,1.0,125.24,125.24
HITM0006540,HORD002088,PRD0760,3.0,405.95,1217.85
HITM0006541,HORD002089,PRD0268,1.0,944.09,944.09
HITM0006542,HORD002089,PRD0139,1.0,1414.96,1414.96
HITM0006543,HORD002089,PRD0461,1.0,2080.96,2080.96
HITM0006544,HORD002089,PRD0116,1.0,466.48,466.48
HITM0006545,HORD002090,PRD0828,2.0,125.24,250.48
HITM0006546,HORD002090,PRD0357,1.0,193.87,193.87
HITM0006547,HORD002091,PRD0065,3.0,729.67,2189.01
HITM0006548,HORD002091,PRD0590,1.0,268.79,268.79
HITM0006549,HORD002092,PRD0370,1.0,143.48,143.48
HITM0006550,HORD002092,PRD0968,1.0,607.18,607.18
HITM0006551,HORD002092,PRD0923,1.0,283.84,283.84
HITM0006552,HORD002093,PRD0184,1.0,3159.58,3159.58
HITM0006553,HORD002093,PRD0045,2.0,70.08,140.16
HITM0006554,HORD002093,PRD0995,2.0,855.97,1711.94
HITM0006555,HORD002093,PRD0580,2.0,76.83,153.66
HITM0006556,HORD002093,PRD0368,1.0,807.79,807.79
HITM0006557,HORD002094,PRD0085,2.0,304.21,608.42
HITM0006558,HORD002094,PRD0312,2.0,845.47,1690.94
HITM0006559,HORD002094,PRD0568,1.0,272.51,272.51
HITM0006560,HORD002095,PRD0260,1.0,73.31,73.31
HITM0006561,HORD002095,PRD0256,1.0,336.19,336.19
HITM0006562,HORD002096,PRD0421,1.0,2504.26,2504.26
HITM0006563,HORD002096,PRD0263,1.0,1272.94,1272.94
HITM0006564,HORD002096,PRD0531,1.0,2758.01,2758.01
HITM0006565,HORD002097,PRD0588,1.0,597.66,597.66
HITM0006566,HORD002097,PRD0521,1.0,1486.1,1486.1
HITM0006567,HORD002098,PRD0894,1.0,1604.45,1604.45
HITM0006568,HORD002098,PRD0893,1.0,434.15,434.15
HITM0006569,HORD002099,PRD0240,3.0,113.94,341.82
HITM0006570,HORD002099,PRD0608,1.0,772.25,772.25
HITM0006571,HORD002100,PRD0704,2.0,2221.12,4442.24
HITM0006572,HORD002100,PRD0568,1.0,272.51,272.51
HITM0006573,HORD002100,PRD0987,1.0,925.55,925.55
HITM0006574,HORD002100,PRD0831,1.0,1201.57,1201.57
HITM0006575,HORD002100,PRD0352,1.0,1479.5,1479.5
HITM0006576,HORD002101,PRD0010,1.0,15.97,15.97
HITM0006577,HORD002101,PRD0670,1.0,85.16,85.16
HITM0006578,HORD002101,PRD0550,2.0,184.97,369.94
HITM0006579,HORD002101,PRD0935,1.0,249.9,249.9
HITM0006580,HORD002101,PRD0966,1.0,340.4,340.4
HITM0006581,HORD002102,PRD0471,1.0,2346.96,2346.96
HITM0006582,HORD002102,PRD0969,2.0,1459.43,2918.86
HITM0006583,HORD002102,PRD0038,1.0,829.21,829.21
HITM0006584,HORD002102,PRD0309,2.0,335.12,670.24
HITM0006585,HORD002103,PRD0775,1.0,376.86,376.86
HITM0006586,HORD002103,PRD0672,1.0,527.46,527.46
HITM0006587,HORD002103,PRD0641,2.0,934.18,1868.36
HITM0006588,HORD002103,PRD0820,1.0,95.58,95.58
HITM0006589,HORD002103,PRD0615,1.0,196.23,196.23
HITM0006590,HORD002104,PRD0823,1.0,1081.67,1081.67
HITM0006591,HORD002104,PRD0995,1.0,855.97,855.97
HITM0006592,HORD002105,PRD0828,1.0,125.24,125.24
HITM0006593,HORD002105,PRD0337,1.0,92.59,92.59
HITM0006594,HORD002105,PRD0795,1.0,808.42,808.42
HITM0006595,HORD002106,PRD0325,1.0,54.61,54.61
HITM0006596,HORD002106,PRD0790,1.0,25.52,25.52
HITM0006597,HORD002106,PRD0468,1.0,990.56,990.56
HITM0006598,HORD002107,PRD0438,1.0,246.04,246.04
HITM0006599,HORD002107,PRD0256,2.0,336.19,672.38
HITM0006600,HORD002107,PRD0824,1.0,1637.86,1637.86
HITM0006601,HORD002107,PRD0954,2.0,3030.23,6060.46
HITM0006602,HORD002108,PRD0612,2.0,471.59,943.18
HITM0006603,HORD002108,PRD0541,1.0,1837.92,1837.92
HITM0006604,HORD002108,PRD0630,1.0,59.46,59.46
HITM0006605,HORD002108,PRD0223,2.0,427.66,855.32
HITM0006606,HORD002108,PRD0676,1.0,444.48,444.48
HITM0006607,HORD002109,PRD0576,1.0,136.9,136.9
HITM0006608,HORD002109,PRD0458,1.0,721.39,721.39
HITM0006609,HORD002109,PRD0728,1.0,188.05,188.05
HITM0006610,HORD002109,PRD0823,1.0,1081.67,1081.67
HITM0006611,HORD002110,PRD0836,1.0,726.47,726.47
HITM0006612,HORD002111,PRD0945,1.0,888.88,888.88
HITM0006613,HORD002111,PRD0187,2.0,1290.47,2580.94
HITM0006614,HORD002111,PRD0040,1.0,208.06,208.06
HITM0006615,HORD002111,PRD0417,1.0,318.04,318.04
HITM0006616,HORD002112,PRD0750,1.0,203.37,203.37
HITM0006617,HORD002112,PRD0336,1.0,823.14,823.14
HITM0006618,HORD002112,PRD0520,1.0,93.98,93.98
HITM0006619,HORD002112,PRD0955,1.0,418.8,418.8
HITM0006620,HORD002113,PRD0507,1.0,2300.74,2300.74
HITM0006621,HORD002113,PRD0030,1.0,159.51,159.51
HITM0006622,HORD002114,PRD0300,1.0,30.76,30.76
HITM0006623,HORD002114,PRD0311,1.0,1105.19,1105.19
HITM0006624,HORD002114,PRD0706,1.0,746.72,746.72
HITM0006625,HORD002114,PRD0589,1.0,675.7,675.7
HITM0006626,HORD002115,PRD0602,2.0,1279.42,2558.84
HITM0006627,HORD002115,PRD0944,3.0,2277.06,6831.18
HITM0006628,HORD002115,PRD0473,2.0,576.89,1153.78
HITM0006629,HORD002115,PRD0915,1.0,763.7,763.7
HITM0006630,HORD002116,PRD0140,1.0,54.35,54.35
HITM0006631,HORD002116,PRD0821,2.0,1191.59,2383.18
HITM0006632,HORD002116,PRD0838,2.0,1007.36,2014.72
HITM0006633,HORD002116,PRD0282,1.0,1401.95,1401.95
HITM0006634,HORD002117,PRD0198,1.0,155.28,155.28
HITM0006635,HORD002117,PRD0563,2.0,270.8,541.6
HITM0006636,HORD002117,PRD0427,2.0,1807.66,3615.32
HITM0006637,HORD002118,PRD0910,1.0,202.66,202.66
HITM0006638,HORD002118,PRD0454,2.0,561.82,1123.64
HITM0006639,HORD002119,PRD0790,1.0,25.52,25.52
HITM0006640,HORD002119,PRD0647,1.0,1397.05,1397.05
HITM0006641,HORD002119,PRD0780,1.0,191.96,191.96
HITM0006642,HORD002120,PRD0705,1.0,1103.54,1103.54
HITM0006643,HORD002120,PRD0130,1.0,128.78,128.78
HITM0006644,HORD002121,PRD0316,1.0,28.93,28.93
HITM0006645,HORD002121,PRD0311,1.0,1105.19,1105.19
HITM0006646,HORD002121,PRD0095,1.0,857.11,857.11
HITM0006647,HORD002122,PRD0767,2.0,122.05,244.1
HITM0006648,HORD002122,PRD0079,2.0,994.48,1988.96
HITM0006649,HORD002123,PRD0080,2.0,390.63,781.26
HITM0006650,HORD002123,PRD0667,1.0,424.48,424.48
HITM0006651,HORD002123,PRD0014,2.0,2953.53,5907.06
HITM0006652,HORD002123,PRD0094,1.0,1376.89,1376.89
HITM0006653,HORD002123,PRD0731,1.0,1790.91,1790.91
HITM0006654,HORD002124,PRD0937,1.0,983.99,983.99
HITM0006655,HORD002124,PRD0670,1.0,85.16,85.16
HITM0006656,HORD002125,PRD0170,2.0,71.95,143.9
HITM0006657,HORD002125,PRD0610,1.0,21.93,21.93
HITM0006658,HORD002125,PRD0748,1.0,176.05,176.05
HITM0006659,HORD002125,PRD0690,1.0,306.64,306.64
HITM0006660,HORD002126,PRD0891,1.0,1480.65,1480.65
HITM0006661,HORD002126,PRD0974,1.0,2468.26,2468.26
HITM0006662,HORD002127,PRD0340,1.0,68.17,68.17
HITM0006663,HORD002128,PRD0700,3.0,258.76,776.28
HITM0006664,HORD002128,PRD0669,1.0,1077.89,1077.89
HITM0006665,HORD002128,PRD0171,1.0,1187.41,1187.41
HITM0006666,HORD002129,PRD0180,1.0,24.86,24.86
HITM0006667,HORD002129,PRD0140,1.0,54.35,54.35
HITM0006668,HORD002129,PRD0539,1.0,125.14,125.14
HITM0006669,HORD002130,PRD0030,1.0,159.51,159.51
HITM0006670,HORD002130,PRD0592,1.0,748.49,748.49
HITM0006671,HORD002130,PRD0198,1.0,155.28,155.28
HITM0006672,HORD002131,PRD0592,1.0,748.49,748.49
HITM0006673,HORD002131,PRD0459,2.0,1138.25,2276.5
HITM0006674,HORD002131,PRD0769,1.0,809.07,809.07
HITM0006675,HORD002132,PRD0659,2.0,293.62,587.24
HITM0006676,HORD002132,PRD0017,3.0,1860.35,5581.05
HITM0006677,HORD002133,PRD0002,2.0,684.63,1369.26
HITM0006678,HORD002133,PRD0366,1.0,496.46,496.46
HITM0006679,HORD002133,PRD0003,1.0,745.86,745.86
HITM0006680,HORD002134,PRD0820,1.0,95.58,95.58
HITM0006681,HORD002134,PRD0120,3.0,319.18,957.54
HITM0006682,HORD002134,PRD0896,1.0,502.67,502.67
HITM0006683,HORD002134,PRD0661,1.0,1397.85,1397.85
HITM0006684,HORD002135,PRD0193,1.0,609.21,609.21
HITM0006685,HORD002136,PRD0659,1.0,293.62,293.62
HITM0006686,HORD002136,PRD0510,2.0,71.92,143.84
HITM0006687,HORD002136,PRD0710,1.0,302.55,302.55
HITM0006688,HORD002137,PRD0194,1.0,1326.23,1326.23
HITM0006689,HORD002137,PRD0563,1.0,270.8,270.8
HITM0006690,HORD002138,PRD0480,1.0,37.46,37.46
HITM0006691,HORD002138,PRD0292,1.0,324.37,324.37
HITM0006692,HORD002139,PRD0841,1.0,2181.2,2181.2
HITM0006693,HORD002139,PRD0466,1.0,283.41,283.41
HITM0006694,HORD002139,PRD0366,1.0,496.46,496.46
HITM0006695,HORD002139,PRD0428,1.0,621.91,621.91
HITM0006696,HORD002139,PRD0085,1.0,304.21,304.21
HITM0006697,HORD002140,PRD0328,1.0,728.97,728.97
HITM0006698,HORD002140,PRD0158,1.0,464.07,464.07
HITM0006699,HORD002141,PRD0906,1.0,58.83,58.83
HITM0006700,HORD002141,PRD0503,1.0,866.27,866.27
HITM0006701,HORD002141,PRD0518,1.0,614.84,614.84
HITM0006702,HORD002142,PRD0188,1.0,604.15,604.15
HITM0006703,HORD002142,PRD0180,1.0,24.86,24.86
HITM0006704,HORD002143,PRD0609,2.0,138.47,276.94
HITM0006705,HORD002143,PRD0832,1.0,646.88,646.88
HITM0006706,HORD002143,PRD0356,1.0,302.84,302.84
HITM0006707,HORD002143,PRD0985,1.0,750.86,750.86
HITM0006708,HORD002143,PRD0960,1.0,103.86,103.86
HITM0006709,HORD002144,PRD0887,1.0,111.87,111.87
HITM0006710,HORD002144,PRD0111,1.0,1802.88,1802.88
HITM0006711,HORD002144,PRD0853,1.0,1456.04,1456.04
HITM0006712,HORD002145,PRD0213,2.0,1561.73,3123.46
HITM0006713,HORD002145,PRD0927,1.0,867.79,867.79
HITM0006714,HORD002145,PRD0170,1.0,71.95,71.95
HITM0006715,HORD002145,PRD0061,1.0,2524.66,2524.66
HITM0006716,HORD002146,PRD0987,1.0,925.55,925.55
HITM0006717,HORD002146,PRD0870,1.0,285.87,285.87
HITM0006718,HORD002146,PRD0690,1.0,306.64,306.64
HITM0006719,HORD002147,PRD0733,1.0,894.02,894.02
HITM0006720,HORD002147,PRD0831,1.0,1201.57,1201.57
HITM0006721,HORD002147,PRD0868,3.0,869.51,2608.53
HITM0006722,HORD002147,PRD0935,1.0,249.9,249.9
HITM0006723,HORD002148,PRD0595,2.0,521.69,1043.38
HITM0006724,HORD002148,PRD0010,1.0,15.97,15.97
HITM0006725,HORD002148,PRD0480,2.0,37.46,74.92
HITM0006726,HORD002148,PRD0156,1.0,681.59,681.59
HITM0006727,HORD002148,PRD0352,1.0,1479.5,1479.5
HITM0006728,HORD002149,PRD0037,1.0,109.69,109.69
HITM0006729,HORD002150,PRD0420,1.0,202.02,202.02
HITM0006730,HORD002150,PRD0430,1.0,214.75,214.75
HITM0006731,HORD002151,PRD0412,1.0,1184.31,1184.31
HITM0006732,HORD002151,PRD0869,1.0,1409.61,1409.61
HITM0006733,HORD002151,PRD0427,1.0,1807.66,1807.66
HITM0006734,HORD002151,PRD0915,1.0,763.7,763.7
HITM0006735,HORD002151,PRD0015,1.0,184.83,184.83
HITM0006736,HORD002152,PRD0181,3.0,3070.56,9211.68
HITM0006737,HORD002152,PRD0593,1.0,1331.28,1331.28
HITM0006738,HORD002152,PRD0130,1.0,128.78,128.78
HITM0006739,HORD002153,PRD0112,2.0,1193.81,2387.62
HITM0006740,HORD002153,PRD0825,1.0,289.25,289.25
HITM0006741,HORD002153,PRD0717,1.0,615.2,615.2
HITM0006742,HORD002153,PRD0180,2.0,24.86,49.72
HITM0006743,HORD002154,PRD0035,1.0,410.43,410.43
HITM0006744,HORD002154,PRD0180,1.0,24.86,24.86
HITM0006745,HORD002154,PRD0166,1.0,833.21,833.21
HITM0006746,HORD002155,PRD0189,2.0,1154.51,2309.02
HITM0006747,HORD002155,PRD0286,1.0,841.61,841.61
HITM0006748,HORD002155,PRD0940,1.0,139.21,139.21
HITM0006749,HORD002155,PRD0719,1.0,659.02,659.02
HITM0006750,HORD002156,PRD0294,2.0,1781.81,3563.62
HITM0006751,HORD002156,PRD0309,1.0,335.12,335.12
HITM0006752,HORD002157,PRD0744,3.0,3966.03,11898.09
HITM0006753,HORD002157,PRD0993,1.0,489.97,489.97
HITM0006754,HORD002157,PRD0088,2.0,835.18,1670.36
HITM0006755,HORD002157,PRD0410,1.0,328.86,328.86
HITM0006756,HORD002158,PRD0310,1.0,318.45,318.45
HITM0006757,HORD002158,PRD0733,1.0,894.02,894.02
HITM0006758,HORD002158,PRD0750,1.0,203.37,203.37
HITM0006759,HORD002159,PRD0590,1.0,268.79,268.79
HITM0006760,HORD002159,PRD0056,1.0,318.87,318.87
HITM0006761,HORD002159,PRD0211,1.0,2411.53,2411.53
HITM0006762,HORD002160,PRD0507,1.0,2300.74,2300.74
HITM0006763,HORD002161,PRD0913,3.0,645.54,1936.62
HITM0006764,HORD002162,PRD0986,1.0,748.03,748.03
HITM0006765,HORD002162,PRD0049,1.0,149.55,149.55
HITM0006766,HORD002162,PRD0570,1.0,98.43,98.43
HITM0006767,HORD002163,PRD0541,1.0,1837.92,1837.92
HITM0006768,HORD002163,PRD0015,2.0,184.83,369.66
HITM0006769,HORD002163,PRD0125,1.0,1004.47,1004.47
HITM0006770,HORD002163,PRD0788,1.0,934.58,934.58
HITM0006771,HORD002164,PRD0555,1.0,407.18,407.18
HITM0006772,HORD002164,PRD0674,1.0,2346.31,2346.31
HITM0006773,HORD002164,PRD0015,1.0,184.83,184.83
HITM0006774,HORD002164,PRD0487,1.0,1262.93,1262.93
HITM0006775,HORD002165,PRD0409,1.0,1192.0,1192.0
HITM0006776,HORD002165,PRD0564,1.0,1250.64,1250.64
HITM0006777,HORD002165,PRD0122,1.0,1755.78,1755.78
HITM0006778,HORD002165,PRD0336,1.0,823.14,823.14
HITM0006779,HORD002165,PRD0121,1.0,3098.72,3098.72
HITM0006780,HORD002166,PRD0954,1.0,3030.23,3030.23
HITM0006781,HORD002166,PRD0871,1.0,2970.68,2970.68
HITM0006782,HORD002167,PRD0214,1.0,2414.54,2414.54
HITM0006783,HORD002167,PRD0422,1.0,1749.99,1749.99
HITM0006784,HORD002167,PRD0147,1.0,94.45,94.45
HITM0006785,HORD002168,PRD0228,3.0,148.71,446.13
HITM0006786,HORD002168,PRD0508,1.0,637.75,637.75
HITM0006787,HORD002168,PRD0772,1.0,546.46,546.46
HITM0006788,HORD002168,PRD0892,1.0,324.59,324.59
HITM0006789,HORD002169,PRD0099,1.0,469.56,469.56
HITM0006790,HORD002169,PRD0791,1.0,1863.17,1863.17
HITM0006791,HORD002169,PRD0392,1.0,930.86,930.86
HITM0006792,HORD002170,PRD0647,2.0,1397.05,2794.1
HITM0006793,HORD002170,PRD0290,2.0,61.51,123.02
HITM0006794,HORD002170,PRD0506,1.0,309.66,309.66
HITM0006795,HORD002170,PRD0276,2.0,586.47,1172.94
HITM0006796,HORD002170,PRD0466,2.0,283.41,566.82
HITM0006797,HORD002171,PRD0500,2.0,352.58,705.16
HITM0006798,HORD002172,PRD0614,1.0,3562.62,3562.62
HITM0006799,HORD002172,PRD0951,1.0,1234.66,1234.66
HITM0006800,HORD002172,PRD0106,1.0,217.23,217.23
HITM0006801,HORD002172,PRD0660,1.0,351.34,351.34
HITM0006802,HORD002172,PRD0548,1.0,181.04,181.04
HITM0006803,HORD002173,PRD0688,1.0,231.65,231.65
HITM0006804,HORD002173,PRD0246,2.0,733.57,1467.14
HITM0006805,HORD002173,PRD0298,1.0,565.35,565.35
HITM0006806,HORD002174,PRD0107,1.0,1500.51,1500.51
HITM0006807,HORD002174,PRD0088,1.0,835.18,835.18
HITM0006808,HORD002175,PRD0183,3.0,880.19,2640.57
HITM0006809,HORD002175,PRD0287,1.0,1873.36,1873.36
HITM0006810,HORD002175,PRD0450,3.0,138.07,414.21
HITM0006811,HORD002176,PRD0413,1.0,699.79,699.79
HITM0006812,HORD002176,PRD0525,1.0,904.72,904.72
HITM0006813,HORD002176,PRD0037,1.0,109.69,109.69
HITM0006814,HORD002177,PRD0045,1.0,70.08,70.08
HITM0006815,HORD002177,PRD0073,1.0,1110.47,1110.47
HITM0006816,HORD002177,PRD0512,1.0,1597.11,1597.11
HITM0006817,HORD002177,PRD0560,2.0,230.25,460.5
HITM0006818,HORD002178,PRD0259,2.0,1302.81,2605.62
HITM0006819,HORD002178,PRD0946,1.0,553.66,553.66
HITM0006820,HORD002178,PRD0647,1.0,1397.05,1397.05
HITM0006821,HORD002179,PRD0397,2.0,1953.43,3906.86
HITM0006822,HORD002179,PRD0131,1.0,1214.27,1214.27
HITM0006823,HORD002179,PRD0641,1.0,934.18,934.18
HITM0006824,HORD002179,PRD0180,2.0,24.86,49.72
HITM0006825,HORD002179,PRD0914,1.0,3839.74,3839.74
HITM0006826,HORD002180,PRD0125,1.0,1004.47,1004.47
HITM0006827,HORD002180,PRD0711,3.0,2921.29,8763.87
HITM0006828,HORD002180,PRD0032,1.0,417.41,417.41
HITM0006829,HORD002181,PRD0730,2.0,394.42,788.84
HITM0006830,HORD002181,PRD0033,1.0,1186.21,1186.21
HITM0006831,HORD002181,PRD0617,2.0,1897.96,3795.92
HITM0006832,HORD002181,PRD0498,1.0,753.34,753.34
HITM0006833,HORD002181,PRD0150,1.0,27.72,27.72
HITM0006834,HORD002182,PRD0132,2.0,713.61,1427.22
HITM0006835,HORD002182,PRD0763,1.0,1426.88,1426.88
HITM0006836,HORD002182,PRD0297,1.0,1540.93,1540.93
HITM0006837,HORD002183,PRD0726,1.0,620.57,620.57
HITM0006838,HORD002184,PRD0382,1.0,453.52,453.52
HITM0006839,HORD002184,PRD0445,1.0,1141.73,1141.73
HITM0006840,HORD002184,PRD0905,1.0,760.24,760.24
HITM0006841,HORD002185,PRD0183,1.0,880.19,880.19
HITM0006842,HORD002185,PRD0875,1.0,916.11,916.11
HITM0006843,HORD002185,PRD0490,1.0,20.66,20.66
HITM0006844,HORD002186,PRD0759,1.0,943.47,943.47
HITM0006845,HORD002186,PRD0055,1.0,1172.72,1172.72
HITM0006846,HORD002186,PRD0340,3.0,68.17,204.51
HITM0006847,HORD002186,PRD0831,2.0,1201.57,2403.14
HITM0006848,HORD002187,PRD0372,2.0,763.17,1526.34
HITM0006849,HORD002187,PRD0925,1.0,976.66,976.66
HITM0006850,HORD002187,PRD0170,1.0,71.95,71.95
HITM0006851,HORD002188,PRD0989,1.0,961.78,961.78
HITM0006852,HORD002188,PRD0416,1.0,753.43,753.43
HITM0006853,HORD002189,PRD0898,1.0,236.36,236.36
HITM0006854,HORD002189,PRD0426,1.0,284.68,284.68
HITM0006855,HORD002189,PRD0651,1.0,929.1,929.1
HITM0006856,HORD002189,PRD0449,1.0,227.09,227.09
HITM0006857,HORD002189,PRD0180,3.0,24.86,74.58
HITM0006858,HORD002190,PRD0480,1.0,37.46,37.46
HITM0006859,HORD002191,PRD0550,2.0,184.97,369.94
HITM0006860,HORD002191,PRD0349,1.0,986.72,986.72
HITM0006861,HORD002191,PRD0941,2.0,2905.2,5810.4
HITM0006862,HORD002191,PRD0248,2.0,494.67,989.34
HITM0006863,HORD002192,PRD0043,1.0,1106.1,1106.1
HITM0006864,HORD002192,PRD0615,2.0,196.23,392.46
HITM0006865,HORD002193,PRD0448,1.0,67.35,67.35
HITM0006866,HORD002193,PRD0088,1.0,835.18,835.18
HITM0006867,HORD002193,PRD0296,1.0,366.63,366.63
HITM0006868,HORD002193,PRD0983,1.0,493.01,493.01
HITM0006869,HORD002193,PRD0280,1.0,34.27,34.27
HITM0006870,HORD002194,PRD0049,2.0,149.55,299.1
HITM0006871,HORD002194,PRD0665,1.0,215.81,215.81
HITM0006872,HORD002195,PRD0293,1.0,399.18,399.18
HITM0006873,HORD002195,PRD0970,1.0,71.64,71.64
HITM0006874,HORD002195,PRD0010,2.0,15.97,31.94
HITM0006875,HORD002196,PRD0270,2.0,145.44,290.88
HITM0006876,HORD002196,PRD0884,1.0,586.48,586.48
HITM0006877,HORD002196,PRD0235,1.0,510.44,510.44
HITM0006878,HORD002197,PRD0912,2.0,1809.29,3618.58
HITM0006879,HORD002197,PRD0519,1.0,1101.57,1101.57
HITM0006880,HORD002197,PRD0105,1.0,275.3,275.3
HITM0006881,HORD002197,PRD0585,1.0,557.31,557.31
HITM0006882,HORD002198,PRD0537,1.0,2543.03,2543.03
HITM0006883,HORD002198,PRD0643,1.0,809.36,809.36
HITM0006884,HORD002199,PRD0229,1.0,412.68,412.68
HITM0006885,HORD002199,PRD0296,1.0,366.63,366.63
HITM0006886,HORD002199,PRD0436,2.0,99.16,198.32
HITM0006887,HORD002199,PRD0630,1.0,59.46,59.46
HITM0006888,HORD002200,PRD0454,2.0,561.82,1123.64
HITM0006889,HORD002200,PRD0565,2.0,1060.41,2120.82
HITM0006890,HORD002200,PRD0046,1.0,690.5,690.5
HITM0006891,HORD002200,PRD0970,1.0,71.64,71.64
HITM0006892,HORD002201,PRD0688,1.0,231.65,231.65
HITM0006893,HORD002201,PRD0011,1.0,1706.96,1706.96
HITM0006894,HORD002201,PRD0641,1.0,934.18,934.18
HITM0006895,HORD002202,PRD0257,3.0,2532.59,7597.77
HITM0006896,HORD002202,PRD0219,1.0,374.02,374.02
HITM0006897,HORD002202,PRD0065,1.0,729.67,729.67
HITM0006898,HORD002202,PRD0284,1.0,4071.02,4071.02
HITM0006899,HORD002203,PRD0576,1.0,136.9,136.9
HITM0006900,HORD002203,PRD0658,1.0,140.48,140.48
HITM0006901,HORD002203,PRD0059,1.0,721.08,721.08
HITM0006902,HORD002203,PRD0913,1.0,645.54,645.54
HITM0006903,HORD002204,PRD0655,1.0,444.01,444.01
HITM0006904,HORD002204,PRD0990,1.0,373.23,373.23
HITM0006905,HORD002205,PRD0912,1.0,1809.29,1809.29
HITM0006906,HORD002205,PRD0489,1.0,264.6,264.6
HITM0006907,HORD002205,PRD0290,1.0,61.51,61.51
HITM0006908,HORD002206,PRD0908,1.0,857.77,857.77
HITM0006909,HORD002206,PRD0322,1.0,719.5,719.5
HITM0006910,HORD002206,PRD0205,1.0,1189.79,1189.79
HITM0006911,HORD002207,PRD0560,1.0,230.25,230.25
HITM0006912,HORD002207,PRD0945,1.0,888.88,888.88
HITM0006913,HORD002207,PRD0832,1.0,646.88,646.88
HITM0006914,HORD002207,PRD0376,2.0,804.1,1608.2
HITM0006915,HORD002208,PRD0390,1.0,27.7,27.7
HITM0006916,HORD002208,PRD0172,2.0,1821.63,3643.26
HITM0006917,HORD002208,PRD0159,1.0,1165.58,1165.58
HITM0006918,HORD002209,PRD0250,1.0,335.17,335.17
HITM0006919,HORD002209,PRD0270,2.0,145.44,290.88
HITM0006920,HORD002209,PRD0395,3.0,404.44,1213.32
HITM0006921,HORD002210,PRD0828,1.0,125.24,125.24
HITM0006922,HORD002210,PRD0216,1.0,56.76,56.76
HITM0006923,HORD002210,PRD0700,2.0,258.76,517.52
HITM0006924,HORD002210,PRD0945,2.0,888.88,1777.76
HITM0006925,HORD002211,PRD0140,3.0,54.35,163.05
HITM0006926,HORD002211,PRD0866,1.0,328.46,328.46
HITM0006927,HORD002212,PRD0663,1.0,1546.5,1546.5
HITM0006928,HORD002212,PRD0698,1.0,1038.35,1038.35
HITM0006929,HORD002212,PRD0619,1.0,180.89,180.89
HITM0006930,HORD002212,PRD0879,2.0,746.36,1492.72
HITM0006931,HORD002212,PRD0575,1.0,357.22,357.22
HITM0006932,HORD002213,PRD0136,1.0,107.5,107.5
HITM0006933,HORD002213,PRD0651,1.0,929.1,929.1
HITM0006934,HORD002213,PRD0073,1.0,1110.47,1110.47
HITM0006935,HORD002213,PRD0030,1.0,159.51,159.51
HITM0006936,HORD002214,PRD0476,1.0,59.63,59.63
HITM0006937,HORD002214,PRD0323,1.0,786.71,786.71
HITM0006938,HORD002214,PRD0405,1.0,774.44,774.44
HITM0006939,HORD002214,PRD0750,1.0,203.37,203.37
HITM0006940,HORD002214,PRD0490,1.0,20.66,20.66
HITM0006941,HORD002215,PRD0215,1.0,915.08,915.08
HITM0006942,HORD002215,PRD0805,1.0,151.93,151.93
HITM0006943,HORD002216,PRD0778,1.0,981.57,981.57
HITM0006944,HORD002216,PRD0914,1.0,3839.74,3839.74
HITM0006945,HORD002216,PRD0729,1.0,1008.84,1008.84
HITM0006946,HORD002217,PRD0696,1.0,107.86,107.86
HITM0006947,HORD002217,PRD0175,1.0,760.09,760.09
HITM0006948,HORD002217,PRD0856,1.0,415.09,415.09
HITM0006949,HORD002218,PRD0678,1.0,653.14,653.14
HITM0006950,HORD002219,PRD0720,2.0,261.71,523.42
HITM0006951,HORD002219,PRD0340,1.0,68.17,68.17
HITM0006952,HORD002219,PRD0634,2.0,405.16,810.32
HITM0006953,HORD002219,PRD0445,1.0,1141.73,1141.73
HITM0006954,HORD002220,PRD0460,2.0,99.79,199.58
HITM0006955,HORD002220,PRD0893,1.0,434.15,434.15
HITM0006956,HORD002220,PRD0179,1.0,1156.54,1156.54
HITM0006957,HORD002221,PRD0527,2.0,1359.21,2718.42
HITM0006958,HORD002221,PRD0971,2.0,1416.11,2832.22
HITM0006959,HORD002221,PRD0823,1.0,1081.67,1081.67
HITM0006960,HORD002222,PRD0959,1.0,198.15,198.15
HITM0006961,HORD002223,PRD0474,1.0,1023.76,1023.76
HITM0006962,HORD002223,PRD0986,1.0,748.03,748.03
HITM0006963,HORD002223,PRD0037,2.0,109.69,219.38
HITM0006964,HORD002223,PRD0495,1.0,617.55,617.55
HITM0006965,HORD002224,PRD0106,1.0,217.23,217.23
HITM0006966,HORD002224,PRD0904,1.0,673.64,673.64
HITM0006967,HORD002224,PRD0993,1.0,489.97,489.97
HITM0006968,HORD002225,PRD0692,1.0,959.48,959.48
HITM0006969,HORD002225,PRD0096,2.0,329.23,658.46
HITM0006970,HORD002225,PRD0956,1.0,301.52,301.52
HITM0006971,HORD002225,PRD0030,1.0,159.51,159.51
HITM0006972,HORD002226,PRD0458,1.0,721.39,721.39
HITM0006973,HORD002227,PRD0360,1.0,14.71,14.71
HITM0006974,HORD002227,PRD0546,1.0,426.68,426.68
HITM0006975,HORD002227,PRD0218,1.0,838.07,838.07
HITM0006976,HORD002227,PRD0618,1.0,1068.97,1068.97
HITM0006977,HORD002228,PRD0977,1.0,352.01,352.01
HITM0006978,HORD002229,PRD0212,1.0,736.5,736.5
HITM0006979,HORD002229,PRD0812,2.0,1836.96,3673.92
HITM0006980,HORD002230,PRD0972,1.0,903.07,903.07
HITM0006981,HORD002230,PRD0623,1.0,292.46,292.46
HITM0006982,HORD002230,PRD0488,1.0,482.8,482.8
HITM0006983,HORD002231,PRD0849,1.0,1011.98,1011.98
HITM0006984,HORD002231,PRD0245,2.0,653.23,1306.46
HITM0006985,HORD002231,PRD0778,1.0,981.57,981.57
HITM0006986,HORD002232,PRD0670,1.0,85.16,85.16
HITM0006987,HORD002232,PRD0626,1.0,502.49,502.49
HITM0006988,HORD002232,PRD0103,2.0,540.65,1081.3
HITM0006989,HORD002233,PRD0386,1.0,109.17,109.17
HITM0006990,HORD002233,PRD0163,1.0,1539.62,1539.62
HITM0006991,HORD002233,PRD0659,1.0,293.62,293.62
HITM0006992,HORD002233,PRD0434,1.0,2443.59,2443.59
HITM0006993,HORD002233,PRD0356,2.0,302.84,605.68
HITM0006994,HORD002234,PRD0350,1.0,294.0,294.0
HITM0006995,HORD002234,PRD0813,1.0,1381.91,1381.91
HITM0006996,HORD002234,PRD0075,2.0,227.56,455.12
HITM0006997,HORD002234,PRD0004,1.0,466.88,466.88
HITM0006998,HORD002234,PRD0393,1.0,307.2,307.2
HITM0006999,HORD002235,PRD0479,2.0,785.34,1570.68
HITM0007000,HORD002236,PRD0088,1.0,835.18,835.18
HITM0007001,HORD002236,PRD0294,1.0,1781.81,1781.81
HITM0007002,HORD002236,PRD0322,1.0,719.5,719.5
HITM0007003,HORD002236,PRD0515,1.0,421.93,421.93
HITM0007004,HORD002237,PRD0198,1.0,155.28,155.28
HITM0007005,HORD002238,PRD0897,1.0,2339.09,2339.09
HITM0007006,HORD002238,PRD0211,1.0,2411.53,2411.53
HITM0007007,HORD002238,PRD0013,1.0,1194.01,1194.01
HITM0007008,HORD002239,PRD0738,1.0,306.26,306.26
HITM0007009,HORD002239,PRD0180,2.0,24.86,49.72
HITM0007010,HORD002240,PRD0865,1.0,558.87,558.87
HITM0007011,HORD002240,PRD0579,1.0,878.27,878.27
HITM0007012,HORD002240,PRD0899,2.0,1401.94,2803.88
HITM0007013,HORD002241,PRD0367,1.0,1853.15,1853.15
HITM0007014,HORD002241,PRD0149,2.0,217.37,434.74
HITM0007015,HORD002242,PRD0063,2.0,1124.17,2248.34
HITM0007016,HORD002242,PRD0287,1.0,1873.36,1873.36
HITM0007017,HORD002242,PRD0906,1.0,58.83,58.83
HITM0007018,HORD002242,PRD0150,1.0,27.72,27.72
HITM0007019,HORD002243,PRD0697,1.0,1104.18,1104.18
HITM0007020,HORD002244,PRD0844,1.0,1996.67,1996.67
HITM0007021,HORD002245,PRD0065,1.0,729.67,729.67
HITM0007022,HORD002245,PRD0191,1.0,1045.12,1045.12
HITM0007023,HORD002245,PRD0200,1.0,279.99,279.99
HITM0007024,HORD002246,PRD0630,1.0,59.46,59.46
HITM0007025,HORD002246,PRD0327,1.0,783.26,783.26
HITM0007026,HORD002247,PRD0030,2.0,159.51,319.02
HITM0007027,HORD002247,PRD0136,3.0,107.5,322.5
HITM0007028,HORD002247,PRD0714,1.0,3569.58,3569.58
HITM0007029,HORD002247,PRD0543,1.0,398.13,398.13
HITM0007030,HORD002247,PRD0657,1.0,91.2,91.2
HITM0007031,HORD002248,PRD0519,2.0,1101.57,2203.14
HITM0007032,HORD002248,PRD0216,1.0,56.76,56.76
HITM0007033,HORD002248,PRD0408,2.0,680.47,1360.94
HITM0007034,HORD002249,PRD0048,2.0,1075.72,2151.44
HITM0007035,HORD002249,PRD0490,2.0,20.66,41.32
HITM0007036,HORD002250,PRD0362,1.0,1501.87,1501.87
HITM0007037,HORD002250,PRD0098,1.0,149.72,149.72
HITM0007038,HORD002250,PRD0138,1.0,316.0,316.0
HITM0007039,HORD002251,PRD0726,1.0,620.57,620.57
HITM0007040,HORD002252,PRD0270,2.0,145.44,290.88
HITM0007041,HORD002252,PRD0543,2.0,398.13,796.26
HITM0007042,HORD002252,PRD0975,2.0,977.14,1954.28
HITM0007043,HORD002252,PRD0709,1.0,1423.26,1423.26
HITM0007044,HORD002253,PRD0300,1.0,30.76,30.76
HITM0007045,HORD002253,PRD0789,1.0,106.8,106.8
HITM0007046,HORD002253,PRD0438,3.0,246.04,738.12
HITM0007047,HORD002254,PRD0668,1.0,658.68,658.68
HITM0007048,HORD002254,PRD0305,1.0,662.05,662.05
HITM0007049,HORD002255,PRD0953,1.0,367.94,367.94
HITM0007050,HORD002255,PRD0726,1.0,620.57,620.57
HITM0007051,HORD002255,PRD0847,2.0,940.4,1880.8
HITM0007052,HORD002255,PRD0219,2.0,374.02,748.04
HITM0007053,HORD002256,PRD0619,1.0,180.89,180.89
HITM0007054,HORD002256,PRD0346,2.0,692.97,1385.94
HITM0007055,HORD002256,PRD0590,1.0,268.79,268.79
HITM0007056,HORD002256,PRD0068,2.0,190.2,380.4
HITM0007057,HORD002256,PRD0010,1.0,15.97,15.97
HITM0007058,HORD002257,PRD0890,1.0,273.8,273.8
HITM0007059,HORD002257,PRD0980,2.0,334.19,668.38
HITM0007060,HORD002258,PRD0378,1.0,110.97,110.97
HITM0007061,HORD002258,PRD0118,1.0,461.86,461.86
HITM0007062,HORD002258,PRD0319,1.0,1203.94,1203.94
HITM0007063,HORD002258,PRD0753,1.0,497.57,497.57
HITM0007064,HORD002258,PRD0949,1.0,221.57,221.57
HITM0007065,HORD002259,PRD0895,1.0,862.99,862.99
HITM0007066,HORD002259,PRD0343,1.0,1244.05,1244.05
HITM0007067,HORD002260,PRD0010,1.0,15.97,15.97
HITM0007068,HORD002260,PRD0994,2.0,1974.93,3949.86
HITM0007069,HORD002261,PRD0126,1.0,652.43,652.43
HITM0007070,HORD002261,PRD0573,2.0,394.67,789.34
HITM0007071,HORD002261,PRD0290,2.0,61.51,123.02
HITM0007072,HORD002261,PRD0836,1.0,726.47,726.47
HITM0007073,HORD002262,PRD0690,2.0,306.64,613.28
HITM0007074,HORD002262,PRD0516,1.0,565.33,565.33
HITM0007075,HORD002262,PRD0240,2.0,113.94,227.88
HITM0007076,HORD002262,PRD0368,2.0,807.79,1615.58
HITM0007077,HORD002262,PRD0680,1.0,46.75,46.75
HITM0007078,HORD002263,PRD0231,1.0,2034.99,2034.99
HITM0007079,HORD002263,PRD0815,1.0,446.57,446.57
HITM0007080,HORD002263,PRD0418,1.0,513.88,513.88
HITM0007081,HORD002263,PRD0852,1.0,516.19,516.19
HITM0007082,HORD002264,PRD0836,1.0,726.47,726.47
HITM0007083,HORD002264,PRD0987,1.0,925.55,925.55
HITM0007084,HORD002264,PRD0683,1.0,1384.61,1384.61
HITM0007085,HORD002264,PRD0108,1.0,186.84,186.84
HITM0007086,HORD002264,PRD0075,2.0,227.56,455.12
HITM0007087,HORD002265,PRD0806,1.0,43.45,43.45
HITM0007088,HORD002265,PRD0390,1.0,27.7,27.7
HITM0007089,HORD002265,PRD0442,1.0,1625.44,1625.44
HITM0007090,HORD002265,PRD0670,1.0,85.16,85.16
HITM0007091,HORD002265,PRD0162,1.0,441.75,441.75
HITM0007092,HORD002266,PRD0379,1.0,759.43,759.43
HITM0007093,HORD002266,PRD0292,1.0,324.37,324.37
HITM0007094,HORD002266,PRD0888,1.0,183.72,183.72
HITM0007095,HORD002266,PRD0216,1.0,56.76,56.76
HITM0007096,HORD002266,PRD0093,1.0,1015.33,1015.33
HITM0007097,HORD002267,PRD0515,2.0,421.93,843.86
HITM0007098,HORD002267,PRD0105,2.0,275.3,550.6
HITM0007099,HORD002267,PRD0573,2.0,394.67,789.34
HITM0007100,HORD002267,PRD0694,1.0,3973.34,3973.34
HITM0007101,HORD002268,PRD0278,1.0,100.15,100.15
HITM0007102,HORD002268,PRD0468,1.0,990.56,990.56
HITM0007103,HORD002268,PRD0109,1.0,516.32,516.32
HITM0007104,HORD002268,PRD0334,1.0,2364.45,2364.45
HITM0007105,HORD002269,PRD0468,2.0,990.56,1981.12
HITM0007106,HORD002269,PRD0828,1.0,125.24,125.24
HITM0007107,HORD002269,PRD0990,2.0,373.23,746.46
HITM0007108,HORD002269,PRD0541,2.0,1837.92,3675.84
HITM0007109,HORD002270,PRD0630,2.0,59.46,118.92
HITM0007110,HORD002270,PRD0209,1.0,1090.92,1090.92
HITM0007111,HORD002271,PRD0559,1.0,899.23,899.23
HITM0007112,HORD002271,PRD0858,2.0,251.31,502.62
HITM0007113,HORD002272,PRD0591,2.0,2794.24,5588.48
HITM0007114,HORD002272,PRD0724,1.0,1250.76,1250.76
HITM0007115,HORD002272,PRD0902,1.0,678.89,678.89
HITM0007116,HORD002273,PRD0521,1.0,1486.1,1486.1
HITM0007117,HORD002274,PRD0895,2.0,862.99,1725.98
HITM0007118,HORD002274,PRD0283,1.0,733.77,733.77
HITM0007119,HORD002274,PRD0138,1.0,316.0,316.0
HITM0007120,HORD002275,PRD0634,1.0,405.16,405.16
HITM0007121,HORD002275,PRD0378,1.0,110.97,110.97
HITM0007122,HORD002275,PRD0010,3.0,15.97,47.91
HITM0007123,HORD002275,PRD0019,1.0,741.78,741.78
HITM0007124,HORD002276,PRD0933,1.0,1263.06,1263.06
HITM0007125,HORD002276,PRD0877,2.0,1300.22,2600.44
HITM0007126,HORD002276,PRD0915,1.0,763.7,763.7
HITM0007127,HORD002277,PRD0499,2.0,1327.93,2655.86
HITM0007128,HORD002278,PRD0708,1.0,720.36,720.36
HITM0007129,HORD002278,PRD0625,1.0,1041.53,1041.53
HITM0007130,HORD002279,PRD0411,1.0,1649.5,1649.5
HITM0007131,HORD002279,PRD0555,1.0,407.18,407.18
HITM0007132,HORD002279,PRD0433,3.0,1358.38,4075.14
HITM0007133,HORD002279,PRD0955,1.0,418.8,418.8
HITM0007134,HORD002280,PRD0740,1.0,194.14,194.14
HITM0007135,HORD002280,PRD0601,1.0,1666.52,1666.52
HITM0007136,HORD002280,PRD0852,1.0,516.19,516.19
HITM0007137,HORD002280,PRD0116,1.0,466.48,466.48
HITM0007138,HORD002281,PRD0638,2.0,248.57,497.14
HITM0007139,HORD002281,PRD0160,1.0,263.81,263.81
HITM0007140,HORD002281,PRD0458,1.0,721.39,721.39
HITM0007141,HORD002281,PRD0925,1.0,976.66,976.66
HITM0007142,HORD002281,PRD0748,1.0,176.05,176.05
HITM0007143,HORD002282,PRD0586,1.0,450.26,450.26
HITM0007144,HORD002282,PRD0127,1.0,1805.09,1805.09
HITM0007145,HORD002282,PRD0911,1.0,1436.52,1436.52
HITM0007146,HORD002282,PRD0875,1.0,916.11,916.11
HITM0007147,HORD002283,PRD0150,2.0,27.72,55.44
HITM0007148,HORD002283,PRD0213,1.0,1561.73,1561.73
HITM0007149,HORD002283,PRD0106,1.0,217.23,217.23
HITM0007150,HORD002283,PRD0563,1.0,270.8,270.8
HITM0007151,HORD002284,PRD0048,1.0,1075.72,1075.72
HITM0007152,HORD002284,PRD0820,2.0,95.58,191.16
HITM0007153,HORD002285,PRD0994,1.0,1974.93,1974.93
HITM0007154,HORD002285,PRD0891,1.0,1480.65,1480.65
HITM0007155,HORD002285,PRD0366,1.0,496.46,496.46
HITM0007156,HORD002286,PRD0378,3.0,110.97,332.91
HITM0007157,HORD002286,PRD0793,1.0,1185.37,1185.37
HITM0007158,HORD002286,PRD0939,1.0,1091.13,1091.13
HITM0007159,HORD002286,PRD0867,2.0,2280.38,4560.76
HITM0007160,HORD002286,PRD0366,2.0,496.46,992.92
HITM0007161,HORD002287,PRD0275,1.0,182.18,182.18
HITM0007162,HORD002287,PRD0593,2.0,1331.28,2662.56
HITM0007163,HORD002287,PRD0107,1.0,1500.51,1500.51
HITM0007164,HORD002287,PRD0059,2.0,721.08,1442.16
HITM0007165,HORD002288,PRD0884,1.0,586.48,586.48
HITM0007166,HORD002288,PRD0311,1.0,1105.19,1105.19
HITM0007167,HORD002289,PRD0706,1.0,746.72,746.72
HITM0007168,HORD002289,PRD0368,1.0,807.79,807.79
HITM0007169,HORD002289,PRD0406,1.0,241.97,241.97
HITM0007170,HORD002290,PRD0321,2.0,2990.61,5981.22
HITM0007171,HORD002290,PRD0489,2.0,264.6,529.2
HITM0007172,HORD002290,PRD0060,1.0,97.23,97.23
HITM0007173,HORD002290,PRD0453,1.0,934.48,934.48
HITM0007174,HORD002290,PRD0398,1.0,413.35,413.35
HITM0007175,HORD002291,PRD0571,1.0,3138.88,3138.88
HITM0007176,HORD002291,PRD0010,1.0,15.97,15.97
HITM0007177,HORD002291,PRD0044,2.0,3554.03,7108.06
HITM0007178,HORD002292,PRD0360,1.0,14.71,14.71
HITM0007179,HORD002292,PRD0697,1.0,1104.18,1104.18
HITM0007180,HORD002292,PRD0167,1.0,1781.84,1781.84
HITM0007181,HORD002292,PRD0595,1.0,521.69,521.69
HITM0007182,HORD002293,PRD0893,1.0,434.15,434.15
HITM0007183,HORD002293,PRD0358,2.0,67.02,134.04
HITM0007184,HORD002294,PRD0360,1.0,14.71,14.71
HITM0007185,HORD002294,PRD0034,1.0,1865.66,1865.66
HITM0007186,HORD002294,PRD0880,1.0,263.31,263.31
HITM0007187,HORD002295,PRD0298,2.0,565.35,1130.7
HITM0007188,HORD002296,PRD0010,1.0,15.97,15.97
HITM0007189,HORD002296,PRD0607,1.0,1460.76,1460.76
HITM0007190,HORD002296,PRD0279,1.0,250.57,250.57
HITM0007191,HORD002297,PRD0193,2.0,609.21,1218.42
HITM0007192,HORD002297,PRD0896,1.0,502.67,502.67
HITM0007193,HORD002297,PRD0641,1.0,934.18,934.18
HITM0007194,HORD002297,PRD0815,1.0,446.57,446.57
HITM0007195,HORD002298,PRD0801,1.0,1245.32,1245.32
HITM0007196,HORD002298,PRD0858,1.0,251.31,251.31
HITM0007197,HORD002299,PRD0882,1.0,366.62,366.62
HITM0007198,HORD002299,PRD0797,2.0,2454.69,4909.38
HITM0007199,HORD002299,PRD0060,1.0,97.23,97.23
HITM0007200,HORD002299,PRD0907,1.0,1869.43,1869.43
HITM0007201,HORD002300,PRD0248,1.0,494.67,494.67
HITM0007202,HORD002301,PRD0966,1.0,340.4,340.4
HITM0007203,HORD002301,PRD0053,2.0,482.7,965.4
HITM0007204,HORD002302,PRD0163,1.0,1539.62,1539.62
HITM0007205,HORD002302,PRD0046,1.0,690.5,690.5
HITM0007206,HORD002302,PRD0573,1.0,394.67,394.67
HITM0007207,HORD002303,PRD0063,2.0,1124.17,2248.34
HITM0007208,HORD002303,PRD0820,1.0,95.58,95.58
HITM0007209,HORD002303,PRD0790,1.0,25.52,25.52
HITM0007210,HORD002304,PRD0706,1.0,746.72,746.72
HITM0007211,HORD002304,PRD0390,1.0,27.7,27.7
HITM0007212,HORD002304,PRD0589,2.0,675.7,1351.4
HITM0007213,HORD002305,PRD0813,2.0,1381.91,2763.82
HITM0007214,HORD002305,PRD0248,1.0,494.67,494.67
HITM0007215,HORD002305,PRD0460,1.0,99.79,99.79
HITM0007216,HORD002305,PRD0436,1.0,99.16,99.16
HITM0007217,HORD002306,PRD0226,1.0,155.94,155.94
HITM0007218,HORD002306,PRD0980,2.0,334.19,668.38
HITM0007219,HORD002306,PRD0462,1.0,1259.7,1259.7
HITM0007220,HORD002306,PRD0033,2.0,1186.21,2372.42
HITM0007221,HORD002307,PRD0570,1.0,98.43,98.43
HITM0007222,HORD002307,PRD0585,1.0,557.31,557.31
HITM0007223,HORD002308,PRD0049,3.0,149.55,448.65
HITM0007224,HORD002308,PRD0702,1.0,768.26,768.26
HITM0007225,HORD002308,PRD0642,1.0,790.1,790.1
HITM0007226,HORD002308,PRD0133,1.0,289.57,289.57
HITM0007227,HORD002308,PRD0515,1.0,421.93,421.93
HITM0007228,HORD002309,PRD0130,1.0,128.78,128.78
HITM0007229,HORD002309,PRD0048,1.0,1075.72,1075.72
HITM0007230,HORD002309,PRD0640,2.0,153.76,307.52
HITM0007231,HORD002310,PRD0364,1.0,1836.13,1836.13
HITM0007232,HORD002310,PRD0270,1.0,145.44,145.44
HITM0007233,HORD002310,PRD0667,1.0,424.48,424.48
HITM0007234,HORD002310,PRD0370,1.0,143.48,143.48
HITM0007235,HORD002311,PRD0643,3.0,809.36,2428.08
HITM0007236,HORD002311,PRD0365,1.0,884.05,884.05
HITM0007237,HORD002311,PRD0713,1.0,1533.07,1533.07
HITM0007238,HORD002311,PRD0885,1.0,510.35,510.35
HITM0007239,HORD002312,PRD0636,1.0,63.83,63.83
HITM0007240,HORD002312,PRD0958,1.0,655.23,655.23
HITM0007241,HORD002312,PRD0792,2.0,1745.87,3491.74
HITM0007242,HORD002312,PRD0640,1.0,153.76,153.76
HITM0007243,HORD002313,PRD0443,1.0,667.38,667.38
HITM0007244,HORD002313,PRD0050,1.0,202.62,202.62
HITM0007245,HORD002314,PRD0706,1.0,746.72,746.72
HITM0007246,HORD002315,PRD0777,1.0,2527.82,2527.82
HITM0007247,HORD002315,PRD0846,3.0,808.25,2424.75
HITM0007248,HORD002316,PRD0547,1.0,2376.82,2376.82
HITM0007249,HORD002316,PRD0959,1.0,198.15,198.15
HITM0007250,HORD002316,PRD0890,1.0,273.8,273.8
HITM0007251,HORD002317,PRD0185,1.0,575.43,575.43
HITM0007252,HORD002317,PRD0955,1.0,418.8,418.8
HITM0007253,HORD002317,PRD0487,1.0,1262.93,1262.93
HITM0007254,HORD002317,PRD0536,1.0,616.08,616.08
HITM0007255,HORD002318,PRD0457,1.0,2260.61,2260.61
HITM0007256,HORD002318,PRD0119,1.0,844.43,844.43
HITM0007257,HORD002318,PRD0022,1.0,1200.0,1200.0
HITM0007258,HORD002319,PRD0468,1.0,990.56,990.56
HITM0007259,HORD002319,PRD0616,2.0,644.96,1289.92
HITM0007260,HORD002319,PRD0564,1.0,1250.64,1250.64
HITM0007261,HORD002320,PRD0123,1.0,322.81,322.81
HITM0007262,HORD002320,PRD0323,1.0,786.71,786.71
HITM0007263,HORD002320,PRD0947,1.0,1897.91,1897.91
HITM0007264,HORD002320,PRD0072,1.0,1390.27,1390.27
HITM0007265,HORD002321,PRD0470,1.0,290.42,290.42
HITM0007266,HORD002321,PRD0397,1.0,1953.43,1953.43
HITM0007267,HORD002321,PRD0827,1.0,2008.13,2008.13
HITM0007268,HORD002322,PRD0481,1.0,1297.53,1297.53
HITM0007269,HORD002322,PRD0502,1.0,1894.29,1894.29
HITM0007270,HORD002323,PRD0152,1.0,476.3,476.3
HITM0007271,HORD002323,PRD0929,1.0,1084.81,1084.81
HITM0007272,HORD002323,PRD0825,1.0,289.25,289.25
HITM0007273,HORD002323,PRD0250,1.0,335.17,335.17
HITM0007274,HORD002323,PRD0384,1.0,3587.6,3587.6
HITM0007275,HORD002324,PRD0737,1.0,1942.18,1942.18
HITM0007276,HORD002324,PRD0945,1.0,888.88,888.88
HITM0007277,HORD002325,PRD0906,1.0,58.83,58.83
HITM0007278,HORD002325,PRD0037,1.0,109.69,109.69
HITM0007279,HORD002325,PRD0157,1.0,2583.38,2583.38
HITM0007280,HORD002325,PRD0543,1.0,398.13,398.13
HITM0007281,HORD002325,PRD0767,1.0,122.05,122.05
HITM0007282,HORD002326,PRD0673,3.0,1324.45,3973.35
HITM0007283,HORD002326,PRD0448,1.0,67.35,67.35
HITM0007284,HORD002326,PRD0828,1.0,125.24,125.24
HITM0007285,HORD002326,PRD0157,1.0,2583.38,2583.38
HITM0007286,HORD002326,PRD0059,1.0,721.08,721.08
HITM0007287,HORD002327,PRD0906,1.0,58.83,58.83
HITM0007288,HORD002327,PRD0969,1.0,1459.43,1459.43
HITM0007289,HORD002327,PRD0019,2.0,741.78,1483.56
HITM0007290,HORD002328,PRD0978,3.0,710.35,2131.05
HITM0007291,HORD002328,PRD0519,1.0,1101.57,1101.57
HITM0007292,HORD002328,PRD0212,2.0,736.5,1473.0
HITM0007293,HORD002329,PRD0724,1.0,1250.76,1250.76
HITM0007294,HORD002329,PRD0450,1.0,138.07,138.07
HITM0007295,HORD002330,PRD0570,1.0,98.43,98.43
HITM0007296,HORD002330,PRD0716,1.0,242.32,242.32
HITM0007297,HORD002330,PRD0789,2.0,106.8,213.6
HITM0007298,HORD002331,PRD0489,1.0,264.6,264.6
HITM0007299,HORD002331,PRD0765,1.0,126.56,126.56
HITM0007300,HORD002331,PRD0456,1.0,417.01,417.01
HITM0007301,HORD002331,PRD0658,1.0,140.48,140.48
HITM0007302,HORD002331,PRD0614,1.0,3562.62,3562.62
HITM0007303,HORD002332,PRD0158,1.0,464.07,464.07
HITM0007304,HORD002332,PRD0305,2.0,662.05,1324.1
HITM0007305,HORD002333,PRD0013,1.0,1194.01,1194.01
HITM0007306,HORD002333,PRD0162,1.0,441.75,441.75
HITM0007307,HORD002333,PRD0220,1.0,369.39,369.39
HITM0007308,HORD002333,PRD0613,1.0,990.18,990.18
HITM0007309,HORD002334,PRD0604,1.0,1327.89,1327.89
HITM0007310,HORD002334,PRD0900,1.0,274.2,274.2
HITM0007311,HORD002334,PRD0890,1.0,273.8,273.8
HITM0007312,HORD002334,PRD0162,2.0,441.75,883.5
HITM0007313,HORD002335,PRD0966,2.0,340.4,680.8
HITM0007314,HORD002335,PRD0750,1.0,203.37,203.37
HITM0007315,HORD002335,PRD0018,2.0,112.62,225.24
HITM0007316,HORD002335,PRD0335,1.0,424.96,424.96
HITM0007317,HORD002336,PRD0164,1.0,1852.48,1852.48
HITM0007318,HORD002336,PRD0452,1.0,318.36,318.36
HITM0007319,HORD002336,PRD0854,1.0,386.3,386.3
HITM0007320,HORD002336,PRD0698,2.0,1038.35,2076.7
HITM0007321,HORD002337,PRD0527,1.0,1359.21,1359.21
HITM0007322,HORD002337,PRD0734,1.0,2197.09,2197.09
HITM0007323,HORD002337,PRD0289,1.0,721.6,721.6
HITM0007324,HORD002337,PRD0367,1.0,1853.15,1853.15
HITM0007325,HORD002337,PRD0773,2.0,429.44,858.88
HITM0007326,HORD002338,PRD0111,2.0,1802.88,3605.76
HITM0007327,HORD002338,PRD0496,1.0,176.22,176.22
HITM0007328,HORD002339,PRD0310,2.0,318.45,636.9
HITM0007329,HORD002339,PRD0537,2.0,2543.03,5086.06
HITM0007330,HORD002339,PRD0884,1.0,586.48,586.48
HITM0007331,HORD002339,PRD0600,2.0,394.0,788.0
HITM0007332,HORD002339,PRD0453,2.0,934.48,1868.96
HITM0007333,HORD002340,PRD0323,2.0,786.71,1573.42
HITM0007334,HORD002340,PRD0002,2.0,684.63,1369.26
HITM0007335,HORD002341,PRD0360,1.0,14.71,14.71
HITM0007336,HORD002341,PRD0767,2.0,122.05,244.1
HITM0007337,HORD002342,PRD0364,1.0,1836.13,1836.13
HITM0007338,HORD002342,PRD0077,1.0,966.88,966.88
HITM0007339,HORD002342,PRD0378,2.0,110.97,221.94
HITM0007340,HORD002342,PRD0734,1.0,2197.09,2197.09
HITM0007341,HORD002343,PRD0315,2.0,1099.77,2199.54
HITM0007342,HORD002343,PRD0242,1.0,1257.76,1257.76
HITM0007343,HORD002343,PRD0980,1.0,334.19,334.19
HITM0007344,HORD002344,PRD0075,1.0,227.56,227.56
HITM0007345,HORD002344,PRD0281,1.0,1660.11,1660.11
HITM0007346,HORD002345,PRD0517,1.0,1366.6,1366.6
HITM0007347,HORD002345,PRD0106,1.0,217.23,217.23
HITM0007348,HORD002346,PRD0162,1.0,441.75,441.75
HITM0007349,HORD002346,PRD0599,1.0,1206.34,1206.34
HITM0007350,HORD002346,PRD0010,1.0,15.97,15.97
HITM0007351,HORD002346,PRD0400,1.0,286.55,286.55
HITM0007352,HORD002346,PRD0590,1.0,268.79,268.79
HITM0007353,HORD002347,PRD0495,1.0,617.55,617.55
HITM0007354,HORD002347,PRD0584,2.0,2076.86,4153.72
HITM0007355,HORD002347,PRD0990,3.0,373.23,1119.69
HITM0007356,HORD002347,PRD0846,1.0,808.25,808.25
HITM0007357,HORD002348,PRD0900,2.0,274.2,548.4
HITM0007358,HORD002348,PRD0780,2.0,191.96,383.92
HITM0007359,HORD002349,PRD0460,2.0,99.79,199.58
HITM0007360,HORD002349,PRD0043,1.0,1106.1,1106.1
HITM0007361,HORD002349,PRD0198,1.0,155.28,155.28
HITM0007362,HORD002349,PRD0692,1.0,959.48,959.48
HITM0007363,HORD002349,PRD0044,1.0,3554.03,3554.03
HITM0007364,HORD002350,PRD0174,3.0,3910.58,11731.74
HITM0007365,HORD002350,PRD0030,1.0,159.51,159.51
HITM0007366,HORD002350,PRD0530,1.0,376.94,376.94
HITM0007367,HORD002350,PRD0195,2.0,337.11,674.22
HITM0007368,HORD002350,PRD0380,1.0,117.36,117.36
HITM0007369,HORD002351,PRD0045,1.0,70.08,70.08
HITM0007370,HORD002352,PRD0274,1.0,2383.39,2383.39
HITM0007371,HORD002352,PRD0273,2.0,1515.39,3030.78
HITM0007372,HORD002352,PRD0281,1.0,1660.11,1660.11
HITM0007373,HORD002352,PRD0566,1.0,47.51,47.51
HITM0007374,HORD002353,PRD0380,1.0,117.36,117.36
HITM0007375,HORD002353,PRD0431,2.0,2253.8,4507.6
HITM0007376,HORD002353,PRD0666,1.0,108.17,108.17
HITM0007377,HORD002354,PRD0581,1.0,2654.25,2654.25
HITM0007378,HORD002354,PRD0446,1.0,546.41,546.41
HITM0007379,HORD002355,PRD0825,1.0,289.25,289.25
HITM0007380,HORD002355,PRD0077,1.0,966.88,966.88
HITM0007381,HORD002355,PRD0085,1.0,304.21,304.21
HITM0007382,HORD002355,PRD0375,1.0,302.41,302.41
HITM0007383,HORD002355,PRD0789,1.0,106.8,106.8
HITM0007384,HORD002356,PRD0598,1.0,929.85,929.85
HITM0007385,HORD002356,PRD0173,1.0,1377.08,1377.08
HITM0007386,HORD002356,PRD0749,1.0,633.27,633.27
HITM0007387,HORD002357,PRD0507,1.0,2300.74,2300.74
HITM0007388,HORD002357,PRD0452,1.0,318.36,318.36
HITM0007389,HORD002358,PRD0842,1.0,1682.83,1682.83
HITM0007390,HORD002358,PRD0935,1.0,249.9,249.9
HITM0007391,HORD002358,PRD0049,3.0,149.55,448.65
HITM0007392,HORD002359,PRD0170,1.0,71.95,71.95
HITM0007393,HORD002359,PRD0783,1.0,516.28,516.28
HITM0007394,HORD002359,PRD0018,1.0,112.62,112.62
HITM0007395,HORD002359,PRD0604,1.0,1327.89,1327.89
HITM0007396,HORD002359,PRD0680,1.0,46.75,46.75
HITM0007397,HORD002360,PRD0414,2.0,2790.14,5580.28
HITM0007398,HORD002361,PRD0305,1.0,662.05,662.05
HITM0007399,HORD002361,PRD0840,1.0,148.97,148.97
HITM0007400,HORD002361,PRD0699,2.0,1495.41,2990.82
HITM0007401,HORD002361,PRD0725,1.0,821.74,821.74
HITM0007402,HORD002362,PRD0937,1.0,983.99,983.99
HITM0007403,HORD002362,PRD0448,1.0,67.35,67.35
HITM0007404,HORD002363,PRD0356,1.0,302.84,302.84
HITM0007405,HORD002363,PRD0030,1.0,159.51,159.51
HITM0007406,HORD002363,PRD0437,1.0,1241.03,1241.03
HITM0007407,HORD002364,PRD0606,1.0,721.57,721.57
HITM0007408,HORD002364,PRD0490,2.0,20.66,41.32
HITM0007409,HORD002364,PRD0123,1.0,322.81,322.81
HITM0007410,HORD002364,PRD0625,1.0,1041.53,1041.53
HITM0007411,HORD002364,PRD0313,1.0,695.88,695.88
HITM0007412,HORD002365,PRD0108,1.0,186.84,186.84
HITM0007413,HORD002365,PRD0756,3.0,244.21,732.63
HITM0007414,HORD002365,PRD0130,1.0,128.78,128.78
HITM0007415,HORD002366,PRD0469,1.0,1472.12,1472.12
HITM0007416,HORD002367,PRD0628,2.0,306.06,612.12
HITM0007417,HORD002367,PRD0276,1.0,586.47,586.47
HITM0007418,HORD002367,PRD0360,1.0,14.71,14.71
HITM0007419,HORD002367,PRD0399,1.0,628.54,628.54
HITM0007420,HORD002368,PRD0010,1.0,15.97,15.97
HITM0007421,HORD002368,PRD0958,1.0,655.23,655.23
HITM0007422,HORD002368,PRD0177,1.0,500.75,500.75
HITM0007423,HORD002368,PRD0856,1.0,415.09,415.09
HITM0007424,HORD002369,PRD0413,2.0,699.79,1399.58
HITM0007425,HORD002369,PRD0229,1.0,412.68,412.68
HITM0007426,HORD002369,PRD0970,1.0,71.64,71.64
HITM0007427,HORD002370,PRD0881,1.0,1292.47,1292.47
HITM0007428,HORD002370,PRD0272,1.0,721.72,721.72
HITM0007429,HORD002370,PRD0438,1.0,246.04,246.04
HITM0007430,HORD002370,PRD0943,2.0,940.81,1881.62
HITM0007431,HORD002371,PRD0980,1.0,334.19,334.19
HITM0007432,HORD002371,PRD0505,1.0,1083.53,1083.53
HITM0007433,HORD002371,PRD0714,1.0,3569.58,3569.58
HITM0007434,HORD002372,PRD0449,1.0,227.09,227.09
HITM0007435,HORD002372,PRD0894,2.0,1604.45,3208.9
HITM0007436,HORD002372,PRD0370,2.0,143.48,286.96
HITM0007437,HORD002372,PRD0046,1.0,690.5,690.5
HITM0007438,HORD002373,PRD0078,1.0,166.61,166.61
HITM0007439,HORD002374,PRD0537,1.0,2543.03,2543.03
HITM0007440,HORD002374,PRD0289,1.0,721.6,721.6
HITM0007441,HORD002374,PRD0566,1.0,47.51,47.51
HITM0007442,HORD002374,PRD0506,2.0,309.66,619.32
HITM0007443,HORD002375,PRD0209,2.0,1090.92,2181.84
HITM0007444,HORD002375,PRD0590,1.0,268.79,268.79
HITM0007445,HORD002376,PRD0555,2.0,407.18,814.36
HITM0007446,HORD002376,PRD0348,2.0,1003.34,2006.68
HITM0007447,HORD002376,PRD0789,1.0,106.8,106.8
HITM0007448,HORD002376,PRD0609,1.0,138.47,138.47
HITM0007449,HORD002377,PRD0157,1.0,2583.38,2583.38
HITM0007450,HORD002377,PRD0745,2.0,805.9,1611.8
HITM0007451,HORD002377,PRD0824,1.0,1637.86,1637.86
HITM0007452,HORD002378,PRD0587,1.0,103.55,103.55
HITM0007453,HORD002378,PRD0182,1.0,589.1,589.1
HITM0007454,HORD002379,PRD0219,2.0,374.02,748.04
HITM0007455,HORD002379,PRD0509,1.0,866.14,866.14
HITM0007456,HORD002380,PRD0465,1.0,1026.13,1026.13
HITM0007457,HORD002380,PRD0617,2.0,1897.96,3795.92
HITM0007458,HORD002380,PRD0928,1.0,739.11,739.11
HITM0007459,HORD002380,PRD0616,1.0,644.96,644.96
HITM0007460,HORD002381,PRD0857,1.0,371.03,371.03
HITM0007461,HORD002381,PRD0932,2.0,1316.49,2632.98
HITM0007462,HORD002382,PRD0357,1.0,193.87,193.87
HITM0007463,HORD002382,PRD0346,1.0,692.97,692.97
HITM0007464,HORD002382,PRD0034,2.0,1865.66,3731.32
HITM0007465,HORD002383,PRD0059,1.0,721.08,721.08
HITM0007466,HORD002383,PRD0279,1.0,250.57,250.57
HITM0007467,HORD002383,PRD0876,1.0,786.05,786.05
HITM0007468,HORD002383,PRD0146,1.0,795.49,795.49
HITM0007469,HORD002383,PRD0987,1.0,925.55,925.55
HITM0007470,HORD002384,PRD0124,1.0,2036.87,2036.87
HITM0007471,HORD002384,PRD0436,3.0,99.16,297.48
HITM0007472,HORD002384,PRD0961,1.0,1724.67,1724.67
HITM0007473,HORD002385,PRD0630,1.0,59.46,59.46
HITM0007474,HORD002386,PRD0389,2.0,197.05,394.1
HITM0007475,HORD002386,PRD0867,1.0,2280.38,2280.38
HITM0007476,HORD002386,PRD0402,1.0,1191.53,1191.53
HITM0007477,HORD002386,PRD0365,1.0,884.05,884.05
HITM0007478,HORD002386,PRD0171,1.0,1187.41,1187.41
HITM0007479,HORD002387,PRD0546,1.0,426.68,426.68
HITM0007480,HORD002387,PRD0065,1.0,729.67,729.67
HITM0007481,HORD002387,PRD0168,2.0,325.2,650.4
HITM0007482,HORD002388,PRD0239,1.0,1256.88,1256.88
HITM0007483,HORD002388,PRD0078,1.0,166.61,166.61
HITM0007484,HORD002389,PRD0382,1.0,453.52,453.52
HITM0007485,HORD002389,PRD0804,1.0,1164.25,1164.25
HITM0007486,HORD002389,PRD0101,1.0,1447.07,1447.07
HITM0007487,HORD002390,PRD0966,1.0,340.4,340.4
HITM0007488,HORD002390,PRD0588,1.0,597.66,597.66
HITM0007489,HORD002390,PRD0406,1.0,241.97,241.97
HITM0007490,HORD002391,PRD0217,1.0,2044.02,2044.02
HITM0007491,HORD002391,PRD0792,2.0,1745.87,3491.74
HITM0007492,HORD002391,PRD0796,2.0,830.56,1661.12
HITM0007493,HORD002392,PRD0731,1.0,1790.91,1790.91
HITM0007494,HORD002392,PRD0357,1.0,193.87,193.87
HITM0007495,HORD002393,PRD0928,1.0,739.11,739.11
HITM0007496,HORD002393,PRD0352,1.0,1479.5,1479.5
HITM0007497,HORD002393,PRD0837,1.0,333.32,333.32
HITM0007498,HORD002393,PRD0050,1.0,202.62,202.62
HITM0007499,HORD002394,PRD0050,1.0,202.62,202.62
HITM0007500,HORD002394,PRD0187,1.0,1290.47,1290.47
HITM0007501,HORD002395,PRD0588,1.0,597.66,597.66
HITM0007502,HORD002395,PRD0480,1.0,37.46,37.46
HITM0007503,HORD002396,PRD0947,1.0,1897.91,1897.91
HITM0007504,HORD002397,PRD0592,1.0,748.49,748.49
HITM0007505,HORD002397,PRD0560,1.0,230.25,230.25
HITM0007506,HORD002397,PRD0857,2.0,371.03,742.06
HITM0007507,HORD002398,PRD0555,2.0,407.18,814.36
HITM0007508,HORD002398,PRD0068,1.0,190.2,190.2
HITM0007509,HORD002398,PRD0290,1.0,61.51,61.51
HITM0007510,HORD002398,PRD0366,1.0,496.46,496.46
HITM0007511,HORD002398,PRD0954,1.0,3030.23,3030.23
HITM0007512,HORD002399,PRD0378,1.0,110.97,110.97
HITM0007513,HORD002399,PRD0730,1.0,394.42,394.42
HITM0007514,HORD002399,PRD0096,2.0,329.23,658.46
HITM0007515,HORD002399,PRD0665,1.0,215.81,215.81
HITM0007516,HORD002400,PRD0830,1.0,87.0,87.0
HITM0007517,HORD002400,PRD0347,2.0,1107.53,2215.06
HITM0007518,HORD002401,PRD0572,3.0,483.42,1450.26
HITM0007519,HORD002401,PRD0108,1.0,186.84,186.84
HITM0007520,HORD002401,PRD0731,2.0,1790.91,3581.82
HITM0007521,HORD002402,PRD0935,1.0,249.9,249.9
HITM0007522,HORD002402,PRD0242,1.0,1257.76,1257.76
HITM0007523,HORD002402,PRD0959,2.0,198.15,396.3
HITM0007524,HORD002402,PRD0810,2.0,224.68,449.36
HITM0007525,HORD002403,PRD0207,1.0,1299.41,1299.41
HITM0007526,HORD002403,PRD0193,1.0,609.21,609.21
HITM0007527,HORD002403,PRD0683,2.0,1384.61,2769.22
HITM0007528,HORD002404,PRD0433,1.0,1358.38,1358.38
HITM0007529,HORD002404,PRD0729,1.0,1008.84,1008.84
HITM0007530,HORD002404,PRD0399,1.0,628.54,628.54
HITM0007531,HORD002405,PRD0236,2.0,590.33,1180.66
HITM0007532,HORD002405,PRD0621,2.0,1720.44,3440.88
HITM0007533,HORD002405,PRD0898,1.0,236.36,236.36
HITM0007534,HORD002405,PRD0563,1.0,270.8,270.8
HITM0007535,HORD002406,PRD0039,1.0,980.04,980.04
HITM0007536,HORD002406,PRD0492,1.0,1490.94,1490.94
HITM0007537,HORD002407,PRD0921,2.0,1711.96,3423.92
HITM0007538,HORD002407,PRD0905,1.0,760.24,760.24
HITM0007539,HORD002407,PRD0268,1.0,944.09,944.09
HITM0007540,HORD002407,PRD0461,1.0,2080.96,2080.96
HITM0007541,HORD002408,PRD0798,2.0,902.25,1804.5
HITM0007542,HORD002409,PRD0896,1.0,502.67,502.67
HITM0007543,HORD002409,PRD0828,1.0,125.24,125.24
HITM0007544,HORD002409,PRD0296,3.0,366.63,1099.89
HITM0007545,HORD002409,PRD0610,2.0,21.93,43.86
HITM0007546,HORD002410,PRD0831,2.0,1201.57,2403.14
HITM0007547,HORD002410,PRD0840,1.0,148.97,148.97
HITM0007548,HORD002411,PRD0098,1.0,149.72,149.72
HITM0007549,HORD002411,PRD0678,1.0,653.14,653.14
HITM0007550,HORD002412,PRD0012,1.0,1367.99,1367.99
HITM0007551,HORD002412,PRD0477,1.0,791.3,791.3
HITM0007552,HORD002412,PRD0339,1.0,427.29,427.29
HITM0007553,HORD002412,PRD0688,1.0,231.65,231.65
HITM0007554,HORD002413,PRD0953,1.0,367.94,367.94
HITM0007555,HORD002413,PRD0560,1.0,230.25,230.25
HITM0007556,HORD002413,PRD0826,1.0,272.89,272.89
HITM0007557,HORD002414,PRD0969,1.0,1459.43,1459.43
HITM0007558,HORD002414,PRD0320,1.0,289.98,289.98
HITM0007559,HORD002414,PRD0399,1.0,628.54,628.54
HITM0007560,HORD002414,PRD0234,1.0,3839.41,3839.41
HITM0007561,HORD002415,PRD0378,1.0,110.97,110.97
HITM0007562,HORD002415,PRD0619,1.0,180.89,180.89
HITM0007563,HORD002415,PRD0451,1.0,2097.21,2097.21
HITM0007564,HORD002416,PRD0016,1.0,348.79,348.79
HITM0007565,HORD002416,PRD0827,1.0,2008.13,2008.13
HITM0007566,HORD002416,PRD0152,1.0,476.3,476.3
HITM0007567,HORD002416,PRD0776,1.0,486.13,486.13
HITM0007568,HORD002417,PRD0458,2.0,721.39,1442.78
HITM0007569,HORD002417,PRD0394,2.0,3284.35,6568.7
HITM0007570,HORD002418,PRD0967,1.0,571.48,571.48
HITM0007571,HORD002418,PRD0952,1.0,982.79,982.79
HITM0007572,HORD002418,PRD0526,1.0,149.19,149.19
HITM0007573,HORD002419,PRD0942,2.0,646.79,1293.58
HITM0007574,HORD002419,PRD0753,1.0,497.57,497.57
HITM0007575,HORD002419,PRD0825,1.0,289.25,289.25
HITM0007576,HORD002420,PRD0070,1.0,283.3,283.3
HITM0007577,HORD002420,PRD0485,2.0,518.63,1037.26
HITM0007578,HORD002420,PRD0434,2.0,2443.59,4887.18
HITM0007579,HORD002420,PRD0570,2.0,98.43,196.86
HITM0007580,HORD002421,PRD0460,1.0,99.79,99.79
HITM0007581,HORD002421,PRD0905,1.0,760.24,760.24
HITM0007582,HORD002421,PRD0844,1.0,1996.67,1996.67
HITM0007583,HORD002421,PRD0454,1.0,561.82,561.82
HITM0007584,HORD002422,PRD0532,3.0,894.27,2682.81
HITM0007585,HORD002422,PRD0106,1.0,217.23,217.23
HITM0007586,HORD002422,PRD0169,1.0,1057.68,1057.68
HITM0007587,HORD002422,PRD0384,1.0,3587.6,3587.6
HITM0007588,HORD002423,PRD0560,1.0,230.25,230.25
HITM0007589,HORD002423,PRD0610,1.0,21.93,21.93
HITM0007590,HORD002423,PRD0168,1.0,325.2,325.2
HITM0007591,HORD002423,PRD0764,1.0,3444.81,3444.81
HITM0007592,HORD002423,PRD0796,2.0,830.56,1661.12
HITM0007593,HORD002424,PRD0010,1.0,15.97,15.97
HITM0007594,HORD002424,PRD0088,1.0,835.18,835.18
HITM0007595,HORD002424,PRD0310,1.0,318.45,318.45
HITM0007596,HORD002424,PRD0157,1.0,2583.38,2583.38
HITM0007597,HORD002424,PRD0982,1.0,921.88,921.88
HITM0007598,HORD002425,PRD0688,1.0,231.65,231.65
HITM0007599,HORD002425,PRD0724,1.0,1250.76,1250.76
HITM0007600,HORD002426,PRD0417,1.0,318.04,318.04
HITM0007601,HORD002426,PRD0949,1.0,221.57,221.57
HITM0007602,HORD002426,PRD0964,1.0,1397.93,1397.93
HITM0007603,HORD002426,PRD0302,2.0,1232.1,2464.2
HITM0007604,HORD002427,PRD0787,2.0,1706.85,3413.7
HITM0007605,HORD002427,PRD0591,2.0,2794.24,5588.48
HITM0007606,HORD002427,PRD0913,2.0,645.54,1291.08
HITM0007607,HORD002427,PRD0628,2.0,306.06,612.12
HITM0007608,HORD002428,PRD0010,2.0,15.97,31.94
HITM0007609,HORD002428,PRD0290,1.0,61.51,61.51
HITM0007610,HORD002428,PRD0960,1.0,103.86,103.86
HITM0007611,HORD002429,PRD0109,1.0,516.32,516.32
HITM0007612,HORD002429,PRD0809,1.0,929.49,929.49
HITM0007613,HORD002429,PRD0142,1.0,1815.54,1815.54
HITM0007614,HORD002430,PRD0092,1.0,1623.69,1623.69
HITM0007615,HORD002430,PRD0081,1.0,2768.19,2768.19
HITM0007616,HORD002430,PRD0313,1.0,695.88,695.88
HITM0007617,HORD002430,PRD0822,1.0,1127.28,1127.28
HITM0007618,HORD002431,PRD0771,1.0,1968.01,1968.01
HITM0007619,HORD002431,PRD0961,1.0,1724.67,1724.67
HITM0007620,HORD002431,PRD0843,1.0,1142.85,1142.85
HITM0007621,HORD002432,PRD0009,2.0,1102.1,2204.2
HITM0007622,HORD002432,PRD0546,2.0,426.68,853.36
HITM0007623,HORD002432,PRD0825,1.0,289.25,289.25
HITM0007624,HORD002433,PRD0680,2.0,46.75,93.5
HITM0007625,HORD002433,PRD0127,2.0,1805.09,3610.18
HITM0007626,HORD002434,PRD0036,1.0,116.11,116.11
HITM0007627,HORD002434,PRD0944,1.0,2277.06,2277.06
HITM0007628,HORD002434,PRD0768,1.0,912.93,912.93
HITM0007629,HORD002434,PRD0323,1.0,786.71,786.71
HITM0007630,HORD002435,PRD0086,1.0,248.61,248.61
HITM0007631,HORD002435,PRD0120,1.0,319.18,319.18
HITM0007632,HORD002435,PRD0587,1.0,103.55,103.55
HITM0007633,HORD002436,PRD0519,1.0,1101.57,1101.57
HITM0007634,HORD002436,PRD0882,1.0,366.62,366.62
HITM0007635,HORD002436,PRD0180,1.0,24.86,24.86
HITM0007636,HORD002437,PRD0359,2.0,169.12,338.24
HITM0007637,HORD002437,PRD0657,1.0,91.2,91.2
HITM0007638,HORD002437,PRD0929,1.0,1084.81,1084.81
HITM0007639,HORD002437,PRD0859,1.0,870.26,870.26
HITM0007640,HORD002437,PRD0967,1.0,571.48,571.48
HITM0007641,HORD002438,PRD0812,1.0,1836.96,1836.96
HITM0007642,HORD002438,PRD0738,1.0,306.26,306.26
HITM0007643,HORD002439,PRD0248,1.0,494.67,494.67
HITM0007644,HORD002439,PRD0802,1.0,1342.26,1342.26
HITM0007645,HORD002439,PRD0614,1.0,3562.62,3562.62
HITM0007646,HORD002439,PRD0613,1.0,990.18,990.18
HITM0007647,HORD002439,PRD0098,1.0,149.72,149.72
HITM0007648,HORD002440,PRD0520,1.0,93.98,93.98
HITM0007649,HORD002440,PRD0115,2.0,895.49,1790.98
HITM0007650,HORD002440,PRD0643,1.0,809.36,809.36
HITM0007651,HORD002440,PRD0636,2.0,63.83,127.66
HITM0007652,HORD002441,PRD0907,1.0,1869.43,1869.43
HITM0007653,HORD002441,PRD0935,1.0,249.9,249.9
HITM0007654,HORD002441,PRD0619,1.0,180.89,180.89
HITM0007655,HORD002442,PRD0903,1.0,368.54,368.54
HITM0007656,HORD002443,PRD0540,1.0,255.66,255.66
HITM0007657,HORD002443,PRD0469,1.0,1472.12,1472.12
HITM0007658,HORD002443,PRD0504,1.0,3837.7,3837.7
HITM0007659,HORD002444,PRD0916,2.0,265.34,530.68
HITM0007660,HORD002444,PRD0208,1.0,373.86,373.86
HITM0007661,HORD002444,PRD0950,1.0,321.18,321.18
HITM0007662,HORD002445,PRD0374,1.0,1059.26,1059.26
HITM0007663,HORD002445,PRD0471,1.0,2346.96,2346.96
HITM0007664,HORD002446,PRD0778,2.0,981.57,1963.14
HITM0007665,HORD002446,PRD0154,1.0,1575.91,1575.91
HITM0007666,HORD002447,PRD0928,1.0,739.11,739.11
HITM0007667,HORD002447,PRD0462,1.0,1259.7,1259.7
HITM0007668,HORD002447,PRD0977,1.0,352.01,352.01
HITM0007669,HORD002447,PRD0311,1.0,1105.19,1105.19
HITM0007670,HORD002448,PRD0386,1.0,109.17,109.17
HITM0007671,HORD002448,PRD0903,1.0,368.54,368.54
HITM0007672,HORD002448,PRD0598,1.0,929.85,929.85
HITM0007673,HORD002449,PRD0150,2.0,27.72,55.44
HITM0007674,HORD002449,PRD0656,1.0,820.33,820.33
HITM0007675,HORD002450,PRD0447,2.0,79.94,159.88
HITM0007676,HORD002450,PRD0837,1.0,333.32,333.32
HITM0007677,HORD002450,PRD0122,1.0,1755.78,1755.78
HITM0007678,HORD002451,PRD0146,1.0,795.49,795.49
HITM0007679,HORD002452,PRD0780,1.0,191.96,191.96
HITM0007680,HORD002452,PRD0009,1.0,1102.1,1102.1
HITM0007681,HORD002452,PRD0868,2.0,869.51,1739.02
HITM0007682,HORD002453,PRD0978,1.0,710.35,710.35
HITM0007683,HORD002453,PRD0071,1.0,2347.4,2347.4
HITM0007684,HORD002453,PRD0602,1.0,1279.42,1279.42
HITM0007685,HORD002453,PRD0176,1.0,796.11,796.11
HITM0007686,HORD002454,PRD0111,1.0,1802.88,1802.88
HITM0007687,HORD002454,PRD0985,1.0,750.86,750.86
HITM0007688,HORD002454,PRD0526,1.0,149.19,149.19
HITM0007689,HORD002454,PRD0339,1.0,427.29,427.29
HITM0007690,HORD002455,PRD0988,1.0,470.37,470.37
HITM0007691,HORD002455,PRD0298,1.0,565.35,565.35
HITM0007692,HORD002456,PRD0982,2.0,921.88,1843.76
HITM0007693,HORD002456,PRD0401,1.0,1541.92,1541.92
HITM0007694,HORD002456,PRD0807,1.0,1536.27,1536.27
HITM0007695,HORD002457,PRD0850,2.0,308.86,617.72
HITM0007696,HORD002457,PRD0313,1.0,695.88,695.88
HITM0007697,HORD002458,PRD0337,1.0,92.59,92.59
HITM0007698,HORD002458,PRD0646,1.0,98.45,98.45
HITM0007699,HORD002458,PRD0345,1.0,927.23,927.23
HITM0007700,HORD002458,PRD0088,1.0,835.18,835.18
HITM0007701,HORD002459,PRD0496,3.0,176.22,528.66
HITM0007702,HORD002459,PRD0439,1.0,1119.95,1119.95
HITM0007703,HORD002459,PRD0634,1.0,405.16,405.16
HITM0007704,HORD002459,PRD0427,1.0,1807.66,1807.66
HITM0007705,HORD002459,PRD0050,1.0,202.62,202.62
HITM0007706,HORD002460,PRD0730,3.0,394.42,1183.26
HITM0007707,HORD002460,PRD0077,1.0,966.88,966.88
HITM0007708,HORD002460,PRD0008,1.0,799.44,799.44
HITM0007709,HORD002460,PRD0587,1.0,103.55,103.55
HITM0007710,HORD002461,PRD0410,1.0,328.86,328.86
HITM0007711,HORD002461,PRD0382,1.0,453.52,453.52
HITM0007712,HORD002461,PRD0689,1.0,1240.98,1240.98
HITM0007713,HORD002461,PRD0028,1.0,364.14,364.14
HITM0007714,HORD002462,PRD0709,1.0,1423.26,1423.26
HITM0007715,HORD002462,PRD0096,1.0,329.23,329.23
HITM0007716,HORD002462,PRD0239,2.0,1256.88,2513.76
HITM0007717,HORD002463,PRD0898,1.0,236.36,236.36
HITM0007718,HORD002464,PRD0980,1.0,334.19,334.19
HITM0007719,HORD002464,PRD0638,1.0,248.57,248.57
HITM0007720,HORD002464,PRD0330,1.0,184.25,184.25
HITM0007721,HORD002464,PRD0010,1.0,15.97,15.97
HITM0007722,HORD002465,PRD0150,2.0,27.72,55.44
HITM0007723,HORD002465,PRD0400,1.0,286.55,286.55
HITM0007724,HORD002465,PRD0732,2.0,685.95,1371.9
HITM0007725,HORD002466,PRD0470,1.0,290.42,290.42
HITM0007726,HORD002466,PRD0538,1.0,930.3,930.3
HITM0007727,HORD002466,PRD0043,2.0,1106.1,2212.2
HITM0007728,HORD002466,PRD0154,2.0,1575.91,3151.82
HITM0007729,HORD002467,PRD0580,2.0,76.83,153.66
HITM0007730,HORD002467,PRD0466,1.0,283.41,283.41
HITM0007731,HORD002468,PRD0975,1.0,977.14,977.14
HITM0007732,HORD002468,PRD0158,2.0,464.07,928.14
HITM0007733,HORD002468,PRD0268,1.0,944.09,944.09
HITM0007734,HORD002469,PRD0903,1.0,368.54,368.54
HITM0007735,HORD002469,PRD0115,3.0,895.49,2686.47
HITM0007736,HORD002470,PRD0830,1.0,87.0,87.0
HITM0007737,HORD002470,PRD0385,1.0,699.4,699.4
HITM0007738,HORD002470,PRD0061,1.0,2524.66,2524.66
HITM0007739,HORD002470,PRD0642,1.0,790.1,790.1
HITM0007740,HORD002471,PRD0514,1.0,2353.19,2353.19
HITM0007741,HORD002472,PRD0118,1.0,461.86,461.86
HITM0007742,HORD002472,PRD0002,1.0,684.63,684.63
HITM0007743,HORD002472,PRD0967,1.0,571.48,571.48
HITM0007744,HORD002472,PRD0235,1.0,510.44,510.44
HITM0007745,HORD002473,PRD0625,1.0,1041.53,1041.53
HITM0007746,HORD002473,PRD0515,1.0,421.93,421.93
HITM0007747,HORD002473,PRD0898,1.0,236.36,236.36
HITM0007748,HORD002474,PRD0980,1.0,334.19,334.19
HITM0007749,HORD002474,PRD0538,2.0,930.3,1860.6
HITM0007750,HORD002475,PRD0856,2.0,415.09,830.18
HITM0007751,HORD002475,PRD0500,1.0,352.58,352.58
HITM0007752,HORD002475,PRD0505,1.0,1083.53,1083.53
HITM0007753,HORD002475,PRD0866,1.0,328.46,328.46
HITM0007754,HORD002475,PRD0285,1.0,136.65,136.65
HITM0007755,HORD002476,PRD0170,2.0,71.95,143.9
HITM0007756,HORD002476,PRD0890,1.0,273.8,273.8
HITM0007757,HORD002476,PRD0889,1.0,252.57,252.57
HITM0007758,HORD002477,PRD0542,1.0,720.22,720.22
HITM0007759,HORD002477,PRD0090,1.0,166.35,166.35
HITM0007760,HORD002478,PRD0761,1.0,965.07,965.07
HITM0007761,HORD002478,PRD0909,1.0,1137.09,1137.09
HITM0007762,HORD002478,PRD0890,1.0,273.8,273.8
HITM0007763,HORD002478,PRD0450,1.0,138.07,138.07
HITM0007764,HORD002479,PRD0010,2.0,15.97,31.94
HITM0007765,HORD002479,PRD0565,2.0,1060.41,2120.82
HITM0007766,HORD002479,PRD0948,1.0,889.57,889.57
HITM0007767,HORD002480,PRD0815,1.0,446.57,446.57
HITM0007768,HORD002480,PRD0209,2.0,1090.92,2181.84
HITM0007769,HORD002480,PRD0722,2.0,909.76,1819.52
HITM0007770,HORD002480,PRD0334,1.0,2364.45,2364.45
HITM0007771,HORD002481,PRD0155,1.0,237.13,237.13
HITM0007772,HORD002481,PRD0818,1.0,510.62,510.62
HITM0007773,HORD002482,PRD0126,1.0,652.43,652.43
HITM0007774,HORD002483,PRD0046,1.0,690.5,690.5
HITM0007775,HORD002483,PRD0347,3.0,1107.53,3322.59
HITM0007776,HORD002484,PRD0767,1.0,122.05,122.05
HITM0007777,HORD002484,PRD0630,2.0,59.46,118.92
HITM0007778,HORD002484,PRD0560,1.0,230.25,230.25
HITM0007779,HORD002484,PRD0056,1.0,318.87,318.87
HITM0007780,HORD002485,PRD0386,1.0,109.17,109.17
HITM0007781,HORD002485,PRD0994,2.0,1974.93,3949.86
HITM0007782,HORD002485,PRD0153,1.0,926.23,926.23
HITM0007783,HORD002485,PRD0354,1.0,2306.23,2306.23
HITM0007784,HORD002486,PRD0708,1.0,720.36,720.36
HITM0007785,HORD002486,PRD0448,1.0,67.35,67.35
HITM0007786,HORD002486,PRD0129,1.0,416.68,416.68
HITM0007787,HORD002487,PRD0582,1.0,1682.59,1682.59
HITM0007788,HORD002487,PRD0640,1.0,153.76,153.76
HITM0007789,HORD002487,PRD0086,2.0,248.61,497.22
HITM0007790,HORD002487,PRD0683,1.0,1384.61,1384.61
HITM0007791,HORD002487,PRD0839,1.0,706.25,706.25
HITM0007792,HORD002488,PRD0693,1.0,1160.83,1160.83
HITM0007793,HORD002489,PRD0954,3.0,3030.23,9090.69
HITM0007794,HORD002489,PRD0495,2.0,617.55,1235.1
HITM0007795,HORD002489,PRD0683,1.0,1384.61,1384.61
HITM0007796,HORD002490,PRD0286,2.0,841.61,1683.22
HITM0007797,HORD002490,PRD0040,1.0,208.06,208.06
HITM0007798,HORD002490,PRD0930,1.0,371.97,371.97
HITM0007799,HORD002490,PRD0022,1.0,1200.0,1200.0
HITM0007800,HORD002491,PRD0839,3.0,706.25,2118.75
HITM0007801,HORD002491,PRD0524,2.0,1527.37,3054.74
HITM0007802,HORD002491,PRD0928,1.0,739.11,739.11
HITM0007803,HORD002492,PRD0906,1.0,58.83,58.83
HITM0007804,HORD002493,PRD0976,1.0,348.6,348.6
HITM0007805,HORD002493,PRD0142,2.0,1815.54,3631.08
HITM0007806,HORD002493,PRD0307,1.0,2171.11,2171.11
HITM0007807,HORD002493,PRD0479,1.0,785.34,785.34
HITM0007808,HORD002494,PRD0795,1.0,808.42,808.42
HITM0007809,HORD002494,PRD0788,1.0,934.58,934.58
HITM0007810,HORD002495,PRD0050,1.0,202.62,202.62
HITM0007811,HORD002495,PRD0737,1.0,1942.18,1942.18
HITM0007812,HORD002495,PRD0509,2.0,866.14,1732.28
HITM0007813,HORD002495,PRD0023,1.0,965.26,965.26
HITM0007814,HORD002496,PRD0013,1.0,1194.01,1194.01
HITM0007815,HORD002496,PRD0525,1.0,904.72,904.72
HITM0007816,HORD002496,PRD0153,1.0,926.23,926.23
HITM0007817,HORD002496,PRD0385,1.0,699.4,699.4
HITM0007818,HORD002497,PRD0375,1.0,302.41,302.41
HITM0007819,HORD002497,PRD0480,1.0,37.46,37.46
HITM0007820,HORD002497,PRD0200,1.0,279.99,279.99
HITM0007821,HORD002497,PRD0308,1.0,1053.94,1053.94
HITM0007822,HORD002498,PRD0407,2.0,1547.38,3094.76
HITM0007823,HORD002498,PRD0771,2.0,1968.01,3936.02
HITM0007824,HORD002498,PRD0306,2.0,643.72,1287.44
HITM0007825,HORD002499,PRD0589,1.0,675.7,675.7
HITM0007826,HORD002500,PRD0681,2.0,2498.26,4996.52
HITM0007827,HORD002500,PRD0320,1.0,289.98,289.98
HITM0007828,HORD002500,PRD0859,1.0,870.26,870.26
HITM0007829,HORD002500,PRD0485,1.0,518.63,518.63
HITM0007830,HORD002500,PRD0044,1.0,3554.03,3554.03
HITM0007831,HORD002501,PRD0349,1.0,986.72,986.72
HITM0007832,HORD002502,PRD0061,1.0,2524.66,2524.66
HITM0007833,HORD002502,PRD0230,1.0,266.68,266.68
HITM0007834,HORD002502,PRD0286,2.0,841.61,1683.22
HITM0007835,HORD002503,PRD0825,1.0,289.25,289.25
HITM0007836,HORD002503,PRD0995,2.0,855.97,1711.94
HITM0007837,HORD002503,PRD0760,1.0,405.95,405.95
HITM0007838,HORD002504,PRD0892,1.0,324.59,324.59
HITM0007839,HORD002504,PRD0314,1.0,2377.47,2377.47
HITM0007840,HORD002504,PRD0704,1.0,2221.12,2221.12
HITM0007841,HORD002505,PRD1000,1.0,364.05,364.05
HITM0007842,HORD002505,PRD0080,1.0,390.63,390.63
HITM0007843,HORD002505,PRD0117,1.0,1153.53,1153.53
HITM0007844,HORD002506,PRD0836,1.0,726.47,726.47
HITM0007845,HORD002506,PRD0279,1.0,250.57,250.57
HITM0007846,HORD002506,PRD0240,2.0,113.94,227.88
HITM0007847,HORD002507,PRD0825,2.0,289.25,578.5
HITM0007848,HORD002507,PRD0762,2.0,1654.61,3309.22
HITM0007849,HORD002508,PRD0142,1.0,1815.54,1815.54
HITM0007850,HORD002508,PRD0357,1.0,193.87,193.87
HITM0007851,HORD002508,PRD0703,1.0,299.48,299.48
HITM0007852,HORD002508,PRD0108,1.0,186.84,186.84
HITM0007853,HORD002509,PRD0839,1.0,706.25,706.25
HITM0007854,HORD002509,PRD0727,1.0,1546.58,1546.58
HITM0007855,HORD002509,PRD0142,2.0,1815.54,3631.08
HITM0007856,HORD002510,PRD0804,1.0,1164.25,1164.25
HITM0007857,HORD002510,PRD0242,2.0,1257.76,2515.52
HITM0007858,HORD002510,PRD0860,1.0,148.71,148.71
HITM0007859,HORD002510,PRD0235,1.0,510.44,510.44
HITM0007860,HORD002511,PRD0710,1.0,302.55,302.55
HITM0007861,HORD002512,PRD0905,2.0,760.24,1520.48
HITM0007862,HORD002513,PRD0408,2.0,680.47,1360.94
HITM0007863,HORD002513,PRD0483,2.0,1343.25,2686.5
HITM0007864,HORD002513,PRD0247,1.0,968.98,968.98
HITM0007865,HORD002514,PRD0876,1.0,786.05,786.05
HITM0007866,HORD002514,PRD0225,1.0,213.62,213.62
HITM0007867,HORD002515,PRD0237,1.0,2346.84,2346.84
HITM0007868,HORD002515,PRD0155,3.0,237.13,711.39
HITM0007869,HORD002515,PRD0644,2.0,3489.22,6978.44
HITM0007870,HORD002516,PRD0063,2.0,1124.17,2248.34
HITM0007871,HORD002516,PRD0687,1.0,2401.89,2401.89
HITM0007872,HORD002516,PRD0633,1.0,809.48,809.48
HITM0007873,HORD002517,PRD0591,1.0,2794.24,2794.24
HITM0007874,HORD002517,PRD0485,1.0,518.63,518.63
HITM0007875,HORD002517,PRD0049,1.0,149.55,149.55
HITM0007876,HORD002517,PRD0301,3.0,1847.23,5541.69
HITM0007877,HORD002517,PRD0965,1.0,271.51,271.51
HITM0007878,HORD002518,PRD0038,1.0,829.21,829.21
HITM0007879,HORD002518,PRD0576,1.0,136.9,136.9
HITM0007880,HORD002519,PRD0490,1.0,20.66,20.66
HITM0007881,HORD002519,PRD0694,1.0,3973.34,3973.34
HITM0007882,HORD002519,PRD0047,1.0,1258.28,1258.28
HITM0007883,HORD002519,PRD0325,3.0,54.61,163.83
HITM0007884,HORD002520,PRD0606,1.0,721.57,721.57
HITM0007885,HORD002520,PRD0955,2.0,418.8,837.6
HITM0007886,HORD002520,PRD0020,1.0,153.47,153.47
HITM0007887,HORD002521,PRD0308,1.0,1053.94,1053.94
HITM0007888,HORD002521,PRD0756,3.0,244.21,732.63
HITM0007889,HORD002521,PRD0091,1.0,1559.91,1559.91
HITM0007890,HORD002521,PRD0646,1.0,98.45,98.45
HITM0007891,HORD002521,PRD0140,1.0,54.35,54.35
HITM0007892,HORD002522,PRD0403,1.0,1465.36,1465.36
HITM0007893,HORD002522,PRD0683,1.0,1384.61,1384.61
HITM0007894,HORD002522,PRD0923,2.0,283.84,567.68
HITM0007895,HORD002522,PRD0748,2.0,176.05,352.1
HITM0007896,HORD002523,PRD0637,1.0,1717.71,1717.71
HITM0007897,HORD002524,PRD0767,1.0,122.05,122.05
HITM0007898,HORD002524,PRD0108,2.0,186.84,373.68
HITM0007899,HORD002524,PRD0605,1.0,845.14,845.14
HITM0007900,HORD002525,PRD0449,1.0,227.09,227.09
HITM0007901,HORD002525,PRD0580,1.0,76.83,76.83
HITM0007902,HORD002526,PRD0960,1.0,103.86,103.86
HITM0007903,HORD002526,PRD0070,1.0,283.3,283.3
HITM0007904,HORD002526,PRD0542,2.0,720.22,1440.44
HITM0007905,HORD002527,PRD0199,1.0,290.9,290.9
HITM0007906,HORD002527,PRD0193,2.0,609.21,1218.42
HITM0007907,HORD002527,PRD0529,1.0,1448.34,1448.34
HITM0007908,HORD002527,PRD0727,1.0,1546.58,1546.58
HITM0007909,HORD002528,PRD0341,1.0,3051.59,3051.59
HITM0007910,HORD002528,PRD0601,1.0,1666.52,1666.52
HITM0007911,HORD002528,PRD0880,1.0,263.31,263.31
HITM0007912,HORD002528,PRD0452,1.0,318.36,318.36
HITM0007913,HORD002529,PRD0073,3.0,1110.47,3331.41
HITM0007914,HORD002529,PRD0846,2.0,808.25,1616.5
HITM0007915,HORD002529,PRD0243,2.0,1380.67,2761.34
HITM0007916,HORD002529,PRD0299,1.0,658.78,658.78
HITM0007917,HORD002530,PRD0699,1.0,1495.41,1495.41
HITM0007918,HORD002530,PRD0958,1.0,655.23,655.23
HITM0007919,HORD002531,PRD0222,1.0,1106.86,1106.86
HITM0007920,HORD002531,PRD0048,1.0,1075.72,1075.72
HITM0007921,HORD002532,PRD0939,1.0,1091.13,1091.13
HITM0007922,HORD002532,PRD0887,2.0,111.87,223.74
HITM0007923,HORD002532,PRD0650,1.0,367.95,367.95
HITM0007924,HORD002532,PRD0395,1.0,404.44,404.44
HITM0007925,HORD002533,PRD0690,1.0,306.64,306.64
HITM0007926,HORD002533,PRD0515,1.0,421.93,421.93
HITM0007927,HORD002533,PRD0756,1.0,244.21,244.21
HITM0007928,HORD002534,PRD0619,1.0,180.89,180.89
HITM0007929,HORD002534,PRD0075,2.0,227.56,455.12
HITM0007930,HORD002534,PRD0520,1.0,93.98,93.98
HITM0007931,HORD002535,PRD0068,1.0,190.2,190.2
HITM0007932,HORD002535,PRD0460,1.0,99.79,99.79
HITM0007933,HORD002535,PRD0884,2.0,586.48,1172.96
HITM0007934,HORD002536,PRD0947,1.0,1897.91,1897.91
HITM0007935,HORD002536,PRD0161,1.0,1014.36,1014.36
HITM0007936,HORD002536,PRD0113,1.0,605.4,605.4
HITM0007937,HORD002537,PRD0300,3.0,30.76,92.28
HITM0007938,HORD002537,PRD0371,1.0,1060.97,1060.97
HITM0007939,HORD002537,PRD0940,1.0,139.21,139.21
HITM0007940,HORD002537,PRD0643,1.0,809.36,809.36
HITM0007941,HORD002537,PRD0360,2.0,14.71,29.42
HITM0007942,HORD002538,PRD0550,1.0,184.97,184.97
HITM0007943,HORD002539,PRD0985,1.0,750.86,750.86
HITM0007944,HORD002539,PRD0264,1.0,721.82,721.82
HITM0007945,HORD002539,PRD0189,1.0,1154.51,1154.51
HITM0007946,HORD002539,PRD0537,1.0,2543.03,2543.03
HITM0007947,HORD002540,PRD0645,1.0,886.19,886.19
HITM0007948,HORD002540,PRD0186,2.0,223.64,447.28
HITM0007949,HORD002541,PRD0928,1.0,739.11,739.11
HITM0007950,HORD002541,PRD0680,1.0,46.75,46.75
HITM0007951,HORD002541,PRD0314,1.0,2377.47,2377.47
HITM0007952,HORD002542,PRD0752,1.0,1353.89,1353.89
HITM0007953,HORD002542,PRD0261,1.0,2476.88,2476.88
HITM0007954,HORD002542,PRD0955,3.0,418.8,1256.4
HITM0007955,HORD002542,PRD0595,1.0,521.69,521.69
HITM0007956,HORD002543,PRD0435,1.0,540.59,540.59
HITM0007957,HORD002543,PRD0404,2.0,3995.8,7991.6
HITM0007958,HORD002543,PRD0160,1.0,263.81,263.81
HITM0007959,HORD002544,PRD0480,1.0,37.46,37.46
HITM0007960,HORD002544,PRD0652,1.0,1465.81,1465.81
HITM0007961,HORD002544,PRD0296,1.0,366.63,366.63
HITM0007962,HORD002545,PRD0148,1.0,784.78,784.78
HITM0007963,HORD002545,PRD0054,1.0,3965.82,3965.82
HITM0007964,HORD002546,PRD0790,2.0,25.52,51.04
HITM0007965,HORD002546,PRD0528,1.0,821.66,821.66
HITM0007966,HORD002546,PRD0709,1.0,1423.26,1423.26
HITM0007967,HORD002547,PRD0268,1.0,944.09,944.09
HITM0007968,HORD002547,PRD0576,1.0,136.9,136.9
HITM0007969,HORD002547,PRD0188,1.0,604.15,604.15
HITM0007970,HORD002547,PRD0502,1.0,1894.29,1894.29
HITM0007971,HORD002548,PRD0984,1.0,759.8,759.8
HITM0007972,HORD002548,PRD0525,2.0,904.72,1809.44
HITM0007973,HORD002548,PRD0612,1.0,471.59,471.59
HITM0007974,HORD002549,PRD0675,2.0,898.47,1796.94
HITM0007975,HORD002549,PRD0740,1.0,194.14,194.14
HITM0007976,HORD002549,PRD0480,1.0,37.46,37.46
HITM0007977,HORD002549,PRD0978,2.0,710.35,1420.7
HITM0007978,HORD002550,PRD0297,2.0,1540.93,3081.86
HITM0007979,HORD002550,PRD0478,1.0,111.87,111.87
HITM0007980,HORD002550,PRD0403,1.0,1465.36,1465.36
HITM0007981,HORD002550,PRD0680,2.0,46.75,93.5
HITM0007982,HORD002551,PRD0898,1.0,236.36,236.36
HITM0007983,HORD002551,PRD0557,1.0,1855.06,1855.06
HITM0007984,HORD002551,PRD0441,1.0,1117.87,1117.87
HITM0007985,HORD002552,PRD0580,1.0,76.83,76.83
HITM0007986,HORD002552,PRD0658,1.0,140.48,140.48
HITM0007987,HORD002552,PRD0989,1.0,961.78,961.78
HITM0007988,HORD002552,PRD0059,1.0,721.08,721.08
HITM0007989,HORD002552,PRD0183,2.0,880.19,1760.38
HITM0007990,HORD002553,PRD0643,1.0,809.36,809.36
HITM0007991,HORD002553,PRD0722,1.0,909.76,909.76
HITM0007992,HORD002553,PRD0670,3.0,85.16,255.48
HITM0007993,HORD002553,PRD0018,1.0,112.62,112.62
HITM0007994,HORD002553,PRD0145,2.0,1050.7,2101.4
HITM0007995,HORD002554,PRD0906,1.0,58.83,58.83
HITM0007996,HORD002554,PRD0449,1.0,227.09,227.09
HITM0007997,HORD002554,PRD0878,1.0,919.03,919.03
HITM0007998,HORD002555,PRD0615,1.0,196.23,196.23
HITM0007999,HORD002555,PRD0168,1.0,325.2,325.2
HITM0008000,HORD002555,PRD0720,1.0,261.71,261.71
HITM0008001,HORD002556,PRD0406,1.0,241.97,241.97
HITM0008002,HORD002556,PRD0862,1.0,1387.19,1387.19
HITM0008003,HORD002556,PRD0959,1.0,198.15,198.15
HITM0008004,HORD002556,PRD0322,1.0,719.5,719.5
HITM0008005,HORD002557,PRD0651,2.0,929.1,1858.2
HITM0008006,HORD002557,PRD0041,1.0,2120.5,2120.5
HITM0008007,HORD002558,PRD0180,2.0,24.86,49.72
HITM0008008,HORD002558,PRD0472,2.0,1096.23,2192.46
HITM0008009,HORD002559,PRD0042,1.0,1230.08,1230.08
HITM0008010,HORD002559,PRD0278,2.0,100.15,200.3
HITM0008011,HORD002559,PRD0510,1.0,71.92,71.92
HITM0008012,HORD002560,PRD0596,1.0,741.69,741.69
HITM0008013,HORD002560,PRD0636,1.0,63.83,63.83
HITM0008014,HORD002560,PRD0854,2.0,386.3,772.6
HITM0008015,HORD002561,PRD0364,1.0,1836.13,1836.13
HITM0008016,HORD002561,PRD0327,2.0,783.26,1566.52
HITM0008017,HORD002561,PRD0741,1.0,2451.18,2451.18
HITM0008018,HORD002562,PRD0609,1.0,138.47,138.47
HITM0008019,HORD002562,PRD0944,1.0,2277.06,2277.06
HITM0008020,HORD002562,PRD0166,1.0,833.21,833.21
HITM0008021,HORD002562,PRD0031,2.0,2166.94,4333.88
HITM0008022,HORD002563,PRD0906,2.0,58.83,117.66
HITM0008023,HORD002563,PRD0759,1.0,943.47,943.47
HITM0008024,HORD002563,PRD0883,1.0,1065.61,1065.61
HITM0008025,HORD002563,PRD0308,1.0,1053.94,1053.94
HITM0008026,HORD002564,PRD0147,1.0,94.45,94.45
HITM0008027,HORD002564,PRD0745,2.0,805.9,1611.8
HITM0008028,HORD002564,PRD0701,1.0,2361.18,2361.18
HITM0008029,HORD002564,PRD0729,2.0,1008.84,2017.68
HITM0008030,HORD002564,PRD0015,1.0,184.83,184.83
HITM0008031,HORD002565,PRD0350,1.0,294.0,294.0
HITM0008032,HORD002565,PRD0277,3.0,2592.52,7777.56
HITM0008033,HORD002566,PRD0045,1.0,70.08,70.08
HITM0008034,HORD002566,PRD0582,1.0,1682.59,1682.59
HITM0008035,HORD002566,PRD0828,2.0,125.24,250.48
HITM0008036,HORD002567,PRD0676,1.0,444.48,444.48
HITM0008037,HORD002567,PRD0305,1.0,662.05,662.05
HITM0008038,HORD002568,PRD0420,1.0,202.02,202.02
HITM0008039,HORD002568,PRD0842,1.0,1682.83,1682.83
HITM0008040,HORD002568,PRD0899,1.0,1401.94,1401.94
HITM0008041,HORD002568,PRD0311,1.0,1105.19,1105.19
HITM0008042,HORD002569,PRD0930,1.0,371.97,371.97
HITM0008043,HORD002570,PRD0386,1.0,109.17,109.17
HITM0008044,HORD002570,PRD0665,2.0,215.81,431.62
HITM0008045,HORD002571,PRD0961,2.0,1724.67,3449.34
HITM0008046,HORD002571,PRD0510,1.0,71.92,71.92
HITM0008047,HORD002572,PRD0072,1.0,1390.27,1390.27
HITM0008048,HORD002572,PRD0348,1.0,1003.34,1003.34
HITM0008049,HORD002572,PRD0020,2.0,153.47,306.94
HITM0008050,HORD002573,PRD0830,1.0,87.0,87.0
HITM0008051,HORD002573,PRD0010,1.0,15.97,15.97
HITM0008052,HORD002573,PRD0305,1.0,662.05,662.05
HITM0008053,HORD002574,PRD0931,1.0,2080.26,2080.26
HITM0008054,HORD002574,PRD0022,1.0,1200.0,1200.0
HITM0008055,HORD002575,PRD0670,1.0,85.16,85.16
HITM0008056,HORD002575,PRD0816,1.0,354.93,354.93
HITM0008057,HORD002576,PRD0371,1.0,1060.97,1060.97
HITM0008058,HORD002576,PRD0140,3.0,54.35,163.05
HITM0008059,HORD002576,PRD0739,2.0,408.6,817.2
HITM0008060,HORD002576,PRD0722,1.0,909.76,909.76
HITM0008061,HORD002576,PRD0270,1.0,145.44,145.44
HITM0008062,HORD002577,PRD0688,2.0,231.65,463.3
HITM0008063,HORD002577,PRD0216,2.0,56.76,113.52
HITM0008064,HORD002578,PRD0468,1.0,990.56,990.56
HITM0008065,HORD002578,PRD0207,2.0,1299.41,2598.82
HITM0008066,HORD002579,PRD0296,1.0,366.63,366.63
HITM0008067,HORD002579,PRD0520,1.0,93.98,93.98
HITM0008068,HORD002580,PRD0446,1.0,546.41,546.41
HITM0008069,HORD002580,PRD0031,1.0,2166.94,2166.94
HITM0008070,HORD002580,PRD0737,1.0,1942.18,1942.18
HITM0008071,HORD002580,PRD0543,1.0,398.13,398.13
HITM0008072,HORD002581,PRD0285,1.0,136.65,136.65
HITM0008073,HORD002581,PRD0397,1.0,1953.43,1953.43
HITM0008074,HORD002581,PRD0176,1.0,796.11,796.11
HITM0008075,HORD002581,PRD0040,1.0,208.06,208.06
HITM0008076,HORD002582,PRD0350,1.0,294.0,294.0
HITM0008077,HORD002582,PRD0417,1.0,318.04,318.04
HITM0008078,HORD002582,PRD0177,1.0,500.75,500.75
HITM0008079,HORD002583,PRD0290,1.0,61.51,61.51
HITM0008080,HORD002583,PRD0180,1.0,24.86,24.86
HITM0008081,HORD002583,PRD0918,1.0,342.99,342.99
HITM0008082,HORD002584,PRD0667,1.0,424.48,424.48
HITM0008083,HORD002584,PRD0157,1.0,2583.38,2583.38
HITM0008084,HORD002585,PRD0555,2.0,407.18,814.36
HITM0008085,HORD002585,PRD0053,2.0,482.7,965.4
HITM0008086,HORD002585,PRD0033,2.0,1186.21,2372.42
HITM0008087,HORD002586,PRD0657,1.0,91.2,91.2
HITM0008088,HORD002586,PRD0305,1.0,662.05,662.05
HITM0008089,HORD002586,PRD0982,2.0,921.88,1843.76
HITM0008090,HORD002587,PRD0707,1.0,1911.85,1911.85
HITM0008091,HORD002587,PRD0036,1.0,116.11,116.11
HITM0008092,HORD002587,PRD0861,1.0,2320.68,2320.68
HITM0008093,HORD002587,PRD0830,1.0,87.0,87.0
HITM0008094,HORD002588,PRD0386,1.0,109.17,109.17
HITM0008095,HORD002588,PRD0946,1.0,553.66,553.66
HITM0008096,HORD002589,PRD0630,3.0,59.46,178.38
HITM0008097,HORD002589,PRD0282,2.0,1401.95,2803.9
HITM0008098,HORD002589,PRD0822,1.0,1127.28,1127.28
HITM0008099,HORD002589,PRD0218,1.0,838.07,838.07
HITM0008100,HORD002589,PRD0667,1.0,424.48,424.48
HITM0008101,HORD002590,PRD0240,1.0,113.94,113.94
HITM0008102,HORD002590,PRD0982,1.0,921.88,921.88
HITM0008103,HORD002590,PRD0810,1.0,224.68,224.68
HITM0008104,HORD002591,PRD0252,3.0,1577.09,4731.27
HITM0008105,HORD002591,PRD0582,1.0,1682.59,1682.59
HITM0008106,HORD002591,PRD0156,1.0,681.59,681.59
HITM0008107,HORD002592,PRD0845,1.0,242.25,242.25
HITM0008108,HORD002592,PRD0837,1.0,333.32,333.32
HITM0008109,HORD002592,PRD0882,1.0,366.62,366.62
HITM0008110,HORD002593,PRD0049,1.0,149.55,149.55
HITM0008111,HORD002593,PRD0838,2.0,1007.36,2014.72
HITM0008112,HORD002594,PRD0651,1.0,929.1,929.1
HITM0008113,HORD002594,PRD0555,1.0,407.18,407.18
HITM0008114,HORD002594,PRD0121,1.0,3098.72,3098.72
HITM0008115,HORD002595,PRD0590,1.0,268.79,268.79
HITM0008116,HORD002595,PRD0356,1.0,302.84,302.84
HITM0008117,HORD002595,PRD0605,1.0,845.14,845.14
HITM0008118,HORD002595,PRD0659,2.0,293.62,587.24
HITM0008119,HORD002596,PRD0923,2.0,283.84,567.68
HITM0008120,HORD002596,PRD0716,1.0,242.32,242.32
HITM0008121,HORD002596,PRD0081,1.0,2768.19,2768.19
HITM0008122,HORD002596,PRD0309,1.0,335.12,335.12
HITM0008123,HORD002597,PRD0906,1.0,58.83,58.83
HITM0008124,HORD002597,PRD0203,1.0,910.47,910.47
HITM0008125,HORD002597,PRD0666,1.0,108.17,108.17
HITM0008126,HORD002598,PRD0580,1.0,76.83,76.83
HITM0008127,HORD002598,PRD0575,1.0,357.22,357.22
HITM0008128,HORD002598,PRD0559,1.0,899.23,899.23
HITM0008129,HORD002598,PRD0755,1.0,683.65,683.65
HITM0008130,HORD002598,PRD0786,1.0,211.68,211.68
HITM0008131,HORD002599,PRD0245,1.0,653.23,653.23
HITM0008132,HORD002600,PRD0598,1.0,929.85,929.85
HITM0008133,HORD002600,PRD0308,1.0,1053.94,1053.94
HITM0008134,HORD002600,PRD0010,1.0,15.97,15.97
HITM0008135,HORD002600,PRD0887,1.0,111.87,111.87
HITM0008136,HORD002601,PRD0145,1.0,1050.7,1050.7
HITM0008137,HORD002601,PRD0288,1.0,171.9,171.9
HITM0008138,HORD002601,PRD0480,1.0,37.46,37.46
HITM0008139,HORD002602,PRD0893,1.0,434.15,434.15
HITM0008140,HORD002602,PRD0172,1.0,1821.63,1821.63
HITM0008141,HORD002602,PRD0193,2.0,609.21,1218.42
HITM0008142,HORD002603,PRD0542,1.0,720.22,720.22
HITM0008143,HORD002604,PRD0031,1.0,2166.94,2166.94
HITM0008144,HORD002604,PRD0144,2.0,1126.55,2253.1
HITM0008145,HORD002604,PRD0180,1.0,24.86,24.86
HITM0008146,HORD002605,PRD0290,1.0,61.51,61.51
HITM0008147,HORD002605,PRD0613,2.0,990.18,1980.36
HITM0008148,HORD002605,PRD0733,1.0,894.02,894.02
HITM0008149,HORD002606,PRD0496,2.0,176.22,352.44
HITM0008150,HORD002606,PRD0217,1.0,2044.02,2044.02
HITM0008151,HORD002607,PRD0105,2.0,275.3,550.6
HITM0008152,HORD002607,PRD0625,1.0,1041.53,1041.53
HITM0008153,HORD002607,PRD0878,1.0,919.03,919.03
HITM0008154,HORD002607,PRD0286,1.0,841.61,841.61
HITM0008155,HORD002608,PRD0535,1.0,976.79,976.79
HITM0008156,HORD002608,PRD0610,1.0,21.93,21.93
HITM0008157,HORD002609,PRD0359,1.0,169.12,169.12
HITM0008158,HORD002609,PRD0790,1.0,25.52,25.52
HITM0008159,HORD002610,PRD0067,1.0,638.19,638.19
HITM0008160,HORD002610,PRD0570,2.0,98.43,196.86
HITM0008161,HORD002610,PRD0946,1.0,553.66,553.66
HITM0008162,HORD002611,PRD0058,1.0,660.96,660.96
HITM0008163,HORD002611,PRD0441,1.0,1117.87,1117.87
HITM0008164,HORD002611,PRD0865,1.0,558.87,558.87
HITM0008165,HORD002612,PRD0226,1.0,155.94,155.94
HITM0008166,HORD002612,PRD0104,1.0,3735.61,3735.61
HITM0008167,HORD002612,PRD0405,2.0,774.44,1548.88
HITM0008168,HORD002612,PRD0918,1.0,342.99,342.99
HITM0008169,HORD002612,PRD0792,2.0,1745.87,3491.74
HITM0008170,HORD002613,PRD0492,1.0,1490.94,1490.94
HITM0008171,HORD002613,PRD0710,2.0,302.55,605.1
HITM0008172,HORD002613,PRD0083,1.0,719.56,719.56
HITM0008173,HORD002614,PRD0046,2.0,690.5,1381.0
HITM0008174,HORD002614,PRD0580,1.0,76.83,76.83
HITM0008175,HORD002614,PRD0666,1.0,108.17,108.17
HITM0008176,HORD002615,PRD0312,1.0,845.47,845.47
HITM0008177,HORD002616,PRD0119,2.0,844.43,1688.86
HITM0008178,HORD002616,PRD0136,1.0,107.5,107.5
HITM0008179,HORD002616,PRD0700,1.0,258.76,258.76
HITM0008180,HORD002617,PRD0913,1.0,645.54,645.54
HITM0008181,HORD002617,PRD0343,1.0,1244.05,1244.05
HITM0008182,HORD002617,PRD0065,1.0,729.67,729.67
HITM0008183,HORD002618,PRD0390,1.0,27.7,27.7
HITM0008184,HORD002618,PRD0427,1.0,1807.66,1807.66
HITM0008185,HORD002618,PRD0587,1.0,103.55,103.55
HITM0008186,HORD002619,PRD0961,2.0,1724.67,3449.34
HITM0008187,HORD002619,PRD0015,1.0,184.83,184.83
HITM0008188,HORD002620,PRD0490,1.0,20.66,20.66
HITM0008189,HORD002621,PRD0124,2.0,2036.87,4073.74
HITM0008190,HORD002621,PRD0249,1.0,380.08,380.08
HITM0008191,HORD002621,PRD0466,1.0,283.41,283.41
HITM0008192,HORD002621,PRD0069,1.0,850.31,850.31
HITM0008193,HORD002622,PRD0030,1.0,159.51,159.51
HITM0008194,HORD002622,PRD0425,1.0,514.7,514.7
HITM0008195,HORD002622,PRD0476,1.0,59.63,59.63
HITM0008196,HORD002622,PRD0952,1.0,982.79,982.79
HITM0008197,HORD002623,PRD0397,2.0,1953.43,3906.86
HITM0008198,HORD002623,PRD0476,1.0,59.63,59.63
HITM0008199,HORD002623,PRD0578,2.0,856.24,1712.48
HITM0008200,HORD002624,PRD0340,1.0,68.17,68.17
HITM0008201,HORD002624,PRD0320,1.0,289.98,289.98
HITM0008202,HORD002624,PRD0041,1.0,2120.5,2120.5
HITM0008203,HORD002625,PRD0970,1.0,71.64,71.64
HITM0008204,HORD002625,PRD0528,1.0,821.66,821.66
HITM0008205,HORD002625,PRD0097,1.0,673.56,673.56
HITM0008206,HORD002625,PRD0147,1.0,94.45,94.45
HITM0008207,HORD002626,PRD0737,2.0,1942.18,3884.36
HITM0008208,HORD002626,PRD0862,2.0,1387.19,2774.38
HITM0008209,HORD002626,PRD0147,1.0,94.45,94.45
HITM0008210,HORD002626,PRD0759,1.0,943.47,943.47
HITM0008211,HORD002626,PRD0168,1.0,325.2,325.2
HITM0008212,HORD002627,PRD0935,1.0,249.9,249.9
HITM0008213,HORD002627,PRD0688,1.0,231.65,231.65
HITM0008214,HORD002627,PRD0699,1.0,1495.41,1495.41
HITM0008215,HORD002628,PRD0670,1.0,85.16,85.16
HITM0008216,HORD002629,PRD0482,2.0,653.2,1306.4
HITM0008217,HORD002629,PRD0197,2.0,1349.02,2698.04
HITM0008218,HORD002629,PRD0358,1.0,67.02,67.02
HITM0008219,HORD002630,PRD0512,1.0,1597.11,1597.11
HITM0008220,HORD002630,PRD0790,1.0,25.52,25.52
HITM0008221,HORD002631,PRD0424,1.0,1571.65,1571.65
HITM0008222,HORD002631,PRD0476,2.0,59.63,119.26
HITM0008223,HORD002631,PRD0790,1.0,25.52,25.52
HITM0008224,HORD002631,PRD0139,1.0,1414.96,1414.96
HITM0008225,HORD002632,PRD0625,2.0,1041.53,2083.06
HITM0008226,HORD002632,PRD0784,1.0,3454.65,3454.65
HITM0008227,HORD002633,PRD0231,1.0,2034.99,2034.99
HITM0008228,HORD002633,PRD0450,1.0,138.07,138.07
HITM0008229,HORD002633,PRD0884,1.0,586.48,586.48
HITM0008230,HORD002633,PRD0499,2.0,1327.93,2655.86
HITM0008231,HORD002633,PRD0640,1.0,153.76,153.76
HITM0008232,HORD002634,PRD0113,1.0,605.4,605.4
HITM0008233,HORD002634,PRD0314,1.0,2377.47,2377.47
HITM0008234,HORD002634,PRD0281,1.0,1660.11,1660.11
HITM0008235,HORD002635,PRD0760,1.0,405.95,405.95
HITM0008236,HORD002635,PRD0946,1.0,553.66,553.66
HITM0008237,HORD002635,PRD0868,1.0,869.51,869.51
HITM0008238,HORD002636,PRD0658,3.0,140.48,421.44
HITM0008239,HORD002636,PRD0222,1.0,1106.86,1106.86
HITM0008240,HORD002636,PRD0283,2.0,733.77,1467.54
HITM0008241,HORD002637,PRD0194,1.0,1326.23,1326.23
HITM0008242,HORD002637,PRD0944,1.0,2277.06,2277.06
HITM0008243,HORD002637,PRD0376,1.0,804.1,804.1
HITM0008244,HORD002637,PRD0579,1.0,878.27,878.27
HITM0008245,HORD002638,PRD0884,1.0,586.48,586.48
HITM0008246,HORD002639,PRD0745,2.0,805.9,1611.8
HITM0008247,HORD002639,PRD0553,1.0,722.16,722.16
HITM0008248,HORD002639,PRD0377,2.0,1672.48,3344.96
HITM0008249,HORD002640,PRD0013,1.0,1194.01,1194.01
HITM0008250,HORD002640,PRD0612,2.0,471.59,943.18
HITM0008251,HORD002640,PRD0893,1.0,434.15,434.15
HITM0008252,HORD002640,PRD0140,1.0,54.35,54.35
HITM0008253,HORD002641,PRD0065,1.0,729.67,729.67
HITM0008254,HORD002641,PRD0579,1.0,878.27,878.27
HITM0008255,HORD002641,PRD0386,1.0,109.17,109.17
HITM0008256,HORD002642,PRD0068,1.0,190.2,190.2
HITM0008257,HORD002642,PRD0170,3.0,71.95,215.85
HITM0008258,HORD002642,PRD0046,1.0,690.5,690.5
HITM0008259,HORD002643,PRD0061,1.0,2524.66,2524.66
HITM0008260,HORD002643,PRD0210,1.0,91.62,91.62
HITM0008261,HORD002643,PRD0368,1.0,807.79,807.79
HITM0008262,HORD002644,PRD0229,1.0,412.68,412.68
HITM0008263,HORD002644,PRD0041,1.0,2120.5,2120.5
HITM0008264,HORD002645,PRD0564,3.0,1250.64,3751.92
HITM0008265,HORD002645,PRD0974,1.0,2468.26,2468.26
HITM0008266,HORD002646,PRD0045,1.0,70.08,70.08
HITM0008267,HORD002646,PRD0466,1.0,283.41,283.41
HITM0008268,HORD002647,PRD0867,1.0,2280.38,2280.38
HITM0008269,HORD002647,PRD0769,2.0,809.07,1618.14
HITM0008270,HORD002647,PRD0990,1.0,373.23,373.23
HITM0008271,HORD002647,PRD0923,1.0,283.84,283.84
HITM0008272,HORD002648,PRD0292,2.0,324.37,648.74
HITM0008273,HORD002648,PRD0108,3.0,186.84,560.52
HITM0008274,HORD002648,PRD0670,1.0,85.16,85.16
HITM0008275,HORD002649,PRD0999,1.0,464.57,464.57
HITM0008276,HORD002649,PRD0935,1.0,249.9,249.9
HITM0008277,HORD002650,PRD0370,1.0,143.48,143.48
HITM0008278,HORD002650,PRD0576,1.0,136.9,136.9
HITM0008279,HORD002650,PRD0591,2.0,2794.24,5588.48
HITM0008280,HORD002651,PRD0850,2.0,308.86,617.72
HITM0008281,HORD002651,PRD0413,1.0,699.79,699.79
HITM0008282,HORD002651,PRD0928,1.0,739.11,739.11
HITM0008283,HORD002652,PRD0350,1.0,294.0,294.0
HITM0008284,HORD002652,PRD0924,1.0,1614.34,1614.34
HITM0008285,HORD002652,PRD0047,1.0,1258.28,1258.28
HITM0008286,HORD002652,PRD0669,1.0,1077.89,1077.89
HITM0008287,HORD002653,PRD0499,1.0,1327.93,1327.93
HITM0008288,HORD002653,PRD0011,1.0,1706.96,1706.96
HITM0008289,HORD002653,PRD0321,1.0,2990.61,2990.61
HITM0008290,HORD002654,PRD0636,1.0,63.83,63.83
HITM0008291,HORD002654,PRD0290,1.0,61.51,61.51
HITM0008292,HORD002655,PRD0358,1.0,67.02,67.02
HITM0008293,HORD002655,PRD0488,1.0,482.8,482.8
HITM0008294,HORD002656,PRD0380,2.0,117.36,234.72
HITM0008295,HORD002656,PRD0963,1.0,488.16,488.16
HITM0008296,HORD002656,PRD0009,1.0,1102.1,1102.1
HITM0008297,HORD002656,PRD0467,1.0,1705.11,1705.11
HITM0008298,HORD002656,PRD0096,3.0,329.23,987.69
HITM0008299,HORD002657,PRD0287,2.0,1873.36,3746.72
HITM0008300,HORD002657,PRD0514,1.0,2353.19,2353.19
HITM0008301,HORD002658,PRD0504,2.0,3837.7,7675.4
HITM0008302,HORD002658,PRD0697,1.0,1104.18,1104.18
HITM0008303,HORD002658,PRD0209,1.0,1090.92,1090.92
HITM0008304,HORD002659,PRD0860,2.0,148.71,297.42
HITM0008305,HORD002659,PRD0881,1.0,1292.47,1292.47
HITM0008306,HORD002659,PRD0943,1.0,940.81,940.81
HITM0008307,HORD002659,PRD0233,1.0,1406.02,1406.02
HITM0008308,HORD002660,PRD0759,2.0,943.47,1886.94
HITM0008309,HORD002660,PRD0356,2.0,302.84,605.68
HITM0008310,HORD002661,PRD0022,1.0,1200.0,1200.0
HITM0008311,HORD002661,PRD0674,1.0,2346.31,2346.31
HITM0008312,HORD002662,PRD0690,1.0,306.64,306.64
HITM0008313,HORD002662,PRD0856,1.0,415.09,415.09
HITM0008314,HORD002662,PRD0682,1.0,1121.22,1121.22
HITM0008315,HORD002662,PRD0416,1.0,753.43,753.43
HITM0008316,HORD002662,PRD0228,1.0,148.71,148.71
HITM0008317,HORD002663,PRD0748,1.0,176.05,176.05
HITM0008318,HORD002663,PRD0445,1.0,1141.73,1141.73
HITM0008319,HORD002663,PRD0740,1.0,194.14,194.14
HITM0008320,HORD002663,PRD0548,1.0,181.04,181.04
HITM0008321,HORD002664,PRD0623,2.0,292.46,584.92
HITM0008322,HORD002665,PRD0180,2.0,24.86,49.72
HITM0008323,HORD002665,PRD0026,1.0,304.81,304.81
HITM0008324,HORD002665,PRD0170,1.0,71.95,71.95
HITM0008325,HORD002666,PRD0140,1.0,54.35,54.35
HITM0008326,HORD002666,PRD0116,1.0,466.48,466.48
HITM0008327,HORD002666,PRD0475,1.0,304.73,304.73
HITM0008328,HORD002667,PRD0862,1.0,1387.19,1387.19
HITM0008329,HORD002667,PRD0815,1.0,446.57,446.57
HITM0008330,HORD002667,PRD0790,1.0,25.52,25.52
HITM0008331,HORD002668,PRD0645,1.0,886.19,886.19
HITM0008332,HORD002668,PRD0561,1.0,2439.38,2439.38
HITM0008333,HORD002668,PRD0712,1.0,1113.98,1113.98
HITM0008334,HORD002668,PRD0326,1.0,791.27,791.27
HITM0008335,HORD002669,PRD0207,2.0,1299.41,2598.82
HITM0008336,HORD002669,PRD0808,1.0,830.41,830.41
HITM0008337,HORD002669,PRD0060,1.0,97.23,97.23
HITM0008338,HORD002670,PRD0783,2.0,516.28,1032.56
HITM0008339,HORD002670,PRD0150,1.0,27.72,27.72
HITM0008340,HORD002670,PRD0449,1.0,227.09,227.09
HITM0008341,HORD002670,PRD0309,1.0,335.12,335.12
HITM0008342,HORD002671,PRD0390,1.0,27.7,27.7
HITM0008343,HORD002671,PRD0034,3.0,1865.66,5596.98
HITM0008344,HORD002671,PRD0901,1.0,1477.12,1477.12
HITM0008345,HORD002672,PRD0078,1.0,166.61,166.61
HITM0008346,HORD002672,PRD0942,2.0,646.79,1293.58
HITM0008347,HORD002672,PRD0060,1.0,97.23,97.23
HITM0008348,HORD002672,PRD0160,1.0,263.81,263.81
HITM0008349,HORD002673,PRD0130,2.0,128.78,257.56
HITM0008350,HORD002673,PRD0072,1.0,1390.27,1390.27
HITM0008351,HORD002673,PRD0806,1.0,43.45,43.45
HITM0008352,HORD002674,PRD0677,1.0,2307.95,2307.95
HITM0008353,HORD002674,PRD0459,1.0,1138.25,1138.25
HITM0008354,HORD002674,PRD0563,1.0,270.8,270.8
HITM0008355,HORD002674,PRD0998,1.0,546.63,546.63
HITM0008356,HORD002675,PRD0856,1.0,415.09,415.09
HITM0008357,HORD002676,PRD0325,2.0,54.61,109.22
HITM0008358,HORD002676,PRD0987,3.0,925.55,2776.65
HITM0008359,HORD002676,PRD0294,2.0,1781.81,3563.62
HITM0008360,HORD002677,PRD0418,1.0,513.88,513.88
HITM0008361,HORD002677,PRD0790,2.0,25.52,51.04
HITM0008362,HORD002677,PRD0660,1.0,351.34,351.34
HITM0008363,HORD002677,PRD0977,2.0,352.01,704.02
HITM0008364,HORD002677,PRD0091,1.0,1559.91,1559.91
HITM0008365,HORD002678,PRD0456,1.0,417.01,417.01
HITM0008366,HORD002678,PRD0124,1.0,2036.87,2036.87
HITM0008367,HORD002678,PRD0549,2.0,1361.68,2723.36
HITM0008368,HORD002679,PRD0185,2.0,575.43,1150.86
HITM0008369,HORD002679,PRD0335,2.0,424.96,849.92
HITM0008370,HORD002679,PRD0591,2.0,2794.24,5588.48
HITM0008371,HORD002680,PRD0878,3.0,919.03,2757.09
HITM0008372,HORD002680,PRD0585,1.0,557.31,557.31
HITM0008373,HORD002680,PRD0045,1.0,70.08,70.08
HITM0008374,HORD002681,PRD0350,1.0,294.0,294.0
HITM0008375,HORD002681,PRD0390,1.0,27.7,27.7
HITM0008376,HORD002681,PRD0270,2.0,145.44,290.88
HITM0008377,HORD002681,PRD0336,1.0,823.14,823.14
HITM0008378,HORD002681,PRD0082,1.0,383.13,383.13
HITM0008379,HORD002682,PRD0204,2.0,1433.35,2866.7
HITM0008380,HORD002683,PRD0734,1.0,2197.09,2197.09
HITM0008381,HORD002683,PRD0936,1.0,808.97,808.97
HITM0008382,HORD002683,PRD0984,2.0,759.8,1519.6
HITM0008383,HORD002684,PRD0638,2.0,248.57,497.14
HITM0008384,HORD002684,PRD0609,2.0,138.47,276.94
HITM0008385,HORD002685,PRD0875,3.0,916.11,2748.33
HITM0008386,HORD002685,PRD0630,1.0,59.46,59.46
HITM0008387,HORD002686,PRD0476,1.0,59.63,59.63
HITM0008388,HORD002686,PRD0849,1.0,1011.98,1011.98
HITM0008389,HORD002686,PRD0271,1.0,1115.7,1115.7
HITM0008390,HORD002687,PRD0010,1.0,15.97,15.97
HITM0008391,HORD002687,PRD0803,1.0,788.9,788.9
HITM0008392,HORD002687,PRD0708,1.0,720.36,720.36
HITM0008393,HORD002688,PRD0164,1.0,1852.48,1852.48
HITM0008394,HORD002688,PRD0011,1.0,1706.96,1706.96
HITM0008395,HORD002688,PRD0464,1.0,1572.44,1572.44
HITM0008396,HORD002688,PRD0641,1.0,934.18,934.18
HITM0008397,HORD002688,PRD0557,1.0,1855.06,1855.06
HITM0008398,HORD002689,PRD0347,1.0,1107.53,1107.53
HITM0008399,HORD002689,PRD0252,1.0,1577.09,1577.09
HITM0008400,HORD002689,PRD0326,2.0,791.27,1582.54
HITM0008401,HORD002690,PRD0805,1.0,151.93,151.93
HITM0008402,HORD002690,PRD0688,1.0,231.65,231.65
HITM0008403,HORD002690,PRD0452,2.0,318.36,636.72
HITM0008404,HORD002690,PRD0246,1.0,733.57,733.57
HITM0008405,HORD002690,PRD0103,1.0,540.65,540.65
HITM0008406,HORD002691,PRD0300,1.0,30.76,30.76
HITM0008407,HORD002691,PRD0886,3.0,688.19,2064.57
HITM0008408,HORD002691,PRD0096,1.0,329.23,329.23
HITM0008409,HORD002692,PRD0220,3.0,369.39,1108.17
HITM0008410,HORD002692,PRD0969,2.0,1459.43,2918.86
HITM0008411,HORD002692,PRD0610,2.0,21.93,43.86
HITM0008412,HORD002692,PRD0236,1.0,590.33,590.33
HITM0008413,HORD002693,PRD0690,1.0,306.64,306.64
HITM0008414,HORD002693,PRD0298,1.0,565.35,565.35
HITM0008415,HORD002693,PRD0981,2.0,2272.24,4544.48
HITM0008416,HORD002693,PRD0247,1.0,968.98,968.98
HITM0008417,HORD002693,PRD0674,1.0,2346.31,2346.31
HITM0008418,HORD002694,PRD0803,2.0,788.9,1577.8
HITM0008419,HORD002694,PRD0656,2.0,820.33,1640.66
HITM0008420,HORD002694,PRD0112,2.0,1193.81,2387.62
HITM0008421,HORD002694,PRD0218,1.0,838.07,838.07
HITM0008422,HORD002695,PRD0580,1.0,76.83,76.83
HITM0008423,HORD002695,PRD0630,1.0,59.46,59.46
HITM0008424,HORD002695,PRD0835,1.0,427.39,427.39
HITM0008425,HORD002695,PRD0617,1.0,1897.96,1897.96
HITM0008426,HORD002695,PRD0544,2.0,1918.0,3836.0
HITM0008427,HORD002696,PRD0583,2.0,981.15,1962.3
HITM0008428,HORD002696,PRD0141,1.0,2490.91,2490.91
HITM0008429,HORD002696,PRD0389,1.0,197.05,197.05
HITM0008430,HORD002696,PRD0330,1.0,184.25,184.25
HITM0008431,HORD002696,PRD0634,1.0,405.16,405.16
HITM0008432,HORD002697,PRD0098,1.0,149.72,149.72
HITM0008433,HORD002697,PRD0811,1.0,1292.11,1292.11
HITM0008434,HORD002697,PRD0994,1.0,1974.93,1974.93
HITM0008435,HORD002697,PRD0443,1.0,667.38,667.38
HITM0008436,HORD002698,PRD0710,2.0,302.55,605.1
HITM0008437,HORD002698,PRD0568,1.0,272.51,272.51
HITM0008438,HORD002699,PRD0255,2.0,783.42,1566.84
HITM0008439,HORD002699,PRD0326,1.0,791.27,791.27
HITM0008440,HORD002699,PRD0986,3.0,748.03,2244.09
HITM0008441,HORD002700,PRD0643,1.0,809.36,809.36
HITM0008442,HORD002700,PRD0210,1.0,91.62,91.62
HITM0008443,HORD002700,PRD0618,1.0,1068.97,1068.97
HITM0008444,HORD002700,PRD0890,1.0,273.8,273.8
HITM0008445,HORD002701,PRD0195,1.0,337.11,337.11
HITM0008446,HORD002701,PRD0790,1.0,25.52,25.52
HITM0008447,HORD002702,PRD0889,1.0,252.57,252.57
HITM0008448,HORD002702,PRD0400,1.0,286.55,286.55
HITM0008449,HORD002702,PRD0593,1.0,1331.28,1331.28
HITM0008450,HORD002703,PRD0860,1.0,148.71,148.71
HITM0008451,HORD002703,PRD0630,1.0,59.46,59.46
HITM0008452,HORD002703,PRD0100,1.0,122.42,122.42
HITM0008453,HORD002703,PRD0180,1.0,24.86,24.86
HITM0008454,HORD002704,PRD0554,1.0,1619.69,1619.69
HITM0008455,HORD002704,PRD0406,2.0,241.97,483.94
HITM0008456,HORD002704,PRD0145,1.0,1050.7,1050.7
HITM0008457,HORD002705,PRD0311,1.0,1105.19,1105.19
HITM0008458,HORD002705,PRD0465,2.0,1026.13,2052.26
HITM0008459,HORD002706,PRD0655,1.0,444.01,444.01
HITM0008460,HORD002706,PRD0131,2.0,1214.27,2428.54
HITM0008461,HORD002706,PRD0078,1.0,166.61,166.61
HITM0008462,HORD002707,PRD0371,1.0,1060.97,1060.97
HITM0008463,HORD002707,PRD0680,1.0,46.75,46.75
HITM0008464,HORD002707,PRD0289,2.0,721.6,1443.2
HITM0008465,HORD002707,PRD0837,1.0,333.32,333.32
HITM0008466,HORD002708,PRD0010,1.0,15.97,15.97
HITM0008467,HORD002708,PRD0128,1.0,396.23,396.23
HITM0008468,HORD002708,PRD0434,1.0,2443.59,2443.59
HITM0008469,HORD002709,PRD0212,1.0,736.5,736.5
HITM0008470,HORD002709,PRD0042,1.0,1230.08,1230.08
HITM0008471,HORD002710,PRD0026,1.0,304.81,304.81
HITM0008472,HORD002710,PRD0849,1.0,1011.98,1011.98
HITM0008473,HORD002711,PRD0196,1.0,437.6,437.6
HITM0008474,HORD002711,PRD0340,2.0,68.17,136.34
HITM0008475,HORD002711,PRD0972,2.0,903.07,1806.14
HITM0008476,HORD002711,PRD0136,3.0,107.5,322.5
HITM0008477,HORD002711,PRD0539,2.0,125.14,250.28
HITM0008478,HORD002712,PRD0415,2.0,921.87,1843.74
HITM0008479,HORD002712,PRD0210,1.0,91.62,91.62
HITM0008480,HORD002712,PRD0261,1.0,2476.88,2476.88
HITM0008481,HORD002713,PRD0247,2.0,968.98,1937.96
HITM0008482,HORD002713,PRD0826,1.0,272.89,272.89
HITM0008483,HORD002713,PRD0300,2.0,30.76,61.52
HITM0008484,HORD002713,PRD0043,2.0,1106.1,2212.2
HITM0008485,HORD002714,PRD0010,1.0,15.97,15.97
HITM0008486,HORD002714,PRD0216,1.0,56.76,56.76
HITM0008487,HORD002714,PRD0627,1.0,2451.16,2451.16
HITM0008488,HORD002715,PRD0183,1.0,880.19,880.19
HITM0008489,HORD002715,PRD0126,1.0,652.43,652.43
HITM0008490,HORD002715,PRD0356,1.0,302.84,302.84
HITM0008491,HORD002716,PRD0317,1.0,1875.46,1875.46
HITM0008492,HORD002716,PRD0829,1.0,385.82,385.82
HITM0008493,HORD002716,PRD0264,1.0,721.82,721.82
HITM0008494,HORD002716,PRD0804,2.0,1164.25,2328.5
HITM0008495,HORD002717,PRD0278,1.0,100.15,100.15
HITM0008496,HORD002717,PRD0028,2.0,364.14,728.28
HITM0008497,HORD002718,PRD0772,1.0,546.46,546.46
HITM0008498,HORD002718,PRD0850,1.0,308.86,308.86
HITM0008499,HORD002718,PRD0649,3.0,915.45,2746.35
HITM0008500,HORD002718,PRD0460,1.0,99.79,99.79
HITM0008501,HORD002718,PRD0452,2.0,318.36,636.72
HITM0008502,HORD002719,PRD0967,2.0,571.48,1142.96
HITM0008503,HORD002719,PRD0478,1.0,111.87,111.87
HITM0008504,HORD002719,PRD0072,1.0,1390.27,1390.27
HITM0008505,HORD002719,PRD0997,1.0,995.85,995.85
HITM0008506,HORD002720,PRD0935,2.0,249.9,499.8
HITM0008507,HORD002720,PRD0206,1.0,673.8,673.8
HITM0008508,HORD002720,PRD0690,1.0,306.64,306.64
HITM0008509,HORD002720,PRD0423,1.0,731.87,731.87
HITM0008510,HORD002720,PRD0010,1.0,15.97,15.97
HITM0008511,HORD002721,PRD0475,1.0,304.73,304.73
HITM0008512,HORD002722,PRD0262,1.0,1522.38,1522.38
HITM0008513,HORD002722,PRD0674,1.0,2346.31,2346.31
HITM0008514,HORD002722,PRD0195,1.0,337.11,337.11
HITM0008515,HORD002722,PRD0763,3.0,1426.88,4280.64
HITM0008516,HORD002723,PRD0200,1.0,279.99,279.99
HITM0008517,HORD002723,PRD0703,1.0,299.48,299.48
HITM0008518,HORD002724,PRD0222,1.0,1106.86,1106.86
HITM0008519,HORD002724,PRD0045,1.0,70.08,70.08
HITM0008520,HORD002724,PRD0506,1.0,309.66,309.66
HITM0008521,HORD002724,PRD0608,2.0,772.25,1544.5
HITM0008522,HORD002725,PRD0638,1.0,248.57,248.57
HITM0008523,HORD002725,PRD0459,1.0,1138.25,1138.25
HITM0008524,HORD002726,PRD0993,1.0,489.97,489.97
HITM0008525,HORD002727,PRD0221,1.0,1714.89,1714.89
HITM0008526,HORD002727,PRD0490,1.0,20.66,20.66
HITM0008527,HORD002727,PRD0494,2.0,780.48,1560.96
HITM0008528,HORD002728,PRD0305,1.0,662.05,662.05
HITM0008529,HORD002728,PRD0402,1.0,1191.53,1191.53
HITM0008530,HORD002728,PRD0848,1.0,503.4,503.4
HITM0008531,HORD002728,PRD0180,1.0,24.86,24.86
HITM0008532,HORD002729,PRD0983,1.0,493.01,493.01
HITM0008533,HORD002729,PRD0073,2.0,1110.47,2220.94
HITM0008534,HORD002730,PRD0518,1.0,614.84,614.84
HITM0008535,HORD002730,PRD0008,1.0,799.44,799.44
HITM0008536,HORD002731,PRD0118,1.0,461.86,461.86
HITM0008537,HORD002731,PRD0950,1.0,321.18,321.18
HITM0008538,HORD002731,PRD0046,1.0,690.5,690.5
HITM0008539,HORD002732,PRD0720,1.0,261.71,261.71
HITM0008540,HORD002732,PRD0995,1.0,855.97,855.97
HITM0008541,HORD002732,PRD0439,1.0,1119.95,1119.95
HITM0008542,HORD002732,PRD0620,1.0,123.89,123.89
HITM0008543,HORD002733,PRD0449,1.0,227.09,227.09
HITM0008544,HORD002733,PRD0228,1.0,148.71,148.71
HITM0008545,HORD002733,PRD0645,1.0,886.19,886.19
HITM0008546,HORD002734,PRD0981,1.0,2272.24,2272.24
HITM0008547,HORD002734,PRD0101,1.0,1447.07,1447.07
HITM0008548,HORD002734,PRD0266,1.0,424.49,424.49
HITM0008549,HORD002734,PRD0146,2.0,795.49,1590.98
HITM0008550,HORD002735,PRD0820,1.0,95.58,95.58
HITM0008551,HORD002735,PRD0935,1.0,249.9,249.9
HITM0008552,HORD002735,PRD0906,1.0,58.83,58.83
HITM0008553,HORD002736,PRD0941,1.0,2905.2,2905.2
HITM0008554,HORD002736,PRD0318,1.0,913.52,913.52
HITM0008555,HORD002736,PRD0314,1.0,2377.47,2377.47
HITM0008556,HORD002736,PRD0142,1.0,1815.54,1815.54
HITM0008557,HORD002736,PRD0811,1.0,1292.11,1292.11
HITM0008558,HORD002737,PRD0039,1.0,980.04,980.04
HITM0008559,HORD002737,PRD0308,1.0,1053.94,1053.94
HITM0008560,HORD002737,PRD0675,1.0,898.47,898.47
HITM0008561,HORD002738,PRD0086,1.0,248.61,248.61
HITM0008562,HORD002738,PRD0962,2.0,1519.3,3038.6
HITM0008563,HORD002738,PRD0227,1.0,2395.1,2395.1
HITM0008564,HORD002738,PRD0650,1.0,367.95,367.95
HITM0008565,HORD002739,PRD0337,1.0,92.59,92.59
HITM0008566,HORD002739,PRD0284,1.0,4071.02,4071.02
HITM0008567,HORD002740,PRD0555,1.0,407.18,407.18
HITM0008568,HORD002740,PRD0436,1.0,99.16,99.16
HITM0008569,HORD002740,PRD0622,1.0,1882.1,1882.1
HITM0008570,HORD002741,PRD0448,1.0,67.35,67.35
HITM0008571,HORD002741,PRD0193,3.0,609.21,1827.63
HITM0008572,HORD002741,PRD0488,2.0,482.8,965.6
HITM0008573,HORD002741,PRD0588,1.0,597.66,597.66
HITM0008574,HORD002741,PRD0872,1.0,1715.8,1715.8
HITM0008575,HORD002742,PRD0200,2.0,279.99,559.98
HITM0008576,HORD002742,PRD0304,1.0,524.3,524.3
HITM0008577,HORD002743,PRD0325,1.0,54.61,54.61
HITM0008578,HORD002743,PRD0255,2.0,783.42,1566.84
HITM0008579,HORD002743,PRD0716,1.0,242.32,242.32
HITM0008580,HORD002743,PRD0588,1.0,597.66,597.66
HITM0008581,HORD002744,PRD0228,2.0,148.71,297.42
HITM0008582,HORD002745,PRD0625,2.0,1041.53,2083.06
HITM0008583,HORD002745,PRD0460,1.0,99.79,99.79
HITM0008584,HORD002745,PRD0543,2.0,398.13,796.26
HITM0008585,HORD002746,PRD0046,2.0,690.5,1381.0
HITM0008586,HORD002746,PRD0387,2.0,2587.59,5175.18
HITM0008587,HORD002746,PRD0685,1.0,367.73,367.73
HITM0008588,HORD002747,PRD0946,1.0,553.66,553.66
HITM0008589,HORD002747,PRD0340,1.0,68.17,68.17
HITM0008590,HORD002747,PRD0436,1.0,99.16,99.16
HITM0008591,HORD002747,PRD0984,1.0,759.8,759.8
HITM0008592,HORD002748,PRD0343,1.0,1244.05,1244.05
HITM0008593,HORD002748,PRD0898,2.0,236.36,472.72
HITM0008594,HORD002748,PRD0110,1.0,250.51,250.51
HITM0008595,HORD002748,PRD0760,2.0,405.95,811.9
HITM0008596,HORD002748,PRD0056,2.0,318.87,637.74
HITM0008597,HORD002749,PRD0372,1.0,763.17,763.17
HITM0008598,HORD002749,PRD0610,1.0,21.93,21.93
HITM0008599,HORD002749,PRD0180,2.0,24.86,49.72
HITM0008600,HORD002750,PRD0010,1.0,15.97,15.97
HITM0008601,HORD002750,PRD0228,1.0,148.71,148.71
HITM0008602,HORD002751,PRD0404,2.0,3995.8,7991.6
HITM0008603,HORD002751,PRD0063,1.0,1124.17,1124.17
HITM0008604,HORD002752,PRD0950,1.0,321.18,321.18
HITM0008605,HORD002752,PRD0079,1.0,994.48,994.48
HITM0008606,HORD002752,PRD0560,1.0,230.25,230.25
HITM0008607,HORD002753,PRD0486,1.0,825.47,825.47
HITM0008608,HORD002753,PRD0566,2.0,47.51,95.02
HITM0008609,HORD002754,PRD0222,1.0,1106.86,1106.86
HITM0008610,HORD002754,PRD0491,1.0,1093.0,1093.0
HITM0008611,HORD002754,PRD0810,1.0,224.68,224.68
HITM0008612,HORD002754,PRD0302,1.0,1232.1,1232.1
HITM0008613,HORD002755,PRD0963,1.0,488.16,488.16
HITM0008614,HORD002755,PRD0619,1.0,180.89,180.89
HITM0008615,HORD002755,PRD0879,2.0,746.36,1492.72
HITM0008616,HORD002756,PRD0422,3.0,1749.99,5249.97
HITM0008617,HORD002756,PRD0633,1.0,809.48,809.48
HITM0008618,HORD002756,PRD0811,2.0,1292.11,2584.22
HITM0008619,HORD002757,PRD0251,1.0,954.37,954.37
HITM0008620,HORD002757,PRD0111,3.0,1802.88,5408.64
HITM0008621,HORD002757,PRD0564,1.0,1250.64,1250.64
HITM0008622,HORD002757,PRD0655,1.0,444.01,444.01
HITM0008623,HORD002757,PRD0960,1.0,103.86,103.86
HITM0008624,HORD002758,PRD0479,1.0,785.34,785.34
HITM0008625,HORD002758,PRD0530,1.0,376.94,376.94
HITM0008626,HORD002758,PRD0849,1.0,1011.98,1011.98
HITM0008627,HORD002758,PRD0102,1.0,786.59,786.59
HITM0008628,HORD002759,PRD0746,2.0,130.44,260.88
HITM0008629,HORD002759,PRD0068,1.0,190.2,190.2
HITM0008630,HORD002760,PRD0339,1.0,427.29,427.29
HITM0008631,HORD002760,PRD0873,1.0,1287.46,1287.46
HITM0008632,HORD002761,PRD0543,1.0,398.13,398.13
HITM0008633,HORD002761,PRD0035,1.0,410.43,410.43
HITM0008634,HORD002762,PRD0476,2.0,59.63,119.26
HITM0008635,HORD002762,PRD0854,1.0,386.3,386.3
HITM0008636,HORD002762,PRD0446,1.0,546.41,546.41
HITM0008637,HORD002763,PRD0732,1.0,685.95,685.95
HITM0008638,HORD002763,PRD0766,1.0,551.34,551.34
HITM0008639,HORD002763,PRD0821,1.0,1191.59,1191.59
HITM0008640,HORD002763,PRD0985,1.0,750.86,750.86
HITM0008641,HORD002764,PRD0451,1.0,2097.21,2097.21
HITM0008642,HORD002765,PRD0120,2.0,319.18,638.36
HITM0008643,HORD002765,PRD0685,1.0,367.73,367.73
HITM0008644,HORD002765,PRD0688,1.0,231.65,231.65
HITM0008645,HORD002765,PRD0430,1.0,214.75,214.75
HITM0008646,HORD002766,PRD0449,1.0,227.09,227.09
HITM0008647,HORD002766,PRD0390,1.0,27.7,27.7
HITM0008648,HORD002766,PRD0090,1.0,166.35,166.35
HITM0008649,HORD002766,PRD0528,2.0,821.66,1643.32
HITM0008650,HORD002767,PRD0630,1.0,59.46,59.46
HITM0008651,HORD002768,PRD0359,1.0,169.12,169.12
HITM0008652,HORD002768,PRD0018,1.0,112.62,112.62
HITM0008653,HORD002769,PRD0030,1.0,159.51,159.51
HITM0008654,HORD002769,PRD0121,1.0,3098.72,3098.72
HITM0008655,HORD002769,PRD0113,1.0,605.4,605.4
HITM0008656,HORD002769,PRD0670,1.0,85.16,85.16
HITM0008657,HORD002770,PRD0731,1.0,1790.91,1790.91
HITM0008658,HORD002770,PRD0605,2.0,845.14,1690.28
HITM0008659,HORD002770,PRD0416,1.0,753.43,753.43
HITM0008660,HORD002770,PRD0480,2.0,37.46,74.92
HITM0008661,HORD002771,PRD0901,1.0,1477.12,1477.12
HITM0008662,HORD002771,PRD0590,2.0,268.79,537.58
HITM0008663,HORD002771,PRD0698,3.0,1038.35,3115.05
HITM0008664,HORD002771,PRD0310,1.0,318.45,318.45
HITM0008665,HORD002772,PRD0708,1.0,720.36,720.36
HITM0008666,HORD002772,PRD0316,1.0,28.93,28.93
HITM0008667,HORD002772,PRD0548,2.0,181.04,362.08
HITM0008668,HORD002773,PRD0094,1.0,1376.89,1376.89
HITM0008669,HORD002773,PRD0364,2.0,1836.13,3672.26
HITM0008670,HORD002773,PRD0832,3.0,646.88,1940.64
HITM0008671,HORD002774,PRD0702,1.0,768.26,768.26
HITM0008672,HORD002774,PRD0927,1.0,867.79,867.79
HITM0008673,HORD002774,PRD0494,1.0,780.48,780.48
HITM0008674,HORD002774,PRD0270,1.0,145.44,145.44
HITM0008675,HORD002774,PRD0937,1.0,983.99,983.99
HITM0008676,HORD002775,PRD0244,1.0,3425.92,3425.92
HITM0008677,HORD002775,PRD0028,3.0,364.14,1092.42
HITM0008678,HORD002775,PRD0265,1.0,255.41,255.41
HITM0008679,HORD002775,PRD0881,1.0,1292.47,1292.47
HITM0008680,HORD002775,PRD0536,2.0,616.08,1232.16
HITM0008681,HORD002776,PRD0785,2.0,611.01,1222.02
HITM0008682,HORD002776,PRD0481,1.0,1297.53,1297.53
HITM0008683,HORD002777,PRD0458,1.0,721.39,721.39
HITM0008684,HORD002778,PRD0648,1.0,210.67,210.67
HITM0008685,HORD002778,PRD0543,2.0,398.13,796.26
HITM0008686,HORD002778,PRD0260,1.0,73.31,73.31
HITM0008687,HORD002779,PRD0539,2.0,125.14,250.28
HITM0008688,HORD002779,PRD0210,1.0,91.62,91.62
HITM0008689,HORD002779,PRD0009,1.0,1102.1,1102.1
HITM0008690,HORD002779,PRD0356,1.0,302.84,302.84
HITM0008691,HORD002779,PRD0672,1.0,527.46,527.46
HITM0008692,HORD002780,PRD0619,2.0,180.89,361.78
HITM0008693,HORD002780,PRD0055,2.0,1172.72,2345.44
HITM0008694,HORD002780,PRD0630,1.0,59.46,59.46
HITM0008695,HORD002780,PRD0561,1.0,2439.38,2439.38
HITM0008696,HORD002781,PRD0728,1.0,188.05,188.05
HITM0008697,HORD002781,PRD0856,1.0,415.09,415.09
HITM0008698,HORD002781,PRD0577,1.0,941.97,941.97
HITM0008699,HORD002781,PRD0630,2.0,59.46,118.92
HITM0008700,HORD002781,PRD0003,1.0,745.86,745.86
HITM0008701,HORD002782,PRD0242,2.0,1257.76,2515.52
HITM0008702,HORD002782,PRD0310,1.0,318.45,318.45
HITM0008703,HORD002782,PRD0459,1.0,1138.25,1138.25
HITM0008704,HORD002783,PRD0809,1.0,929.49,929.49
HITM0008705,HORD002783,PRD0118,1.0,461.86,461.86
HITM0008706,HORD002783,PRD0942,1.0,646.79,646.79
HITM0008707,HORD002783,PRD0265,1.0,255.41,255.41
HITM0008708,HORD002783,PRD0710,1.0,302.55,302.55
HITM0008709,HORD002784,PRD0654,1.0,4124.98,4124.98
HITM0008710,HORD002784,PRD0451,3.0,2097.21,6291.63
HITM0008711,HORD002784,PRD0838,2.0,1007.36,2014.72
HITM0008712,HORD002785,PRD0464,2.0,1572.44,3144.88
HITM0008713,HORD002785,PRD0519,1.0,1101.57,1101.57
HITM0008714,HORD002785,PRD0889,1.0,252.57,252.57
HITM0008715,HORD002785,PRD0804,1.0,1164.25,1164.25
HITM0008716,HORD002785,PRD0731,2.0,1790.91,3581.82
HITM0008717,HORD002786,PRD0610,1.0,21.93,21.93
HITM0008718,HORD002786,PRD0907,1.0,1869.43,1869.43
HITM0008719,HORD002786,PRD0147,1.0,94.45,94.45
HITM0008720,HORD002786,PRD0009,3.0,1102.1,3306.3
HITM0008721,HORD002787,PRD0228,1.0,148.71,148.71
HITM0008722,HORD002787,PRD0463,2.0,533.33,1066.66
HITM0008723,HORD002787,PRD0539,1.0,125.14,125.14
HITM0008724,HORD002788,PRD0487,1.0,1262.93,1262.93
HITM0008725,HORD002788,PRD0750,1.0,203.37,203.37
HITM0008726,HORD002788,PRD0238,2.0,690.75,1381.5
HITM0008727,HORD002788,PRD0575,1.0,357.22,357.22
HITM0008728,HORD002789,PRD0126,1.0,652.43,652.43
HITM0008729,HORD002789,PRD0155,1.0,237.13,237.13
HITM0008730,HORD002789,PRD0978,1.0,710.35,710.35
HITM0008731,HORD002789,PRD0925,1.0,976.66,976.66
HITM0008732,HORD002790,PRD0330,2.0,184.25,368.5
HITM0008733,HORD002790,PRD0158,1.0,464.07,464.07
HITM0008734,HORD002790,PRD0026,2.0,304.81,609.62
HITM0008735,HORD002791,PRD0356,1.0,302.84,302.84
HITM0008736,HORD002791,PRD0683,2.0,1384.61,2769.22
HITM0008737,HORD002791,PRD0907,2.0,1869.43,3738.86
HITM0008738,HORD002791,PRD0550,1.0,184.97,184.97
HITM0008739,HORD002792,PRD0600,1.0,394.0,394.0
HITM0008740,HORD002792,PRD0666,1.0,108.17,108.17
HITM0008741,HORD002792,PRD0641,2.0,934.18,1868.36
HITM0008742,HORD002792,PRD0096,3.0,329.23,987.69
HITM0008743,HORD002793,PRD0663,2.0,1546.5,3093.0
HITM0008744,HORD002793,PRD0648,1.0,210.67,210.67
HITM0008745,HORD002793,PRD0340,1.0,68.17,68.17
HITM0008746,HORD002793,PRD0846,2.0,808.25,1616.5
HITM0008747,HORD002794,PRD0832,2.0,646.88,1293.76
HITM0008748,HORD002794,PRD0569,1.0,965.49,965.49
HITM0008749,HORD002794,PRD0583,1.0,981.15,981.15
HITM0008750,HORD002794,PRD0235,1.0,510.44,510.44
HITM0008751,HORD002794,PRD0615,1.0,196.23,196.23
HITM0008752,HORD002795,PRD0906,1.0,58.83,58.83
HITM0008753,HORD002795,PRD0503,1.0,866.27,866.27
HITM0008754,HORD002795,PRD0661,1.0,1397.85,1397.85
HITM0008755,HORD002795,PRD0939,1.0,1091.13,1091.13
HITM0008756,HORD002795,PRD0089,1.0,865.25,865.25
HITM0008757,HORD002796,PRD0301,2.0,1847.23,3694.46
HITM0008758,HORD002797,PRD0334,2.0,2364.45,4728.9
HITM0008759,HORD002797,PRD0587,1.0,103.55,103.55
HITM0008760,HORD002797,PRD0332,1.0,560.39,560.39
HITM0008761,HORD002797,PRD0624,1.0,4074.77,4074.77
HITM0008762,HORD002798,PRD0796,1.0,830.56,830.56
HITM0008763,HORD002798,PRD0081,2.0,2768.19,5536.38
HITM0008764,HORD002798,PRD0070,1.0,283.3,283.3
HITM0008765,HORD002798,PRD0298,2.0,565.35,1130.7
HITM0008766,HORD002799,PRD0122,1.0,1755.78,1755.78
HITM0008767,HORD002799,PRD0007,2.0,775.64,1551.28
HITM0008768,HORD002800,PRD0335,1.0,424.96,424.96
HITM0008769,HORD002800,PRD0138,1.0,316.0,316.0
HITM0008770,HORD002800,PRD0172,1.0,1821.63,1821.63
HITM0008771,HORD002800,PRD0745,1.0,805.9,805.9
HITM0008772,HORD002800,PRD0997,1.0,995.85,995.85
HITM0008773,HORD002801,PRD0142,1.0,1815.54,1815.54
HITM0008774,HORD002801,PRD0768,1.0,912.93,912.93
HITM0008775,HORD002801,PRD0876,1.0,786.05,786.05
HITM0008776,HORD002802,PRD0093,1.0,1015.33,1015.33
HITM0008777,HORD002802,PRD0524,1.0,1527.37,1527.37
HITM0008778,HORD002802,PRD0522,1.0,942.08,942.08
HITM0008779,HORD002803,PRD0294,3.0,1781.81,5345.43
HITM0008780,HORD002803,PRD0280,2.0,34.27,68.54
HITM0008781,HORD002803,PRD0826,1.0,272.89,272.89
HITM0008782,HORD002804,PRD0893,1.0,434.15,434.15
HITM0008783,HORD002804,PRD0539,1.0,125.14,125.14
HITM0008784,HORD002804,PRD0922,1.0,1416.33,1416.33
HITM0008785,HORD002804,PRD0652,1.0,1465.81,1465.81
HITM0008786,HORD002805,PRD0634,1.0,405.16,405.16
HITM0008787,HORD002805,PRD0150,2.0,27.72,55.44
HITM0008788,HORD002805,PRD0411,3.0,1649.5,4948.5
HITM0008789,HORD002805,PRD0316,1.0,28.93,28.93
HITM0008790,HORD002805,PRD0972,1.0,903.07,903.07
HITM0008791,HORD002806,PRD0936,2.0,808.97,1617.94
HITM0008792,HORD002806,PRD0446,1.0,546.41,546.41
HITM0008793,HORD002806,PRD0260,1.0,73.31,73.31
HITM0008794,HORD002807,PRD0736,3.0,829.44,2488.32
HITM0008795,HORD002807,PRD0320,1.0,289.98,289.98
HITM0008796,HORD002807,PRD0417,1.0,318.04,318.04
HITM0008797,HORD002808,PRD0539,1.0,125.14,125.14
HITM0008798,HORD002808,PRD0977,2.0,352.01,704.02
HITM0008799,HORD002808,PRD0460,1.0,99.79,99.79
HITM0008800,HORD002809,PRD0897,1.0,2339.09,2339.09
HITM0008801,HORD002810,PRD0594,1.0,3645.51,3645.51
HITM0008802,HORD002810,PRD0162,1.0,441.75,441.75
HITM0008803,HORD002811,PRD0831,1.0,1201.57,1201.57
HITM0008804,HORD002811,PRD0216,1.0,56.76,56.76
HITM0008805,HORD002812,PRD0942,1.0,646.79,646.79
HITM0008806,HORD002812,PRD0465,1.0,1026.13,1026.13
HITM0008807,HORD002813,PRD0510,1.0,71.92,71.92
HITM0008808,HORD002813,PRD0306,2.0,643.72,1287.44
HITM0008809,HORD002813,PRD0289,1.0,721.6,721.6
HITM0008810,HORD002814,PRD0881,1.0,1292.47,1292.47
HITM0008811,HORD002814,PRD0390,1.0,27.7,27.7
HITM0008812,HORD002814,PRD0117,1.0,1153.53,1153.53
HITM0008813,HORD002814,PRD0363,1.0,1523.75,1523.75
HITM0008814,HORD002815,PRD0520,2.0,93.98,187.96
HITM0008815,HORD002816,PRD0210,1.0,91.62,91.62
HITM0008816,HORD002816,PRD0624,1.0,4074.77,4074.77
HITM0008817,HORD002816,PRD0385,1.0,699.4,699.4
HITM0008818,HORD002817,PRD0209,3.0,1090.92,3272.76
HITM0008819,HORD002817,PRD0386,1.0,109.17,109.17
HITM0008820,HORD002817,PRD0452,1.0,318.36,318.36
HITM0008821,HORD002818,PRD0240,1.0,113.94,113.94
HITM0008822,HORD002819,PRD0803,2.0,788.9,1577.8
HITM0008823,HORD002819,PRD0926,1.0,711.69,711.69
HITM0008824,HORD002820,PRD0833,1.0,1413.97,1413.97
HITM0008825,HORD002820,PRD0832,1.0,646.88,646.88
HITM0008826,HORD002821,PRD0018,1.0,112.62,112.62
HITM0008827,HORD002821,PRD0393,1.0,307.2,307.2
HITM0008828,HORD002821,PRD0385,1.0,699.4,699.4
HITM0008829,HORD002821,PRD0538,1.0,930.3,930.3
HITM0008830,HORD002822,PRD0189,2.0,1154.51,2309.02
HITM0008831,HORD002822,PRD0219,2.0,374.02,748.04
HITM0008832,HORD002822,PRD0086,1.0,248.61,248.61
HITM0008833,HORD002822,PRD0434,1.0,2443.59,2443.59
HITM0008834,HORD002823,PRD0472,1.0,1096.23,1096.23
HITM0008835,HORD002823,PRD0423,1.0,731.87,731.87
HITM0008836,HORD002823,PRD0886,1.0,688.19,688.19
HITM0008837,HORD002824,PRD0548,3.0,181.04,543.12
HITM0008838,HORD002824,PRD0244,1.0,3425.92,3425.92
HITM0008839,HORD002824,PRD0592,2.0,748.49,1496.98
HITM0008840,HORD002824,PRD0953,1.0,367.94,367.94
HITM0008841,HORD002825,PRD0360,1.0,14.71,14.71
HITM0008842,HORD002825,PRD0965,1.0,271.51,271.51
HITM0008843,HORD002825,PRD0904,1.0,673.64,673.64
HITM0008844,HORD002825,PRD0790,3.0,25.52,76.56
HITM0008845,HORD002826,PRD0310,1.0,318.45,318.45
HITM0008846,HORD002827,PRD0269,1.0,514.16,514.16
HITM0008847,HORD002828,PRD0657,2.0,91.2,182.4
HITM0008848,HORD002828,PRD0796,2.0,830.56,1661.12
HITM0008849,HORD002828,PRD0666,1.0,108.17,108.17
HITM0008850,HORD002828,PRD0980,1.0,334.19,334.19
HITM0008851,HORD002829,PRD0482,1.0,653.2,653.2
HITM0008852,HORD002829,PRD0678,2.0,653.14,1306.28
HITM0008853,HORD002830,PRD0023,2.0,965.26,1930.52
HITM0008854,HORD002830,PRD0147,3.0,94.45,283.35
HITM0008855,HORD002830,PRD0616,2.0,644.96,1289.92
HITM0008856,HORD002831,PRD0929,1.0,1084.81,1084.81
HITM0008857,HORD002832,PRD0234,1.0,3839.41,3839.41
HITM0008858,HORD002832,PRD0819,1.0,647.95,647.95
HITM0008859,HORD002832,PRD0450,1.0,138.07,138.07
HITM0008860,HORD002832,PRD0742,2.0,1512.78,3025.56
HITM0008861,HORD002832,PRD0903,1.0,368.54,368.54
HITM0008862,HORD002833,PRD0630,1.0,59.46,59.46
HITM0008863,HORD002833,PRD0198,1.0,155.28,155.28
HITM0008864,HORD002833,PRD0160,2.0,263.81,527.62
HITM0008865,HORD002833,PRD0225,1.0,213.62,213.62
HITM0008866,HORD002834,PRD0583,1.0,981.15,981.15
HITM0008867,HORD002834,PRD0290,2.0,61.51,123.02
HITM0008868,HORD002834,PRD0478,3.0,111.87,335.61
HITM0008869,HORD002835,PRD0689,2.0,1240.98,2481.96
HITM0008870,HORD002835,PRD0185,1.0,575.43,575.43
HITM0008871,HORD002836,PRD0825,1.0,289.25,289.25
HITM0008872,HORD002836,PRD0605,1.0,845.14,845.14
HITM0008873,HORD002837,PRD0182,1.0,589.1,589.1
HITM0008874,HORD002838,PRD0010,1.0,15.97,15.97
HITM0008875,HORD002838,PRD0643,1.0,809.36,809.36
HITM0008876,HORD002838,PRD0808,3.0,830.41,2491.23
HITM0008877,HORD002839,PRD0680,3.0,46.75,140.25
HITM0008878,HORD002839,PRD0573,3.0,394.67,1184.01
HITM0008879,HORD002840,PRD0429,1.0,1382.07,1382.07
HITM0008880,HORD002841,PRD0953,1.0,367.94,367.94
HITM0008881,HORD002841,PRD0054,3.0,3965.82,11897.46
HITM0008882,HORD002841,PRD0420,1.0,202.02,202.02
HITM0008883,HORD002841,PRD0063,1.0,1124.17,1124.17
HITM0008884,HORD002842,PRD0390,3.0,27.7,83.1
HITM0008885,HORD002842,PRD0220,1.0,369.39,369.39
HITM0008886,HORD002842,PRD0442,1.0,1625.44,1625.44
HITM0008887,HORD002842,PRD0656,1.0,820.33,820.33
HITM0008888,HORD002843,PRD0357,1.0,193.87,193.87
HITM0008889,HORD002844,PRD0350,1.0,294.0,294.0
HITM0008890,HORD002844,PRD0754,1.0,3612.65,3612.65
HITM0008891,HORD002844,PRD0339,1.0,427.29,427.29
HITM0008892,HORD002844,PRD0572,1.0,483.42,483.42
HITM0008893,HORD002845,PRD0650,1.0,367.95,367.95
HITM0008894,HORD002845,PRD0950,1.0,321.18,321.18
HITM0008895,HORD002845,PRD0845,1.0,242.25,242.25
HITM0008896,HORD002846,PRD0988,3.0,470.37,1411.11
HITM0008897,HORD002846,PRD0058,1.0,660.96,660.96
HITM0008898,HORD002846,PRD0078,1.0,166.61,166.61
HITM0008899,HORD002846,PRD0100,1.0,122.42,122.42
HITM0008900,HORD002847,PRD0146,2.0,795.49,1590.98
HITM0008901,HORD002847,PRD0216,2.0,56.76,113.52
HITM0008902,HORD002847,PRD0150,3.0,27.72,83.16
HITM0008903,HORD002848,PRD0424,1.0,1571.65,1571.65
HITM0008904,HORD002848,PRD0431,1.0,2253.8,2253.8
HITM0008905,HORD002848,PRD0825,2.0,289.25,578.5
HITM0008906,HORD002849,PRD0841,1.0,2181.2,2181.2
HITM0008907,HORD002849,PRD0828,1.0,125.24,125.24
HITM0008908,HORD002849,PRD0010,1.0,15.97,15.97
HITM0008909,HORD002850,PRD0166,2.0,833.21,1666.42
HITM0008910,HORD002850,PRD0808,1.0,830.41,830.41
HITM0008911,HORD002850,PRD0300,1.0,30.76,30.76
HITM0008912,HORD002851,PRD0887,2.0,111.87,223.74
HITM0008913,HORD002851,PRD0474,1.0,1023.76,1023.76
HITM0008914,HORD002851,PRD0015,1.0,184.83,184.83
HITM0008915,HORD002851,PRD0988,1.0,470.37,470.37
HITM0008916,HORD002851,PRD0057,2.0,1403.88,2807.76
HITM0008917,HORD002852,PRD0370,1.0,143.48,143.48
HITM0008918,HORD002852,PRD0082,2.0,383.13,766.26
HITM0008919,HORD002852,PRD0780,3.0,191.96,575.88
HITM0008920,HORD002853,PRD0410,1.0,328.86,328.86
HITM0008921,HORD002853,PRD0045,1.0,70.08,70.08
HITM0008922,HORD002854,PRD0352,1.0,1479.5,1479.5
HITM0008923,HORD002854,PRD0278,1.0,100.15,100.15
HITM0008924,HORD002854,PRD0583,1.0,981.15,981.15
HITM0008925,HORD002855,PRD0168,1.0,325.2,325.2
HITM0008926,HORD002855,PRD0973,1.0,1395.47,1395.47
HITM0008927,HORD002855,PRD0490,3.0,20.66,61.98
HITM0008928,HORD002856,PRD0904,1.0,673.64,673.64
HITM0008929,HORD002856,PRD0857,1.0,371.03,371.03
HITM0008930,HORD002857,PRD0537,1.0,2543.03,2543.03
HITM0008931,HORD002857,PRD0852,1.0,516.19,516.19
HITM0008932,HORD002857,PRD0892,1.0,324.59,324.59
HITM0008933,HORD002858,PRD0686,1.0,791.36,791.36
HITM0008934,HORD002858,PRD0390,1.0,27.7,27.7
HITM0008935,HORD002858,PRD0460,1.0,99.79,99.79
HITM0008936,HORD002858,PRD0060,3.0,97.23,291.69
HITM0008937,HORD002859,PRD0953,1.0,367.94,367.94
HITM0008938,HORD002859,PRD0918,1.0,342.99,342.99
HITM0008939,HORD002859,PRD0460,1.0,99.79,99.79
HITM0008940,HORD002859,PRD0266,1.0,424.49,424.49
HITM0008941,HORD002860,PRD0078,1.0,166.61,166.61
HITM0008942,HORD002860,PRD0004,1.0,466.88,466.88
HITM0008943,HORD002860,PRD0030,2.0,159.51,319.02
HITM0008944,HORD002861,PRD0648,1.0,210.67,210.67
HITM0008945,HORD002861,PRD0079,1.0,994.48,994.48
HITM0008946,HORD002861,PRD0460,1.0,99.79,99.79
HITM0008947,HORD002861,PRD0790,3.0,25.52,76.56
HITM0008948,HORD002862,PRD0272,2.0,721.72,1443.44
HITM0008949,HORD002862,PRD0085,2.0,304.21,608.42
HITM0008950,HORD002862,PRD0496,1.0,176.22,176.22
HITM0008951,HORD002862,PRD0742,1.0,1512.78,1512.78
HITM0008952,HORD002863,PRD0480,2.0,37.46,74.92
HITM0008953,HORD002863,PRD0697,2.0,1104.18,2208.36
HITM0008954,HORD002863,PRD0790,1.0,25.52,25.52
HITM0008955,HORD002864,PRD0690,1.0,306.64,306.64
HITM0008956,HORD002864,PRD0049,1.0,149.55,149.55
HITM0008957,HORD002864,PRD0385,1.0,699.4,699.4
HITM0008958,HORD002864,PRD0672,1.0,527.46,527.46
HITM0008959,HORD002864,PRD0025,1.0,403.1,403.1
HITM0008960,HORD002865,PRD0019,1.0,741.78,741.78
HITM0008961,HORD002865,PRD0410,2.0,328.86,657.72
HITM0008962,HORD002865,PRD0517,1.0,1366.6,1366.6
HITM0008963,HORD002866,PRD0304,2.0,524.3,1048.6
HITM0008964,HORD002866,PRD0650,1.0,367.95,367.95
HITM0008965,HORD002866,PRD0916,1.0,265.34,265.34
HITM0008966,HORD002867,PRD0046,2.0,690.5,1381.0
HITM0008967,HORD002867,PRD0491,1.0,1093.0,1093.0
HITM0008968,HORD002867,PRD0952,1.0,982.79,982.79
HITM0008969,HORD002867,PRD0112,1.0,1193.81,1193.81
HITM0008970,HORD002867,PRD1000,1.0,364.05,364.05
HITM0008971,HORD002868,PRD0658,1.0,140.48,140.48
HITM0008972,HORD002868,PRD0075,1.0,227.56,227.56
HITM0008973,HORD002869,PRD0665,2.0,215.81,431.62
HITM0008974,HORD002869,PRD0812,3.0,1836.96,5510.88
HITM0008975,HORD002869,PRD0259,2.0,1302.81,2605.62
HITM0008976,HORD002870,PRD0088,1.0,835.18,835.18
HITM0008977,HORD002870,PRD0322,2.0,719.5,1439.0
HITM0008978,HORD002870,PRD0138,1.0,316.0,316.0
HITM0008979,HORD002871,PRD0495,1.0,617.55,617.55
HITM0008980,HORD002871,PRD0668,1.0,658.68,658.68
HITM0008981,HORD002871,PRD0699,2.0,1495.41,2990.82
HITM0008982,HORD002871,PRD0371,1.0,1060.97,1060.97
HITM0008983,HORD002871,PRD0530,2.0,376.94,753.88
HITM0008984,HORD002872,PRD0290,2.0,61.51,123.02
HITM0008985,HORD002872,PRD0093,1.0,1015.33,1015.33
HITM0008986,HORD002872,PRD0085,1.0,304.21,304.21
HITM0008987,HORD002872,PRD0653,1.0,1533.48,1533.48
HITM0008988,HORD002873,PRD0290,1.0,61.51,61.51
HITM0008989,HORD002873,PRD0011,1.0,1706.96,1706.96
HITM0008990,HORD002873,PRD0967,1.0,571.48,571.48
HITM0008991,HORD002874,PRD0339,1.0,427.29,427.29
HITM0008992,HORD002874,PRD0561,1.0,2439.38,2439.38
HITM0008993,HORD002874,PRD0685,1.0,367.73,367.73
HITM0008994,HORD002874,PRD0781,1.0,1410.25,1410.25
HITM0008995,HORD002875,PRD0110,1.0,250.51,250.51
HITM0008996,HORD002875,PRD0695,1.0,809.88,809.88
HITM0008997,HORD002876,PRD0487,2.0,1262.93,2525.86
HITM0008998,HORD002876,PRD0928,1.0,739.11,739.11
HITM0008999,HORD002876,PRD0653,1.0,1533.48,1533.48
HITM0009000,HORD002877,PRD0222,1.0,1106.86,1106.86
HITM0009001,HORD002877,PRD0440,1.0,292.13,292.13
HITM0009002,HORD002878,PRD0015,1.0,184.83,184.83
HITM0009003,HORD002879,PRD0427,1.0,1807.66,1807.66
HITM0009004,HORD002879,PRD0379,1.0,759.43,759.43
HITM0009005,HORD002879,PRD0113,2.0,605.4,1210.8
HITM0009006,HORD002880,PRD0798,1.0,902.25,902.25
HITM0009007,HORD002880,PRD0025,1.0,403.1,403.1
HITM0009008,HORD002880,PRD0570,1.0,98.43,98.43
HITM0009009,HORD002881,PRD0350,2.0,294.0,588.0
HITM0009010,HORD002882,PRD0945,2.0,888.88,1777.76
HITM0009011,HORD002882,PRD0988,3.0,470.37,1411.11
HITM0009012,HORD002882,PRD0448,2.0,67.35,134.7
HITM0009013,HORD002883,PRD0886,1.0,688.19,688.19
HITM0009014,HORD002883,PRD0145,2.0,1050.7,2101.4
HITM0009015,HORD002883,PRD0872,1.0,1715.8,1715.8
HITM0009016,HORD002884,PRD0336,1.0,823.14,823.14
HITM0009017,HORD002884,PRD0965,2.0,271.51,543.02
HITM0009018,HORD002884,PRD0401,1.0,1541.92,1541.92
HITM0009019,HORD002884,PRD0303,1.0,961.05,961.05
HITM0009020,HORD002884,PRD0245,1.0,653.23,653.23
HITM0009021,HORD002885,PRD0312,1.0,845.47,845.47
HITM0009022,HORD002886,PRD0343,3.0,1244.05,3732.15
HITM0009023,HORD002886,PRD0055,1.0,1172.72,1172.72
HITM0009024,HORD002886,PRD0839,2.0,706.25,1412.5
HITM0009025,HORD002886,PRD0805,1.0,151.93,151.93
HITM0009026,HORD002886,PRD0217,1.0,2044.02,2044.02
HITM0009027,HORD002887,PRD0640,3.0,153.76,461.28
HITM0009028,HORD002887,PRD0539,2.0,125.14,250.28
HITM0009029,HORD002887,PRD0880,1.0,263.31,263.31
HITM0009030,HORD002888,PRD0633,1.0,809.48,809.48
HITM0009031,HORD002888,PRD0096,1.0,329.23,329.23
HITM0009032,HORD002888,PRD0686,1.0,791.36,791.36
HITM0009033,HORD002888,PRD0370,1.0,143.48,143.48
HITM0009034,HORD002888,PRD0362,1.0,1501.87,1501.87
HITM0009035,HORD002889,PRD0469,1.0,1472.12,1472.12
HITM0009036,HORD002889,PRD0992,1.0,1778.47,1778.47
HITM0009037,HORD002889,PRD0510,1.0,71.92,71.92
HITM0009038,HORD002890,PRD0696,1.0,107.86,107.86
HITM0009039,HORD002890,PRD0359,2.0,169.12,338.24
HITM0009040,HORD002890,PRD0694,1.0,3973.34,3973.34
HITM0009041,HORD002890,PRD0465,1.0,1026.13,1026.13
HITM0009042,HORD002890,PRD0990,1.0,373.23,373.23
HITM0009043,HORD002891,PRD0269,1.0,514.16,514.16
HITM0009044,HORD002891,PRD0823,1.0,1081.67,1081.67
HITM0009045,HORD002891,PRD0010,1.0,15.97,15.97
HITM0009046,HORD002891,PRD0254,1.0,1660.0,1660.0
HITM0009047,HORD002892,PRD0798,1.0,902.25,902.25
HITM0009048,HORD002892,PRD0905,1.0,760.24,760.24
HITM0009049,HORD002892,PRD0700,2.0,258.76,517.52
HITM0009050,HORD002893,PRD0686,1.0,791.36,791.36
HITM0009051,HORD002893,PRD0880,1.0,263.31,263.31
HITM0009052,HORD002893,PRD0219,2.0,374.02,748.04
HITM0009053,HORD002894,PRD0045,1.0,70.08,70.08
HITM0009054,HORD002894,PRD0050,1.0,202.62,202.62
HITM0009055,HORD002894,PRD0711,1.0,2921.29,2921.29
HITM0009056,HORD002895,PRD0253,1.0,1081.02,1081.02
HITM0009057,HORD002896,PRD0861,1.0,2320.68,2320.68
HITM0009058,HORD002896,PRD0939,1.0,1091.13,1091.13
HITM0009059,HORD002897,PRD0123,1.0,322.81,322.81
HITM0009060,HORD002897,PRD0684,1.0,1584.7,1584.7
HITM0009061,HORD002897,PRD0075,1.0,227.56,227.56
HITM0009062,HORD002897,PRD0636,1.0,63.83,63.83
HITM0009063,HORD002897,PRD0727,1.0,1546.58,1546.58
HITM0009064,HORD002898,PRD0827,1.0,2008.13,2008.13
HITM0009065,HORD002898,PRD0790,1.0,25.52,25.52
HITM0009066,HORD002899,PRD0977,2.0,352.01,704.02
HITM0009067,HORD002899,PRD0154,1.0,1575.91,1575.91
HITM0009068,HORD002899,PRD0195,1.0,337.11,337.11
HITM0009069,HORD002899,PRD0178,1.0,317.56,317.56
HITM0009070,HORD002900,PRD0299,2.0,658.78,1317.56
HITM0009071,HORD002900,PRD0280,1.0,34.27,34.27
HITM0009072,HORD002900,PRD0670,1.0,85.16,85.16
HITM0009073,HORD002900,PRD0317,1.0,1875.46,1875.46
HITM0009074,HORD002901,PRD0767,1.0,122.05,122.05
HITM0009075,HORD002901,PRD0564,2.0,1250.64,2501.28
HITM0009076,HORD002901,PRD0670,1.0,85.16,85.16
HITM0009077,HORD002902,PRD0105,1.0,275.3,275.3
HITM0009078,HORD002902,PRD0853,2.0,1456.04,2912.08
HITM0009079,HORD002902,PRD0625,1.0,1041.53,1041.53
HITM0009080,HORD002902,PRD0776,2.0,486.13,972.26
HITM0009081,HORD002903,PRD0877,1.0,1300.22,1300.22
HITM0009082,HORD002903,PRD0171,1.0,1187.41,1187.41
HITM0009083,HORD002903,PRD0988,1.0,470.37,470.37
HITM0009084,HORD002903,PRD0897,1.0,2339.09,2339.09
HITM0009085,HORD002904,PRD0747,1.0,1984.91,1984.91
HITM0009086,HORD002904,PRD0977,1.0,352.01,352.01
HITM0009087,HORD002904,PRD0513,1.0,1454.2,1454.2
HITM0009088,HORD002905,PRD0601,1.0,1666.52,1666.52
HITM0009089,HORD002905,PRD0746,1.0,130.44,130.44
HITM0009090,HORD002905,PRD0843,1.0,1142.85,1142.85
HITM0009091,HORD002906,PRD0028,1.0,364.14,364.14
HITM0009092,HORD002906,PRD0928,1.0,739.11,739.11
HITM0009093,HORD002906,PRD0680,1.0,46.75,46.75
HITM0009094,HORD002907,PRD0580,1.0,76.83,76.83
HITM0009095,HORD002907,PRD0280,2.0,34.27,68.54
HITM0009096,HORD002907,PRD0263,2.0,1272.94,2545.88
HITM0009097,HORD002907,PRD0359,1.0,169.12,169.12
HITM0009098,HORD002907,PRD0965,1.0,271.51,271.51
HITM0009099,HORD002908,PRD0447,1.0,79.94,79.94
HITM0009100,HORD002908,PRD0435,2.0,540.59,1081.18
HITM0009101,HORD002908,PRD0390,1.0,27.7,27.7
HITM0009102,HORD002909,PRD0906,1.0,58.83,58.83
HITM0009103,HORD002909,PRD0970,1.0,71.64,71.64
HITM0009104,HORD002910,PRD0906,1.0,58.83,58.83
HITM0009105,HORD002911,PRD0067,2.0,638.19,1276.38
HITM0009106,HORD002912,PRD0010,1.0,15.97,15.97
HITM0009107,HORD002912,PRD0362,2.0,1501.87,3003.74
HITM0009108,HORD002913,PRD0804,1.0,1164.25,1164.25
HITM0009109,HORD002913,PRD0133,2.0,289.57,579.14
HITM0009110,HORD002913,PRD0580,1.0,76.83,76.83
HITM0009111,HORD002913,PRD0100,2.0,122.42,244.84
HITM0009112,HORD002914,PRD0018,1.0,112.62,112.62
HITM0009113,HORD002914,PRD0008,1.0,799.44,799.44
HITM0009114,HORD002914,PRD0573,2.0,394.67,789.34
HITM0009115,HORD002915,PRD0490,1.0,20.66,20.66
HITM0009116,HORD002915,PRD0405,1.0,774.44,774.44
HITM0009117,HORD002916,PRD0413,1.0,699.79,699.79
HITM0009118,HORD002916,PRD0209,1.0,1090.92,1090.92
HITM0009119,HORD002916,PRD0789,1.0,106.8,106.8
HITM0009120,HORD002917,PRD0996,1.0,654.73,654.73
HITM0009121,HORD002917,PRD0842,1.0,1682.83,1682.83
HITM0009122,HORD002917,PRD0601,1.0,1666.52,1666.52
HITM0009123,HORD002917,PRD0433,1.0,1358.38,1358.38
HITM0009124,HORD002917,PRD0134,1.0,3468.51,3468.51
HITM0009125,HORD002918,PRD0030,1.0,159.51,159.51
HITM0009126,HORD002918,PRD0011,1.0,1706.96,1706.96
HITM0009127,HORD002919,PRD0362,1.0,1501.87,1501.87
HITM0009128,HORD002919,PRD0112,1.0,1193.81,1193.81
HITM0009129,HORD002919,PRD0208,1.0,373.86,373.86
HITM0009130,HORD002919,PRD0098,1.0,149.72,149.72
HITM0009131,HORD002920,PRD0822,1.0,1127.28,1127.28
HITM0009132,HORD002920,PRD0020,1.0,153.47,153.47
HITM0009133,HORD002920,PRD0482,2.0,653.2,1306.4
HITM0009134,HORD002921,PRD0306,1.0,643.72,643.72
HITM0009135,HORD002921,PRD0249,1.0,380.08,380.08
HITM0009136,HORD002922,PRD0360,1.0,14.71,14.71
HITM0009137,HORD002922,PRD0408,2.0,680.47,1360.94
HITM0009138,HORD002922,PRD0331,1.0,1711.06,1711.06
HITM0009139,HORD002923,PRD0646,1.0,98.45,98.45
HITM0009140,HORD002923,PRD0512,2.0,1597.11,3194.22
HITM0009141,HORD002923,PRD0926,1.0,711.69,711.69
HITM0009142,HORD002924,PRD0901,3.0,1477.12,4431.36
HITM0009143,HORD002924,PRD0711,1.0,2921.29,2921.29
HITM0009144,HORD002924,PRD0659,1.0,293.62,293.62
HITM0009145,HORD002924,PRD0721,1.0,1812.9,1812.9
HITM0009146,HORD002925,PRD0106,1.0,217.23,217.23
HITM0009147,HORD002925,PRD0542,1.0,720.22,720.22
HITM0009148,HORD002925,PRD0830,1.0,87.0,87.0
HITM0009149,HORD002926,PRD0878,1.0,919.03,919.03
HITM0009150,HORD002926,PRD0238,1.0,690.75,690.75
HITM0009151,HORD002926,PRD0777,1.0,2527.82,2527.82
HITM0009152,HORD002927,PRD0636,2.0,63.83,127.66
HITM0009153,HORD002927,PRD0641,1.0,934.18,934.18
HITM0009154,HORD002928,PRD0659,1.0,293.62,293.62
HITM0009155,HORD002928,PRD0658,1.0,140.48,140.48
HITM0009156,HORD002929,PRD0589,1.0,675.7,675.7
HITM0009157,HORD002929,PRD0587,1.0,103.55,103.55
HITM0009158,HORD002930,PRD0200,1.0,279.99,279.99
HITM0009159,HORD002930,PRD0862,1.0,1387.19,1387.19
HITM0009160,HORD002930,PRD0951,1.0,1234.66,1234.66
HITM0009161,HORD002931,PRD0597,3.0,1093.56,3280.68
HITM0009162,HORD002931,PRD0256,1.0,336.19,336.19
HITM0009163,HORD002931,PRD0564,1.0,1250.64,1250.64
HITM0009164,HORD002931,PRD0018,1.0,112.62,112.62
HITM0009165,HORD002932,PRD0361,2.0,3013.48,6026.96
HITM0009166,HORD002932,PRD0043,1.0,1106.1,1106.1
HITM0009167,HORD002932,PRD0359,1.0,169.12,169.12
HITM0009168,HORD002932,PRD0198,2.0,155.28,310.56
HITM0009169,HORD002933,PRD0372,2.0,763.17,1526.34
HITM0009170,HORD002933,PRD0828,1.0,125.24,125.24
HITM0009171,HORD002934,PRD0010,2.0,15.97,31.94
HITM0009172,HORD002934,PRD0132,1.0,713.61,713.61
HITM0009173,HORD002934,PRD0327,1.0,783.26,783.26
HITM0009174,HORD002934,PRD0786,1.0,211.68,211.68
HITM0009175,HORD002934,PRD0510,1.0,71.92,71.92
HITM0009176,HORD002935,PRD0810,1.0,224.68,224.68
HITM0009177,HORD002935,PRD0431,1.0,2253.8,2253.8
HITM0009178,HORD002935,PRD0287,3.0,1873.36,5620.08
HITM0009179,HORD002936,PRD0839,1.0,706.25,706.25
HITM0009180,HORD002936,PRD0557,1.0,1855.06,1855.06
HITM0009181,HORD002936,PRD0404,1.0,3995.8,3995.8
HITM0009182,HORD002937,PRD0853,1.0,1456.04,1456.04
HITM0009183,HORD002938,PRD0075,2.0,227.56,455.12
HITM0009184,HORD002938,PRD0469,1.0,1472.12,1472.12
HITM0009185,HORD002938,PRD0771,1.0,1968.01,1968.01
HITM0009186,HORD002939,PRD0389,1.0,197.05,197.05
HITM0009187,HORD002939,PRD0970,1.0,71.64,71.64
HITM0009188,HORD002940,PRD0511,2.0,1305.5,2611.0
HITM0009189,HORD002940,PRD0205,1.0,1189.79,1189.79
HITM0009190,HORD002940,PRD0785,2.0,611.01,1222.02
HITM0009191,HORD002940,PRD0214,1.0,2414.54,2414.54
HITM0009192,HORD002941,PRD0322,1.0,719.5,719.5
HITM0009193,HORD002942,PRD0153,1.0,926.23,926.23
HITM0009194,HORD002942,PRD0583,1.0,981.15,981.15
HITM0009195,HORD002943,PRD0666,1.0,108.17,108.17
HITM0009196,HORD002943,PRD0182,1.0,589.1,589.1
HITM0009197,HORD002943,PRD0755,1.0,683.65,683.65
HITM0009198,HORD002943,PRD0953,1.0,367.94,367.94
HITM0009199,HORD002944,PRD0970,2.0,71.64,143.28
HITM0009200,HORD002944,PRD0460,2.0,99.79,199.58
HITM0009201,HORD002945,PRD0572,1.0,483.42,483.42
HITM0009202,HORD002945,PRD0228,1.0,148.71,148.71
HITM0009203,HORD002945,PRD0060,1.0,97.23,97.23
HITM0009204,HORD002946,PRD0501,1.0,1207.42,1207.42
HITM0009205,HORD002946,PRD0109,1.0,516.32,516.32
HITM0009206,HORD002946,PRD0323,1.0,786.71,786.71
HITM0009207,HORD002946,PRD0964,1.0,1397.93,1397.93
HITM0009208,HORD002947,PRD0316,1.0,28.93,28.93
HITM0009209,HORD002947,PRD0510,1.0,71.92,71.92
HITM0009210,HORD002947,PRD0699,1.0,1495.41,1495.41
HITM0009211,HORD002947,PRD0499,1.0,1327.93,1327.93
HITM0009212,HORD002947,PRD0432,1.0,1225.0,1225.0
HITM0009213,HORD002948,PRD0065,2.0,729.67,1459.34
HITM0009214,HORD002948,PRD0737,1.0,1942.18,1942.18
HITM0009215,HORD002948,PRD0496,2.0,176.22,352.44
HITM0009216,HORD002949,PRD0868,1.0,869.51,869.51
HITM0009217,HORD002950,PRD0146,1.0,795.49,795.49
HITM0009218,HORD002950,PRD0916,1.0,265.34,265.34
HITM0009219,HORD002950,PRD0400,1.0,286.55,286.55
HITM0009220,HORD002950,PRD0198,2.0,155.28,310.56
HITM0009221,HORD002950,PRD0726,1.0,620.57,620.57
HITM0009222,HORD002951,PRD0445,2.0,1141.73,2283.46
HITM0009223,HORD002951,PRD0242,2.0,1257.76,2515.52
HITM0009224,HORD002952,PRD0057,1.0,1403.88,1403.88
HITM0009225,HORD002952,PRD0986,1.0,748.03,748.03
HITM0009226,HORD002952,PRD0170,1.0,71.95,71.95
HITM0009227,HORD002952,PRD0380,1.0,117.36,117.36
HITM0009228,HORD002953,PRD0480,1.0,37.46,37.46
HITM0009229,HORD002953,PRD0817,2.0,1746.37,3492.74
HITM0009230,HORD002954,PRD0025,1.0,403.1,403.1
HITM0009231,HORD002954,PRD0476,2.0,59.63,119.26
HITM0009232,HORD002954,PRD0896,1.0,502.67,502.67
HITM0009233,HORD002954,PRD0498,1.0,753.34,753.34
HITM0009234,HORD002955,PRD0272,2.0,721.72,1443.44
HITM0009235,HORD002955,PRD0004,1.0,466.88,466.88
HITM0009236,HORD002955,PRD0793,1.0,1185.37,1185.37
HITM0009237,HORD002956,PRD0844,1.0,1996.67,1996.67
HITM0009238,HORD002956,PRD0555,1.0,407.18,407.18
HITM0009239,HORD002956,PRD0804,1.0,1164.25,1164.25
HITM0009240,HORD002956,PRD0906,1.0,58.83,58.83
HITM0009241,HORD002956,PRD0879,2.0,746.36,1492.72
HITM0009242,HORD002957,PRD0568,1.0,272.51,272.51
HITM0009243,HORD002957,PRD0378,1.0,110.97,110.97
HITM0009244,HORD002957,PRD0010,1.0,15.97,15.97
HITM0009245,HORD002957,PRD0809,1.0,929.49,929.49
HITM0009246,HORD002958,PRD0728,1.0,188.05,188.05
HITM0009247,HORD002958,PRD0390,1.0,27.7,27.7
HITM0009248,HORD002958,PRD0247,1.0,968.98,968.98
HITM0009249,HORD002959,PRD0695,3.0,809.88,2429.64
HITM0009250,HORD002959,PRD0461,1.0,2080.96,2080.96
HITM0009251,HORD002959,PRD0842,1.0,1682.83,1682.83
HITM0009252,HORD002959,PRD0053,1.0,482.7,482.7
HITM0009253,HORD002960,PRD0555,1.0,407.18,407.18
HITM0009254,HORD002960,PRD0940,1.0,139.21,139.21
HITM0009255,HORD002961,PRD0204,1.0,1433.35,1433.35
HITM0009256,HORD002961,PRD0962,1.0,1519.3,1519.3
HITM0009257,HORD002961,PRD0348,1.0,1003.34,1003.34
HITM0009258,HORD002962,PRD0490,3.0,20.66,61.98
HITM0009259,HORD002963,PRD0205,1.0,1189.79,1189.79
HITM0009260,HORD002963,PRD0507,1.0,2300.74,2300.74
HITM0009261,HORD002963,PRD0290,1.0,61.51,61.51
HITM0009262,HORD002964,PRD0401,1.0,1541.92,1541.92
HITM0009263,HORD002964,PRD0713,1.0,1533.07,1533.07
HITM0009264,HORD002964,PRD0034,1.0,1865.66,1865.66
HITM0009265,HORD002964,PRD0056,1.0,318.87,318.87
HITM0009266,HORD002965,PRD0409,1.0,1192.0,1192.0
HITM0009267,HORD002965,PRD0633,1.0,809.48,809.48
HITM0009268,HORD002965,PRD0636,1.0,63.83,63.83
HITM0009269,HORD002966,PRD0610,1.0,21.93,21.93
HITM0009270,HORD002966,PRD0930,1.0,371.97,371.97
HITM0009271,HORD002966,PRD0035,1.0,410.43,410.43
HITM0009272,HORD002966,PRD0337,1.0,92.59,92.59
HITM0009273,HORD002966,PRD0300,1.0,30.76,30.76
HITM0009274,HORD002967,PRD0963,1.0,488.16,488.16
HITM0009275,HORD002967,PRD0047,1.0,1258.28,1258.28
HITM0009276,HORD002967,PRD0722,1.0,909.76,909.76
HITM0009277,HORD002967,PRD0356,1.0,302.84,302.84
HITM0009278,HORD002968,PRD0456,1.0,417.01,417.01
HITM0009279,HORD002968,PRD0987,3.0,925.55,2776.65
HITM0009280,HORD002968,PRD0078,2.0,166.61,333.22
HITM0009281,HORD002969,PRD0286,1.0,841.61,841.61
HITM0009282,HORD002970,PRD0448,1.0,67.35,67.35
HITM0009283,HORD002970,PRD0816,1.0,354.93,354.93
HITM0009284,HORD002970,PRD0421,1.0,2504.26,2504.26
HITM0009285,HORD002970,PRD0786,1.0,211.68,211.68
HITM0009286,HORD002971,PRD0980,1.0,334.19,334.19
HITM0009287,HORD002971,PRD0554,2.0,1619.69,3239.38
HITM0009288,HORD002972,PRD0047,1.0,1258.28,1258.28
HITM0009289,HORD002972,PRD0332,1.0,560.39,560.39
HITM0009290,HORD002972,PRD0367,2.0,1853.15,3706.3
HITM0009291,HORD002973,PRD0604,1.0,1327.89,1327.89
HITM0009292,HORD002973,PRD0610,1.0,21.93,21.93
HITM0009293,HORD002973,PRD0839,1.0,706.25,706.25
HITM0009294,HORD002974,PRD0260,1.0,73.31,73.31
HITM0009295,HORD002974,PRD0952,1.0,982.79,982.79
HITM0009296,HORD002974,PRD0647,2.0,1397.05,2794.1
HITM0009297,HORD002975,PRD0180,1.0,24.86,24.86
HITM0009298,HORD002975,PRD0257,1.0,2532.59,2532.59
HITM0009299,HORD002975,PRD0138,2.0,316.0,632.0
HITM0009300,HORD002975,PRD0194,1.0,1326.23,1326.23
HITM0009301,HORD002976,PRD0670,1.0,85.16,85.16
HITM0009302,HORD002976,PRD0898,2.0,236.36,472.72
HITM0009303,HORD002976,PRD0930,1.0,371.97,371.97
HITM0009304,HORD002976,PRD0211,1.0,2411.53,2411.53
HITM0009305,HORD002977,PRD0820,1.0,95.58,95.58
HITM0009306,HORD002978,PRD0270,1.0,145.44,145.44
HITM0009307,HORD002978,PRD0088,1.0,835.18,835.18
HITM0009308,HORD002979,PRD0106,2.0,217.23,434.46
HITM0009309,HORD002979,PRD0159,1.0,1165.58,1165.58
HITM0009310,HORD002979,PRD0069,1.0,850.31,850.31
HITM0009311,HORD002979,PRD0526,1.0,149.19,149.19
HITM0009312,HORD002979,PRD0305,1.0,662.05,662.05
HITM0009313,HORD002980,PRD0657,2.0,91.2,182.4
HITM0009314,HORD002980,PRD0217,1.0,2044.02,2044.02
HITM0009315,HORD002980,PRD0895,1.0,862.99,862.99
HITM0009316,HORD002980,PRD0478,1.0,111.87,111.87
HITM0009317,HORD002980,PRD0012,1.0,1367.99,1367.99
HITM0009318,HORD002981,PRD0055,1.0,1172.72,1172.72
HITM0009319,HORD002982,PRD0588,1.0,597.66,597.66
HITM0009320,HORD002982,PRD0006,1.0,813.94,813.94
HITM0009321,HORD002982,PRD0457,1.0,2260.61,2260.61
HITM0009322,HORD002983,PRD0669,1.0,1077.89,1077.89
HITM0009323,HORD002983,PRD0142,1.0,1815.54,1815.54
HITM0009324,HORD002983,PRD0939,1.0,1091.13,1091.13
HITM0009325,HORD002983,PRD0696,2.0,107.86,215.72
HITM0009326,HORD002984,PRD0753,1.0,497.57,497.57
HITM0009327,HORD002984,PRD0905,1.0,760.24,760.24
HITM0009328,HORD002984,PRD0311,3.0,1105.19,3315.57
HITM0009329,HORD002985,PRD0599,1.0,1206.34,1206.34
HITM0009330,HORD002985,PRD0645,1.0,886.19,886.19
HITM0009331,HORD002986,PRD0682,1.0,1121.22,1121.22
HITM0009332,HORD002986,PRD0918,2.0,342.99,685.98
HITM0009333,HORD002987,PRD0703,2.0,299.48,598.96
HITM0009334,HORD002987,PRD0892,1.0,324.59,324.59
HITM0009335,HORD002987,PRD0188,1.0,604.15,604.15
HITM0009336,HORD002987,PRD0648,1.0,210.67,210.67
HITM0009337,HORD002988,PRD0946,1.0,553.66,553.66
HITM0009338,HORD002988,PRD0727,1.0,1546.58,1546.58
HITM0009339,HORD002989,PRD0340,1.0,68.17,68.17
HITM0009340,HORD002989,PRD0767,1.0,122.05,122.05
HITM0009341,HORD002989,PRD0733,1.0,894.02,894.02
HITM0009342,HORD002990,PRD0978,2.0,710.35,1420.7
HITM0009343,HORD002991,PRD0443,1.0,667.38,667.38
HITM0009344,HORD002991,PRD0408,1.0,680.47,680.47
HITM0009345,HORD002992,PRD0918,1.0,342.99,342.99
HITM0009346,HORD002992,PRD0985,2.0,750.86,1501.72
HITM0009347,HORD002992,PRD0450,1.0,138.07,138.07
HITM0009348,HORD002993,PRD0355,1.0,535.15,535.15
HITM0009349,HORD002994,PRD0259,1.0,1302.81,1302.81
HITM0009350,HORD002994,PRD0450,1.0,138.07,138.07
HITM0009351,HORD002994,PRD0470,2.0,290.42,580.84
HITM0009352,HORD002994,PRD0280,1.0,34.27,34.27
HITM0009353,HORD002995,PRD0859,1.0,870.26,870.26
HITM0009354,HORD002995,PRD0312,1.0,845.47,845.47
HITM0009355,HORD002995,PRD0483,1.0,1343.25,1343.25
HITM0009356,HORD002996,PRD0349,1.0,986.72,986.72
HITM0009357,HORD002996,PRD0118,1.0,461.86,461.86
HITM0009358,HORD002996,PRD0195,2.0,337.11,674.22
HITM0009359,HORD002996,PRD0566,2.0,47.51,95.02
HITM0009360,HORD002997,PRD0334,1.0,2364.45,2364.45
HITM0009361,HORD002997,PRD0030,1.0,159.51,159.51
HITM0009362,HORD002998,PRD0020,1.0,153.47,153.47
HITM0009363,HORD002998,PRD0655,2.0,444.01,888.02
HITM0009364,HORD002998,PRD0952,1.0,982.79,982.79
HITM0009365,HORD002998,PRD0610,1.0,21.93,21.93
HITM0009366,HORD002998,PRD0680,1.0,46.75,46.75
HITM0009367,HORD002999,PRD0603,1.0,671.51,671.51
HITM0009368,HORD002999,PRD0819,3.0,647.95,1943.85
HITM0009369,HORD002999,PRD0050,1.0,202.62,202.62
HITM0009370,HORD003000,PRD0466,2.0,283.41,566.82
HITM0009371,HORD003000,PRD0668,2.0,658.68,1317.36
HITM0009372,HORD003000,PRD0822,1.0,1127.28,1127.28
HITM0009373,HORD003001,PRD0083,1.0,719.56,719.56
HITM0009374,HORD003001,PRD0155,1.0,237.13,237.13
HITM0009375,HORD003001,PRD0278,1.0,100.15,100.15
HITM0009376,HORD003001,PRD0927,1.0,867.79,867.79
HITM0009377,HORD003002,PRD0010,1.0,15.97,15.97
HITM0009378,HORD003002,PRD0476,2.0,59.63,119.26
HITM0009379,HORD003003,PRD0474,1.0,1023.76,1023.76
HITM0009380,HORD003003,PRD0225,1.0,213.62,213.62
HITM0009381,HORD003003,PRD0541,2.0,1837.92,3675.84
HITM0009382,HORD003004,PRD0956,1.0,301.52,301.52
HITM0009383,HORD003004,PRD0892,2.0,324.59,649.18
HITM0009384,HORD003004,PRD0282,1.0,1401.95,1401.95
HITM0009385,HORD003004,PRD0266,3.0,424.49,1273.47
HITM0009386,HORD003004,PRD0556,2.0,303.66,607.32
HITM0009387,HORD003005,PRD0699,1.0,1495.41,1495.41
HITM0009388,HORD003005,PRD0803,1.0,788.9,788.9
HITM0009389,HORD003005,PRD0522,1.0,942.08,942.08
HITM0009390,HORD003005,PRD0658,2.0,140.48,280.96
HITM0009391,HORD003006,PRD0576,1.0,136.9,136.9
HITM0009392,HORD003006,PRD0839,1.0,706.25,706.25
HITM0009393,HORD003006,PRD0630,2.0,59.46,118.92
HITM0009394,HORD003006,PRD0659,1.0,293.62,293.62
HITM0009395,HORD003007,PRD0185,1.0,575.43,575.43
HITM0009396,HORD003007,PRD0088,1.0,835.18,835.18
HITM0009397,HORD003007,PRD0327,1.0,783.26,783.26
HITM0009398,HORD003007,PRD0132,1.0,713.61,713.61
HITM0009399,HORD003007,PRD0375,1.0,302.41,302.41
HITM0009400,HORD003008,PRD0461,1.0,2080.96,2080.96
HITM0009401,HORD003008,PRD0906,1.0,58.83,58.83
HITM0009402,HORD003008,PRD0416,1.0,753.43,753.43
HITM0009403,HORD003008,PRD0794,1.0,3227.51,3227.51
HITM0009404,HORD003009,PRD0097,1.0,673.56,673.56
HITM0009405,HORD003009,PRD0387,2.0,2587.59,5175.18
HITM0009406,HORD003009,PRD0892,2.0,324.59,649.18
HITM0009407,HORD003009,PRD0015,1.0,184.83,184.83
HITM0009408,HORD003009,PRD0688,1.0,231.65,231.65
HITM0009409,HORD003010,PRD0124,1.0,2036.87,2036.87
HITM0009410,HORD003010,PRD0819,1.0,647.95,647.95
HITM0009411,HORD003011,PRD0458,1.0,721.39,721.39
HITM0009412,HORD003011,PRD0199,1.0,290.9,290.9
HITM0009413,HORD003011,PRD0237,1.0,2346.84,2346.84
HITM0009414,HORD003012,PRD0208,2.0,373.86,747.72
HITM0009415,HORD003012,PRD0051,1.0,1650.3,1650.3
HITM0009416,HORD003012,PRD0942,1.0,646.79,646.79
HITM0009417,HORD003012,PRD0046,1.0,690.5,690.5
HITM0009418,HORD003013,PRD0623,1.0,292.46,292.46
HITM0009419,HORD003013,PRD0120,2.0,319.18,638.36
HITM0009420,HORD003013,PRD0451,1.0,2097.21,2097.21
HITM0009421,HORD003013,PRD0577,1.0,941.97,941.97
HITM0009422,HORD003013,PRD0111,1.0,1802.88,1802.88
HITM0009423,HORD003014,PRD0305,1.0,662.05,662.05
HITM0009424,HORD003014,PRD0778,2.0,981.57,1963.14
HITM0009425,HORD003014,PRD0514,1.0,2353.19,2353.19
HITM0009426,HORD003014,PRD0968,1.0,607.18,607.18
HITM0009427,HORD003015,PRD0159,1.0,1165.58,1165.58
HITM0009428,HORD003015,PRD0330,1.0,184.25,184.25
HITM0009429,HORD003015,PRD0279,1.0,250.57,250.57
HITM0009430,HORD003015,PRD0579,3.0,878.27,2634.81
HITM0009431,HORD003016,PRD0838,1.0,1007.36,1007.36
HITM0009432,HORD003016,PRD0138,1.0,316.0,316.0
HITM0009433,HORD003016,PRD0691,2.0,1850.74,3701.48
HITM0009434,HORD003016,PRD0700,1.0,258.76,258.76
HITM0009435,HORD003017,PRD0158,1.0,464.07,464.07
HITM0009436,HORD003017,PRD0286,2.0,841.61,1683.22
HITM0009437,HORD003017,PRD0306,2.0,643.72,1287.44
HITM0009438,HORD003017,PRD0082,1.0,383.13,383.13
HITM0009439,HORD003018,PRD0290,1.0,61.51,61.51
HITM0009440,HORD003019,PRD0209,3.0,1090.92,3272.76
HITM0009441,HORD003019,PRD0340,2.0,68.17,136.34
HITM0009442,HORD003019,PRD0986,1.0,748.03,748.03
HITM0009443,HORD003019,PRD0583,1.0,981.15,981.15
HITM0009444,HORD003020,PRD0968,1.0,607.18,607.18
HITM0009445,HORD003020,PRD0292,1.0,324.37,324.37
HITM0009446,HORD003020,PRD0520,1.0,93.98,93.98
HITM0009447,HORD003021,PRD0338,2.0,950.04,1900.08
HITM0009448,HORD003021,PRD0816,1.0,354.93,354.93
HITM0009449,HORD003022,PRD0338,2.0,950.04,1900.08
HITM0009450,HORD003022,PRD0870,1.0,285.87,285.87
HITM0009451,HORD003022,PRD0943,1.0,940.81,940.81
HITM0009452,HORD003022,PRD0392,1.0,930.86,930.86
HITM0009453,HORD003023,PRD0546,1.0,426.68,426.68
HITM0009454,HORD003023,PRD0810,1.0,224.68,224.68
HITM0009455,HORD003023,PRD0018,2.0,112.62,225.24
HITM0009456,HORD003024,PRD0421,1.0,2504.26,2504.26
HITM0009457,HORD003024,PRD0670,1.0,85.16,85.16
HITM0009458,HORD003025,PRD0942,1.0,646.79,646.79
HITM0009459,HORD003025,PRD0679,1.0,1147.59,1147.59
HITM0009460,HORD003025,PRD0368,1.0,807.79,807.79
HITM0009461,HORD003025,PRD0535,2.0,976.79,1953.58
HITM0009462,HORD003026,PRD0201,2.0,2007.57,4015.14
HITM0009463,HORD003027,PRD0142,1.0,1815.54,1815.54
HITM0009464,HORD003027,PRD0791,2.0,1863.17,3726.34
HITM0009465,HORD003027,PRD0116,1.0,466.48,466.48
HITM0009466,HORD003027,PRD0840,1.0,148.97,148.97
HITM0009467,HORD003028,PRD0666,1.0,108.17,108.17
HITM0009468,HORD003028,PRD0083,2.0,719.56,1439.12
HITM0009469,HORD003028,PRD0593,1.0,1331.28,1331.28
HITM0009470,HORD003028,PRD0303,1.0,961.05,961.05
HITM0009471,HORD003028,PRD0004,1.0,466.88,466.88
HITM0009472,HORD003029,PRD0063,1.0,1124.17,1124.17
HITM0009473,HORD003029,PRD0850,2.0,308.86,617.72
HITM0009474,HORD003029,PRD0045,2.0,70.08,140.16
HITM0009475,HORD003029,PRD0906,1.0,58.83,58.83
HITM0009476,HORD003030,PRD0963,2.0,488.16,976.32
HITM0009477,HORD003031,PRD0073,1.0,1110.47,1110.47
HITM0009478,HORD003031,PRD0889,1.0,252.57,252.57
HITM0009479,HORD003031,PRD0136,1.0,107.5,107.5
HITM0009480,HORD003031,PRD0035,1.0,410.43,410.43
HITM0009481,HORD003032,PRD0130,1.0,128.78,128.78
HITM0009482,HORD003032,PRD0212,3.0,736.5,2209.5
HITM0009483,HORD003032,PRD0140,1.0,54.35,54.35
HITM0009484,HORD003032,PRD0523,1.0,1192.94,1192.94
HITM0009485,HORD003033,PRD0658,1.0,140.48,140.48
HITM0009486,HORD003033,PRD0430,1.0,214.75,214.75
HITM0009487,HORD003033,PRD0877,1.0,1300.22,1300.22
HITM0009488,HORD003033,PRD0274,1.0,2383.39,2383.39
HITM0009489,HORD003034,PRD0783,1.0,516.28,516.28
HITM0009490,HORD003034,PRD0201,1.0,2007.57,2007.57
HITM0009491,HORD003034,PRD0171,1.0,1187.41,1187.41
HITM0009492,HORD003034,PRD0481,2.0,1297.53,2595.06
HITM0009493,HORD003035,PRD0586,1.0,450.26,450.26
HITM0009494,HORD003035,PRD0917,1.0,1550.77,1550.77
HITM0009495,HORD003035,PRD0106,1.0,217.23,217.23
HITM0009496,HORD003036,PRD0651,2.0,929.1,1858.2
HITM0009497,HORD003036,PRD0478,1.0,111.87,111.87
HITM0009498,HORD003036,PRD0473,1.0,576.89,576.89
HITM0009499,HORD003037,PRD0108,1.0,186.84,186.84
HITM0009500,HORD003037,PRD0188,1.0,604.15,604.15
HITM0009501,HORD003038,PRD0439,1.0,1119.95,1119.95
HITM0009502,HORD003038,PRD0453,1.0,934.48,934.48
HITM0009503,HORD003038,PRD0723,1.0,1236.33,1236.33
HITM0009504,HORD003039,PRD0094,1.0,1376.89,1376.89
HITM0009505,HORD003039,PRD0360,1.0,14.71,14.71
HITM0009506,HORD003039,PRD0543,1.0,398.13,398.13
HITM0009507,HORD003040,PRD0127,2.0,1805.09,3610.18
HITM0009508,HORD003041,PRD0206,1.0,673.8,673.8
HITM0009509,HORD003041,PRD0198,1.0,155.28,155.28
HITM0009510,HORD003041,PRD0830,2.0,87.0,174.0
HITM0009511,HORD003042,PRD0858,3.0,251.31,753.93
HITM0009512,HORD003042,PRD0232,1.0,306.48,306.48
HITM0009513,HORD003042,PRD0363,1.0,1523.75,1523.75
HITM0009514,HORD003043,PRD0345,2.0,927.23,1854.46
HITM0009515,HORD003043,PRD0290,1.0,61.51,61.51
HITM0009516,HORD003043,PRD0425,2.0,514.7,1029.4
HITM0009517,HORD003043,PRD0160,1.0,263.81,263.81
HITM0009518,HORD003043,PRD0800,1.0,235.68,235.68
HITM0009519,HORD003044,PRD0458,1.0,721.39,721.39
HITM0009520,HORD003044,PRD0050,1.0,202.62,202.62
HITM0009521,HORD003045,PRD0967,2.0,571.48,1142.96
HITM0009522,HORD003045,PRD0986,2.0,748.03,1496.06
HITM0009523,HORD003045,PRD0842,1.0,1682.83,1682.83
HITM0009524,HORD003046,PRD0010,2.0,15.97,31.94
HITM0009525,HORD003046,PRD0550,2.0,184.97,369.94
HITM0009526,HORD003046,PRD0810,1.0,224.68,224.68
HITM0009527,HORD003046,PRD0658,1.0,140.48,140.48
HITM0009528,HORD003046,PRD0427,1.0,1807.66,1807.66
HITM0009529,HORD003047,PRD0217,1.0,2044.02,2044.02
HITM0009530,HORD003047,PRD0210,1.0,91.62,91.62
HITM0009531,HORD003047,PRD0053,2.0,482.7,965.4
HITM0009532,HORD003048,PRD0490,1.0,20.66,20.66
HITM0009533,HORD003049,PRD0486,1.0,825.47,825.47
HITM0009534,HORD003049,PRD0514,1.0,2353.19,2353.19
HITM0009535,HORD003050,PRD0753,1.0,497.57,497.57
HITM0009536,HORD003050,PRD0496,1.0,176.22,176.22
HITM0009537,HORD003050,PRD0271,1.0,1115.7,1115.7
HITM0009538,HORD003050,PRD0235,1.0,510.44,510.44
HITM0009539,HORD003051,PRD0659,1.0,293.62,293.62
HITM0009540,HORD003051,PRD0461,3.0,2080.96,6242.88
HITM0009541,HORD003051,PRD0670,2.0,85.16,170.32
HITM0009542,HORD003052,PRD0476,1.0,59.63,59.63
HITM0009543,HORD003052,PRD0634,1.0,405.16,405.16
HITM0009544,HORD003053,PRD0034,1.0,1865.66,1865.66
HITM0009545,HORD003053,PRD0356,1.0,302.84,302.84
HITM0009546,HORD003053,PRD0187,1.0,1290.47,1290.47
HITM0009547,HORD003054,PRD0185,1.0,575.43,575.43
HITM0009548,HORD003054,PRD0010,1.0,15.97,15.97
HITM0009549,HORD003054,PRD0759,1.0,943.47,943.47
HITM0009550,HORD003055,PRD0216,1.0,56.76,56.76
HITM0009551,HORD003055,PRD0661,1.0,1397.85,1397.85
HITM0009552,HORD003055,PRD0725,2.0,821.74,1643.48
HITM0009553,HORD003056,PRD0559,1.0,899.23,899.23
HITM0009554,HORD003056,PRD0076,1.0,588.36,588.36
HITM0009555,HORD003057,PRD0182,1.0,589.1,589.1
HITM0009556,HORD003057,PRD0417,1.0,318.04,318.04
HITM0009557,HORD003057,PRD0028,2.0,364.14,728.28
HITM0009558,HORD003058,PRD0587,2.0,103.55,207.1
HITM0009559,HORD003058,PRD0836,1.0,726.47,726.47
HITM0009560,HORD003058,PRD0353,1.0,526.39,526.39
HITM0009561,HORD003059,PRD0304,1.0,524.3,524.3
HITM0009562,HORD003059,PRD0994,1.0,1974.93,1974.93
HITM0009563,HORD003060,PRD0165,1.0,722.38,722.38
HITM0009564,HORD003060,PRD0426,2.0,284.68,569.36
HITM0009565,HORD003060,PRD0224,2.0,1301.36,2602.72
HITM0009566,HORD003060,PRD0733,1.0,894.02,894.02
HITM0009567,HORD003060,PRD0347,2.0,1107.53,2215.06
HITM0009568,HORD003061,PRD0824,1.0,1637.86,1637.86
HITM0009569,HORD003061,PRD0092,3.0,1623.69,4871.07
HITM0009570,HORD003062,PRD0176,1.0,796.11,796.11
HITM0009571,HORD003062,PRD0380,1.0,117.36,117.36
HITM0009572,HORD003062,PRD0140,2.0,54.35,108.7
HITM0009573,HORD003063,PRD0767,1.0,122.05,122.05
HITM0009574,HORD003063,PRD0252,1.0,1577.09,1577.09
HITM0009575,HORD003063,PRD0696,1.0,107.86,107.86
HITM0009576,HORD003064,PRD0360,1.0,14.71,14.71
HITM0009577,HORD003064,PRD0342,1.0,1733.12,1733.12
HITM0009578,HORD003064,PRD0216,1.0,56.76,56.76
HITM0009579,HORD003065,PRD0242,1.0,1257.76,1257.76
HITM0009580,HORD003065,PRD0364,1.0,1836.13,1836.13
HITM0009581,HORD003065,PRD0770,1.0,254.66,254.66
HITM0009582,HORD003066,PRD0609,1.0,138.47,138.47
HITM0009583,HORD003067,PRD0932,2.0,1316.49,2632.98
HITM0009584,HORD003067,PRD0646,1.0,98.45,98.45
HITM0009585,HORD003067,PRD0849,1.0,1011.98,1011.98
HITM0009586,HORD003067,PRD0382,2.0,453.52,907.04
HITM0009587,HORD003068,PRD0272,1.0,721.72,721.72
HITM0009588,HORD003068,PRD0096,1.0,329.23,329.23
HITM0009589,HORD003069,PRD0396,1.0,120.07,120.07
HITM0009590,HORD003069,PRD0883,1.0,1065.61,1065.61
HITM0009591,HORD003070,PRD0338,1.0,950.04,950.04
HITM0009592,HORD003070,PRD0672,1.0,527.46,527.46
HITM0009593,HORD003070,PRD0767,1.0,122.05,122.05
HITM0009594,HORD003070,PRD0750,2.0,203.37,406.74
HITM0009595,HORD003071,PRD0728,1.0,188.05,188.05
HITM0009596,HORD003071,PRD0556,1.0,303.66,303.66
HITM0009597,HORD003071,PRD0281,2.0,1660.11,3320.22
HITM0009598,HORD003072,PRD0018,2.0,112.62,225.24
HITM0009599,HORD003072,PRD0072,2.0,1390.27,2780.54
HITM0009600,HORD003072,PRD0218,2.0,838.07,1676.14
HITM0009601,HORD003072,PRD0965,1.0,271.51,271.51
HITM0009602,HORD003073,PRD0890,2.0,273.8,547.6
HITM0009603,HORD003073,PRD0540,1.0,255.66,255.66
HITM0009604,HORD003073,PRD0312,1.0,845.47,845.47
HITM0009605,HORD003073,PRD0568,1.0,272.51,272.51
HITM0009606,HORD003074,PRD0672,1.0,527.46,527.46
HITM0009607,HORD003074,PRD0948,1.0,889.57,889.57
HITM0009608,HORD003074,PRD0640,1.0,153.76,153.76
HITM0009609,HORD003075,PRD0537,2.0,2543.03,5086.06
HITM0009610,HORD003075,PRD0102,1.0,786.59,786.59
HITM0009611,HORD003075,PRD0480,1.0,37.46,37.46
HITM0009612,HORD003075,PRD0143,1.0,1501.79,1501.79
HITM0009613,HORD003076,PRD0960,1.0,103.86,103.86
HITM0009614,HORD003076,PRD0826,2.0,272.89,545.78
HITM0009615,HORD003077,PRD0590,2.0,268.79,537.58
HITM0009616,HORD003077,PRD0355,1.0,535.15,535.15
HITM0009617,HORD003078,PRD0603,1.0,671.51,671.51
HITM0009618,HORD003078,PRD0926,2.0,711.69,1423.38
HITM0009619,HORD003078,PRD0049,1.0,149.55,149.55
HITM0009620,HORD003078,PRD0588,2.0,597.66,1195.32
HITM0009621,HORD003078,PRD0153,1.0,926.23,926.23
HITM0009622,HORD003079,PRD0496,1.0,176.22,176.22
HITM0009623,HORD003079,PRD0393,1.0,307.2,307.2
HITM0009624,HORD003080,PRD0935,1.0,249.9,249.9
HITM0009625,HORD003080,PRD0624,1.0,4074.77,4074.77
HITM0009626,HORD003080,PRD0933,1.0,1263.06,1263.06
HITM0009627,HORD003081,PRD0664,1.0,2839.43,2839.43
HITM0009628,HORD003082,PRD0188,2.0,604.15,1208.3
HITM0009629,HORD003082,PRD0477,1.0,791.3,791.3
HITM0009630,HORD003082,PRD0698,1.0,1038.35,1038.35
HITM0009631,HORD003082,PRD0393,1.0,307.2,307.2
HITM0009632,HORD003083,PRD0172,1.0,1821.63,1821.63
HITM0009633,HORD003083,PRD0506,1.0,309.66,309.66
HITM0009634,HORD003083,PRD0366,1.0,496.46,496.46
HITM0009635,HORD003083,PRD0713,1.0,1533.07,1533.07
HITM0009636,HORD003083,PRD0026,2.0,304.81,609.62
HITM0009637,HORD003084,PRD0502,3.0,1894.29,5682.87
HITM0009638,HORD003084,PRD0902,2.0,678.89,1357.78
HITM0009639,HORD003084,PRD0847,1.0,940.4,940.4
HITM0009640,HORD003084,PRD0062,1.0,1554.42,1554.42
HITM0009641,HORD003085,PRD0642,1.0,790.1,790.1
HITM0009642,HORD003085,PRD0087,3.0,2140.71,6422.13
HITM0009643,HORD003085,PRD0985,1.0,750.86,750.86
HITM0009644,HORD003085,PRD0889,1.0,252.57,252.57
HITM0009645,HORD003086,PRD0279,3.0,250.57,751.71
HITM0009646,HORD003086,PRD0685,1.0,367.73,367.73
HITM0009647,HORD003086,PRD0790,1.0,25.52,25.52
HITM0009648,HORD003087,PRD0880,1.0,263.31,263.31
HITM0009649,HORD003087,PRD0555,1.0,407.18,407.18
HITM0009650,HORD003088,PRD0942,1.0,646.79,646.79
HITM0009651,HORD003088,PRD0015,2.0,184.83,369.66
HITM0009652,HORD003088,PRD0156,1.0,681.59,681.59
HITM0009653,HORD003088,PRD0206,2.0,673.8,1347.6
HITM0009654,HORD003088,PRD0717,2.0,615.2,1230.4
HITM0009655,HORD003089,PRD0858,1.0,251.31,251.31
HITM0009656,HORD003089,PRD0968,1.0,607.18,607.18
HITM0009657,HORD003089,PRD0436,1.0,99.16,99.16
HITM0009658,HORD003090,PRD0413,1.0,699.79,699.79
HITM0009659,HORD003090,PRD0676,1.0,444.48,444.48
HITM0009660,HORD003090,PRD0637,1.0,1717.71,1717.71
HITM0009661,HORD003091,PRD0931,1.0,2080.26,2080.26
HITM0009662,HORD003091,PRD0379,1.0,759.43,759.43
HITM0009663,HORD003091,PRD0880,1.0,263.31,263.31
HITM0009664,HORD003091,PRD0463,1.0,533.33,533.33
HITM0009665,HORD003091,PRD0091,1.0,1559.91,1559.91
HITM0009666,HORD003092,PRD0388,1.0,269.65,269.65
HITM0009667,HORD003092,PRD0885,1.0,510.35,510.35
HITM0009668,HORD003092,PRD0519,1.0,1101.57,1101.57
HITM0009669,HORD003093,PRD0604,3.0,1327.89,3983.67
HITM0009670,HORD003093,PRD0916,1.0,265.34,265.34
HITM0009671,HORD003093,PRD0130,1.0,128.78,128.78
HITM0009672,HORD003094,PRD0938,2.0,857.34,1714.68
HITM0009673,HORD003094,PRD0133,1.0,289.57,289.57
HITM0009674,HORD003094,PRD0793,1.0,1185.37,1185.37
HITM0009675,HORD003095,PRD0423,1.0,731.87,731.87
HITM0009676,HORD003095,PRD0679,1.0,1147.59,1147.59
HITM0009677,HORD003095,PRD0331,1.0,1711.06,1711.06
HITM0009678,HORD003095,PRD0570,1.0,98.43,98.43
HITM0009679,HORD003096,PRD0864,1.0,2617.37,2617.37
HITM0009680,HORD003096,PRD0596,1.0,741.69,741.69
HITM0009681,HORD003096,PRD0990,2.0,373.23,746.46
HITM0009682,HORD003096,PRD0095,1.0,857.11,857.11
HITM0009683,HORD003097,PRD0586,1.0,450.26,450.26
HITM0009684,HORD003097,PRD0988,1.0,470.37,470.37
HITM0009685,HORD003097,PRD0881,1.0,1292.47,1292.47
HITM0009686,HORD003098,PRD0293,2.0,399.18,798.36
HITM0009687,HORD003098,PRD0037,1.0,109.69,109.69
HITM0009688,HORD003098,PRD0700,1.0,258.76,258.76
HITM0009689,HORD003099,PRD0018,1.0,112.62,112.62
HITM0009690,HORD003099,PRD0181,1.0,3070.56,3070.56
HITM0009691,HORD003099,PRD0660,1.0,351.34,351.34
HITM0009692,HORD003100,PRD0014,1.0,2953.53,2953.53
HITM0009693,HORD003100,PRD0822,3.0,1127.28,3381.84
HITM0009694,HORD003100,PRD0934,2.0,3943.07,7886.14
HITM0009695,HORD003100,PRD0386,1.0,109.17,109.17
HITM0009696,HORD003101,PRD0007,2.0,775.64,1551.28
HITM0009697,HORD003101,PRD0570,1.0,98.43,98.43
HITM0009698,HORD003101,PRD0496,3.0,176.22,528.66
HITM0009699,HORD003101,PRD0460,2.0,99.79,199.58
HITM0009700,HORD003101,PRD0638,2.0,248.57,497.14
HITM0009701,HORD003102,PRD0636,2.0,63.83,127.66
HITM0009702,HORD003102,PRD0827,1.0,2008.13,2008.13
HITM0009703,HORD003102,PRD0424,1.0,1571.65,1571.65
HITM0009704,HORD003103,PRD0060,1.0,97.23,97.23
HITM0009705,HORD003103,PRD0905,1.0,760.24,760.24
HITM0009706,HORD003103,PRD0626,1.0,502.49,502.49
HITM0009707,HORD003104,PRD0380,1.0,117.36,117.36
HITM0009708,HORD003104,PRD0570,1.0,98.43,98.43
HITM0009709,HORD003104,PRD0396,1.0,120.07,120.07
HITM0009710,HORD003104,PRD0476,1.0,59.63,59.63
HITM0009711,HORD003105,PRD0218,1.0,838.07,838.07
HITM0009712,HORD003105,PRD0550,1.0,184.97,184.97
HITM0009713,HORD003105,PRD0204,1.0,1433.35,1433.35
HITM0009714,HORD003106,PRD0050,1.0,202.62,202.62
HITM0009715,HORD003106,PRD0515,1.0,421.93,421.93
HITM0009716,HORD003106,PRD0699,1.0,1495.41,1495.41
HITM0009717,HORD003107,PRD0416,2.0,753.43,1506.86
HITM0009718,HORD003107,PRD0544,2.0,1918.0,3836.0
HITM0009719,HORD003107,PRD0576,2.0,136.9,273.8
HITM0009720,HORD003107,PRD0404,1.0,3995.8,3995.8
HITM0009721,HORD003108,PRD0754,1.0,3612.65,3612.65
HITM0009722,HORD003108,PRD0325,2.0,54.61,109.22
HITM0009723,HORD003108,PRD0105,2.0,275.3,550.6
HITM0009724,HORD003108,PRD0220,1.0,369.39,369.39
HITM0009725,HORD003109,PRD0383,1.0,1343.47,1343.47
HITM0009726,HORD003109,PRD0849,1.0,1011.98,1011.98
HITM0009727,HORD003110,PRD0198,1.0,155.28,155.28
HITM0009728,HORD003110,PRD0460,1.0,99.79,99.79
HITM0009729,HORD003110,PRD0218,1.0,838.07,838.07
HITM0009730,HORD003111,PRD0625,1.0,1041.53,1041.53
HITM0009731,HORD003111,PRD0097,1.0,673.56,673.56
HITM0009732,HORD003112,PRD0162,1.0,441.75,441.75
HITM0009733,HORD003113,PRD0621,1.0,1720.44,1720.44
HITM0009734,HORD003113,PRD0298,1.0,565.35,565.35
HITM0009735,HORD003113,PRD0490,1.0,20.66,20.66
HITM0009736,HORD003114,PRD0405,2.0,774.44,1548.88
HITM0009737,HORD003114,PRD0290,1.0,61.51,61.51
HITM0009738,HORD003114,PRD0110,1.0,250.51,250.51
HITM0009739,HORD003115,PRD0140,1.0,54.35,54.35
HITM0009740,HORD003115,PRD0898,1.0,236.36,236.36
HITM0009741,HORD003115,PRD0670,1.0,85.16,85.16
HITM0009742,HORD003115,PRD0459,2.0,1138.25,2276.5
HITM0009743,HORD003116,PRD0631,1.0,2799.14,2799.14
HITM0009744,HORD003116,PRD0952,2.0,982.79,1965.58
HITM0009745,HORD003116,PRD0269,1.0,514.16,514.16
HITM0009746,HORD003117,PRD0884,2.0,586.48,1172.96
HITM0009747,HORD003117,PRD0539,3.0,125.14,375.42
HITM0009748,HORD003118,PRD0953,1.0,367.94,367.94
HITM0009749,HORD003118,PRD0258,1.0,171.41,171.41
HITM0009750,HORD003118,PRD0205,1.0,1189.79,1189.79
HITM0009751,HORD003118,PRD0262,1.0,1522.38,1522.38
HITM0009752,HORD003119,PRD0477,1.0,791.3,791.3
HITM0009753,HORD003119,PRD0322,2.0,719.5,1439.0
HITM0009754,HORD003119,PRD0215,1.0,915.08,915.08
HITM0009755,HORD003119,PRD0672,1.0,527.46,527.46
HITM0009756,HORD003119,PRD0735,1.0,606.53,606.53
HITM0009757,HORD003120,PRD0887,1.0,111.87,111.87
HITM0009758,HORD003120,PRD0317,1.0,1875.46,1875.46
HITM0009759,HORD003121,PRD0139,1.0,1414.96,1414.96
HITM0009760,HORD003121,PRD0088,1.0,835.18,835.18
HITM0009761,HORD003121,PRD0818,1.0,510.62,510.62
HITM0009762,HORD003122,PRD0420,2.0,202.02,404.04
HITM0009763,HORD003122,PRD0974,1.0,2468.26,2468.26
HITM0009764,HORD003122,PRD0032,1.0,417.41,417.41
HITM0009765,HORD003122,PRD0010,1.0,15.97,15.97
HITM0009766,HORD003123,PRD0780,1.0,191.96,191.96
HITM0009767,HORD003123,PRD0500,1.0,352.58,352.58
HITM0009768,HORD003123,PRD0620,1.0,123.89,123.89
HITM0009769,HORD003123,PRD0705,1.0,1103.54,1103.54
HITM0009770,HORD003124,PRD0977,1.0,352.01,352.01
HITM0009771,HORD003124,PRD0885,1.0,510.35,510.35
HITM0009772,HORD003124,PRD0625,1.0,1041.53,1041.53
HITM0009773,HORD003124,PRD0937,1.0,983.99,983.99
HITM0009774,HORD003124,PRD0589,1.0,675.7,675.7
HITM0009775,HORD003125,PRD0157,1.0,2583.38,2583.38
HITM0009776,HORD003125,PRD0456,1.0,417.01,417.01
HITM0009777,HORD003125,PRD0089,1.0,865.25,865.25
HITM0009778,HORD003125,PRD0496,1.0,176.22,176.22
HITM0009779,HORD003126,PRD0771,1.0,1968.01,1968.01
HITM0009780,HORD003126,PRD0196,1.0,437.6,437.6
HITM0009781,HORD003127,PRD0551,2.0,2626.22,5252.44
HITM0009782,HORD003127,PRD0618,1.0,1068.97,1068.97
HITM0009783,HORD003127,PRD0480,1.0,37.46,37.46
HITM0009784,HORD003127,PRD0099,1.0,469.56,469.56
HITM0009785,HORD003128,PRD0647,1.0,1397.05,1397.05
HITM0009786,HORD003128,PRD0220,1.0,369.39,369.39
HITM0009787,HORD003128,PRD0290,1.0,61.51,61.51
HITM0009788,HORD003128,PRD0129,1.0,416.68,416.68
HITM0009789,HORD003128,PRD0335,2.0,424.96,849.92
HITM0009790,HORD003129,PRD0953,2.0,367.94,735.88
HITM0009791,HORD003129,PRD0621,1.0,1720.44,1720.44
HITM0009792,HORD003129,PRD0292,1.0,324.37,324.37
HITM0009793,HORD003130,PRD0305,1.0,662.05,662.05
HITM0009794,HORD003130,PRD0733,2.0,894.02,1788.04
HITM0009795,HORD003130,PRD0390,1.0,27.7,27.7
HITM0009796,HORD003130,PRD0675,1.0,898.47,898.47
HITM0009797,HORD003131,PRD0316,1.0,28.93,28.93
HITM0009798,HORD003131,PRD0190,1.0,417.54,417.54
HITM0009799,HORD003131,PRD0500,2.0,352.58,705.16
HITM0009800,HORD003132,PRD0227,1.0,2395.1,2395.1
HITM0009801,HORD003133,PRD0600,2.0,394.0,788.0
HITM0009802,HORD003133,PRD0092,2.0,1623.69,3247.38
HITM0009803,HORD003133,PRD0341,2.0,3051.59,6103.18
HITM0009804,HORD003133,PRD0316,1.0,28.93,28.93
HITM0009805,HORD003133,PRD0494,1.0,780.48,780.48
HITM0009806,HORD003134,PRD0481,2.0,1297.53,2595.06
HITM0009807,HORD003134,PRD0988,1.0,470.37,470.37
HITM0009808,HORD003134,PRD0539,1.0,125.14,125.14
HITM0009809,HORD003134,PRD0629,1.0,270.17,270.17
HITM0009810,HORD003135,PRD0335,1.0,424.96,424.96
HITM0009811,HORD003135,PRD0478,2.0,111.87,223.74
HITM0009812,HORD003135,PRD0332,1.0,560.39,560.39
HITM0009813,HORD003135,PRD0300,3.0,30.76,92.28
HITM0009814,HORD003136,PRD0971,1.0,1416.11,1416.11
HITM0009815,HORD003136,PRD0498,1.0,753.34,753.34
HITM0009816,HORD003136,PRD0606,1.0,721.57,721.57
HITM0009817,HORD003137,PRD0987,1.0,925.55,925.55
HITM0009818,HORD003137,PRD0853,1.0,1456.04,1456.04
HITM0009819,HORD003137,PRD0729,1.0,1008.84,1008.84
HITM0009820,HORD003137,PRD0578,1.0,856.24,856.24
HITM0009821,HORD003138,PRD0978,2.0,710.35,1420.7
HITM0009822,HORD003138,PRD0835,2.0,427.39,854.78
HITM0009823,HORD003138,PRD0778,1.0,981.57,981.57
HITM0009824,HORD003138,PRD0411,3.0,1649.5,4948.5
HITM0009825,HORD003138,PRD0097,1.0,673.56,673.56
HITM0009826,HORD003139,PRD0044,1.0,3554.03,3554.03
HITM0009827,HORD003139,PRD0678,2.0,653.14,1306.28
HITM0009828,HORD003139,PRD0154,1.0,1575.91,1575.91
HITM0009829,HORD003140,PRD0629,1.0,270.17,270.17
HITM0009830,HORD003140,PRD0748,1.0,176.05,176.05
HITM0009831,HORD003140,PRD0913,1.0,645.54,645.54
HITM0009832,HORD003141,PRD0449,1.0,227.09,227.09
HITM0009833,HORD003141,PRD0554,1.0,1619.69,1619.69
HITM0009834,HORD003142,PRD0400,1.0,286.55,286.55
HITM0009835,HORD003142,PRD0555,1.0,407.18,407.18
HITM0009836,HORD003143,PRD0089,2.0,865.25,1730.5
HITM0009837,HORD003143,PRD0630,1.0,59.46,59.46
HITM0009838,HORD003143,PRD0946,2.0,553.66,1107.32
HITM0009839,HORD003144,PRD0033,1.0,1186.21,1186.21
HITM0009840,HORD003144,PRD0879,1.0,746.36,746.36
HITM0009841,HORD003144,PRD0340,1.0,68.17,68.17
HITM0009842,HORD003144,PRD0762,1.0,1654.61,1654.61
HITM0009843,HORD003145,PRD0316,1.0,28.93,28.93
HITM0009844,HORD003145,PRD0410,1.0,328.86,328.86
HITM0009845,HORD003145,PRD0106,1.0,217.23,217.23
HITM0009846,HORD003145,PRD0040,1.0,208.06,208.06
HITM0009847,HORD003145,PRD0588,1.0,597.66,597.66
HITM0009848,HORD003146,PRD0878,1.0,919.03,919.03
HITM0009849,HORD003146,PRD0502,2.0,1894.29,3788.58
HITM0009850,HORD003146,PRD0914,1.0,3839.74,3839.74
HITM0009851,HORD003147,PRD0030,1.0,159.51,159.51
HITM0009852,HORD003147,PRD0357,2.0,193.87,387.74
HITM0009853,HORD003147,PRD0885,1.0,510.35,510.35
HITM0009854,HORD003148,PRD0624,1.0,4074.77,4074.77
HITM0009855,HORD003148,PRD0796,1.0,830.56,830.56
HITM0009856,HORD003149,PRD0467,1.0,1705.11,1705.11
HITM0009857,HORD003149,PRD0850,1.0,308.86,308.86
HITM0009858,HORD003149,PRD0913,1.0,645.54,645.54
HITM0009859,HORD003150,PRD0973,2.0,1395.47,2790.94
HITM0009860,HORD003150,PRD0638,1.0,248.57,248.57
HITM0009861,HORD003151,PRD0154,1.0,1575.91,1575.91
HITM0009862,HORD003151,PRD0677,1.0,2307.95,2307.95
HITM0009863,HORD003151,PRD0031,3.0,2166.94,6500.82
HITM0009864,HORD003152,PRD0838,3.0,1007.36,3022.08
HITM0009865,HORD003152,PRD0900,1.0,274.2,274.2
HITM0009866,HORD003152,PRD0974,1.0,2468.26,2468.26
HITM0009867,HORD003153,PRD0506,1.0,309.66,309.66
HITM0009868,HORD003153,PRD0835,1.0,427.39,427.39
HITM0009869,HORD003153,PRD0720,1.0,261.71,261.71
HITM0009870,HORD003154,PRD0549,1.0,1361.68,1361.68
HITM0009871,HORD003154,PRD0825,1.0,289.25,289.25
HITM0009872,HORD003154,PRD0316,1.0,28.93,28.93
HITM0009873,HORD003154,PRD0147,1.0,94.45,94.45
HITM0009874,HORD003154,PRD0409,1.0,1192.0,1192.0
HITM0009875,HORD003155,PRD0533,2.0,1215.39,2430.78
HITM0009876,HORD003155,PRD0789,1.0,106.8,106.8
HITM0009877,HORD003156,PRD0940,1.0,139.21,139.21
HITM0009878,HORD003156,PRD0380,1.0,117.36,117.36
HITM0009879,HORD003156,PRD0638,1.0,248.57,248.57
HITM0009880,HORD003157,PRD0569,1.0,965.49,965.49
HITM0009881,HORD003157,PRD0462,1.0,1259.7,1259.7
HITM0009882,HORD003158,PRD0840,1.0,148.97,148.97
HITM0009883,HORD003159,PRD0256,1.0,336.19,336.19
HITM0009884,HORD003159,PRD0001,1.0,942.83,942.83
HITM0009885,HORD003159,PRD0431,1.0,2253.8,2253.8
HITM0009886,HORD003159,PRD0881,2.0,1292.47,2584.94
HITM0009887,HORD003160,PRD0912,1.0,1809.29,1809.29
HITM0009888,HORD003160,PRD0741,2.0,2451.18,4902.36
HITM0009889,HORD003160,PRD0296,1.0,366.63,366.63
HITM0009890,HORD003161,PRD0674,1.0,2346.31,2346.31
HITM0009891,HORD003161,PRD0417,1.0,318.04,318.04
HITM0009892,HORD003162,PRD0198,1.0,155.28,155.28
HITM0009893,HORD003162,PRD0431,1.0,2253.8,2253.8
HITM0009894,HORD003163,PRD0516,1.0,565.33,565.33
HITM0009895,HORD003163,PRD0646,1.0,98.45,98.45
HITM0009896,HORD003163,PRD0875,1.0,916.11,916.11
HITM0009897,HORD003163,PRD0094,2.0,1376.89,2753.78
HITM0009898,HORD003163,PRD0025,1.0,403.1,403.1
HITM0009899,HORD003164,PRD0811,1.0,1292.11,1292.11
HITM0009900,HORD003164,PRD0846,2.0,808.25,1616.5
HITM0009901,HORD003164,PRD0157,1.0,2583.38,2583.38
HITM0009902,HORD003164,PRD0882,1.0,366.62,366.62
HITM0009903,HORD003165,PRD0871,2.0,2970.68,5941.36
HITM0009904,HORD003165,PRD0068,1.0,190.2,190.2
HITM0009905,HORD003165,PRD0977,1.0,352.01,352.01
HITM0009906,HORD003165,PRD0639,1.0,1043.97,1043.97
HITM0009907,HORD003166,PRD0330,1.0,184.25,184.25
HITM0009908,HORD003166,PRD0896,2.0,502.67,1005.34
HITM0009909,HORD003166,PRD0265,1.0,255.41,255.41
HITM0009910,HORD003167,PRD0442,1.0,1625.44,1625.44
HITM0009911,HORD003167,PRD0431,1.0,2253.8,2253.8
HITM0009912,HORD003168,PRD0269,1.0,514.16,514.16
HITM0009913,HORD003169,PRD0186,1.0,223.64,223.64
HITM0009914,HORD003169,PRD0827,1.0,2008.13,2008.13
HITM0009915,HORD003169,PRD0837,1.0,333.32,333.32
HITM0009916,HORD003169,PRD0573,2.0,394.67,789.34
HITM0009917,HORD003169,PRD0114,1.0,2615.62,2615.62
HITM0009918,HORD003170,PRD0804,2.0,1164.25,2328.5
HITM0009919,HORD003170,PRD0347,1.0,1107.53,1107.53
HITM0009920,HORD003170,PRD0863,1.0,1009.18,1009.18
HITM0009921,HORD003171,PRD0290,1.0,61.51,61.51
HITM0009922,HORD003172,PRD0091,1.0,1559.91,1559.91
HITM0009923,HORD003172,PRD0963,2.0,488.16,976.32
HITM0009924,HORD003172,PRD0536,1.0,616.08,616.08
HITM0009925,HORD003173,PRD0112,2.0,1193.81,2387.62
HITM0009926,HORD003173,PRD0180,1.0,24.86,24.86
HITM0009927,HORD003173,PRD0095,1.0,857.11,857.11
HITM0009928,HORD003173,PRD0108,1.0,186.84,186.84
HITM0009929,HORD003173,PRD0256,1.0,336.19,336.19
HITM0009930,HORD003174,PRD0366,3.0,496.46,1489.38
HITM0009931,HORD003174,PRD0918,1.0,342.99,342.99
HITM0009932,HORD003174,PRD0031,1.0,2166.94,2166.94
HITM0009933,HORD003175,PRD0429,1.0,1382.07,1382.07
HITM0009934,HORD003176,PRD0644,1.0,3489.22,3489.22
HITM0009935,HORD003176,PRD0144,1.0,1126.55,1126.55
HITM0009936,HORD003176,PRD0625,1.0,1041.53,1041.53
HITM0009937,HORD003177,PRD0360,1.0,14.71,14.71
HITM0009938,HORD003177,PRD0760,1.0,405.95,405.95
HITM0009939,HORD003177,PRD0715,3.0,343.66,1030.98
HITM0009940,HORD003177,PRD0023,1.0,965.26,965.26
HITM0009941,HORD003178,PRD0707,1.0,1911.85,1911.85
HITM0009942,HORD003178,PRD0057,2.0,1403.88,2807.76
HITM0009943,HORD003178,PRD0906,1.0,58.83,58.83
HITM0009944,HORD003178,PRD0888,1.0,183.72,183.72
HITM0009945,HORD003179,PRD0142,1.0,1815.54,1815.54
HITM0009946,HORD003179,PRD0650,2.0,367.95,735.9
HITM0009947,HORD003179,PRD0070,1.0,283.3,283.3
HITM0009948,HORD003179,PRD0555,1.0,407.18,407.18
HITM0009949,HORD003180,PRD0893,1.0,434.15,434.15
HITM0009950,HORD003181,PRD0881,1.0,1292.47,1292.47
HITM0009951,HORD003181,PRD0620,2.0,123.89,247.78
HITM0009952,HORD003181,PRD0619,1.0,180.89,180.89
HITM0009953,HORD003181,PRD0450,2.0,138.07,276.14
HITM0009954,HORD003182,PRD0388,1.0,269.65,269.65
HITM0009955,HORD003182,PRD0782,1.0,1330.98,1330.98
HITM0009956,HORD003182,PRD0959,1.0,198.15,198.15
HITM0009957,HORD003183,PRD0143,1.0,1501.79,1501.79
HITM0009958,HORD003183,PRD0803,1.0,788.9,788.9
HITM0009959,HORD003183,PRD0661,1.0,1397.85,1397.85
HITM0009960,HORD003183,PRD0309,1.0,335.12,335.12
HITM0009961,HORD003183,PRD0476,1.0,59.63,59.63
HITM0009962,HORD003184,PRD0577,1.0,941.97,941.97
HITM0009963,HORD003184,PRD0152,2.0,476.3,952.6
HITM0009964,HORD003185,PRD0785,1.0,611.01,611.01
HITM0009965,HORD003185,PRD0235,1.0,510.44,510.44
HITM0009966,HORD003185,PRD0850,2.0,308.86,617.72
HITM0009967,HORD003186,PRD0508,2.0,637.75,1275.5
HITM0009968,HORD003186,PRD0612,1.0,471.59,471.59
HITM0009969,HORD003187,PRD0010,2.0,15.97,31.94
HITM0009970,HORD003187,PRD0350,2.0,294.0,588.0
HITM0009971,HORD003187,PRD0780,2.0,191.96,383.92
HITM0009972,HORD003187,PRD0858,2.0,251.31,502.62
HITM0009973,HORD003187,PRD0180,3.0,24.86,74.58
HITM0009974,HORD003188,PRD0164,1.0,1852.48,1852.48
HITM0009975,HORD003188,PRD0741,1.0,2451.18,2451.18
HITM0009976,HORD003189,PRD0077,2.0,966.88,1933.76
HITM0009977,HORD003189,PRD0391,3.0,1089.38,3268.14
HITM0009978,HORD003189,PRD0568,2.0,272.51,545.02
HITM0009979,HORD003189,PRD0215,2.0,915.08,1830.16
HITM0009980,HORD003189,PRD0502,1.0,1894.29,1894.29
HITM0009981,HORD003190,PRD0900,2.0,274.2,548.4
HITM0009982,HORD003190,PRD0068,1.0,190.2,190.2
HITM0009983,HORD003191,PRD0515,1.0,421.93,421.93
HITM0009984,HORD003191,PRD0930,1.0,371.97,371.97
HITM0009985,HORD003192,PRD0491,1.0,1093.0,1093.0
HITM0009986,HORD003192,PRD0147,1.0,94.45,94.45
HITM0009987,HORD003193,PRD0436,1.0,99.16,99.16
HITM0009988,HORD003193,PRD0270,2.0,145.44,290.88
HITM0009989,HORD003193,PRD0098,1.0,149.72,149.72
HITM0009990,HORD003194,PRD0357,2.0,193.87,387.74
HITM0009991,HORD003194,PRD0945,1.0,888.88,888.88
HITM0009992,HORD003195,PRD0224,2.0,1301.36,2602.72
HITM0009993,HORD003195,PRD0016,1.0,348.79,348.79
HITM0009994,HORD003195,PRD0376,1.0,804.1,804.1
HITM0009995,HORD003195,PRD0667,2.0,424.48,848.96
HITM0009996,HORD003195,PRD0033,1.0,1186.21,1186.21
HITM0009997,HORD003196,PRD0295,1.0,606.51,606.51
HITM0009998,HORD003196,PRD0019,1.0,741.78,741.78
HITM0009999,HORD003196,PRD0390,1.0,27.7,27.7
HITM0010000,HORD003196,PRD0984,1.0,759.8,759.8
HITM0010001,HORD003196,PRD0057,1.0,1403.88,1403.88
HITM0010002,HORD003197,PRD0162,1.0,441.75,441.75
HITM0010003,HORD003197,PRD0123,1.0,322.81,322.81
HITM0010004,HORD003197,PRD0538,1.0,930.3,930.3
HITM0010005,HORD003198,PRD0784,1.0,3454.65,3454.65
HITM0010006,HORD003198,PRD0970,1.0,71.64,71.64
HITM0010007,HORD003198,PRD0319,2.0,1203.94,2407.88
HITM0010008,HORD003198,PRD0371,1.0,1060.97,1060.97
HITM0010009,HORD003199,PRD0149,1.0,217.37,217.37
HITM0010010,HORD003199,PRD0267,1.0,1252.5,1252.5
HITM0010011,HORD003200,PRD0293,1.0,399.18,399.18
HITM0010012,HORD003201,PRD0712,1.0,1113.98,1113.98
HITM0010013,HORD003201,PRD0239,1.0,1256.88,1256.88
HITM0010014,HORD003201,PRD0075,1.0,227.56,227.56
HITM0010015,HORD003202,PRD0646,1.0,98.45,98.45
HITM0010016,HORD003202,PRD0270,1.0,145.44,145.44
HITM0010017,HORD003202,PRD0717,1.0,615.2,615.2
HITM0010018,HORD003203,PRD0332,1.0,560.39,560.39
HITM0010019,HORD003203,PRD0325,1.0,54.61,54.61
HITM0010020,HORD003203,PRD0078,1.0,166.61,166.61
HITM0010021,HORD003204,PRD0099,1.0,469.56,469.56
HITM0010022,HORD003204,PRD0436,1.0,99.16,99.16
HITM0010023,HORD003204,PRD0068,1.0,190.2,190.2
HITM0010024,HORD003205,PRD0823,1.0,1081.67,1081.67
HITM0010025,HORD003205,PRD0388,3.0,269.65,808.95
HITM0010026,HORD003206,PRD0082,1.0,383.13,383.13
HITM0010027,HORD003206,PRD0348,3.0,1003.34,3010.02
HITM0010028,HORD003206,PRD0353,1.0,526.39,526.39
HITM0010029,HORD003207,PRD0730,1.0,394.42,394.42
HITM0010030,HORD003207,PRD0610,3.0,21.93,65.79
HITM0010031,HORD003207,PRD0598,1.0,929.85,929.85
HITM0010032,HORD003207,PRD0031,1.0,2166.94,2166.94
HITM0010033,HORD003208,PRD0187,1.0,1290.47,1290.47
HITM0010034,HORD003209,PRD0034,2.0,1865.66,3731.32
HITM0010035,HORD003209,PRD0114,1.0,2615.62,2615.62
HITM0010036,HORD003209,PRD0970,1.0,71.64,71.64
HITM0010037,HORD003210,PRD0858,1.0,251.31,251.31
HITM0010038,HORD003210,PRD0351,1.0,1873.03,1873.03
HITM0010039,HORD003211,PRD0977,1.0,352.01,352.01
HITM0010040,HORD003211,PRD0638,1.0,248.57,248.57
HITM0010041,HORD003211,PRD0589,1.0,675.7,675.7
HITM0010042,HORD003212,PRD0405,2.0,774.44,1548.88
HITM0010043,HORD003212,PRD0080,1.0,390.63,390.63
HITM0010044,HORD003212,PRD0189,1.0,1154.51,1154.51
HITM0010045,HORD003213,PRD0316,3.0,28.93,86.79
HITM0010046,HORD003213,PRD0980,1.0,334.19,334.19
HITM0010047,HORD003213,PRD0142,1.0,1815.54,1815.54
HITM0010048,HORD003213,PRD0741,2.0,2451.18,4902.36
HITM0010049,HORD003214,PRD0943,1.0,940.81,940.81
HITM0010050,HORD003214,PRD0222,1.0,1106.86,1106.86
HITM0010051,HORD003214,PRD0191,1.0,1045.12,1045.12
HITM0010052,HORD003214,PRD0300,3.0,30.76,92.28
HITM0010053,HORD003215,PRD0520,1.0,93.98,93.98
HITM0010054,HORD003215,PRD0589,3.0,675.7,2027.1
HITM0010055,HORD003215,PRD0911,3.0,1436.52,4309.56
HITM0010056,HORD003216,PRD0750,3.0,203.37,610.11
HITM0010057,HORD003216,PRD0626,1.0,502.49,502.49
HITM0010058,HORD003217,PRD0604,2.0,1327.89,2655.78
HITM0010059,HORD003217,PRD0309,1.0,335.12,335.12
HITM0010060,HORD003217,PRD0689,3.0,1240.98,3722.94
HITM0010061,HORD003217,PRD0045,1.0,70.08,70.08
HITM0010062,HORD003218,PRD0396,1.0,120.07,120.07
HITM0010063,HORD003218,PRD0027,1.0,1635.42,1635.42
HITM0010064,HORD003218,PRD0488,1.0,482.8,482.8
HITM0010065,HORD003218,PRD0123,1.0,322.81,322.81
HITM0010066,HORD003218,PRD0700,1.0,258.76,258.76
HITM0010067,HORD003219,PRD0265,1.0,255.41,255.41
HITM0010068,HORD003219,PRD0783,1.0,516.28,516.28
HITM0010069,HORD003219,PRD0918,2.0,342.99,685.98
HITM0010070,HORD003219,PRD0948,2.0,889.57,1779.14
HITM0010071,HORD003220,PRD0630,1.0,59.46,59.46
HITM0010072,HORD003220,PRD0111,2.0,1802.88,3605.76
HITM0010073,HORD003220,PRD0132,1.0,713.61,713.61
HITM0010074,HORD003221,PRD0677,1.0,2307.95,2307.95
HITM0010075,HORD003221,PRD0816,1.0,354.93,354.93
HITM0010076,HORD003221,PRD0163,1.0,1539.62,1539.62
HITM0010077,HORD003222,PRD0490,1.0,20.66,20.66
HITM0010078,HORD003222,PRD0356,2.0,302.84,605.68
HITM0010079,HORD003222,PRD0407,1.0,1547.38,1547.38
HITM0010080,HORD003222,PRD0436,2.0,99.16,198.32
HITM0010081,HORD003222,PRD0798,1.0,902.25,902.25
HITM0010082,HORD003223,PRD0081,3.0,2768.19,8304.57
HITM0010083,HORD003224,PRD0197,1.0,1349.02,1349.02
HITM0010084,HORD003224,PRD0068,1.0,190.2,190.2
HITM0010085,HORD003224,PRD0624,1.0,4074.77,4074.77
HITM0010086,HORD003225,PRD0306,1.0,643.72,643.72
HITM0010087,HORD003225,PRD0055,1.0,1172.72,1172.72
HITM0010088,HORD003225,PRD0675,1.0,898.47,898.47
HITM0010089,HORD003226,PRD0770,1.0,254.66,254.66
HITM0010090,HORD003226,PRD0549,1.0,1361.68,1361.68
HITM0010091,HORD003227,PRD0370,2.0,143.48,286.96
HITM0010092,HORD003227,PRD0910,3.0,202.66,607.98
HITM0010093,HORD003227,PRD0189,2.0,1154.51,2309.02
HITM0010094,HORD003228,PRD0576,1.0,136.9,136.9
HITM0010095,HORD003228,PRD0255,2.0,783.42,1566.84
HITM0010096,HORD003228,PRD0188,1.0,604.15,604.15
HITM0010097,HORD003228,PRD0414,1.0,2790.14,2790.14
HITM0010098,HORD003229,PRD0544,1.0,1918.0,1918.0
HITM0010099,HORD003229,PRD0516,1.0,565.33,565.33
HITM0010100,HORD003229,PRD0386,1.0,109.17,109.17
HITM0010101,HORD003230,PRD0163,1.0,1539.62,1539.62
HITM0010102,HORD003230,PRD0550,1.0,184.97,184.97
HITM0010103,HORD003230,PRD0902,1.0,678.89,678.89
HITM0010104,HORD003230,PRD0604,1.0,1327.89,1327.89
HITM0010105,HORD003231,PRD0728,1.0,188.05,188.05
HITM0010106,HORD003231,PRD0542,1.0,720.22,720.22
HITM0010107,HORD003231,PRD0563,1.0,270.8,270.8
HITM0010108,HORD003231,PRD0396,1.0,120.07,120.07
HITM0010109,HORD003232,PRD0421,1.0,2504.26,2504.26
HITM0010110,HORD003232,PRD0332,2.0,560.39,1120.78
HITM0010111,HORD003232,PRD0390,1.0,27.7,27.7
HITM0010112,HORD003233,PRD0510,1.0,71.92,71.92
HITM0010113,HORD003233,PRD0223,1.0,427.66,427.66
HITM0010114,HORD003233,PRD0543,1.0,398.13,398.13
HITM0010115,HORD003234,PRD0346,1.0,692.97,692.97
HITM0010116,HORD003234,PRD0431,1.0,2253.8,2253.8
HITM0010117,HORD003234,PRD0342,2.0,1733.12,3466.24
HITM0010118,HORD003235,PRD0485,1.0,518.63,518.63
HITM0010119,HORD003236,PRD0011,1.0,1706.96,1706.96
HITM0010120,HORD003237,PRD0785,1.0,611.01,611.01
HITM0010121,HORD003237,PRD0337,1.0,92.59,92.59
HITM0010122,HORD003237,PRD0253,1.0,1081.02,1081.02
HITM0010123,HORD003237,PRD0490,3.0,20.66,61.98
HITM0010124,HORD003238,PRD0388,2.0,269.65,539.3
HITM0010125,HORD003238,PRD0010,1.0,15.97,15.97
HITM0010126,HORD003238,PRD0572,1.0,483.42,483.42
HITM0010127,HORD003238,PRD0550,1.0,184.97,184.97
HITM0010128,HORD003238,PRD0705,2.0,1103.54,2207.08
HITM0010129,HORD003239,PRD0923,1.0,283.84,283.84
HITM0010130,HORD003239,PRD0100,1.0,122.42,122.42
HITM0010131,HORD003239,PRD0963,1.0,488.16,488.16
HITM0010132,HORD003239,PRD0712,1.0,1113.98,1113.98
HITM0010133,HORD003240,PRD0425,1.0,514.7,514.7
HITM0010134,HORD003240,PRD0767,1.0,122.05,122.05
HITM0010135,HORD003240,PRD0600,1.0,394.0,394.0
HITM0010136,HORD003240,PRD0450,3.0,138.07,414.21
HITM0010137,HORD003240,PRD0132,1.0,713.61,713.61
HITM0010138,HORD003241,PRD0019,1.0,741.78,741.78
HITM0010139,HORD003241,PRD0457,1.0,2260.61,2260.61
HITM0010140,HORD003241,PRD0478,1.0,111.87,111.87
HITM0010141,HORD003242,PRD0823,1.0,1081.67,1081.67
HITM0010142,HORD003242,PRD0113,2.0,605.4,1210.8
HITM0010143,HORD003242,PRD0500,1.0,352.58,352.58
HITM0010144,HORD003243,PRD0177,1.0,500.75,500.75
HITM0010145,HORD003243,PRD0388,1.0,269.65,269.65
HITM0010146,HORD003243,PRD0316,1.0,28.93,28.93
HITM0010147,HORD003243,PRD0931,2.0,2080.26,4160.52
HITM0010148,HORD003244,PRD0866,2.0,328.46,656.92
HITM0010149,HORD003244,PRD0990,1.0,373.23,373.23
HITM0010150,HORD003244,PRD0911,1.0,1436.52,1436.52
HITM0010151,HORD003244,PRD0610,1.0,21.93,21.93
HITM0010152,HORD003245,PRD0706,2.0,746.72,1493.44
HITM0010153,HORD003245,PRD0095,1.0,857.11,857.11
HITM0010154,HORD003245,PRD0012,2.0,1367.99,2735.98
HITM0010155,HORD003246,PRD0983,1.0,493.01,493.01
HITM0010156,HORD003246,PRD0650,2.0,367.95,735.9
HITM0010157,HORD003246,PRD0288,1.0,171.9,171.9
HITM0010158,HORD003247,PRD0194,2.0,1326.23,2652.46
HITM0010159,HORD003247,PRD0503,1.0,866.27,866.27
HITM0010160,HORD003247,PRD0484,1.0,1275.63,1275.63
HITM0010161,HORD003247,PRD0841,1.0,2181.2,2181.2
HITM0010162,HORD003248,PRD0836,1.0,726.47,726.47
HITM0010163,HORD003248,PRD0049,1.0,149.55,149.55
HITM0010164,HORD003248,PRD0069,1.0,850.31,850.31
HITM0010165,HORD003249,PRD0834,1.0,2476.82,2476.82
HITM0010166,HORD003249,PRD0866,2.0,328.46,656.92
HITM0010167,HORD003249,PRD0846,1.0,808.25,808.25
HITM0010168,HORD003250,PRD0970,2.0,71.64,143.28
HITM0010169,HORD003250,PRD0854,1.0,386.3,386.3
HITM0010170,HORD003250,PRD0082,1.0,383.13,383.13
HITM0010171,HORD003250,PRD0555,1.0,407.18,407.18
HITM0010172,HORD003251,PRD0306,2.0,643.72,1287.44
HITM0010173,HORD003251,PRD0483,2.0,1343.25,2686.5
HITM0010174,HORD003252,PRD0912,1.0,1809.29,1809.29
HITM0010175,HORD003252,PRD0357,1.0,193.87,193.87
HITM0010176,HORD003252,PRD0049,1.0,149.55,149.55
HITM0010177,HORD003252,PRD0610,2.0,21.93,43.86
HITM0010178,HORD003253,PRD0471,1.0,2346.96,2346.96
HITM0010179,HORD003253,PRD0064,1.0,3819.98,3819.98
HITM0010180,HORD003253,PRD0715,1.0,343.66,343.66
HITM0010181,HORD003253,PRD0748,1.0,176.05,176.05
HITM0010182,HORD003253,PRD0258,3.0,171.41,514.23
HITM0010183,HORD003254,PRD0511,1.0,1305.5,1305.5
HITM0010184,HORD003254,PRD0481,1.0,1297.53,1297.53
HITM0010185,HORD003254,PRD0124,1.0,2036.87,2036.87
HITM0010186,HORD003254,PRD0066,2.0,331.96,663.92
HITM0010187,HORD003255,PRD0509,1.0,866.14,866.14
HITM0010188,HORD003255,PRD0503,1.0,866.27,866.27
HITM0010189,HORD003255,PRD0281,1.0,1660.11,1660.11
HITM0010190,HORD003256,PRD0376,1.0,804.1,804.1
HITM0010191,HORD003256,PRD0619,1.0,180.89,180.89
HITM0010192,HORD003257,PRD0869,1.0,1409.61,1409.61
HITM0010193,HORD003257,PRD0894,1.0,1604.45,1604.45
HITM0010194,HORD003257,PRD0621,1.0,1720.44,1720.44
HITM0010195,HORD003258,PRD0229,1.0,412.68,412.68
HITM0010196,HORD003258,PRD0051,1.0,1650.3,1650.3
HITM0010197,HORD003258,PRD0396,1.0,120.07,120.07
HITM0010198,HORD003258,PRD0688,1.0,231.65,231.65
HITM0010199,HORD003259,PRD0272,2.0,721.72,1443.44
HITM0010200,HORD003259,PRD0746,3.0,130.44,391.32
HITM0010201,HORD003259,PRD0580,1.0,76.83,76.83
HITM0010202,HORD003259,PRD0312,3.0,845.47,2536.41
HITM0010203,HORD003260,PRD0041,1.0,2120.5,2120.5
HITM0010204,HORD003261,PRD0843,1.0,1142.85,1142.85
HITM0010205,HORD003261,PRD0811,1.0,1292.11,1292.11
HITM0010206,HORD003262,PRD0804,1.0,1164.25,1164.25
HITM0010207,HORD003262,PRD0339,1.0,427.29,427.29
HITM0010208,HORD003263,PRD0410,1.0,328.86,328.86
HITM0010209,HORD003263,PRD0945,1.0,888.88,888.88
HITM0010210,HORD003263,PRD0204,1.0,1433.35,1433.35
HITM0010211,HORD003264,PRD0937,1.0,983.99,983.99
HITM0010212,HORD003264,PRD0348,1.0,1003.34,1003.34
HITM0010213,HORD003265,PRD0480,1.0,37.46,37.46
HITM0010214,HORD003266,PRD0511,1.0,1305.5,1305.5
HITM0010215,HORD003266,PRD0990,1.0,373.23,373.23
HITM0010216,HORD003266,PRD0453,1.0,934.48,934.48
HITM0010217,HORD003266,PRD0848,1.0,503.4,503.4
HITM0010218,HORD003267,PRD0450,1.0,138.07,138.07
HITM0010219,HORD003267,PRD0149,1.0,217.37,217.37
HITM0010220,HORD003267,PRD0492,1.0,1490.94,1490.94
HITM0010221,HORD003268,PRD0982,1.0,921.88,921.88
HITM0010222,HORD003268,PRD0906,1.0,58.83,58.83
HITM0010223,HORD003268,PRD0169,1.0,1057.68,1057.68
HITM0010224,HORD003268,PRD0198,1.0,155.28,155.28
HITM0010225,HORD003269,PRD0640,1.0,153.76,153.76
HITM0010226,HORD003269,PRD0928,1.0,739.11,739.11
HITM0010227,HORD003269,PRD0050,1.0,202.62,202.62
HITM0010228,HORD003269,PRD0761,1.0,965.07,965.07
HITM0010229,HORD003270,PRD0082,2.0,383.13,766.26
HITM0010230,HORD003270,PRD0657,1.0,91.2,91.2
HITM0010231,HORD003271,PRD0360,1.0,14.71,14.71
HITM0010232,HORD003271,PRD0060,1.0,97.23,97.23
HITM0010233,HORD003271,PRD0548,1.0,181.04,181.04
HITM0010234,HORD003272,PRD0990,2.0,373.23,746.46
HITM0010235,HORD003272,PRD0821,1.0,1191.59,1191.59
HITM0010236,HORD003272,PRD0629,2.0,270.17,540.34
HITM0010237,HORD003273,PRD0711,2.0,2921.29,5842.58
HITM0010238,HORD003273,PRD0642,3.0,790.1,2370.3
HITM0010239,HORD003273,PRD0802,2.0,1342.26,2684.52
HITM0010240,HORD003274,PRD0608,2.0,772.25,1544.5
HITM0010241,HORD003274,PRD0039,1.0,980.04,980.04
HITM0010242,HORD003274,PRD0004,1.0,466.88,466.88
HITM0010243,HORD003275,PRD0656,1.0,820.33,820.33
HITM0010244,HORD003275,PRD0329,2.0,1082.5,2165.0
HITM0010245,HORD003275,PRD0976,1.0,348.6,348.6
HITM0010246,HORD003275,PRD0193,1.0,609.21,609.21
HITM0010247,HORD003275,PRD0436,1.0,99.16,99.16
HITM0010248,HORD003276,PRD0372,2.0,763.17,1526.34
HITM0010249,HORD003276,PRD0014,1.0,2953.53,2953.53
HITM0010250,HORD003276,PRD0930,1.0,371.97,371.97
HITM0010251,HORD003277,PRD0480,2.0,37.46,74.92
HITM0010252,HORD003277,PRD0748,1.0,176.05,176.05
HITM0010253,HORD003277,PRD0732,1.0,685.95,685.95
HITM0010254,HORD003278,PRD0646,3.0,98.45,295.35
HITM0010255,HORD003279,PRD0712,1.0,1113.98,1113.98
HITM0010256,HORD003279,PRD0479,1.0,785.34,785.34
HITM0010257,HORD003280,PRD0567,2.0,383.28,766.56
HITM0010258,HORD003280,PRD0828,1.0,125.24,125.24
HITM0010259,HORD003280,PRD0935,1.0,249.9,249.9
HITM0010260,HORD003281,PRD0082,2.0,383.13,766.26
HITM0010261,HORD003281,PRD0651,1.0,929.1,929.1
HITM0010262,HORD003281,PRD0155,1.0,237.13,237.13
HITM0010263,HORD003282,PRD0758,1.0,688.14,688.14
HITM0010264,HORD003282,PRD0937,2.0,983.99,1967.98
HITM0010265,HORD003282,PRD0287,2.0,1873.36,3746.72
HITM0010266,HORD003283,PRD0540,3.0,255.66,766.98
HITM0010267,HORD003284,PRD0326,1.0,791.27,791.27
HITM0010268,HORD003284,PRD0576,1.0,136.9,136.9
HITM0010269,HORD003284,PRD0036,1.0,116.11,116.11
HITM0010270,HORD003284,PRD0893,1.0,434.15,434.15
HITM0010271,HORD003284,PRD0870,1.0,285.87,285.87
HITM0010272,HORD003285,PRD0689,1.0,1240.98,1240.98
HITM0010273,HORD003285,PRD0796,1.0,830.56,830.56
HITM0010274,HORD003285,PRD0746,1.0,130.44,130.44
HITM0010275,HORD003285,PRD0819,2.0,647.95,1295.9
HITM0010276,HORD003285,PRD0105,2.0,275.3,550.6
HITM0010277,HORD003286,PRD0313,2.0,695.88,1391.76
HITM0010278,HORD003286,PRD0306,1.0,643.72,643.72
HITM0010279,HORD003287,PRD0386,1.0,109.17,109.17
HITM0010280,HORD003287,PRD0183,1.0,880.19,880.19
HITM0010281,HORD003288,PRD0356,1.0,302.84,302.84
HITM0010282,HORD003288,PRD0104,1.0,3735.61,3735.61
HITM0010283,HORD003289,PRD0287,2.0,1873.36,3746.72
HITM0010284,HORD003289,PRD0460,3.0,99.79,299.37
HITM0010285,HORD003290,PRD0036,1.0,116.11,116.11
HITM0010286,HORD003290,PRD0220,1.0,369.39,369.39
HITM0010287,HORD003291,PRD0917,2.0,1550.77,3101.54
HITM0010288,HORD003291,PRD0745,1.0,805.9,805.9
HITM0010289,HORD003291,PRD0040,1.0,208.06,208.06
HITM0010290,HORD003291,PRD0823,1.0,1081.67,1081.67
HITM0010291,HORD003291,PRD0784,1.0,3454.65,3454.65
HITM0010292,HORD003292,PRD0674,1.0,2346.31,2346.31
HITM0010293,HORD003292,PRD0083,1.0,719.56,719.56
HITM0010294,HORD003292,PRD0470,1.0,290.42,290.42
HITM0010295,HORD003292,PRD0362,1.0,1501.87,1501.87
HITM0010296,HORD003293,PRD0626,1.0,502.49,502.49
HITM0010297,HORD003293,PRD0292,2.0,324.37,648.74
HITM0010298,HORD003293,PRD0438,1.0,246.04,246.04
HITM0010299,HORD003293,PRD0395,1.0,404.44,404.44
HITM0010300,HORD003293,PRD0117,1.0,1153.53,1153.53
HITM0010301,HORD003294,PRD0577,1.0,941.97,941.97
HITM0010302,HORD003294,PRD0610,1.0,21.93,21.93
HITM0010303,HORD003294,PRD0846,1.0,808.25,808.25
HITM0010304,HORD003295,PRD0697,2.0,1104.18,2208.36
HITM0010305,HORD003295,PRD0795,3.0,808.42,2425.26
HITM0010306,HORD003295,PRD0452,1.0,318.36,318.36
HITM0010307,HORD003296,PRD0141,1.0,2490.91,2490.91
HITM0010308,HORD003296,PRD0035,1.0,410.43,410.43
HITM0010309,HORD003296,PRD0130,1.0,128.78,128.78
HITM0010310,HORD003296,PRD0403,2.0,1465.36,2930.72
HITM0010311,HORD003297,PRD0426,3.0,284.68,854.04
HITM0010312,HORD003297,PRD0584,1.0,2076.86,2076.86
HITM0010313,HORD003297,PRD0433,2.0,1358.38,2716.76
HITM0010314,HORD003298,PRD0508,2.0,637.75,1275.5
HITM0010315,HORD003298,PRD0635,1.0,626.79,626.79
HITM0010316,HORD003298,PRD0636,1.0,63.83,63.83
HITM0010317,HORD003298,PRD0743,3.0,1161.24,3483.72
HITM0010318,HORD003299,PRD0846,1.0,808.25,808.25
HITM0010319,HORD003299,PRD0155,1.0,237.13,237.13
HITM0010320,HORD003299,PRD0036,1.0,116.11,116.11
HITM0010321,HORD003300,PRD0200,1.0,279.99,279.99
HITM0010322,HORD003300,PRD0270,2.0,145.44,290.88
HITM0010323,HORD003300,PRD0413,2.0,699.79,1399.58
HITM0010324,HORD003301,PRD0780,1.0,191.96,191.96
HITM0010325,HORD003301,PRD0686,3.0,791.36,2374.08
HITM0010326,HORD003301,PRD0275,1.0,182.18,182.18
HITM0010327,HORD003301,PRD0986,1.0,748.03,748.03
HITM0010328,HORD003302,PRD0219,1.0,374.02,374.02
HITM0010329,HORD003302,PRD0446,1.0,546.41,546.41
HITM0010330,HORD003303,PRD0283,2.0,733.77,1467.54
HITM0010331,HORD003303,PRD0047,3.0,1258.28,3774.84
HITM0010332,HORD003303,PRD0839,1.0,706.25,706.25
HITM0010333,HORD003304,PRD0948,1.0,889.57,889.57
HITM0010334,HORD003304,PRD0195,1.0,337.11,337.11
HITM0010335,HORD003304,PRD0092,1.0,1623.69,1623.69
HITM0010336,HORD003305,PRD0786,2.0,211.68,423.36
HITM0010337,HORD003305,PRD0210,1.0,91.62,91.62
HITM0010338,HORD003305,PRD0998,1.0,546.63,546.63
HITM0010339,HORD003306,PRD0616,1.0,644.96,644.96
HITM0010340,HORD003306,PRD0715,1.0,343.66,343.66
HITM0010341,HORD003307,PRD0217,1.0,2044.02,2044.02
HITM0010342,HORD003307,PRD0423,1.0,731.87,731.87
HITM0010343,HORD003307,PRD0649,1.0,915.45,915.45
HITM0010344,HORD003308,PRD0745,1.0,805.9,805.9
HITM0010345,HORD003308,PRD0336,2.0,823.14,1646.28
HITM0010346,HORD003308,PRD0670,2.0,85.16,170.32
HITM0010347,HORD003309,PRD0960,1.0,103.86,103.86
HITM0010348,HORD003309,PRD0010,2.0,15.97,31.94
HITM0010349,HORD003310,PRD0732,2.0,685.95,1371.9
HITM0010350,HORD003310,PRD0635,1.0,626.79,626.79
HITM0010351,HORD003310,PRD0564,1.0,1250.64,1250.64
HITM0010352,HORD003310,PRD0741,1.0,2451.18,2451.18
HITM0010353,HORD003311,PRD0532,2.0,894.27,1788.54
HITM0010354,HORD003311,PRD0457,1.0,2260.61,2260.61
HITM0010355,HORD003311,PRD0996,1.0,654.73,654.73
HITM0010356,HORD003312,PRD0548,1.0,181.04,181.04
HITM0010357,HORD003312,PRD0758,1.0,688.14,688.14
HITM0010358,HORD003312,PRD0180,1.0,24.86,24.86
HITM0010359,HORD003313,PRD0416,1.0,753.43,753.43
HITM0010360,HORD003313,PRD0543,1.0,398.13,398.13
HITM0010361,HORD003314,PRD0145,1.0,1050.7,1050.7
HITM0010362,HORD003314,PRD0635,1.0,626.79,626.79
HITM0010363,HORD003314,PRD0940,2.0,139.21,278.42
HITM0010364,HORD003315,PRD0930,2.0,371.97,743.94
HITM0010365,HORD003315,PRD0950,1.0,321.18,321.18
HITM0010366,HORD003315,PRD0740,1.0,194.14,194.14
HITM0010367,HORD003315,PRD0790,2.0,25.52,51.04
HITM0010368,HORD003315,PRD1000,1.0,364.05,364.05
HITM0010369,HORD003316,PRD0263,1.0,1272.94,1272.94
HITM0010370,HORD003316,PRD0396,1.0,120.07,120.07
HITM0010371,HORD003317,PRD0506,1.0,309.66,309.66
HITM0010372,HORD003317,PRD0166,2.0,833.21,1666.42
HITM0010373,HORD003317,PRD0356,1.0,302.84,302.84
HITM0010374,HORD003317,PRD0716,1.0,242.32,242.32
HITM0010375,HORD003318,PRD0037,1.0,109.69,109.69
HITM0010376,HORD003318,PRD0422,1.0,1749.99,1749.99
HITM0010377,HORD003318,PRD0610,1.0,21.93,21.93
HITM0010378,HORD003318,PRD0820,1.0,95.58,95.58
HITM0010379,HORD003319,PRD0433,1.0,1358.38,1358.38
HITM0010380,HORD003319,PRD0840,1.0,148.97,148.97
HITM0010381,HORD003319,PRD0058,2.0,660.96,1321.92
HITM0010382,HORD003320,PRD0181,1.0,3070.56,3070.56
HITM0010383,HORD003320,PRD0703,2.0,299.48,598.96
HITM0010384,HORD003320,PRD0121,1.0,3098.72,3098.72
HITM0010385,HORD003321,PRD0730,1.0,394.42,394.42
HITM0010386,HORD003321,PRD0295,2.0,606.51,1213.02
HITM0010387,HORD003321,PRD0735,1.0,606.53,606.53
HITM0010388,HORD003322,PRD0046,1.0,690.5,690.5
HITM0010389,HORD003323,PRD0017,1.0,1860.35,1860.35
HITM0010390,HORD003323,PRD0011,2.0,1706.96,3413.92
HITM0010391,HORD003323,PRD0790,1.0,25.52,25.52
HITM0010392,HORD003323,PRD0949,1.0,221.57,221.57
HITM0010393,HORD003324,PRD0120,1.0,319.18,319.18
HITM0010394,HORD003324,PRD0359,1.0,169.12,169.12
HITM0010395,HORD003324,PRD0823,1.0,1081.67,1081.67
HITM0010396,HORD003324,PRD0818,1.0,510.62,510.62
HITM0010397,HORD003324,PRD0675,1.0,898.47,898.47
HITM0010398,HORD003325,PRD0105,1.0,275.3,275.3
HITM0010399,HORD003325,PRD0138,1.0,316.0,316.0
HITM0010400,HORD003326,PRD0085,1.0,304.21,304.21
HITM0010401,HORD003326,PRD0140,1.0,54.35,54.35
HITM0010402,HORD003327,PRD0364,2.0,1836.13,3672.26
HITM0010403,HORD003327,PRD0680,2.0,46.75,93.5
HITM0010404,HORD003327,PRD0187,1.0,1290.47,1290.47
HITM0010405,HORD003328,PRD0821,1.0,1191.59,1191.59
HITM0010406,HORD003328,PRD0582,1.0,1682.59,1682.59
HITM0010407,HORD003329,PRD0105,2.0,275.3,550.6
HITM0010408,HORD003329,PRD0580,2.0,76.83,153.66
HITM0010409,HORD003329,PRD0764,1.0,3444.81,3444.81
HITM0010410,HORD003329,PRD0198,1.0,155.28,155.28
HITM0010411,HORD003330,PRD0778,2.0,981.57,1963.14
HITM0010412,HORD003330,PRD0412,1.0,1184.31,1184.31
HITM0010413,HORD003330,PRD0596,1.0,741.69,741.69
HITM0010414,HORD003331,PRD0187,2.0,1290.47,2580.94
HITM0010415,HORD003331,PRD0770,1.0,254.66,254.66
HITM0010416,HORD003331,PRD0667,1.0,424.48,424.48
HITM0010417,HORD003331,PRD0995,1.0,855.97,855.97
HITM0010418,HORD003332,PRD0195,1.0,337.11,337.11
HITM0010419,HORD003332,PRD0503,1.0,866.27,866.27
HITM0010420,HORD003332,PRD0424,1.0,1571.65,1571.65
HITM0010421,HORD003333,PRD0802,1.0,1342.26,1342.26
HITM0010422,HORD003333,PRD0731,1.0,1790.91,1790.91
HITM0010423,HORD003334,PRD0970,1.0,71.64,71.64
HITM0010424,HORD003334,PRD0415,1.0,921.87,921.87
HITM0010425,HORD003334,PRD0385,2.0,699.4,1398.8
HITM0010426,HORD003335,PRD0136,1.0,107.5,107.5
HITM0010427,HORD003335,PRD0987,1.0,925.55,925.55
HITM0010428,HORD003335,PRD0018,1.0,112.62,112.62
HITM0010429,HORD003336,PRD0366,1.0,496.46,496.46
HITM0010430,HORD003336,PRD0774,1.0,4016.42,4016.42
HITM0010431,HORD003336,PRD0635,1.0,626.79,626.79
HITM0010432,HORD003337,PRD0219,1.0,374.02,374.02
HITM0010433,HORD003337,PRD0113,1.0,605.4,605.4
HITM0010434,HORD003337,PRD0882,1.0,366.62,366.62
HITM0010435,HORD003337,PRD0426,1.0,284.68,284.68
HITM0010436,HORD003338,PRD0726,1.0,620.57,620.57
HITM0010437,HORD003338,PRD0448,2.0,67.35,134.7
HITM0010438,HORD003338,PRD0619,3.0,180.89,542.67
HITM0010439,HORD003338,PRD0849,1.0,1011.98,1011.98
HITM0010440,HORD003339,PRD0700,2.0,258.76,517.52
HITM0010441,HORD003339,PRD0042,1.0,1230.08,1230.08
HITM0010442,HORD003339,PRD0905,3.0,760.24,2280.72
HITM0010443,HORD003340,PRD0202,1.0,1243.06,1243.06
HITM0010444,HORD003340,PRD0363,1.0,1523.75,1523.75
HITM0010445,HORD003341,PRD0624,1.0,4074.77,4074.77
HITM0010446,HORD003341,PRD0292,1.0,324.37,324.37
HITM0010447,HORD003341,PRD0403,1.0,1465.36,1465.36
HITM0010448,HORD003342,PRD0087,1.0,2140.71,2140.71
HITM0010449,HORD003342,PRD0609,2.0,138.47,276.94
HITM0010450,HORD003342,PRD0356,3.0,302.84,908.52
HITM0010451,HORD003343,PRD0725,1.0,821.74,821.74
HITM0010452,HORD003343,PRD0204,1.0,1433.35,1433.35
HITM0010453,HORD003343,PRD0525,1.0,904.72,904.72
HITM0010454,HORD003343,PRD0139,1.0,1414.96,1414.96
HITM0010455,HORD003344,PRD0140,2.0,54.35,108.7
HITM0010456,HORD003344,PRD0045,1.0,70.08,70.08
HITM0010457,HORD003344,PRD0639,1.0,1043.97,1043.97
HITM0010458,HORD003344,PRD0136,2.0,107.5,215.0
HITM0010459,HORD003345,PRD0770,1.0,254.66,254.66
HITM0010460,HORD003345,PRD0937,2.0,983.99,1967.98
HITM0010461,HORD003345,PRD0536,1.0,616.08,616.08
HITM0010462,HORD003346,PRD0587,1.0,103.55,103.55
HITM0010463,HORD003346,PRD0837,1.0,333.32,333.32
HITM0010464,HORD003346,PRD0182,2.0,589.1,1178.2
HITM0010465,HORD003347,PRD0932,2.0,1316.49,2632.98
HITM0010466,HORD003348,PRD0971,2.0,1416.11,2832.22
HITM0010467,HORD003348,PRD0417,1.0,318.04,318.04
HITM0010468,HORD003348,PRD0925,2.0,976.66,1953.32
HITM0010469,HORD003349,PRD0514,1.0,2353.19,2353.19
HITM0010470,HORD003349,PRD0759,1.0,943.47,943.47
HITM0010471,HORD003349,PRD0444,1.0,636.31,636.31
HITM0010472,HORD003350,PRD0602,1.0,1279.42,1279.42
HITM0010473,HORD003350,PRD0563,1.0,270.8,270.8
HITM0010474,HORD003350,PRD0573,1.0,394.67,394.67
HITM0010475,HORD003350,PRD0570,2.0,98.43,196.86
HITM0010476,HORD003351,PRD0675,1.0,898.47,898.47
HITM0010477,HORD003351,PRD0112,1.0,1193.81,1193.81
HITM0010478,HORD003352,PRD0421,3.0,2504.26,7512.78
HITM0010479,HORD003353,PRD0955,1.0,418.8,418.8
HITM0010480,HORD003353,PRD0388,2.0,269.65,539.3
HITM0010481,HORD003353,PRD0340,2.0,68.17,136.34
HITM0010482,HORD003354,PRD0604,1.0,1327.89,1327.89
HITM0010483,HORD003354,PRD0110,1.0,250.51,250.51
HITM0010484,HORD003354,PRD0167,1.0,1781.84,1781.84
HITM0010485,HORD003355,PRD0375,1.0,302.41,302.41
HITM0010486,HORD003355,PRD0146,1.0,795.49,795.49
HITM0010487,HORD003355,PRD0439,1.0,1119.95,1119.95
HITM0010488,HORD003355,PRD0581,1.0,2654.25,2654.25
HITM0010489,HORD003356,PRD0149,1.0,217.37,217.37
HITM0010490,HORD003356,PRD0411,1.0,1649.5,1649.5
HITM0010491,HORD003356,PRD0393,1.0,307.2,307.2
HITM0010492,HORD003357,PRD0339,1.0,427.29,427.29
HITM0010493,HORD003357,PRD0612,2.0,471.59,943.18
HITM0010494,HORD003357,PRD0984,1.0,759.8,759.8
HITM0010495,HORD003358,PRD0088,1.0,835.18,835.18
HITM0010496,HORD003358,PRD0118,1.0,461.86,461.86
HITM0010497,HORD003359,PRD0138,1.0,316.0,316.0
HITM0010498,HORD003359,PRD0600,1.0,394.0,394.0
HITM0010499,HORD003359,PRD0017,1.0,1860.35,1860.35
HITM0010500,HORD003360,PRD0259,1.0,1302.81,1302.81
HITM0010501,HORD003360,PRD0792,1.0,1745.87,1745.87
HITM0010502,HORD003361,PRD0171,1.0,1187.41,1187.41
HITM0010503,HORD003362,PRD0163,1.0,1539.62,1539.62
HITM0010504,HORD003362,PRD0660,1.0,351.34,351.34
HITM0010505,HORD003363,PRD0937,1.0,983.99,983.99
HITM0010506,HORD003363,PRD0852,2.0,516.19,1032.38
HITM0010507,HORD003363,PRD0060,1.0,97.23,97.23
HITM0010508,HORD003364,PRD0850,1.0,308.86,308.86
HITM0010509,HORD003364,PRD0024,2.0,1506.88,3013.76
HITM0010510,HORD003364,PRD0293,1.0,399.18,399.18
HITM0010511,HORD003364,PRD0666,1.0,108.17,108.17
HITM0010512,HORD003365,PRD0857,1.0,371.03,371.03
HITM0010513,HORD003365,PRD0445,3.0,1141.73,3425.19
HITM0010514,HORD003366,PRD0339,1.0,427.29,427.29
HITM0010515,HORD003366,PRD0154,2.0,1575.91,3151.82
HITM0010516,HORD003366,PRD0650,2.0,367.95,735.9
HITM0010517,HORD003366,PRD0902,1.0,678.89,678.89
HITM0010518,HORD003367,PRD0442,1.0,1625.44,1625.44
HITM0010519,HORD003367,PRD0636,1.0,63.83,63.83
HITM0010520,HORD003367,PRD0645,1.0,886.19,886.19
HITM0010521,HORD003368,PRD0828,1.0,125.24,125.24
HITM0010522,HORD003368,PRD0245,3.0,653.23,1959.69
HITM0010523,HORD003369,PRD0006,1.0,813.94,813.94
HITM0010524,HORD003369,PRD0375,1.0,302.41,302.41
HITM0010525,HORD003370,PRD0447,1.0,79.94,79.94
HITM0010526,HORD003370,PRD0623,2.0,292.46,584.92
HITM0010527,HORD003370,PRD0293,1.0,399.18,399.18
HITM0010528,HORD003371,PRD0417,1.0,318.04,318.04
HITM0010529,HORD003371,PRD0500,1.0,352.58,352.58
HITM0010530,HORD003371,PRD0048,1.0,1075.72,1075.72
HITM0010531,HORD003371,PRD0272,1.0,721.72,721.72
HITM0010532,HORD003372,PRD0521,1.0,1486.1,1486.1
HITM0010533,HORD003372,PRD0656,1.0,820.33,820.33
HITM0010534,HORD003373,PRD0636,2.0,63.83,127.66
HITM0010535,HORD003373,PRD0669,1.0,1077.89,1077.89
HITM0010536,HORD003374,PRD0570,2.0,98.43,196.86
HITM0010537,HORD003374,PRD0669,2.0,1077.89,2155.78
HITM0010538,HORD003374,PRD0896,1.0,502.67,502.67
HITM0010539,HORD003374,PRD0749,1.0,633.27,633.27
HITM0010540,HORD003374,PRD0921,1.0,1711.96,1711.96
HITM0010541,HORD003375,PRD0371,1.0,1060.97,1060.97
HITM0010542,HORD003375,PRD0359,1.0,169.12,169.12
HITM0010543,HORD003376,PRD0378,1.0,110.97,110.97
HITM0010544,HORD003376,PRD0746,2.0,130.44,260.88
HITM0010545,HORD003376,PRD0808,2.0,830.41,1660.82
HITM0010546,HORD003376,PRD0288,1.0,171.9,171.9
HITM0010547,HORD003377,PRD0270,1.0,145.44,145.44
HITM0010548,HORD003377,PRD0792,1.0,1745.87,1745.87
HITM0010549,HORD003377,PRD0935,2.0,249.9,499.8
HITM0010550,HORD003378,PRD0820,1.0,95.58,95.58
HITM0010551,HORD003378,PRD0258,1.0,171.41,171.41
HITM0010552,HORD003378,PRD0622,2.0,1882.1,3764.2
HITM0010553,HORD003378,PRD0852,1.0,516.19,516.19
HITM0010554,HORD003379,PRD0397,1.0,1953.43,1953.43
HITM0010555,HORD003379,PRD0039,1.0,980.04,980.04
HITM0010556,HORD003379,PRD0405,1.0,774.44,774.44
HITM0010557,HORD003379,PRD0302,2.0,1232.1,2464.2
HITM0010558,HORD003380,PRD0639,1.0,1043.97,1043.97
HITM0010559,HORD003380,PRD0887,1.0,111.87,111.87
HITM0010560,HORD003381,PRD0563,2.0,270.8,541.6
HITM0010561,HORD003381,PRD0271,1.0,1115.7,1115.7
HITM0010562,HORD003381,PRD0300,1.0,30.76,30.76
HITM0010563,HORD003381,PRD0180,1.0,24.86,24.86
HITM0010564,HORD003382,PRD0139,1.0,1414.96,1414.96
HITM0010565,HORD003382,PRD0975,1.0,977.14,977.14
HITM0010566,HORD003382,PRD0372,1.0,763.17,763.17
HITM0010567,HORD003383,PRD0806,1.0,43.45,43.45
HITM0010568,HORD003383,PRD0316,2.0,28.93,57.86
HITM0010569,HORD003384,PRD0099,2.0,469.56,939.12
HITM0010570,HORD003384,PRD0200,2.0,279.99,559.98
HITM0010571,HORD003384,PRD0492,1.0,1490.94,1490.94
HITM0010572,HORD003384,PRD0247,2.0,968.98,1937.96
HITM0010573,HORD003385,PRD0004,1.0,466.88,466.88
HITM0010574,HORD003385,PRD0513,1.0,1454.2,1454.2
HITM0010575,HORD003385,PRD0016,1.0,348.79,348.79
HITM0010576,HORD003386,PRD0983,1.0,493.01,493.01
HITM0010577,HORD003386,PRD0248,1.0,494.67,494.67
HITM0010578,HORD003386,PRD0613,2.0,990.18,1980.36
HITM0010579,HORD003386,PRD0703,1.0,299.48,299.48
HITM0010580,HORD003387,PRD0675,1.0,898.47,898.47
HITM0010581,HORD003387,PRD0430,1.0,214.75,214.75
HITM0010582,HORD003387,PRD0734,1.0,2197.09,2197.09
HITM0010583,HORD003387,PRD0358,1.0,67.02,67.02
HITM0010584,HORD003387,PRD0666,1.0,108.17,108.17
HITM0010585,HORD003388,PRD0878,1.0,919.03,919.03
HITM0010586,HORD003388,PRD0509,1.0,866.14,866.14
HITM0010587,HORD003389,PRD0347,1.0,1107.53,1107.53
HITM0010588,HORD003389,PRD0929,1.0,1084.81,1084.81
HITM0010589,HORD003390,PRD0395,1.0,404.44,404.44
HITM0010590,HORD003390,PRD0621,1.0,1720.44,1720.44
HITM0010591,HORD003390,PRD0498,1.0,753.34,753.34
HITM0010592,HORD003391,PRD0020,3.0,153.47,460.41
HITM0010593,HORD003391,PRD0812,1.0,1836.96,1836.96
HITM0010594,HORD003392,PRD0360,3.0,14.71,44.13
HITM0010595,HORD003392,PRD0566,1.0,47.51,47.51
HITM0010596,HORD003392,PRD0371,2.0,1060.97,2121.94
HITM0010597,HORD003393,PRD0618,1.0,1068.97,1068.97
HITM0010598,HORD003393,PRD0506,2.0,309.66,619.32
HITM0010599,HORD003393,PRD0259,1.0,1302.81,1302.81
HITM0010600,HORD003394,PRD0422,1.0,1749.99,1749.99
HITM0010601,HORD003394,PRD0906,2.0,58.83,117.66
HITM0010602,HORD003394,PRD0524,3.0,1527.37,4582.11
HITM0010603,HORD003395,PRD0870,1.0,285.87,285.87
HITM0010604,HORD003395,PRD0526,1.0,149.19,149.19
HITM0010605,HORD003395,PRD0815,2.0,446.57,893.14
HITM0010606,HORD003396,PRD0154,1.0,1575.91,1575.91
HITM0010607,HORD003397,PRD0357,1.0,193.87,193.87
HITM0010608,HORD003397,PRD0377,1.0,1672.48,1672.48
HITM0010609,HORD003397,PRD0460,1.0,99.79,99.79
HITM0010610,HORD003398,PRD0526,1.0,149.19,149.19
HITM0010611,HORD003398,PRD0140,2.0,54.35,108.7
HITM0010612,HORD003398,PRD0850,1.0,308.86,308.86
HITM0010613,HORD003399,PRD0268,1.0,944.09,944.09
HITM0010614,HORD003399,PRD0382,1.0,453.52,453.52
HITM0010615,HORD003399,PRD0659,1.0,293.62,293.62
HITM0010616,HORD003400,PRD0790,1.0,25.52,25.52
HITM0010617,HORD003400,PRD0431,2.0,2253.8,4507.6
HITM0010618,HORD003400,PRD0543,1.0,398.13,398.13
HITM0010619,HORD003400,PRD0968,1.0,607.18,607.18
HITM0010620,HORD003401,PRD0548,3.0,181.04,543.12
HITM0010621,HORD003401,PRD0293,2.0,399.18,798.36
HITM0010622,HORD003401,PRD0587,2.0,103.55,207.1
HITM0010623,HORD003401,PRD0868,1.0,869.51,869.51
HITM0010624,HORD003402,PRD0589,1.0,675.7,675.7
HITM0010625,HORD003402,PRD0726,1.0,620.57,620.57
HITM0010626,HORD003402,PRD0370,1.0,143.48,143.48
HITM0010627,HORD003403,PRD0150,2.0,27.72,55.44
HITM0010628,HORD003403,PRD0556,1.0,303.66,303.66
HITM0010629,HORD003403,PRD0688,2.0,231.65,463.3
HITM0010630,HORD003403,PRD0630,1.0,59.46,59.46
HITM0010631,HORD003404,PRD0791,2.0,1863.17,3726.34
HITM0010632,HORD003404,PRD0960,1.0,103.86,103.86
HITM0010633,HORD003404,PRD0893,2.0,434.15,868.3
HITM0010634,HORD003404,PRD0805,1.0,151.93,151.93
HITM0010635,HORD003405,PRD0491,1.0,1093.0,1093.0
HITM0010636,HORD003405,PRD0551,1.0,2626.22,2626.22
HITM0010637,HORD003405,PRD0999,1.0,464.57,464.57
HITM0010638,HORD003406,PRD0857,3.0,371.03,1113.09
HITM0010639,HORD003406,PRD0033,1.0,1186.21,1186.21
HITM0010640,HORD003407,PRD0203,2.0,910.47,1820.94
HITM0010641,HORD003407,PRD0346,1.0,692.97,692.97
HITM0010642,HORD003407,PRD0800,1.0,235.68,235.68
HITM0010643,HORD003407,PRD0979,1.0,1102.97,1102.97
HITM0010644,HORD003408,PRD0889,1.0,252.57,252.57
HITM0010645,HORD003408,PRD0025,1.0,403.1,403.1
HITM0010646,HORD003408,PRD0842,1.0,1682.83,1682.83
HITM0010647,HORD003408,PRD0604,2.0,1327.89,2655.78
HITM0010648,HORD003409,PRD0031,2.0,2166.94,4333.88
HITM0010649,HORD003409,PRD0366,1.0,496.46,496.46
HITM0010650,HORD003409,PRD0767,2.0,122.05,244.1
HITM0010651,HORD003409,PRD0199,1.0,290.9,290.9
HITM0010652,HORD003410,PRD0911,1.0,1436.52,1436.52
HITM0010653,HORD003411,PRD0647,1.0,1397.05,1397.05
HITM0010654,HORD003411,PRD0174,1.0,3910.58,3910.58
HITM0010655,HORD003411,PRD0359,2.0,169.12,338.24
HITM0010656,HORD003412,PRD0549,1.0,1361.68,1361.68
HITM0010657,HORD003412,PRD0816,1.0,354.93,354.93
HITM0010658,HORD003412,PRD0386,1.0,109.17,109.17
HITM0010659,HORD003413,PRD0988,1.0,470.37,470.37
HITM0010660,HORD003414,PRD0920,1.0,129.86,129.86
HITM0010661,HORD003414,PRD0524,2.0,1527.37,3054.74
HITM0010662,HORD003414,PRD0475,2.0,304.73,609.46
HITM0010663,HORD003415,PRD0822,1.0,1127.28,1127.28
HITM0010664,HORD003415,PRD0596,2.0,741.69,1483.38
HITM0010665,HORD003415,PRD0125,1.0,1004.47,1004.47
HITM0010666,HORD003415,PRD0480,2.0,37.46,74.92
HITM0010667,HORD003416,PRD0368,1.0,807.79,807.79
HITM0010668,HORD003416,PRD0478,2.0,111.87,223.74
HITM0010669,HORD003416,PRD0661,1.0,1397.85,1397.85
HITM0010670,HORD003416,PRD0801,1.0,1245.32,1245.32
HITM0010671,HORD003417,PRD0008,1.0,799.44,799.44
HITM0010672,HORD003417,PRD0753,1.0,497.57,497.57
HITM0010673,HORD003417,PRD0568,1.0,272.51,272.51
HITM0010674,HORD003417,PRD0332,2.0,560.39,1120.78
HITM0010675,HORD003418,PRD0688,2.0,231.65,463.3
HITM0010676,HORD003418,PRD0444,2.0,636.31,1272.62
HITM0010677,HORD003418,PRD0870,2.0,285.87,571.74
HITM0010678,HORD003419,PRD0026,2.0,304.81,609.62
HITM0010679,HORD003419,PRD0379,1.0,759.43,759.43
HITM0010680,HORD003419,PRD0641,2.0,934.18,1868.36
HITM0010681,HORD003419,PRD0659,1.0,293.62,293.62
HITM0010682,HORD003420,PRD0573,1.0,394.67,394.67
HITM0010683,HORD003420,PRD0534,1.0,3276.91,3276.91
HITM0010684,HORD003420,PRD0788,2.0,934.58,1869.16
HITM0010685,HORD003420,PRD0651,1.0,929.1,929.1
HITM0010686,HORD003420,PRD0609,2.0,138.47,276.94
HITM0010687,HORD003421,PRD0882,1.0,366.62,366.62
HITM0010688,HORD003422,PRD0580,2.0,76.83,153.66
HITM0010689,HORD003422,PRD0006,2.0,813.94,1627.88
HITM0010690,HORD003423,PRD0188,1.0,604.15,604.15
HITM0010691,HORD003423,PRD0646,1.0,98.45,98.45
HITM0010692,HORD003423,PRD0251,1.0,954.37,954.37
HITM0010693,HORD003423,PRD0265,1.0,255.41,255.41
HITM0010694,HORD003424,PRD0567,1.0,383.28,383.28
HITM0010695,HORD003424,PRD0010,1.0,15.97,15.97
HITM0010696,HORD003424,PRD0886,1.0,688.19,688.19
HITM0010697,HORD003425,PRD0178,2.0,317.56,635.12
HITM0010698,HORD003426,PRD0069,1.0,850.31,850.31
HITM0010699,HORD003426,PRD0147,1.0,94.45,94.45
HITM0010700,HORD003426,PRD0787,3.0,1706.85,5120.55
HITM0010701,HORD003426,PRD0306,1.0,643.72,643.72
HITM0010702,HORD003427,PRD0183,1.0,880.19,880.19
HITM0010703,HORD003427,PRD0778,1.0,981.57,981.57
HITM0010704,HORD003427,PRD0951,1.0,1234.66,1234.66
HITM0010705,HORD003427,PRD0523,1.0,1192.94,1192.94
HITM0010706,HORD003428,PRD0086,2.0,248.61,497.22
HITM0010707,HORD003428,PRD0440,2.0,292.13,584.26
HITM0010708,HORD003428,PRD0360,1.0,14.71,14.71
HITM0010709,HORD003428,PRD0595,1.0,521.69,521.69
HITM0010710,HORD003429,PRD0696,1.0,107.86,107.86
HITM0010711,HORD003429,PRD0458,1.0,721.39,721.39
HITM0010712,HORD003429,PRD0314,1.0,2377.47,2377.47
HITM0010713,HORD003430,PRD0774,1.0,4016.42,4016.42
HITM0010714,HORD003430,PRD0993,1.0,489.97,489.97
HITM0010715,HORD003430,PRD0824,1.0,1637.86,1637.86
HITM0010716,HORD003431,PRD0622,1.0,1882.1,1882.1
HITM0010717,HORD003431,PRD0800,2.0,235.68,471.36
HITM0010718,HORD003431,PRD0097,1.0,673.56,673.56
HITM0010719,HORD003431,PRD0457,1.0,2260.61,2260.61
HITM0010720,HORD003432,PRD0625,2.0,1041.53,2083.06
HITM0010721,HORD003432,PRD0423,1.0,731.87,731.87
HITM0010722,HORD003432,PRD0750,1.0,203.37,203.37
HITM0010723,HORD003432,PRD0373,1.0,572.77,572.77
HITM0010724,HORD003433,PRD0010,1.0,15.97,15.97
HITM0010725,HORD003433,PRD0449,3.0,227.09,681.27
HITM0010726,HORD003433,PRD0065,1.0,729.67,729.67
HITM0010727,HORD003434,PRD0268,1.0,944.09,944.09
HITM0010728,HORD003434,PRD0860,1.0,148.71,148.71
HITM0010729,HORD003434,PRD0897,1.0,2339.09,2339.09
HITM0010730,HORD003435,PRD0733,1.0,894.02,894.02
HITM0010731,HORD003435,PRD0888,1.0,183.72,183.72
HITM0010732,HORD003436,PRD0476,1.0,59.63,59.63
HITM0010733,HORD003436,PRD0985,1.0,750.86,750.86
HITM0010734,HORD003436,PRD0638,2.0,248.57,497.14
HITM0010735,HORD003437,PRD0147,2.0,94.45,188.9
HITM0010736,HORD003438,PRD0259,1.0,1302.81,1302.81
HITM0010737,HORD003438,PRD0035,1.0,410.43,410.43
HITM0010738,HORD003438,PRD0837,2.0,333.32,666.64
HITM0010739,HORD003438,PRD0398,1.0,413.35,413.35
HITM0010740,HORD003438,PRD0135,1.0,800.53,800.53
HITM0010741,HORD003439,PRD0783,1.0,516.28,516.28
HITM0010742,HORD003439,PRD0709,1.0,1423.26,1423.26
HITM0010743,HORD003439,PRD0977,1.0,352.01,352.01
HITM0010744,HORD003440,PRD0530,1.0,376.94,376.94
HITM0010745,HORD003440,PRD0293,1.0,399.18,399.18
HITM0010746,HORD003441,PRD0375,2.0,302.41,604.82
HITM0010747,HORD003442,PRD0260,2.0,73.31,146.62
HITM0010748,HORD003442,PRD0150,1.0,27.72,27.72
HITM0010749,HORD003442,PRD0309,1.0,335.12,335.12
HITM0010750,HORD003443,PRD0443,1.0,667.38,667.38
HITM0010751,HORD003443,PRD0510,3.0,71.92,215.76
HITM0010752,HORD003444,PRD0790,1.0,25.52,25.52
HITM0010753,HORD003444,PRD0596,1.0,741.69,741.69
HITM0010754,HORD003444,PRD0176,1.0,796.11,796.11
HITM0010755,HORD003444,PRD0161,1.0,1014.36,1014.36
HITM0010756,HORD003445,PRD0484,1.0,1275.63,1275.63
HITM0010757,HORD003445,PRD0302,2.0,1232.1,2464.2
HITM0010758,HORD003445,PRD0510,1.0,71.92,71.92
HITM0010759,HORD003445,PRD0196,1.0,437.6,437.6
HITM0010760,HORD003446,PRD0512,1.0,1597.11,1597.11
HITM0010761,HORD003447,PRD0459,1.0,1138.25,1138.25
HITM0010762,HORD003447,PRD0389,2.0,197.05,394.1
HITM0010763,HORD003447,PRD0028,1.0,364.14,364.14
HITM0010764,HORD003447,PRD0293,1.0,399.18,399.18
HITM0010765,HORD003447,PRD0930,1.0,371.97,371.97
HITM0010766,HORD003448,PRD0340,1.0,68.17,68.17
HITM0010767,HORD003448,PRD0403,1.0,1465.36,1465.36
HITM0010768,HORD003449,PRD0340,1.0,68.17,68.17
HITM0010769,HORD003449,PRD0716,1.0,242.32,242.32
HITM0010770,HORD003449,PRD0640,2.0,153.76,307.52
HITM0010771,HORD003449,PRD0734,1.0,2197.09,2197.09
HITM0010772,HORD003449,PRD0700,1.0,258.76,258.76
HITM0010773,HORD003450,PRD0238,1.0,690.75,690.75
HITM0010774,HORD003450,PRD0490,2.0,20.66,41.32
HITM0010775,HORD003450,PRD0852,3.0,516.19,1548.57
HITM0010776,HORD003450,PRD0906,1.0,58.83,58.83
HITM0010777,HORD003450,PRD0618,1.0,1068.97,1068.97
HITM0010778,HORD003451,PRD0887,1.0,111.87,111.87
HITM0010779,HORD003451,PRD0702,1.0,768.26,768.26
HITM0010780,HORD003451,PRD0852,1.0,516.19,516.19
HITM0010781,HORD003452,PRD0228,1.0,148.71,148.71
HITM0010782,HORD003452,PRD0030,1.0,159.51,159.51
HITM0010783,HORD003452,PRD0116,1.0,466.48,466.48
HITM0010784,HORD003453,PRD0543,2.0,398.13,796.26
HITM0010785,HORD003453,PRD0111,1.0,1802.88,1802.88
HITM0010786,HORD003454,PRD0308,1.0,1053.94,1053.94
HITM0010787,HORD003454,PRD0786,1.0,211.68,211.68
HITM0010788,HORD003454,PRD0903,2.0,368.54,737.08
HITM0010789,HORD003454,PRD0448,1.0,67.35,67.35
HITM0010790,HORD003455,PRD0450,1.0,138.07,138.07
HITM0010791,HORD003455,PRD0221,1.0,1714.89,1714.89
HITM0010792,HORD003455,PRD0138,1.0,316.0,316.0
HITM0010793,HORD003456,PRD0805,1.0,151.93,151.93
HITM0010794,HORD003456,PRD0544,1.0,1918.0,1918.0
HITM0010795,HORD003456,PRD0110,1.0,250.51,250.51
HITM0010796,HORD003457,PRD0418,1.0,513.88,513.88
HITM0010797,HORD003457,PRD0397,1.0,1953.43,1953.43
HITM0010798,HORD003457,PRD0004,1.0,466.88,466.88
HITM0010799,HORD003458,PRD0325,1.0,54.61,54.61
HITM0010800,HORD003458,PRD0019,1.0,741.78,741.78
HITM0010801,HORD003458,PRD0134,2.0,3468.51,6937.02
HITM0010802,HORD003459,PRD0480,1.0,37.46,37.46
HITM0010803,HORD003459,PRD0360,1.0,14.71,14.71
HITM0010804,HORD003460,PRD0177,1.0,500.75,500.75
HITM0010805,HORD003460,PRD0929,1.0,1084.81,1084.81
HITM0010806,HORD003461,PRD0905,1.0,760.24,760.24
HITM0010807,HORD003462,PRD0049,3.0,149.55,448.65
HITM0010808,HORD003462,PRD0585,1.0,557.31,557.31
HITM0010809,HORD003462,PRD0247,1.0,968.98,968.98
HITM0010810,HORD003463,PRD0050,3.0,202.62,607.86
HITM0010811,HORD003463,PRD0856,1.0,415.09,415.09
HITM0010812,HORD003464,PRD0555,1.0,407.18,407.18
HITM0010813,HORD003464,PRD0390,3.0,27.7,83.1
HITM0010814,HORD003464,PRD0304,1.0,524.3,524.3
HITM0010815,HORD003464,PRD0177,1.0,500.75,500.75
HITM0010816,HORD003464,PRD0422,1.0,1749.99,1749.99
HITM0010817,HORD003465,PRD0870,2.0,285.87,571.74
HITM0010818,HORD003465,PRD0051,1.0,1650.3,1650.3
HITM0010819,HORD003465,PRD0760,2.0,405.95,811.9
HITM0010820,HORD003466,PRD0196,1.0,437.6,437.6
HITM0010821,HORD003466,PRD0109,2.0,516.32,1032.64
HITM0010822,HORD003466,PRD0471,1.0,2346.96,2346.96
HITM0010823,HORD003467,PRD0019,1.0,741.78,741.78
HITM0010824,HORD003467,PRD0420,1.0,202.02,202.02
HITM0010825,HORD003467,PRD0127,1.0,1805.09,1805.09
HITM0010826,HORD003468,PRD0351,2.0,1873.03,3746.06
HITM0010827,HORD003468,PRD0480,1.0,37.46,37.46
HITM0010828,HORD003468,PRD0595,1.0,521.69,521.69
HITM0010829,HORD003468,PRD0810,1.0,224.68,224.68
HITM0010830,HORD003469,PRD0095,1.0,857.11,857.11
HITM0010831,HORD003469,PRD0260,2.0,73.31,146.62
HITM0010832,HORD003469,PRD0337,1.0,92.59,92.59
HITM0010833,HORD003470,PRD0643,1.0,809.36,809.36
HITM0010834,HORD003470,PRD0509,2.0,866.14,1732.28
HITM0010835,HORD003470,PRD0336,2.0,823.14,1646.28
HITM0010836,HORD003471,PRD0453,1.0,934.48,934.48
HITM0010837,HORD003471,PRD0468,1.0,990.56,990.56
HITM0010838,HORD003471,PRD0139,1.0,1414.96,1414.96
HITM0010839,HORD003472,PRD0210,1.0,91.62,91.62
HITM0010840,HORD003472,PRD0573,2.0,394.67,789.34
HITM0010841,HORD003472,PRD0347,1.0,1107.53,1107.53
HITM0010842,HORD003472,PRD0449,1.0,227.09,227.09
HITM0010843,HORD003473,PRD0462,1.0,1259.7,1259.7
HITM0010844,HORD003473,PRD0963,1.0,488.16,488.16
HITM0010845,HORD003473,PRD0986,1.0,748.03,748.03
HITM0010846,HORD003473,PRD0233,1.0,1406.02,1406.02
HITM0010847,HORD003473,PRD0665,1.0,215.81,215.81
HITM0010848,HORD003474,PRD0359,1.0,169.12,169.12
HITM0010849,HORD003474,PRD0627,1.0,2451.16,2451.16
HITM0010850,HORD003474,PRD0078,2.0,166.61,333.22
HITM0010851,HORD003475,PRD0538,1.0,930.3,930.3
HITM0010852,HORD003475,PRD0280,2.0,34.27,68.54
HITM0010853,HORD003476,PRD0933,1.0,1263.06,1263.06
HITM0010854,HORD003476,PRD0560,1.0,230.25,230.25
HITM0010855,HORD003476,PRD0855,1.0,1099.26,1099.26
HITM0010856,HORD003476,PRD0088,1.0,835.18,835.18
HITM0010857,HORD003477,PRD0676,1.0,444.48,444.48
HITM0010858,HORD003477,PRD0852,3.0,516.19,1548.57
HITM0010859,HORD003477,PRD0748,3.0,176.05,528.15
HITM0010860,HORD003478,PRD0575,1.0,357.22,357.22
HITM0010861,HORD003478,PRD0548,1.0,181.04,181.04
HITM0010862,HORD003479,PRD0707,1.0,1911.85,1911.85
HITM0010863,HORD003479,PRD0359,1.0,169.12,169.12
HITM0010864,HORD003479,PRD0281,1.0,1660.11,1660.11
HITM0010865,HORD003479,PRD0605,1.0,845.14,845.14
HITM0010866,HORD003480,PRD0753,2.0,497.57,995.14
HITM0010867,HORD003480,PRD0509,1.0,866.14,866.14
HITM0010868,HORD003480,PRD0781,1.0,1410.25,1410.25
HITM0010869,HORD003481,PRD0389,1.0,197.05,197.05
HITM0010870,HORD003481,PRD0889,1.0,252.57,252.57
HITM0010871,HORD003481,PRD0787,1.0,1706.85,1706.85
HITM0010872,HORD003482,PRD0983,1.0,493.01,493.01
HITM0010873,HORD003482,PRD0394,1.0,3284.35,3284.35
HITM0010874,HORD003482,PRD0570,1.0,98.43,98.43
HITM0010875,HORD003483,PRD0870,1.0,285.87,285.87
HITM0010876,HORD003484,PRD0722,2.0,909.76,1819.52
HITM0010877,HORD003484,PRD0088,1.0,835.18,835.18
HITM0010878,HORD003485,PRD0659,2.0,293.62,587.24
HITM0010879,HORD003485,PRD0002,1.0,684.63,684.63
HITM0010880,HORD003485,PRD0771,1.0,1968.01,1968.01
HITM0010881,HORD003486,PRD0485,1.0,518.63,518.63
HITM0010882,HORD003486,PRD0828,1.0,125.24,125.24
HITM0010883,HORD003486,PRD0706,2.0,746.72,1493.44
HITM0010884,HORD003486,PRD0568,1.0,272.51,272.51
HITM0010885,HORD003487,PRD0898,1.0,236.36,236.36
HITM0010886,HORD003487,PRD0088,1.0,835.18,835.18
HITM0010887,HORD003487,PRD0987,1.0,925.55,925.55
HITM0010888,HORD003488,PRD0236,1.0,590.33,590.33
HITM0010889,HORD003488,PRD0327,2.0,783.26,1566.52
HITM0010890,HORD003488,PRD0121,1.0,3098.72,3098.72
HITM0010891,HORD003489,PRD0614,2.0,3562.62,7125.24
HITM0010892,HORD003489,PRD0457,2.0,2260.61,4521.22
HITM0010893,HORD003489,PRD0351,2.0,1873.03,3746.06
HITM0010894,HORD003490,PRD0380,1.0,117.36,117.36
HITM0010895,HORD003490,PRD0809,1.0,929.49,929.49
HITM0010896,HORD003490,PRD0587,1.0,103.55,103.55
HITM0010897,HORD003491,PRD0050,1.0,202.62,202.62
HITM0010898,HORD003491,PRD0510,1.0,71.92,71.92
HITM0010899,HORD003491,PRD0688,1.0,231.65,231.65
HITM0010900,HORD003491,PRD0894,1.0,1604.45,1604.45
HITM0010901,HORD003492,PRD0180,1.0,24.86,24.86
HITM0010902,HORD003492,PRD0801,1.0,1245.32,1245.32
HITM0010903,HORD003492,PRD0018,1.0,112.62,112.62
HITM0010904,HORD003493,PRD0919,1.0,1151.13,1151.13
HITM0010905,HORD003493,PRD0490,2.0,20.66,41.32
HITM0010906,HORD003493,PRD0888,1.0,183.72,183.72
HITM0010907,HORD003493,PRD0891,1.0,1480.65,1480.65
HITM0010908,HORD003494,PRD0889,1.0,252.57,252.57
HITM0010909,HORD003494,PRD0903,1.0,368.54,368.54
HITM0010910,HORD003495,PRD0907,1.0,1869.43,1869.43
HITM0010911,HORD003495,PRD0564,1.0,1250.64,1250.64
HITM0010912,HORD003495,PRD0122,1.0,1755.78,1755.78
HITM0010913,HORD003495,PRD0970,1.0,71.64,71.64
HITM0010914,HORD003496,PRD0033,1.0,1186.21,1186.21
HITM0010915,HORD003496,PRD0647,1.0,1397.05,1397.05
HITM0010916,HORD003496,PRD0610,1.0,21.93,21.93
HITM0010917,HORD003497,PRD0181,3.0,3070.56,9211.68
HITM0010918,HORD003497,PRD0073,1.0,1110.47,1110.47
HITM0010919,HORD003498,PRD0703,2.0,299.48,598.96
HITM0010920,HORD003498,PRD0015,2.0,184.83,369.66
HITM0010921,HORD003498,PRD0294,3.0,1781.81,5345.43
HITM0010922,HORD003498,PRD0916,1.0,265.34,265.34
HITM0010923,HORD003499,PRD0036,1.0,116.11,116.11
HITM0010924,HORD003499,PRD0114,1.0,2615.62,2615.62
HITM0010925,HORD003500,PRD0836,2.0,726.47,1452.94
HITM0010926,HORD003501,PRD0260,1.0,73.31,73.31
HITM0010927,HORD003501,PRD0183,1.0,880.19,880.19
HITM0010928,HORD003501,PRD0036,1.0,116.11,116.11
HITM0010929,HORD003501,PRD0470,1.0,290.42,290.42
HITM0010930,HORD003502,PRD0769,1.0,809.07,809.07
HITM0010931,HORD003502,PRD0229,2.0,412.68,825.36
HITM0010932,HORD003502,PRD0129,1.0,416.68,416.68
HITM0010933,HORD003503,PRD0329,2.0,1082.5,2165.0
HITM0010934,HORD003504,PRD0684,1.0,1584.7,1584.7
HITM0010935,HORD003504,PRD0379,1.0,759.43,759.43
HITM0010936,HORD003505,PRD0810,1.0,224.68,224.68
HITM0010937,HORD003506,PRD0225,2.0,213.62,427.24
HITM0010938,HORD003506,PRD0484,1.0,1275.63,1275.63
HITM0010939,HORD003507,PRD0010,1.0,15.97,15.97
HITM0010940,HORD003507,PRD0865,1.0,558.87,558.87
HITM0010941,HORD003507,PRD0780,1.0,191.96,191.96
HITM0010942,HORD003508,PRD0420,1.0,202.02,202.02
HITM0010943,HORD003508,PRD0834,1.0,2476.82,2476.82
HITM0010944,HORD003509,PRD0504,1.0,3837.7,3837.7
HITM0010945,HORD003510,PRD0756,2.0,244.21,488.42
HITM0010946,HORD003510,PRD0705,1.0,1103.54,1103.54
HITM0010947,HORD003510,PRD0258,1.0,171.41,171.41
HITM0010948,HORD003511,PRD0085,1.0,304.21,304.21
HITM0010949,HORD003511,PRD0413,1.0,699.79,699.79
HITM0010950,HORD003511,PRD0905,1.0,760.24,760.24
HITM0010951,HORD003512,PRD0357,1.0,193.87,193.87
HITM0010952,HORD003512,PRD0916,2.0,265.34,530.68
HITM0010953,HORD003512,PRD0210,1.0,91.62,91.62
HITM0010954,HORD003512,PRD0348,1.0,1003.34,1003.34
HITM0010955,HORD003512,PRD0193,2.0,609.21,1218.42
HITM0010956,HORD003513,PRD0062,2.0,1554.42,3108.84
HITM0010957,HORD003513,PRD0322,1.0,719.5,719.5
HITM0010958,HORD003513,PRD0767,1.0,122.05,122.05
HITM0010959,HORD003514,PRD0672,1.0,527.46,527.46
HITM0010960,HORD003514,PRD0075,1.0,227.56,227.56
HITM0010961,HORD003515,PRD0475,2.0,304.73,609.46
HITM0010962,HORD003515,PRD0124,1.0,2036.87,2036.87
HITM0010963,HORD003516,PRD0638,1.0,248.57,248.57
HITM0010964,HORD003516,PRD0290,1.0,61.51,61.51
HITM0010965,HORD003516,PRD0731,1.0,1790.91,1790.91
HITM0010966,HORD003517,PRD0096,1.0,329.23,329.23
HITM0010967,HORD003517,PRD1000,1.0,364.05,364.05
HITM0010968,HORD003517,PRD0888,1.0,183.72,183.72
HITM0010969,HORD003517,PRD0196,1.0,437.6,437.6
HITM0010970,HORD003518,PRD0678,1.0,653.14,653.14
HITM0010971,HORD003518,PRD0136,1.0,107.5,107.5
HITM0010972,HORD003519,PRD0335,1.0,424.96,424.96
HITM0010973,HORD003519,PRD0502,1.0,1894.29,1894.29
HITM0010974,HORD003519,PRD0702,2.0,768.26,1536.52
HITM0010975,HORD003519,PRD0762,3.0,1654.61,4963.83
HITM0010976,HORD003519,PRD0643,2.0,809.36,1618.72
HITM0010977,HORD003520,PRD0481,2.0,1297.53,2595.06
HITM0010978,HORD003520,PRD0852,1.0,516.19,516.19
HITM0010979,HORD003520,PRD0960,1.0,103.86,103.86
HITM0010980,HORD003520,PRD0311,1.0,1105.19,1105.19
HITM0010981,HORD003521,PRD0482,2.0,653.2,1306.4
HITM0010982,HORD003521,PRD0849,1.0,1011.98,1011.98
HITM0010983,HORD003521,PRD0950,1.0,321.18,321.18
HITM0010984,HORD003522,PRD0795,1.0,808.42,808.42
HITM0010985,HORD003522,PRD0305,1.0,662.05,662.05
HITM0010986,HORD003523,PRD0185,1.0,575.43,575.43
HITM0010987,HORD003523,PRD0206,1.0,673.8,673.8
HITM0010988,HORD003523,PRD0792,1.0,1745.87,1745.87
HITM0010989,HORD003524,PRD0848,1.0,503.4,503.4
HITM0010990,HORD003524,PRD0551,2.0,2626.22,5252.44
HITM0010991,HORD003524,PRD0600,1.0,394.0,394.0
HITM0010992,HORD003524,PRD0641,2.0,934.18,1868.36
HITM0010993,HORD003524,PRD0596,1.0,741.69,741.69
HITM0010994,HORD003525,PRD0198,2.0,155.28,310.56
HITM0010995,HORD003525,PRD0505,1.0,1083.53,1083.53
HITM0010996,HORD003525,PRD0431,1.0,2253.8,2253.8
HITM0010997,HORD003525,PRD0864,2.0,2617.37,5234.74
HITM0010998,HORD003526,PRD0675,1.0,898.47,898.47
HITM0010999,HORD003526,PRD0276,1.0,586.47,586.47
HITM0011000,HORD003527,PRD0476,2.0,59.63,119.26
HITM0011001,HORD003527,PRD0810,1.0,224.68,224.68
HITM0011002,HORD003527,PRD0663,2.0,1546.5,3093.0
HITM0011003,HORD003528,PRD0993,1.0,489.97,489.97
HITM0011004,HORD003528,PRD0468,1.0,990.56,990.56
HITM0011005,HORD003528,PRD0187,1.0,1290.47,1290.47
HITM0011006,HORD003528,PRD0430,1.0,214.75,214.75
HITM0011007,HORD003528,PRD0309,1.0,335.12,335.12
HITM0011008,HORD003529,PRD0919,1.0,1151.13,1151.13
HITM0011009,HORD003529,PRD0816,2.0,354.93,709.86
HITM0011010,HORD003529,PRD0265,2.0,255.41,510.82
HITM0011011,HORD003529,PRD0592,1.0,748.49,748.49
HITM0011012,HORD003530,PRD0870,1.0,285.87,285.87
HITM0011013,HORD003530,PRD0608,1.0,772.25,772.25
HITM0011014,HORD003530,PRD0627,1.0,2451.16,2451.16
HITM0011015,HORD003530,PRD0703,1.0,299.48,299.48
HITM0011016,HORD003530,PRD0306,2.0,643.72,1287.44
HITM0011017,HORD003531,PRD0625,2.0,1041.53,2083.06
HITM0011018,HORD003531,PRD0688,2.0,231.65,463.3
HITM0011019,HORD003531,PRD0774,2.0,4016.42,8032.84
HITM0011020,HORD003531,PRD0476,1.0,59.63,59.63
HITM0011021,HORD003532,PRD0099,1.0,469.56,469.56
HITM0011022,HORD003532,PRD0526,1.0,149.19,149.19
HITM0011023,HORD003533,PRD0938,1.0,857.34,857.34
HITM0011024,HORD003533,PRD0290,2.0,61.51,123.02
HITM0011025,HORD003534,PRD0950,1.0,321.18,321.18
HITM0011026,HORD003534,PRD0078,1.0,166.61,166.61
HITM0011027,HORD003534,PRD0276,1.0,586.47,586.47
HITM0011028,HORD003535,PRD0679,2.0,1147.59,2295.18
HITM0011029,HORD003535,PRD0720,1.0,261.71,261.71
HITM0011030,HORD003535,PRD0140,1.0,54.35,54.35
HITM0011031,HORD003536,PRD0573,1.0,394.67,394.67
HITM0011032,HORD003536,PRD0952,1.0,982.79,982.79
HITM0011033,HORD003536,PRD0529,2.0,1448.34,2896.68
HITM0011034,HORD003536,PRD0420,2.0,202.02,404.04
HITM0011035,HORD003536,PRD0558,2.0,603.01,1206.02
HITM0011036,HORD003537,PRD0449,1.0,227.09,227.09
HITM0011037,HORD003537,PRD0278,1.0,100.15,100.15
HITM0011038,HORD003538,PRD0443,1.0,667.38,667.38
HITM0011039,HORD003538,PRD0773,1.0,429.44,429.44
HITM0011040,HORD003539,PRD0211,1.0,2411.53,2411.53
HITM0011041,HORD003539,PRD0819,1.0,647.95,647.95
HITM0011042,HORD003539,PRD0197,2.0,1349.02,2698.04
HITM0011043,HORD003539,PRD0761,1.0,965.07,965.07
HITM0011044,HORD003540,PRD0251,1.0,954.37,954.37
HITM0011045,HORD003540,PRD0904,1.0,673.64,673.64
HITM0011046,HORD003540,PRD0937,1.0,983.99,983.99
HITM0011047,HORD003540,PRD0738,1.0,306.26,306.26
HITM0011048,HORD003541,PRD0178,1.0,317.56,317.56
HITM0011049,HORD003541,PRD0150,1.0,27.72,27.72
HITM0011050,HORD003542,PRD0573,1.0,394.67,394.67
HITM0011051,HORD003542,PRD0806,2.0,43.45,86.9
HITM0011052,HORD003542,PRD0833,2.0,1413.97,2827.94
HITM0011053,HORD003543,PRD0295,1.0,606.51,606.51
HITM0011054,HORD003543,PRD0532,1.0,894.27,894.27
HITM0011055,HORD003543,PRD0745,1.0,805.9,805.9
HITM0011056,HORD003543,PRD0740,1.0,194.14,194.14
HITM0011057,HORD003544,PRD0363,1.0,1523.75,1523.75
HITM0011058,HORD003544,PRD0171,1.0,1187.41,1187.41
HITM0011059,HORD003545,PRD0426,2.0,284.68,569.36
HITM0011060,HORD003545,PRD0498,2.0,753.34,1506.68
HITM0011061,HORD003545,PRD0186,1.0,223.64,223.64
HITM0011062,HORD003545,PRD0106,3.0,217.23,651.69
HITM0011063,HORD003545,PRD0423,2.0,731.87,1463.74
HITM0011064,HORD003546,PRD0086,1.0,248.61,248.61
HITM0011065,HORD003546,PRD0024,1.0,1506.88,1506.88
HITM0011066,HORD003546,PRD0486,1.0,825.47,825.47
HITM0011067,HORD003547,PRD0533,3.0,1215.39,3646.17
HITM0011068,HORD003548,PRD0658,1.0,140.48,140.48
HITM0011069,HORD003548,PRD0614,2.0,3562.62,7125.24
HITM0011070,HORD003548,PRD0646,1.0,98.45,98.45
HITM0011071,HORD003549,PRD0732,1.0,685.95,685.95
HITM0011072,HORD003549,PRD0403,1.0,1465.36,1465.36
HITM0011073,HORD003549,PRD0180,2.0,24.86,49.72
HITM0011074,HORD003550,PRD0749,1.0,633.27,633.27
HITM0011075,HORD003550,PRD0680,1.0,46.75,46.75
HITM0011076,HORD003550,PRD0567,1.0,383.28,383.28
HITM0011077,HORD003551,PRD0201,1.0,2007.57,2007.57
HITM0011078,HORD003551,PRD0189,1.0,1154.51,1154.51
HITM0011079,HORD003552,PRD0679,1.0,1147.59,1147.59
HITM0011080,HORD003552,PRD0868,1.0,869.51,869.51
HITM0011081,HORD003552,PRD0473,1.0,576.89,576.89
HITM0011082,HORD003552,PRD0516,2.0,565.33,1130.66
HITM0011083,HORD003552,PRD0170,1.0,71.95,71.95
HITM0011084,HORD003553,PRD0334,2.0,2364.45,4728.9
HITM0011085,HORD003553,PRD0392,2.0,930.86,1861.72
HITM0011086,HORD003553,PRD0368,1.0,807.79,807.79
HITM0011087,HORD003554,PRD0195,1.0,337.11,337.11
HITM0011088,HORD003554,PRD0481,1.0,1297.53,1297.53
HITM0011089,HORD003554,PRD0947,2.0,1897.91,3795.82
HITM0011090,HORD003555,PRD0459,2.0,1138.25,2276.5
HITM0011091,HORD003555,PRD0689,1.0,1240.98,1240.98
HITM0011092,HORD003555,PRD0280,1.0,34.27,34.27
HITM0011093,HORD003555,PRD0336,1.0,823.14,823.14
HITM0011094,HORD003555,PRD0360,1.0,14.71,14.71
HITM0011095,HORD003556,PRD0436,1.0,99.16,99.16
HITM0011096,HORD003557,PRD0877,1.0,1300.22,1300.22
HITM0011097,HORD003557,PRD0371,1.0,1060.97,1060.97
HITM0011098,HORD003557,PRD0832,1.0,646.88,646.88
HITM0011099,HORD003558,PRD0698,2.0,1038.35,2076.7
HITM0011100,HORD003558,PRD0028,1.0,364.14,364.14
HITM0011101,HORD003558,PRD0564,2.0,1250.64,2501.28
HITM0011102,HORD003559,PRD0465,2.0,1026.13,2052.26
HITM0011103,HORD003559,PRD0964,3.0,1397.93,4193.79
HITM0011104,HORD003560,PRD0500,1.0,352.58,352.58
HITM0011105,HORD003560,PRD0390,1.0,27.7,27.7
HITM0011106,HORD003561,PRD0666,1.0,108.17,108.17
HITM0011107,HORD003561,PRD0815,1.0,446.57,446.57
HITM0011108,HORD003562,PRD0333,1.0,419.02,419.02
HITM0011109,HORD003562,PRD0792,1.0,1745.87,1745.87
HITM0011110,HORD003562,PRD0615,1.0,196.23,196.23
HITM0011111,HORD003563,PRD0130,1.0,128.78,128.78
HITM0011112,HORD003563,PRD0901,1.0,1477.12,1477.12
HITM0011113,HORD003563,PRD0147,1.0,94.45,94.45
HITM0011114,HORD003563,PRD0839,1.0,706.25,706.25
HITM0011115,HORD003564,PRD0522,2.0,942.08,1884.16
HITM0011116,HORD003564,PRD0847,1.0,940.4,940.4
HITM0011117,HORD003564,PRD0249,1.0,380.08,380.08
HITM0011118,HORD003565,PRD0960,1.0,103.86,103.86
HITM0011119,HORD003565,PRD0030,1.0,159.51,159.51
HITM0011120,HORD003566,PRD0830,2.0,87.0,174.0
HITM0011121,HORD003566,PRD0910,1.0,202.66,202.66
HITM0011122,HORD003566,PRD0590,1.0,268.79,268.79
HITM0011123,HORD003567,PRD0746,1.0,130.44,130.44
HITM0011124,HORD003567,PRD0618,1.0,1068.97,1068.97
HITM0011125,HORD003567,PRD0815,1.0,446.57,446.57
HITM0011126,HORD003567,PRD0040,1.0,208.06,208.06
HITM0011127,HORD003568,PRD0135,1.0,800.53,800.53
HITM0011128,HORD003568,PRD0527,1.0,1359.21,1359.21
HITM0011129,HORD003568,PRD0435,1.0,540.59,540.59
HITM0011130,HORD003569,PRD0666,1.0,108.17,108.17
HITM0011131,HORD003569,PRD0832,1.0,646.88,646.88
HITM0011132,HORD003569,PRD0552,1.0,1832.39,1832.39
HITM0011133,HORD003570,PRD0836,1.0,726.47,726.47
HITM0011134,HORD003571,PRD0259,1.0,1302.81,1302.81
HITM0011135,HORD003571,PRD0774,1.0,4016.42,4016.42
HITM0011136,HORD003571,PRD0847,2.0,940.4,1880.8
HITM0011137,HORD003572,PRD0658,1.0,140.48,140.48
HITM0011138,HORD003572,PRD0670,1.0,85.16,85.16
HITM0011139,HORD003572,PRD0102,1.0,786.59,786.59
HITM0011140,HORD003572,PRD0109,1.0,516.32,516.32
HITM0011141,HORD003573,PRD0180,2.0,24.86,49.72
HITM0011142,HORD003573,PRD0655,1.0,444.01,444.01
HITM0011143,HORD003573,PRD0657,1.0,91.2,91.2
HITM0011144,HORD003573,PRD0893,3.0,434.15,1302.45
HITM0011145,HORD003573,PRD0446,1.0,546.41,546.41
HITM0011146,HORD003574,PRD0800,1.0,235.68,235.68
HITM0011147,HORD003574,PRD0503,2.0,866.27,1732.54
HITM0011148,HORD003574,PRD0320,1.0,289.98,289.98
HITM0011149,HORD003575,PRD0493,1.0,1550.96,1550.96
HITM0011150,HORD003576,PRD0290,2.0,61.51,123.02
HITM0011151,HORD003576,PRD0295,1.0,606.51,606.51
HITM0011152,HORD003576,PRD0398,1.0,413.35,413.35
HITM0011153,HORD003576,PRD0965,1.0,271.51,271.51
HITM0011154,HORD003576,PRD0648,1.0,210.67,210.67
HITM0011155,HORD003577,PRD0180,2.0,24.86,49.72
HITM0011156,HORD003577,PRD0478,2.0,111.87,223.74
HITM0011157,HORD003577,PRD0836,1.0,726.47,726.47
HITM0011158,HORD003578,PRD0641,1.0,934.18,934.18
HITM0011159,HORD003578,PRD0248,1.0,494.67,494.67
HITM0011160,HORD003578,PRD0965,1.0,271.51,271.51
HITM0011161,HORD003578,PRD0732,2.0,685.95,1371.9
HITM0011162,HORD003579,PRD0630,2.0,59.46,118.92
HITM0011163,HORD003579,PRD0359,1.0,169.12,169.12
HITM0011164,HORD003579,PRD0219,1.0,374.02,374.02
HITM0011165,HORD003579,PRD0349,1.0,986.72,986.72
HITM0011166,HORD003579,PRD0105,1.0,275.3,275.3
HITM0011167,HORD003580,PRD0246,1.0,733.57,733.57
HITM0011168,HORD003580,PRD0846,1.0,808.25,808.25
HITM0011169,HORD003580,PRD0439,1.0,1119.95,1119.95
HITM0011170,HORD003581,PRD0836,1.0,726.47,726.47
HITM0011171,HORD003581,PRD0705,2.0,1103.54,2207.08
HITM0011172,HORD003582,PRD0341,1.0,3051.59,3051.59
HITM0011173,HORD003582,PRD0018,2.0,112.62,225.24
HITM0011174,HORD003582,PRD0479,1.0,785.34,785.34
HITM0011175,HORD003582,PRD0887,1.0,111.87,111.87
HITM0011176,HORD003583,PRD0045,1.0,70.08,70.08
HITM0011177,HORD003583,PRD0630,1.0,59.46,59.46
HITM0011178,HORD003584,PRD0239,3.0,1256.88,3770.64
HITM0011179,HORD003584,PRD0881,1.0,1292.47,1292.47
HITM0011180,HORD003584,PRD0971,1.0,1416.11,1416.11
HITM0011181,HORD003584,PRD0523,1.0,1192.94,1192.94
HITM0011182,HORD003585,PRD0654,1.0,4124.98,4124.98
HITM0011183,HORD003586,PRD0080,1.0,390.63,390.63
HITM0011184,HORD003586,PRD0416,1.0,753.43,753.43
HITM0011185,HORD003586,PRD0436,1.0,99.16,99.16
HITM0011186,HORD003587,PRD0448,1.0,67.35,67.35
HITM0011187,HORD003587,PRD0837,1.0,333.32,333.32
HITM0011188,HORD003587,PRD0305,1.0,662.05,662.05
HITM0011189,HORD003588,PRD0305,1.0,662.05,662.05
HITM0011190,HORD003588,PRD0582,3.0,1682.59,5047.77
HITM0011191,HORD003588,PRD0048,1.0,1075.72,1075.72
HITM0011192,HORD003588,PRD0393,1.0,307.2,307.2
HITM0011193,HORD003588,PRD0218,1.0,838.07,838.07
HITM0011194,HORD003589,PRD0957,2.0,2168.33,4336.66
HITM0011195,HORD003589,PRD0506,2.0,309.66,619.32
HITM0011196,HORD003590,PRD0436,1.0,99.16,99.16
HITM0011197,HORD003590,PRD0850,1.0,308.86,308.86
HITM0011198,HORD003590,PRD0576,1.0,136.9,136.9
HITM0011199,HORD003591,PRD0586,3.0,450.26,1350.78
HITM0011200,HORD003591,PRD0223,2.0,427.66,855.32
HITM0011201,HORD003591,PRD0988,1.0,470.37,470.37
HITM0011202,HORD003591,PRD0250,2.0,335.17,670.34
HITM0011203,HORD003591,PRD0409,1.0,1192.0,1192.0
HITM0011204,HORD003592,PRD0854,1.0,386.3,386.3
HITM0011205,HORD003592,PRD0445,1.0,1141.73,1141.73
HITM0011206,HORD003592,PRD0150,1.0,27.72,27.72
HITM0011207,HORD003593,PRD0066,1.0,331.96,331.96
HITM0011208,HORD003593,PRD0830,2.0,87.0,174.0
HITM0011209,HORD003593,PRD0646,1.0,98.45,98.45
HITM0011210,HORD003594,PRD0029,1.0,1109.68,1109.68
HITM0011211,HORD003594,PRD0910,1.0,202.66,202.66
HITM0011212,HORD003594,PRD0453,1.0,934.48,934.48
HITM0011213,HORD003595,PRD0850,1.0,308.86,308.86
HITM0011214,HORD003596,PRD0421,1.0,2504.26,2504.26
HITM0011215,HORD003596,PRD0522,1.0,942.08,942.08
HITM0011216,HORD003596,PRD0099,2.0,469.56,939.12
HITM0011217,HORD003596,PRD0191,2.0,1045.12,2090.24
HITM0011218,HORD003597,PRD0711,1.0,2921.29,2921.29
HITM0011219,HORD003597,PRD0013,1.0,1194.01,1194.01
HITM0011220,HORD003598,PRD0293,2.0,399.18,798.36
HITM0011221,HORD003598,PRD0722,3.0,909.76,2729.28
HITM0011222,HORD003598,PRD0589,1.0,675.7,675.7
HITM0011223,HORD003599,PRD0337,2.0,92.59,185.18
HITM0011224,HORD003599,PRD0011,1.0,1706.96,1706.96
HITM0011225,HORD003599,PRD0426,2.0,284.68,569.36
HITM0011226,HORD003599,PRD0335,1.0,424.96,424.96
HITM0011227,HORD003599,PRD0147,2.0,94.45,188.9
HITM0011228,HORD003600,PRD0866,3.0,328.46,985.38
HITM0011229,HORD003600,PRD0294,1.0,1781.81,1781.81
HITM0011230,HORD003600,PRD0329,2.0,1082.5,2165.0
HITM0011231,HORD003601,PRD0594,1.0,3645.51,3645.51
HITM0011232,HORD003601,PRD0662,1.0,1253.13,1253.13
HITM0011233,HORD003601,PRD0642,1.0,790.1,790.1
HITM0011234,HORD003601,PRD0235,1.0,510.44,510.44
HITM0011235,HORD003602,PRD0288,1.0,171.9,171.9
HITM0011236,HORD003602,PRD0896,1.0,502.67,502.67
HITM0011237,HORD003602,PRD0887,1.0,111.87,111.87
HITM0011238,HORD003602,PRD0627,1.0,2451.16,2451.16
HITM0011239,HORD003603,PRD0586,1.0,450.26,450.26
HITM0011240,HORD003603,PRD0876,3.0,786.05,2358.15
HITM0011241,HORD003604,PRD0202,1.0,1243.06,1243.06
HITM0011242,HORD003604,PRD0042,2.0,1230.08,2460.16
HITM0011243,HORD003604,PRD0629,1.0,270.17,270.17
HITM0011244,HORD003604,PRD0655,1.0,444.01,444.01
HITM0011245,HORD003605,PRD0258,1.0,171.41,171.41
HITM0011246,HORD003605,PRD0439,1.0,1119.95,1119.95
HITM0011247,HORD003605,PRD0150,2.0,27.72,55.44
HITM0011248,HORD003605,PRD0450,1.0,138.07,138.07
HITM0011249,HORD003605,PRD0478,1.0,111.87,111.87
HITM0011250,HORD003606,PRD0247,1.0,968.98,968.98
HITM0011251,HORD003606,PRD0317,1.0,1875.46,1875.46
HITM0011252,HORD003606,PRD0797,1.0,2454.69,2454.69
HITM0011253,HORD003607,PRD0447,2.0,79.94,159.88
HITM0011254,HORD003607,PRD0403,1.0,1465.36,1465.36
HITM0011255,HORD003607,PRD0639,1.0,1043.97,1043.97
HITM0011256,HORD003607,PRD0138,1.0,316.0,316.0
HITM0011257,HORD003608,PRD0573,1.0,394.67,394.67
HITM0011258,HORD003609,PRD0186,1.0,223.64,223.64
HITM0011259,HORD003610,PRD0926,1.0,711.69,711.69
HITM0011260,HORD003610,PRD0765,1.0,126.56,126.56
HITM0011261,HORD003610,PRD0866,2.0,328.46,656.92
HITM0011262,HORD003610,PRD0635,1.0,626.79,626.79
HITM0011263,HORD003611,PRD0039,1.0,980.04,980.04
HITM0011264,HORD003611,PRD0735,1.0,606.53,606.53
HITM0011265,HORD003611,PRD0545,1.0,879.28,879.28
HITM0011266,HORD003611,PRD0879,1.0,746.36,746.36
HITM0011267,HORD003612,PRD0679,1.0,1147.59,1147.59
HITM0011268,HORD003612,PRD0609,1.0,138.47,138.47
HITM0011269,HORD003612,PRD0350,1.0,294.0,294.0
HITM0011270,HORD003613,PRD0065,1.0,729.67,729.67
HITM0011271,HORD003613,PRD0520,1.0,93.98,93.98
HITM0011272,HORD003613,PRD0779,1.0,296.88,296.88
HITM0011273,HORD003613,PRD0382,1.0,453.52,453.52
HITM0011274,HORD003614,PRD0190,1.0,417.54,417.54
HITM0011275,HORD003614,PRD0854,1.0,386.3,386.3
HITM0011276,HORD003614,PRD0273,2.0,1515.39,3030.78
HITM0011277,HORD003615,PRD0359,1.0,169.12,169.12
HITM0011278,HORD003615,PRD0062,1.0,1554.42,1554.42
HITM0011279,HORD003616,PRD0818,1.0,510.62,510.62
HITM0011280,HORD003616,PRD0638,1.0,248.57,248.57
HITM0011281,HORD003616,PRD0557,1.0,1855.06,1855.06
HITM0011282,HORD003616,PRD0817,1.0,1746.37,1746.37
HITM0011283,HORD003617,PRD0746,1.0,130.44,130.44
HITM0011284,HORD003617,PRD0033,1.0,1186.21,1186.21
HITM0011285,HORD003617,PRD0458,1.0,721.39,721.39
HITM0011286,HORD003617,PRD0906,1.0,58.83,58.83
HITM0011287,HORD003618,PRD0292,1.0,324.37,324.37
HITM0011288,HORD003618,PRD0838,1.0,1007.36,1007.36
HITM0011289,HORD003618,PRD0055,1.0,1172.72,1172.72
HITM0011290,HORD003618,PRD0587,1.0,103.55,103.55
HITM0011291,HORD003619,PRD0294,1.0,1781.81,1781.81
HITM0011292,HORD003619,PRD0028,1.0,364.14,364.14
HITM0011293,HORD003620,PRD0056,1.0,318.87,318.87
HITM0011294,HORD003621,PRD0966,1.0,340.4,340.4
HITM0011295,HORD003621,PRD0020,1.0,153.47,153.47
HITM0011296,HORD003621,PRD0305,1.0,662.05,662.05
HITM0011297,HORD003621,PRD0106,3.0,217.23,651.69
HITM0011298,HORD003622,PRD0476,1.0,59.63,59.63
HITM0011299,HORD003622,PRD0190,1.0,417.54,417.54
HITM0011300,HORD003622,PRD0934,1.0,3943.07,3943.07
HITM0011301,HORD003623,PRD0693,1.0,1160.83,1160.83
HITM0011302,HORD003623,PRD0192,3.0,1199.68,3599.04
HITM0011303,HORD003624,PRD0037,2.0,109.69,219.38
HITM0011304,HORD003624,PRD0236,1.0,590.33,590.33
HITM0011305,HORD003624,PRD0555,1.0,407.18,407.18
HITM0011306,HORD003625,PRD0316,1.0,28.93,28.93
HITM0011307,HORD003625,PRD0589,1.0,675.7,675.7
HITM0011308,HORD003625,PRD0908,2.0,857.77,1715.54
HITM0011309,HORD003625,PRD0516,1.0,565.33,565.33
HITM0011310,HORD003626,PRD0420,2.0,202.02,404.04
HITM0011311,HORD003626,PRD0221,2.0,1714.89,3429.78
HITM0011312,HORD003626,PRD0796,1.0,830.56,830.56
HITM0011313,HORD003627,PRD0729,2.0,1008.84,2017.68
HITM0011314,HORD003627,PRD0560,2.0,230.25,460.5
HITM0011315,HORD003627,PRD0543,1.0,398.13,398.13
HITM0011316,HORD003628,PRD0856,2.0,415.09,830.18
HITM0011317,HORD003628,PRD0767,1.0,122.05,122.05
HITM0011318,HORD003628,PRD0857,1.0,371.03,371.03
HITM0011319,HORD003629,PRD0173,2.0,1377.08,2754.16
HITM0011320,HORD003629,PRD0915,2.0,763.7,1527.4
HITM0011321,HORD003629,PRD0399,1.0,628.54,628.54
HITM0011322,HORD003629,PRD0140,1.0,54.35,54.35
HITM0011323,HORD003629,PRD0090,1.0,166.35,166.35
HITM0011324,HORD003630,PRD0321,1.0,2990.61,2990.61
HITM0011325,HORD003630,PRD0420,1.0,202.02,202.02
HITM0011326,HORD003630,PRD0714,1.0,3569.58,3569.58
HITM0011327,HORD003630,PRD0288,1.0,171.9,171.9
HITM0011328,HORD003631,PRD0908,1.0,857.77,857.77
HITM0011329,HORD003631,PRD0219,1.0,374.02,374.02
HITM0011330,HORD003631,PRD0378,1.0,110.97,110.97
HITM0011331,HORD003631,PRD0856,1.0,415.09,415.09
HITM0011332,HORD003631,PRD0234,2.0,3839.41,7678.82
HITM0011333,HORD003632,PRD0813,1.0,1381.91,1381.91
HITM0011334,HORD003632,PRD0851,1.0,1384.1,1384.1
HITM0011335,HORD003632,PRD0969,1.0,1459.43,1459.43
HITM0011336,HORD003632,PRD0791,1.0,1863.17,1863.17
HITM0011337,HORD003633,PRD0062,1.0,1554.42,1554.42
HITM0011338,HORD003633,PRD0923,2.0,283.84,567.68
HITM0011339,HORD003633,PRD0260,2.0,73.31,146.62
HITM0011340,HORD003634,PRD0127,1.0,1805.09,1805.09
HITM0011341,HORD003634,PRD0553,2.0,722.16,1444.32
HITM0011342,HORD003634,PRD0804,1.0,1164.25,1164.25
HITM0011343,HORD003635,PRD0600,1.0,394.0,394.0
HITM0011344,HORD003635,PRD0380,2.0,117.36,234.72
HITM0011345,HORD003635,PRD0171,1.0,1187.41,1187.41
HITM0011346,HORD003635,PRD0870,2.0,285.87,571.74
HITM0011347,HORD003635,PRD0543,1.0,398.13,398.13
HITM0011348,HORD003636,PRD0793,1.0,1185.37,1185.37
HITM0011349,HORD003636,PRD0453,1.0,934.48,934.48
HITM0011350,HORD003636,PRD0784,1.0,3454.65,3454.65
HITM0011351,HORD003636,PRD0891,1.0,1480.65,1480.65
HITM0011352,HORD003637,PRD0209,1.0,1090.92,1090.92
HITM0011353,HORD003637,PRD0456,2.0,417.01,834.02
HITM0011354,HORD003637,PRD0881,1.0,1292.47,1292.47
HITM0011355,HORD003637,PRD0583,2.0,981.15,1962.3
HITM0011356,HORD003638,PRD0316,1.0,28.93,28.93
HITM0011357,HORD003638,PRD0680,1.0,46.75,46.75
HITM0011358,HORD003638,PRD0072,2.0,1390.27,2780.54
HITM0011359,HORD003638,PRD0561,1.0,2439.38,2439.38
HITM0011360,HORD003639,PRD0568,1.0,272.51,272.51
HITM0011361,HORD003639,PRD0504,1.0,3837.7,3837.7
HITM0011362,HORD003639,PRD0718,1.0,1045.66,1045.66
HITM0011363,HORD003639,PRD0716,1.0,242.32,242.32
HITM0011364,HORD003640,PRD0320,1.0,289.98,289.98
HITM0011365,HORD003640,PRD0072,2.0,1390.27,2780.54
HITM0011366,HORD003640,PRD0006,2.0,813.94,1627.88
HITM0011367,HORD003640,PRD0112,1.0,1193.81,1193.81
HITM0011368,HORD003641,PRD0454,1.0,561.82,561.82
HITM0011369,HORD003641,PRD0850,2.0,308.86,617.72
HITM0011370,HORD003641,PRD0891,1.0,1480.65,1480.65
HITM0011371,HORD003641,PRD0306,3.0,643.72,1931.16
HITM0011372,HORD003641,PRD0950,1.0,321.18,321.18
HITM0011373,HORD003642,PRD0469,2.0,1472.12,2944.24
HITM0011374,HORD003642,PRD0798,1.0,902.25,902.25
HITM0011375,HORD003642,PRD0191,1.0,1045.12,1045.12
HITM0011376,HORD003642,PRD0615,1.0,196.23,196.23
HITM0011377,HORD003642,PRD0695,1.0,809.88,809.88
HITM0011378,HORD003643,PRD0349,1.0,986.72,986.72
HITM0011379,HORD003643,PRD0739,2.0,408.6,817.2
HITM0011380,HORD003643,PRD0418,1.0,513.88,513.88
HITM0011381,HORD003644,PRD0536,1.0,616.08,616.08
HITM0011382,HORD003644,PRD0642,3.0,790.1,2370.3
HITM0011383,HORD003645,PRD0794,1.0,3227.51,3227.51
HITM0011384,HORD003645,PRD0351,1.0,1873.03,1873.03
HITM0011385,HORD003645,PRD0315,1.0,1099.77,1099.77
HITM0011386,HORD003646,PRD0552,1.0,1832.39,1832.39
HITM0011387,HORD003646,PRD0091,3.0,1559.91,4679.73
HITM0011388,HORD003647,PRD0047,1.0,1258.28,1258.28
HITM0011389,HORD003648,PRD0075,1.0,227.56,227.56
HITM0011390,HORD003648,PRD0567,1.0,383.28,383.28
HITM0011391,HORD003648,PRD0588,1.0,597.66,597.66
HITM0011392,HORD003648,PRD0151,1.0,1779.3,1779.3
HITM0011393,HORD003649,PRD0335,2.0,424.96,849.92
HITM0011394,HORD003649,PRD0827,1.0,2008.13,2008.13
HITM0011395,HORD003649,PRD0630,1.0,59.46,59.46
HITM0011396,HORD003650,PRD0415,2.0,921.87,1843.74
HITM0011397,HORD003650,PRD0343,1.0,1244.05,1244.05
HITM0011398,HORD003651,PRD0600,1.0,394.0,394.0
HITM0011399,HORD003651,PRD0321,1.0,2990.61,2990.61
HITM0011400,HORD003651,PRD0482,1.0,653.2,653.2
HITM0011401,HORD003651,PRD0492,2.0,1490.94,2981.88
HITM0011402,HORD003652,PRD0268,2.0,944.09,1888.18
HITM0011403,HORD003652,PRD0648,1.0,210.67,210.67
HITM0011404,HORD003653,PRD0130,1.0,128.78,128.78
HITM0011405,HORD003653,PRD0053,1.0,482.7,482.7
HITM0011406,HORD003653,PRD0756,1.0,244.21,244.21
HITM0011407,HORD003654,PRD0568,1.0,272.51,272.51
HITM0011408,HORD003654,PRD0263,2.0,1272.94,2545.88
HITM0011409,HORD003654,PRD0398,1.0,413.35,413.35
HITM0011410,HORD003655,PRD0419,1.0,1223.67,1223.67
HITM0011411,HORD003655,PRD0175,1.0,760.09,760.09
HITM0011412,HORD003655,PRD0111,1.0,1802.88,1802.88
HITM0011413,HORD003656,PRD0528,2.0,821.66,1643.32
HITM0011414,HORD003656,PRD0347,1.0,1107.53,1107.53
HITM0011415,HORD003657,PRD0984,1.0,759.8,759.8
HITM0011416,HORD003657,PRD0530,1.0,376.94,376.94
HITM0011417,HORD003657,PRD0698,2.0,1038.35,2076.7
HITM0011418,HORD003657,PRD0810,1.0,224.68,224.68
HITM0011419,HORD003658,PRD0993,1.0,489.97,489.97
HITM0011420,HORD003658,PRD0815,1.0,446.57,446.57
HITM0011421,HORD003658,PRD0393,1.0,307.2,307.2
HITM0011422,HORD003658,PRD0582,1.0,1682.59,1682.59
HITM0011423,HORD003659,PRD0506,1.0,309.66,309.66
HITM0011424,HORD003659,PRD0334,2.0,2364.45,4728.9
HITM0011425,HORD003659,PRD0976,3.0,348.6,1045.8
HITM0011426,HORD003659,PRD0657,2.0,91.2,182.4
HITM0011427,HORD003660,PRD0348,2.0,1003.34,2006.68
HITM0011428,HORD003660,PRD0728,1.0,188.05,188.05
HITM0011429,HORD003661,PRD0436,2.0,99.16,198.32
HITM0011430,HORD003661,PRD0970,1.0,71.64,71.64
HITM0011431,HORD003661,PRD1000,1.0,364.05,364.05
HITM0011432,HORD003661,PRD0825,1.0,289.25,289.25
HITM0011433,HORD003661,PRD0646,1.0,98.45,98.45
HITM0011434,HORD003662,PRD0787,3.0,1706.85,5120.55
HITM0011435,HORD003662,PRD0876,1.0,786.05,786.05
HITM0011436,HORD003662,PRD0298,1.0,565.35,565.35
HITM0011437,HORD003662,PRD0198,1.0,155.28,155.28
HITM0011438,HORD003662,PRD0370,1.0,143.48,143.48
HITM0011439,HORD003663,PRD0840,1.0,148.97,148.97
HITM0011440,HORD003663,PRD0832,1.0,646.88,646.88
HITM0011441,HORD003664,PRD0835,1.0,427.39,427.39
HITM0011442,HORD003664,PRD0651,1.0,929.1,929.1
HITM0011443,HORD003664,PRD0469,1.0,1472.12,1472.12
HITM0011444,HORD003664,PRD0965,1.0,271.51,271.51
HITM0011445,HORD003665,PRD0478,1.0,111.87,111.87
HITM0011446,HORD003665,PRD0110,1.0,250.51,250.51
HITM0011447,HORD003665,PRD0900,1.0,274.2,274.2
HITM0011448,HORD003666,PRD0153,1.0,926.23,926.23
HITM0011449,HORD003666,PRD0417,1.0,318.04,318.04
HITM0011450,HORD003666,PRD0931,1.0,2080.26,2080.26
HITM0011451,HORD003666,PRD0737,1.0,1942.18,1942.18
HITM0011452,HORD003667,PRD0058,1.0,660.96,660.96
HITM0011453,HORD003667,PRD0270,1.0,145.44,145.44
HITM0011454,HORD003667,PRD0055,1.0,1172.72,1172.72
HITM0011455,HORD003668,PRD0118,1.0,461.86,461.86
HITM0011456,HORD003668,PRD0304,1.0,524.3,524.3
HITM0011457,HORD003668,PRD0895,3.0,862.99,2588.97
HITM0011458,HORD003668,PRD0980,1.0,334.19,334.19
HITM0011459,HORD003669,PRD0231,1.0,2034.99,2034.99
HITM0011460,HORD003669,PRD0804,1.0,1164.25,1164.25
HITM0011461,HORD003670,PRD0430,1.0,214.75,214.75
HITM0011462,HORD003671,PRD0728,1.0,188.05,188.05
HITM0011463,HORD003671,PRD0790,1.0,25.52,25.52
HITM0011464,HORD003671,PRD0837,1.0,333.32,333.32
HITM0011465,HORD003672,PRD0790,1.0,25.52,25.52
HITM0011466,HORD003672,PRD0123,2.0,322.81,645.62
HITM0011467,HORD003672,PRD0052,2.0,1188.55,2377.1
HITM0011468,HORD003673,PRD0127,2.0,1805.09,3610.18
HITM0011469,HORD003673,PRD0098,2.0,149.72,299.44
HITM0011470,HORD003673,PRD0032,1.0,417.41,417.41
HITM0011471,HORD003673,PRD0835,1.0,427.39,427.39
HITM0011472,HORD003673,PRD0567,1.0,383.28,383.28
HITM0011473,HORD003674,PRD0745,1.0,805.9,805.9
HITM0011474,HORD003674,PRD0460,1.0,99.79,99.79
HITM0011475,HORD003674,PRD0926,1.0,711.69,711.69
HITM0011476,HORD003674,PRD0856,1.0,415.09,415.09
HITM0011477,HORD003675,PRD0631,2.0,2799.14,5598.28
HITM0011478,HORD003676,PRD0350,1.0,294.0,294.0
HITM0011479,HORD003676,PRD0112,1.0,1193.81,1193.81
HITM0011480,HORD003676,PRD0268,1.0,944.09,944.09
HITM0011481,HORD003677,PRD0812,2.0,1836.96,3673.92
HITM0011482,HORD003677,PRD0994,1.0,1974.93,1974.93
HITM0011483,HORD003677,PRD0470,1.0,290.42,290.42
HITM0011484,HORD003678,PRD0481,1.0,1297.53,1297.53
HITM0011485,HORD003678,PRD0960,1.0,103.86,103.86
HITM0011486,HORD003678,PRD0208,2.0,373.86,747.72
HITM0011487,HORD003679,PRD0302,2.0,1232.1,2464.2
HITM0011488,HORD003679,PRD0773,1.0,429.44,429.44
HITM0011489,HORD003680,PRD0040,1.0,208.06,208.06
HITM0011490,HORD003680,PRD0828,1.0,125.24,125.24
HITM0011491,HORD003680,PRD0630,1.0,59.46,59.46
HITM0011492,HORD003681,PRD0570,1.0,98.43,98.43
HITM0011493,HORD003681,PRD0190,2.0,417.54,835.08
HITM0011494,HORD003681,PRD0429,1.0,1382.07,1382.07
HITM0011495,HORD003682,PRD0772,2.0,546.46,1092.92
HITM0011496,HORD003682,PRD0030,1.0,159.51,159.51
HITM0011497,HORD003682,PRD0862,1.0,1387.19,1387.19
HITM0011498,HORD003683,PRD0810,1.0,224.68,224.68
HITM0011499,HORD003683,PRD0263,1.0,1272.94,1272.94
HITM0011500,HORD003683,PRD0190,1.0,417.54,417.54
HITM0011501,HORD003683,PRD0413,1.0,699.79,699.79
HITM0011502,HORD003684,PRD0667,1.0,424.48,424.48
HITM0011503,HORD003684,PRD0521,1.0,1486.1,1486.1
HITM0011504,HORD003685,PRD0444,1.0,636.31,636.31
HITM0011505,HORD003685,PRD0476,1.0,59.63,59.63
HITM0011506,HORD003685,PRD0425,2.0,514.7,1029.4
HITM0011507,HORD003686,PRD0640,1.0,153.76,153.76
HITM0011508,HORD003686,PRD0155,1.0,237.13,237.13
HITM0011509,HORD003686,PRD0931,1.0,2080.26,2080.26
HITM0011510,HORD003686,PRD0797,1.0,2454.69,2454.69
HITM0011511,HORD003687,PRD0790,1.0,25.52,25.52
HITM0011512,HORD003687,PRD0096,1.0,329.23,329.23
HITM0011513,HORD003687,PRD0679,1.0,1147.59,1147.59
HITM0011514,HORD003687,PRD0391,1.0,1089.38,1089.38
HITM0011515,HORD003687,PRD0072,1.0,1390.27,1390.27
HITM0011516,HORD003688,PRD0822,3.0,1127.28,3381.84
HITM0011517,HORD003688,PRD0969,1.0,1459.43,1459.43
HITM0011518,HORD003688,PRD0988,1.0,470.37,470.37
HITM0011519,HORD003689,PRD0340,1.0,68.17,68.17
HITM0011520,HORD003689,PRD0205,1.0,1189.79,1189.79
HITM0011521,HORD003689,PRD0196,1.0,437.6,437.6
HITM0011522,HORD003689,PRD0439,2.0,1119.95,2239.9
HITM0011523,HORD003689,PRD0488,1.0,482.8,482.8
HITM0011524,HORD003690,PRD0750,1.0,203.37,203.37
HITM0011525,HORD003690,PRD0781,1.0,1410.25,1410.25
HITM0011526,HORD003690,PRD0512,2.0,1597.11,3194.22
HITM0011527,HORD003691,PRD0400,1.0,286.55,286.55
HITM0011528,HORD003691,PRD0818,2.0,510.62,1021.24
HITM0011529,HORD003692,PRD0700,2.0,258.76,517.52
HITM0011530,HORD003692,PRD0313,1.0,695.88,695.88
HITM0011531,HORD003692,PRD0032,1.0,417.41,417.41
HITM0011532,HORD003692,PRD0311,2.0,1105.19,2210.38
HITM0011533,HORD003692,PRD0604,1.0,1327.89,1327.89
HITM0011534,HORD003693,PRD0156,1.0,681.59,681.59
HITM0011535,HORD003694,PRD0228,1.0,148.71,148.71
HITM0011536,HORD003694,PRD0203,2.0,910.47,1820.94
HITM0011537,HORD003694,PRD0526,2.0,149.19,298.38
HITM0011538,HORD003694,PRD0049,1.0,149.55,149.55
HITM0011539,HORD003695,PRD0062,1.0,1554.42,1554.42
HITM0011540,HORD003695,PRD0787,2.0,1706.85,3413.7
HITM0011541,HORD003695,PRD0470,1.0,290.42,290.42
HITM0011542,HORD003695,PRD0436,3.0,99.16,297.48
HITM0011543,HORD003696,PRD0738,1.0,306.26,306.26
HITM0011544,HORD003696,PRD0874,1.0,2267.23,2267.23
HITM0011545,HORD003696,PRD0931,1.0,2080.26,2080.26
HITM0011546,HORD003697,PRD0243,1.0,1380.67,1380.67
HITM0011547,HORD003697,PRD0563,1.0,270.8,270.8
HITM0011548,HORD003697,PRD0790,1.0,25.52,25.52
HITM0011549,HORD003698,PRD0728,1.0,188.05,188.05
HITM0011550,HORD003698,PRD0581,1.0,2654.25,2654.25
HITM0011551,HORD003699,PRD0481,1.0,1297.53,1297.53
HITM0011552,HORD003699,PRD0255,1.0,783.42,783.42
HITM0011553,HORD003699,PRD0292,1.0,324.37,324.37
HITM0011554,HORD003699,PRD0977,1.0,352.01,352.01
HITM0011555,HORD003699,PRD0640,1.0,153.76,153.76
HITM0011556,HORD003700,PRD0656,1.0,820.33,820.33
HITM0011557,HORD003700,PRD0896,2.0,502.67,1005.34
HITM0011558,HORD003701,PRD0168,1.0,325.2,325.2
HITM0011559,HORD003701,PRD0955,2.0,418.8,837.6
HITM0011560,HORD003701,PRD0124,1.0,2036.87,2036.87
HITM0011561,HORD003702,PRD0112,1.0,1193.81,1193.81
HITM0011562,HORD003702,PRD0476,1.0,59.63,59.63
HITM0011563,HORD003702,PRD0905,1.0,760.24,760.24
HITM0011564,HORD003703,PRD0421,1.0,2504.26,2504.26
HITM0011565,HORD003703,PRD0060,1.0,97.23,97.23
HITM0011566,HORD003704,PRD0370,2.0,143.48,286.96
HITM0011567,HORD003704,PRD0566,3.0,47.51,142.53
HITM0011568,HORD003704,PRD0125,1.0,1004.47,1004.47
HITM0011569,HORD003704,PRD0798,1.0,902.25,902.25
HITM0011570,HORD003704,PRD0646,1.0,98.45,98.45
HITM0011571,HORD003705,PRD0815,2.0,446.57,893.14
HITM0011572,HORD003705,PRD0550,2.0,184.97,369.94
HITM0011573,HORD003705,PRD0309,2.0,335.12,670.24
HITM0011574,HORD003705,PRD0430,1.0,214.75,214.75
HITM0011575,HORD003706,PRD0856,1.0,415.09,415.09
HITM0011576,HORD003706,PRD0063,1.0,1124.17,1124.17
HITM0011577,HORD003706,PRD0923,2.0,283.84,567.68
HITM0011578,HORD003706,PRD0927,1.0,867.79,867.79
HITM0011579,HORD003707,PRD0129,1.0,416.68,416.68
HITM0011580,HORD003707,PRD0238,2.0,690.75,1381.5
HITM0011581,HORD003707,PRD0670,1.0,85.16,85.16
HITM0011582,HORD003707,PRD0113,1.0,605.4,605.4
HITM0011583,HORD003708,PRD0125,2.0,1004.47,2008.94
HITM0011584,HORD003708,PRD0902,1.0,678.89,678.89
HITM0011585,HORD003708,PRD0335,2.0,424.96,849.92
HITM0011586,HORD003709,PRD0406,1.0,241.97,241.97
HITM0011587,HORD003709,PRD0465,2.0,1026.13,2052.26
HITM0011588,HORD003709,PRD0135,1.0,800.53,800.53
HITM0011589,HORD003709,PRD0020,1.0,153.47,153.47
HITM0011590,HORD003709,PRD0046,1.0,690.5,690.5
HITM0011591,HORD003710,PRD0766,1.0,551.34,551.34
HITM0011592,HORD003710,PRD0286,1.0,841.61,841.61
HITM0011593,HORD003711,PRD0191,1.0,1045.12,1045.12
HITM0011594,HORD003711,PRD0766,1.0,551.34,551.34
HITM0011595,HORD003711,PRD0309,2.0,335.12,670.24
HITM0011596,HORD003712,PRD0761,2.0,965.07,1930.14
HITM0011597,HORD003712,PRD0810,1.0,224.68,224.68
HITM0011598,HORD003712,PRD0217,2.0,2044.02,4088.04
HITM0011599,HORD003713,PRD0906,1.0,58.83,58.83
HITM0011600,HORD003713,PRD0639,1.0,1043.97,1043.97
HITM0011601,HORD003713,PRD0754,2.0,3612.65,7225.3
HITM0011602,HORD003714,PRD0229,1.0,412.68,412.68
HITM0011603,HORD003714,PRD0109,1.0,516.32,516.32
HITM0011604,HORD003714,PRD0756,1.0,244.21,244.21
HITM0011605,HORD003715,PRD0790,1.0,25.52,25.52
HITM0011606,HORD003715,PRD0488,1.0,482.8,482.8
HITM0011607,HORD003715,PRD0310,1.0,318.45,318.45
HITM0011608,HORD003715,PRD0882,2.0,366.62,733.24
HITM0011609,HORD003716,PRD0235,1.0,510.44,510.44
HITM0011610,HORD003716,PRD0701,2.0,2361.18,4722.36
HITM0011611,HORD003716,PRD0555,1.0,407.18,407.18
HITM0011612,HORD003716,PRD0010,1.0,15.97,15.97
HITM0011613,HORD003717,PRD0920,2.0,129.86,259.72
HITM0011614,HORD003717,PRD0173,1.0,1377.08,1377.08
HITM0011615,HORD003717,PRD0252,1.0,1577.09,1577.09
HITM0011616,HORD003718,PRD0725,2.0,821.74,1643.48
HITM0011617,HORD003718,PRD0645,1.0,886.19,886.19
HITM0011618,HORD003719,PRD0038,1.0,829.21,829.21
HITM0011619,HORD003719,PRD0496,1.0,176.22,176.22
HITM0011620,HORD003719,PRD0900,1.0,274.2,274.2
HITM0011621,HORD003720,PRD0586,2.0,450.26,900.52
HITM0011622,HORD003720,PRD0568,1.0,272.51,272.51
HITM0011623,HORD003720,PRD0999,1.0,464.57,464.57
HITM0011624,HORD003721,PRD0449,1.0,227.09,227.09
HITM0011625,HORD003722,PRD0940,1.0,139.21,139.21
HITM0011626,HORD003722,PRD0953,1.0,367.94,367.94
HITM0011627,HORD003723,PRD0835,1.0,427.39,427.39
HITM0011628,HORD003724,PRD0923,1.0,283.84,283.84
HITM0011629,HORD003724,PRD0636,2.0,63.83,127.66
HITM0011630,HORD003724,PRD0476,2.0,59.63,119.26
HITM0011631,HORD003724,PRD0563,1.0,270.8,270.8
HITM0011632,HORD003725,PRD0747,1.0,1984.91,1984.91
HITM0011633,HORD003725,PRD0158,1.0,464.07,464.07
HITM0011634,HORD003725,PRD0622,1.0,1882.1,1882.1
HITM0011635,HORD003726,PRD0835,1.0,427.39,427.39
HITM0011636,HORD003726,PRD0771,1.0,1968.01,1968.01
HITM0011637,HORD003726,PRD0508,2.0,637.75,1275.5
HITM0011638,HORD003726,PRD0880,1.0,263.31,263.31
HITM0011639,HORD003727,PRD0064,2.0,3819.98,7639.96
HITM0011640,HORD003727,PRD0453,2.0,934.48,1868.96
HITM0011641,HORD003728,PRD0733,1.0,894.02,894.02
HITM0011642,HORD003728,PRD0150,1.0,27.72,27.72
HITM0011643,HORD003728,PRD0018,1.0,112.62,112.62
HITM0011644,HORD003729,PRD0957,1.0,2168.33,2168.33
HITM0011645,HORD003729,PRD0361,1.0,3013.48,3013.48
HITM0011646,HORD003729,PRD0500,2.0,352.58,705.16
HITM0011647,HORD003730,PRD0801,1.0,1245.32,1245.32
HITM0011648,HORD003730,PRD0089,1.0,865.25,865.25
HITM0011649,HORD003730,PRD0225,1.0,213.62,213.62
HITM0011650,HORD003730,PRD0045,1.0,70.08,70.08
HITM0011651,HORD003730,PRD0009,2.0,1102.1,2204.2
HITM0011652,HORD003731,PRD0360,1.0,14.71,14.71
HITM0011653,HORD003731,PRD0020,3.0,153.47,460.41
HITM0011654,HORD003731,PRD0471,1.0,2346.96,2346.96
HITM0011655,HORD003731,PRD0679,1.0,1147.59,1147.59
HITM0011656,HORD003732,PRD0381,1.0,1910.84,1910.84
HITM0011657,HORD003732,PRD0926,1.0,711.69,711.69
HITM0011658,HORD003733,PRD0843,1.0,1142.85,1142.85
HITM0011659,HORD003733,PRD0882,1.0,366.62,366.62
HITM0011660,HORD003733,PRD0490,1.0,20.66,20.66
HITM0011661,HORD003733,PRD0395,3.0,404.44,1213.32
HITM0011662,HORD003734,PRD0520,1.0,93.98,93.98
HITM0011663,HORD003734,PRD0316,1.0,28.93,28.93
HITM0011664,HORD003734,PRD0732,2.0,685.95,1371.9
HITM0011665,HORD003734,PRD0078,1.0,166.61,166.61
HITM0011666,HORD003734,PRD0264,2.0,721.82,1443.64
HITM0011667,HORD003735,PRD0918,2.0,342.99,685.98
HITM0011668,HORD003736,PRD0433,1.0,1358.38,1358.38
HITM0011669,HORD003736,PRD0916,1.0,265.34,265.34
HITM0011670,HORD003736,PRD0103,2.0,540.65,1081.3
HITM0011671,HORD003736,PRD0959,1.0,198.15,198.15
HITM0011672,HORD003736,PRD0144,2.0,1126.55,2253.1
HITM0011673,HORD003737,PRD0871,1.0,2970.68,2970.68
HITM0011674,HORD003738,PRD0510,1.0,71.92,71.92
HITM0011675,HORD003738,PRD0297,1.0,1540.93,1540.93
HITM0011676,HORD003739,PRD0256,1.0,336.19,336.19
HITM0011677,HORD003739,PRD0303,1.0,961.05,961.05
HITM0011678,HORD003740,PRD0923,1.0,283.84,283.84
HITM0011679,HORD003740,PRD0446,1.0,546.41,546.41
HITM0011680,HORD003740,PRD0138,1.0,316.0,316.0
HITM0011681,HORD003741,PRD0561,1.0,2439.38,2439.38
HITM0011682,HORD003741,PRD0799,1.0,373.98,373.98
HITM0011683,HORD003741,PRD0368,2.0,807.79,1615.58
HITM0011684,HORD003742,PRD0579,1.0,878.27,878.27
HITM0011685,HORD003742,PRD0049,2.0,149.55,299.1
HITM0011686,HORD003742,PRD0570,1.0,98.43,98.43
HITM0011687,HORD003742,PRD0352,2.0,1479.5,2959.0
HITM0011688,HORD003743,PRD0980,2.0,334.19,668.38
HITM0011689,HORD003743,PRD0002,1.0,684.63,684.63
HITM0011690,HORD003744,PRD0628,1.0,306.06,306.06
HITM0011691,HORD003744,PRD0541,1.0,1837.92,1837.92
HITM0011692,HORD003744,PRD0378,2.0,110.97,221.94
HITM0011693,HORD003745,PRD0332,1.0,560.39,560.39
HITM0011694,HORD003745,PRD0178,1.0,317.56,317.56
HITM0011695,HORD003746,PRD0170,1.0,71.95,71.95
HITM0011696,HORD003746,PRD0915,1.0,763.7,763.7
HITM0011697,HORD003747,PRD0193,3.0,609.21,1827.63
HITM0011698,HORD003747,PRD0205,2.0,1189.79,2379.58
HITM0011699,HORD003747,PRD0886,1.0,688.19,688.19
HITM0011700,HORD003748,PRD0480,1.0,37.46,37.46
HITM0011701,HORD003748,PRD0843,3.0,1142.85,3428.55
HITM0011702,HORD003748,PRD0282,1.0,1401.95,1401.95
HITM0011703,HORD003748,PRD0360,1.0,14.71,14.71
HITM0011704,HORD003749,PRD0114,1.0,2615.62,2615.62
HITM0011705,HORD003749,PRD0955,1.0,418.8,418.8
HITM0011706,HORD003749,PRD0625,2.0,1041.53,2083.06
HITM0011707,HORD003749,PRD0666,1.0,108.17,108.17
HITM0011708,HORD003750,PRD0152,2.0,476.3,952.6
HITM0011709,HORD003750,PRD0421,1.0,2504.26,2504.26
HITM0011710,HORD003750,PRD0219,1.0,374.02,374.02
HITM0011711,HORD003750,PRD0026,1.0,304.81,304.81
HITM0011712,HORD003750,PRD0410,2.0,328.86,657.72
HITM0011713,HORD003751,PRD0851,1.0,1384.1,1384.1
HITM0011714,HORD003751,PRD0869,1.0,1409.61,1409.61
HITM0011715,HORD003751,PRD0626,1.0,502.49,502.49
HITM0011716,HORD003752,PRD0839,1.0,706.25,706.25
HITM0011717,HORD003752,PRD0714,2.0,3569.58,7139.16
HITM0011718,HORD003752,PRD0490,1.0,20.66,20.66
HITM0011719,HORD003753,PRD0050,1.0,202.62,202.62
HITM0011720,HORD003753,PRD0934,1.0,3943.07,3943.07
HITM0011721,HORD003753,PRD0820,1.0,95.58,95.58
HITM0011722,HORD003753,PRD0516,2.0,565.33,1130.66
HITM0011723,HORD003754,PRD0105,1.0,275.3,275.3
HITM0011724,HORD003754,PRD0665,2.0,215.81,431.62
HITM0011725,HORD003755,PRD0773,1.0,429.44,429.44
HITM0011726,HORD003755,PRD0748,1.0,176.05,176.05
HITM0011727,HORD003756,PRD0603,2.0,671.51,1343.02
HITM0011728,HORD003756,PRD0770,2.0,254.66,509.32
HITM0011729,HORD003756,PRD0825,1.0,289.25,289.25
HITM0011730,HORD003756,PRD0667,3.0,424.48,1273.44
HITM0011731,HORD003756,PRD0718,1.0,1045.66,1045.66
HITM0011732,HORD003757,PRD0334,3.0,2364.45,7093.35
HITM0011733,HORD003757,PRD0655,1.0,444.01,444.01
HITM0011734,HORD003757,PRD0367,1.0,1853.15,1853.15
HITM0011735,HORD003757,PRD0651,1.0,929.1,929.1
HITM0011736,HORD003758,PRD0937,2.0,983.99,1967.98
HITM0011737,HORD003758,PRD0700,2.0,258.76,517.52
HITM0011738,HORD003759,PRD0081,1.0,2768.19,2768.19
HITM0011739,HORD003759,PRD0449,1.0,227.09,227.09
HITM0011740,HORD003760,PRD0190,1.0,417.54,417.54
HITM0011741,HORD003760,PRD0252,1.0,1577.09,1577.09
HITM0011742,HORD003760,PRD0508,1.0,637.75,637.75
HITM0011743,HORD003760,PRD0364,2.0,1836.13,3672.26
HITM0011744,HORD003760,PRD0390,1.0,27.7,27.7
HITM0011745,HORD003761,PRD0339,1.0,427.29,427.29
HITM0011746,HORD003761,PRD0113,1.0,605.4,605.4
HITM0011747,HORD003761,PRD0700,1.0,258.76,258.76
HITM0011748,HORD003761,PRD0204,1.0,1433.35,1433.35
HITM0011749,HORD003762,PRD0362,1.0,1501.87,1501.87
HITM0011750,HORD003763,PRD0005,1.0,450.36,450.36
HITM0011751,HORD003763,PRD0588,1.0,597.66,597.66
HITM0011752,HORD003763,PRD0634,1.0,405.16,405.16
HITM0011753,HORD003764,PRD0541,2.0,1837.92,3675.84
HITM0011754,HORD003764,PRD0937,1.0,983.99,983.99
HITM0011755,HORD003764,PRD0085,1.0,304.21,304.21
HITM0011756,HORD003765,PRD0480,1.0,37.46,37.46
HITM0011757,HORD003765,PRD0570,1.0,98.43,98.43
HITM0011758,HORD003765,PRD0058,2.0,660.96,1321.92
HITM0011759,HORD003766,PRD0140,1.0,54.35,54.35
HITM0011760,HORD003766,PRD0280,1.0,34.27,34.27
HITM0011761,HORD003766,PRD0138,1.0,316.0,316.0
HITM0011762,HORD003767,PRD0007,1.0,775.64,775.64
HITM0011763,HORD003767,PRD0839,1.0,706.25,706.25
HITM0011764,HORD003767,PRD0564,1.0,1250.64,1250.64
HITM0011765,HORD003768,PRD0793,1.0,1185.37,1185.37
HITM0011766,HORD003768,PRD0553,1.0,722.16,722.16
HITM0011767,HORD003768,PRD0672,1.0,527.46,527.46
HITM0011768,HORD003768,PRD0173,1.0,1377.08,1377.08
HITM0011769,HORD003768,PRD0779,1.0,296.88,296.88
HITM0011770,HORD003769,PRD0467,1.0,1705.11,1705.11
HITM0011771,HORD003769,PRD0064,2.0,3819.98,7639.96
HITM0011772,HORD003770,PRD0688,1.0,231.65,231.65
HITM0011773,HORD003771,PRD0386,2.0,109.17,218.34
HITM0011774,HORD003771,PRD0847,1.0,940.4,940.4
HITM0011775,HORD003772,PRD0815,1.0,446.57,446.57
HITM0011776,HORD003772,PRD0757,1.0,2401.56,2401.56
HITM0011777,HORD003772,PRD0680,1.0,46.75,46.75
HITM0011778,HORD003772,PRD0845,1.0,242.25,242.25
HITM0011779,HORD003772,PRD0409,1.0,1192.0,1192.0
HITM0011780,HORD003773,PRD0816,1.0,354.93,354.93
HITM0011781,HORD003773,PRD0499,1.0,1327.93,1327.93
HITM0011782,HORD003773,PRD0395,2.0,404.44,808.88
HITM0011783,HORD003773,PRD0116,1.0,466.48,466.48
HITM0011784,HORD003774,PRD0780,3.0,191.96,575.88
HITM0011785,HORD003774,PRD0903,1.0,368.54,368.54
HITM0011786,HORD003774,PRD0045,1.0,70.08,70.08
HITM0011787,HORD003774,PRD0128,2.0,396.23,792.46
HITM0011788,HORD003775,PRD0085,1.0,304.21,304.21
HITM0011789,HORD003775,PRD0212,2.0,736.5,1473.0
HITM0011790,HORD003775,PRD0840,1.0,148.97,148.97
HITM0011791,HORD003775,PRD0470,2.0,290.42,580.84
HITM0011792,HORD003776,PRD0320,1.0,289.98,289.98
HITM0011793,HORD003776,PRD0351,1.0,1873.03,1873.03
HITM0011794,HORD003776,PRD0645,2.0,886.19,1772.38
HITM0011795,HORD003776,PRD0998,1.0,546.63,546.63
HITM0011796,HORD003777,PRD0715,1.0,343.66,343.66
HITM0011797,HORD003777,PRD0057,1.0,1403.88,1403.88
HITM0011798,HORD003777,PRD0788,2.0,934.58,1869.16
HITM0011799,HORD003777,PRD0436,1.0,99.16,99.16
HITM0011800,HORD003778,PRD0639,1.0,1043.97,1043.97
HITM0011801,HORD003778,PRD0748,1.0,176.05,176.05
HITM0011802,HORD003779,PRD0323,2.0,786.71,1573.42
HITM0011803,HORD003779,PRD0360,1.0,14.71,14.71
HITM0011804,HORD003779,PRD0155,1.0,237.13,237.13
HITM0011805,HORD003779,PRD0275,1.0,182.18,182.18
HITM0011806,HORD003780,PRD0800,2.0,235.68,471.36
HITM0011807,HORD003780,PRD0846,1.0,808.25,808.25
HITM0011808,HORD003780,PRD0547,1.0,2376.82,2376.82
HITM0011809,HORD003781,PRD0758,2.0,688.14,1376.28
HITM0011810,HORD003781,PRD0670,1.0,85.16,85.16
HITM0011811,HORD003781,PRD0700,1.0,258.76,258.76
HITM0011812,HORD003782,PRD0272,1.0,721.72,721.72
HITM0011813,HORD003782,PRD0051,1.0,1650.3,1650.3
HITM0011814,HORD003783,PRD0580,1.0,76.83,76.83
HITM0011815,HORD003783,PRD0048,1.0,1075.72,1075.72
HITM0011816,HORD003783,PRD0454,1.0,561.82,561.82
HITM0011817,HORD003784,PRD0666,3.0,108.17,324.51
HITM0011818,HORD003784,PRD0010,1.0,15.97,15.97
HITM0011819,HORD003784,PRD0580,1.0,76.83,76.83
HITM0011820,HORD003785,PRD0585,1.0,557.31,557.31
HITM0011821,HORD003785,PRD0330,1.0,184.25,184.25
HITM0011822,HORD003786,PRD0648,1.0,210.67,210.67
HITM0011823,HORD003786,PRD0294,1.0,1781.81,1781.81
HITM0011824,HORD003786,PRD0436,1.0,99.16,99.16
HITM0011825,HORD003786,PRD0234,1.0,3839.41,3839.41
HITM0011826,HORD003786,PRD0564,1.0,1250.64,1250.64
HITM0011827,HORD003787,PRD0753,1.0,497.57,497.57
HITM0011828,HORD003787,PRD0676,1.0,444.48,444.48
HITM0011829,HORD003788,PRD0086,2.0,248.61,497.22
HITM0011830,HORD003788,PRD0953,2.0,367.94,735.88
HITM0011831,HORD003788,PRD0398,1.0,413.35,413.35
HITM0011832,HORD003788,PRD0832,2.0,646.88,1293.76
HITM0011833,HORD003789,PRD0919,1.0,1151.13,1151.13
HITM0011834,HORD003789,PRD0383,2.0,1343.47,2686.94
HITM0011835,HORD003789,PRD0690,1.0,306.64,306.64
HITM0011836,HORD003790,PRD0950,1.0,321.18,321.18
HITM0011837,HORD003790,PRD0049,1.0,149.55,149.55
HITM0011838,HORD003790,PRD0199,1.0,290.9,290.9
HITM0011839,HORD003791,PRD0732,1.0,685.95,685.95
HITM0011840,HORD003791,PRD0095,1.0,857.11,857.11
HITM0011841,HORD003791,PRD0036,1.0,116.11,116.11
HITM0011842,HORD003791,PRD0613,1.0,990.18,990.18
HITM0011843,HORD003792,PRD0008,1.0,799.44,799.44
HITM0011844,HORD003792,PRD0402,1.0,1191.53,1191.53
HITM0011845,HORD003793,PRD0326,1.0,791.27,791.27
HITM0011846,HORD003793,PRD0999,2.0,464.57,929.14
HITM0011847,HORD003794,PRD0592,2.0,748.49,1496.98
HITM0011848,HORD003794,PRD0420,1.0,202.02,202.02
HITM0011849,HORD003794,PRD0945,1.0,888.88,888.88
HITM0011850,HORD003794,PRD0447,1.0,79.94,79.94
HITM0011851,HORD003795,PRD0155,1.0,237.13,237.13
HITM0011852,HORD003795,PRD0258,2.0,171.41,342.82
HITM0011853,HORD003796,PRD0960,1.0,103.86,103.86
HITM0011854,HORD003796,PRD0805,1.0,151.93,151.93
HITM0011855,HORD003796,PRD0993,3.0,489.97,1469.91
HITM0011856,HORD003797,PRD0918,2.0,342.99,685.98
HITM0011857,HORD003797,PRD0888,1.0,183.72,183.72
HITM0011858,HORD003797,PRD0676,1.0,444.48,444.48
HITM0011859,HORD003797,PRD0848,1.0,503.4,503.4
HITM0011860,HORD003798,PRD0142,1.0,1815.54,1815.54
HITM0011861,HORD003798,PRD0819,1.0,647.95,647.95
HITM0011862,HORD003799,PRD0220,2.0,369.39,738.78
HITM0011863,HORD003799,PRD0586,3.0,450.26,1350.78
HITM0011864,HORD003799,PRD0823,1.0,1081.67,1081.67
HITM0011865,HORD003799,PRD0860,2.0,148.71,297.42
HITM0011866,HORD003800,PRD0041,2.0,2120.5,4241.0
HITM0011867,HORD003800,PRD0272,1.0,721.72,721.72
HITM0011868,HORD003800,PRD0435,1.0,540.59,540.59
HITM0011869,HORD003801,PRD0561,1.0,2439.38,2439.38
HITM0011870,HORD003801,PRD0661,1.0,1397.85,1397.85
HITM0011871,HORD003802,PRD0990,1.0,373.23,373.23
HITM0011872,HORD003802,PRD0233,1.0,1406.02,1406.02
HITM0011873,HORD003802,PRD0982,1.0,921.88,921.88
HITM0011874,HORD003802,PRD0918,2.0,342.99,685.98
HITM0011875,HORD003803,PRD0086,1.0,248.61,248.61
HITM0011876,HORD003803,PRD0053,1.0,482.7,482.7
HITM0011877,HORD003803,PRD0340,1.0,68.17,68.17
HITM0011878,HORD003804,PRD0215,2.0,915.08,1830.16
HITM0011879,HORD003804,PRD0258,1.0,171.41,171.41
HITM0011880,HORD003804,PRD0900,1.0,274.2,274.2
HITM0011881,HORD003805,PRD0568,1.0,272.51,272.51
HITM0011882,HORD003805,PRD0829,3.0,385.82,1157.46
HITM0011883,HORD003805,PRD0551,1.0,2626.22,2626.22
HITM0011884,HORD003806,PRD0626,2.0,502.49,1004.98
HITM0011885,HORD003806,PRD0443,1.0,667.38,667.38
HITM0011886,HORD003807,PRD0878,2.0,919.03,1838.06
HITM0011887,HORD003807,PRD0651,1.0,929.1,929.1
HITM0011888,HORD003807,PRD0072,1.0,1390.27,1390.27
HITM0011889,HORD003807,PRD0004,1.0,466.88,466.88
HITM0011890,HORD003808,PRD0750,1.0,203.37,203.37
HITM0011891,HORD003808,PRD0216,2.0,56.76,113.52
HITM0011892,HORD003808,PRD0165,2.0,722.38,1444.76
HITM0011893,HORD003809,PRD0490,1.0,20.66,20.66
HITM0011894,HORD003809,PRD0841,1.0,2181.2,2181.2
HITM0011895,HORD003810,PRD0007,1.0,775.64,775.64
HITM0011896,HORD003810,PRD0368,1.0,807.79,807.79
HITM0011897,HORD003810,PRD0964,1.0,1397.93,1397.93
HITM0011898,HORD003811,PRD0675,1.0,898.47,898.47
HITM0011899,HORD003811,PRD0828,1.0,125.24,125.24
HITM0011900,HORD003811,PRD0840,1.0,148.97,148.97
HITM0011901,HORD003811,PRD0324,2.0,3625.94,7251.88
HITM0011902,HORD003812,PRD0958,1.0,655.23,655.23
HITM0011903,HORD003812,PRD0007,1.0,775.64,775.64
HITM0011904,HORD003812,PRD0931,1.0,2080.26,2080.26
HITM0011905,HORD003812,PRD0375,1.0,302.41,302.41
HITM0011906,HORD003813,PRD0908,3.0,857.77,2573.31
HITM0011907,HORD003814,PRD0790,2.0,25.52,51.04
HITM0011908,HORD003814,PRD0360,1.0,14.71,14.71
HITM0011909,HORD003814,PRD0670,1.0,85.16,85.16
HITM0011910,HORD003814,PRD0382,1.0,453.52,453.52
HITM0011911,HORD003815,PRD0488,1.0,482.8,482.8
HITM0011912,HORD003815,PRD0904,1.0,673.64,673.64
HITM0011913,HORD003816,PRD0278,1.0,100.15,100.15
HITM0011914,HORD003816,PRD0842,2.0,1682.83,3365.66
HITM0011915,HORD003816,PRD0120,1.0,319.18,319.18
HITM0011916,HORD003816,PRD0946,3.0,553.66,1660.98
HITM0011917,HORD003817,PRD0383,2.0,1343.47,2686.94
HITM0011918,HORD003817,PRD0635,1.0,626.79,626.79
HITM0011919,HORD003818,PRD0914,1.0,3839.74,3839.74
HITM0011920,HORD003818,PRD0343,2.0,1244.05,2488.1
HITM0011921,HORD003818,PRD0844,1.0,1996.67,1996.67
HITM0011922,HORD003818,PRD0593,2.0,1331.28,2662.56
HITM0011923,HORD003819,PRD0290,1.0,61.51,61.51
HITM0011924,HORD003819,PRD0370,1.0,143.48,143.48
HITM0011925,HORD003819,PRD0681,1.0,2498.26,2498.26
HITM0011926,HORD003819,PRD0676,1.0,444.48,444.48
HITM0011927,HORD003819,PRD0880,2.0,263.31,526.62
HITM0011928,HORD003820,PRD0589,3.0,675.7,2027.1
HITM0011929,HORD003820,PRD0128,1.0,396.23,396.23
HITM0011930,HORD003821,PRD0548,1.0,181.04,181.04
HITM0011931,HORD003821,PRD0900,1.0,274.2,274.2
HITM0011932,HORD003821,PRD0360,1.0,14.71,14.71
HITM0011933,HORD003821,PRD0136,1.0,107.5,107.5
HITM0011934,HORD003822,PRD0411,1.0,1649.5,1649.5
HITM0011935,HORD003822,PRD0840,1.0,148.97,148.97
HITM0011936,HORD003823,PRD0448,2.0,67.35,134.7
HITM0011937,HORD003823,PRD0044,1.0,3554.03,3554.03
HITM0011938,HORD003823,PRD0577,1.0,941.97,941.97
HITM0011939,HORD003824,PRD0616,1.0,644.96,644.96
HITM0011940,HORD003825,PRD0890,1.0,273.8,273.8
HITM0011941,HORD003825,PRD0511,1.0,1305.5,1305.5
HITM0011942,HORD003825,PRD0379,1.0,759.43,759.43
HITM0011943,HORD003825,PRD0470,1.0,290.42,290.42
HITM0011944,HORD003825,PRD0413,1.0,699.79,699.79
HITM0011945,HORD003826,PRD0008,1.0,799.44,799.44
HITM0011946,HORD003826,PRD0766,1.0,551.34,551.34
HITM0011947,HORD003826,PRD0325,1.0,54.61,54.61
HITM0011948,HORD003827,PRD0470,1.0,290.42,290.42
HITM0011949,HORD003827,PRD0360,1.0,14.71,14.71
HITM0011950,HORD003827,PRD0357,2.0,193.87,387.74
HITM0011951,HORD003827,PRD0453,1.0,934.48,934.48
HITM0011952,HORD003828,PRD0735,3.0,606.53,1819.59
HITM0011953,HORD003828,PRD0624,1.0,4074.77,4074.77
HITM0011954,HORD003829,PRD0543,1.0,398.13,398.13
HITM0011955,HORD003829,PRD0934,1.0,3943.07,3943.07
HITM0011956,HORD003829,PRD0146,1.0,795.49,795.49
HITM0011957,HORD003829,PRD0688,1.0,231.65,231.65
HITM0011958,HORD003830,PRD0766,1.0,551.34,551.34
HITM0011959,HORD003830,PRD0449,2.0,227.09,454.18
HITM0011960,HORD003830,PRD0853,1.0,1456.04,1456.04
HITM0011961,HORD003831,PRD0692,1.0,959.48,959.48
HITM0011962,HORD003831,PRD0152,1.0,476.3,476.3
HITM0011963,HORD003831,PRD0212,1.0,736.5,736.5
HITM0011964,HORD003832,PRD0188,3.0,604.15,1812.45
HITM0011965,HORD003832,PRD0634,2.0,405.16,810.32
HITM0011966,HORD003832,PRD0858,1.0,251.31,251.31
HITM0011967,HORD003832,PRD0045,1.0,70.08,70.08
HITM0011968,HORD003833,PRD0784,1.0,3454.65,3454.65
HITM0011969,HORD003833,PRD0486,1.0,825.47,825.47
HITM0011970,HORD003834,PRD0086,1.0,248.61,248.61
HITM0011971,HORD003834,PRD0932,2.0,1316.49,2632.98
HITM0011972,HORD003835,PRD0806,1.0,43.45,43.45
HITM0011973,HORD003836,PRD0837,1.0,333.32,333.32
HITM0011974,HORD003836,PRD0544,1.0,1918.0,1918.0
HITM0011975,HORD003836,PRD0667,2.0,424.48,848.96
HITM0011976,HORD003836,PRD0085,2.0,304.21,608.42
HITM0011977,HORD003837,PRD0304,1.0,524.3,524.3
HITM0011978,HORD003837,PRD0003,3.0,745.86,2237.58
HITM0011979,HORD003837,PRD0361,1.0,3013.48,3013.48
HITM0011980,HORD003838,PRD0759,1.0,943.47,943.47
HITM0011981,HORD003838,PRD0553,2.0,722.16,1444.32
HITM0011982,HORD003838,PRD0621,3.0,1720.44,5161.32
HITM0011983,HORD003838,PRD0618,1.0,1068.97,1068.97
HITM0011984,HORD003838,PRD0077,1.0,966.88,966.88
HITM0011985,HORD003839,PRD0764,1.0,3444.81,3444.81
HITM0011986,HORD003839,PRD0207,1.0,1299.41,1299.41
HITM0011987,HORD003840,PRD0885,1.0,510.35,510.35
HITM0011988,HORD003840,PRD0347,1.0,1107.53,1107.53
HITM0011989,HORD003841,PRD0269,1.0,514.16,514.16
HITM0011990,HORD003841,PRD0216,1.0,56.76,56.76
HITM0011991,HORD003842,PRD0278,1.0,100.15,100.15
HITM0011992,HORD003842,PRD0619,1.0,180.89,180.89
HITM0011993,HORD003842,PRD0316,2.0,28.93,57.86
HITM0011994,HORD003843,PRD0979,1.0,1102.97,1102.97
HITM0011995,HORD003843,PRD0424,1.0,1571.65,1571.65
HITM0011996,HORD003843,PRD0166,1.0,833.21,833.21
HITM0011997,HORD003843,PRD0865,1.0,558.87,558.87
HITM0011998,HORD003844,PRD0058,1.0,660.96,660.96
HITM0011999,HORD003844,PRD0911,1.0,1436.52,1436.52
HITM0012000,HORD003844,PRD0847,1.0,940.4,940.4
HITM0012001,HORD003844,PRD0004,1.0,466.88,466.88
HITM0012002,HORD003845,PRD0715,1.0,343.66,343.66
HITM0012003,HORD003845,PRD0853,2.0,1456.04,2912.08
HITM0012004,HORD003845,PRD0500,1.0,352.58,352.58
HITM0012005,HORD003845,PRD0786,1.0,211.68,211.68
HITM0012006,HORD003846,PRD0977,2.0,352.01,704.02
HITM0012007,HORD003846,PRD0097,1.0,673.56,673.56
HITM0012008,HORD003846,PRD0794,1.0,3227.51,3227.51
HITM0012009,HORD003847,PRD0060,2.0,97.23,194.46
HITM0012010,HORD003847,PRD0630,1.0,59.46,59.46
HITM0012011,HORD003847,PRD0394,2.0,3284.35,6568.7
HITM0012012,HORD003847,PRD0790,1.0,25.52,25.52
HITM0012013,HORD003847,PRD0380,1.0,117.36,117.36
HITM0012014,HORD003848,PRD0470,1.0,290.42,290.42
HITM0012015,HORD003848,PRD0021,1.0,2242.17,2242.17
HITM0012016,HORD003848,PRD0050,1.0,202.62,202.62
HITM0012017,HORD003848,PRD0190,1.0,417.54,417.54
HITM0012018,HORD003849,PRD0946,1.0,553.66,553.66
HITM0012019,HORD003849,PRD0304,1.0,524.3,524.3
HITM0012020,HORD003849,PRD0490,1.0,20.66,20.66
HITM0012021,HORD003850,PRD0495,2.0,617.55,1235.1
HITM0012022,HORD003850,PRD0878,1.0,919.03,919.03
HITM0012023,HORD003850,PRD0252,1.0,1577.09,1577.09
HITM0012024,HORD003850,PRD0100,1.0,122.42,122.42
HITM0012025,HORD003850,PRD0731,2.0,1790.91,3581.82
HITM0012026,HORD003851,PRD0171,1.0,1187.41,1187.41
HITM0012027,HORD003851,PRD0382,1.0,453.52,453.52
HITM0012028,HORD003851,PRD0262,1.0,1522.38,1522.38
HITM0012029,HORD003851,PRD0094,1.0,1376.89,1376.89
HITM0012030,HORD003851,PRD0554,1.0,1619.69,1619.69
HITM0012031,HORD003852,PRD0147,1.0,94.45,94.45
HITM0012032,HORD003852,PRD0765,3.0,126.56,379.68
HITM0012033,HORD003852,PRD0984,3.0,759.8,2279.4
HITM0012034,HORD003852,PRD0290,1.0,61.51,61.51
HITM0012035,HORD003852,PRD0749,1.0,633.27,633.27
HITM0012036,HORD003853,PRD0966,1.0,340.4,340.4
HITM0012037,HORD003853,PRD0480,1.0,37.46,37.46
HITM0012038,HORD003853,PRD0331,1.0,1711.06,1711.06
HITM0012039,HORD003853,PRD0490,2.0,20.66,41.32
HITM0012040,HORD003853,PRD0880,2.0,263.31,526.62
HITM0012041,HORD003854,PRD0161,1.0,1014.36,1014.36
HITM0012042,HORD003854,PRD0037,1.0,109.69,109.69
HITM0012043,HORD003855,PRD0885,1.0,510.35,510.35
HITM0012044,HORD003855,PRD0067,1.0,638.19,638.19
HITM0012045,HORD003855,PRD0609,1.0,138.47,138.47
HITM0012046,HORD003855,PRD0053,1.0,482.7,482.7
HITM0012047,HORD003855,PRD0219,1.0,374.02,374.02
HITM0012048,HORD003856,PRD0279,2.0,250.57,501.14
HITM0012049,HORD003856,PRD0031,1.0,2166.94,2166.94
HITM0012050,HORD003856,PRD0615,1.0,196.23,196.23
HITM0012051,HORD003856,PRD0285,1.0,136.65,136.65
HITM0012052,HORD003856,PRD0112,1.0,1193.81,1193.81
HITM0012053,HORD003857,PRD0010,1.0,15.97,15.97
HITM0012054,HORD003857,PRD0280,2.0,34.27,68.54
HITM0012055,HORD003858,PRD0408,3.0,680.47,2041.41
HITM0012056,HORD003858,PRD0584,2.0,2076.86,4153.72
HITM0012057,HORD003858,PRD0448,1.0,67.35,67.35
HITM0012058,HORD003859,PRD0631,1.0,2799.14,2799.14
HITM0012059,HORD003859,PRD0001,1.0,942.83,942.83
HITM0012060,HORD003859,PRD0911,2.0,1436.52,2873.04
HITM0012061,HORD003860,PRD0832,1.0,646.88,646.88
HITM0012062,HORD003860,PRD0049,1.0,149.55,149.55
HITM0012063,HORD003860,PRD0433,1.0,1358.38,1358.38
HITM0012064,HORD003860,PRD0428,2.0,621.91,1243.82
HITM0012065,HORD003860,PRD0108,1.0,186.84,186.84
HITM0012066,HORD003861,PRD0688,2.0,231.65,463.3
HITM0012067,HORD003861,PRD0786,2.0,211.68,423.36
HITM0012068,HORD003861,PRD0370,1.0,143.48,143.48
HITM0012069,HORD003861,PRD0816,1.0,354.93,354.93
HITM0012070,HORD003861,PRD0825,3.0,289.25,867.75
HITM0012071,HORD003862,PRD0672,1.0,527.46,527.46
HITM0012072,HORD003862,PRD0204,1.0,1433.35,1433.35
HITM0012073,HORD003862,PRD0772,2.0,546.46,1092.92
HITM0012074,HORD003863,PRD0072,1.0,1390.27,1390.27
HITM0012075,HORD003863,PRD0943,1.0,940.81,940.81
HITM0012076,HORD003863,PRD0448,1.0,67.35,67.35
HITM0012077,HORD003863,PRD0046,1.0,690.5,690.5
HITM0012078,HORD003864,PRD0068,1.0,190.2,190.2
HITM0012079,HORD003864,PRD0481,1.0,1297.53,1297.53
HITM0012080,HORD003865,PRD0075,1.0,227.56,227.56
HITM0012081,HORD003866,PRD0918,1.0,342.99,342.99
HITM0012082,HORD003866,PRD0010,1.0,15.97,15.97
HITM0012083,HORD003866,PRD0561,1.0,2439.38,2439.38
HITM0012084,HORD003866,PRD0271,1.0,1115.7,1115.7
HITM0012085,HORD003866,PRD0550,1.0,184.97,184.97
HITM0012086,HORD003867,PRD0688,3.0,231.65,694.95
HITM0012087,HORD003868,PRD0305,2.0,662.05,1324.1
HITM0012088,HORD003868,PRD0892,1.0,324.59,324.59
HITM0012089,HORD003868,PRD0965,1.0,271.51,271.51
HITM0012090,HORD003868,PRD0840,2.0,148.97,297.94
HITM0012091,HORD003869,PRD0504,3.0,3837.7,11513.1
HITM0012092,HORD003869,PRD0996,1.0,654.73,654.73
HITM0012093,HORD003869,PRD0935,1.0,249.9,249.9
HITM0012094,HORD003870,PRD0914,1.0,3839.74,3839.74
HITM0012095,HORD003870,PRD0970,1.0,71.64,71.64
HITM0012096,HORD003871,PRD0642,1.0,790.1,790.1
HITM0012097,HORD003871,PRD0471,1.0,2346.96,2346.96
HITM0012098,HORD003871,PRD0177,2.0,500.75,1001.5
HITM0012099,HORD003871,PRD0372,1.0,763.17,763.17
HITM0012100,HORD003871,PRD0738,1.0,306.26,306.26
HITM0012101,HORD003872,PRD0094,2.0,1376.89,2753.78
HITM0012102,HORD003873,PRD0769,1.0,809.07,809.07
HITM0012103,HORD003874,PRD0488,1.0,482.8,482.8
HITM0012104,HORD003874,PRD0893,1.0,434.15,434.15
HITM0012105,HORD003874,PRD0736,1.0,829.44,829.44
HITM0012106,HORD003875,PRD0844,1.0,1996.67,1996.67
HITM0012107,HORD003875,PRD0994,1.0,1974.93,1974.93
HITM0012108,HORD003875,PRD0175,1.0,760.09,760.09
HITM0012109,HORD003876,PRD0572,1.0,483.42,483.42
HITM0012110,HORD003876,PRD0619,1.0,180.89,180.89
HITM0012111,HORD003876,PRD0146,1.0,795.49,795.49
HITM0012112,HORD003876,PRD0399,1.0,628.54,628.54
HITM0012113,HORD003877,PRD0670,1.0,85.16,85.16
HITM0012114,HORD003877,PRD0155,2.0,237.13,474.26
HITM0012115,HORD003877,PRD0572,1.0,483.42,483.42
HITM0012116,HORD003877,PRD0882,2.0,366.62,733.24
HITM0012117,HORD003877,PRD0369,2.0,462.08,924.16
HITM0012118,HORD003878,PRD0270,1.0,145.44,145.44
HITM0012119,HORD003878,PRD0953,1.0,367.94,367.94
HITM0012120,HORD003878,PRD0808,1.0,830.41,830.41
HITM0012121,HORD003878,PRD0712,1.0,1113.98,1113.98
HITM0012122,HORD003879,PRD0201,1.0,2007.57,2007.57
HITM0012123,HORD003879,PRD0666,1.0,108.17,108.17
HITM0012124,HORD003880,PRD0548,1.0,181.04,181.04
HITM0012125,HORD003880,PRD0475,1.0,304.73,304.73
HITM0012126,HORD003880,PRD0699,2.0,1495.41,2990.82
HITM0012127,HORD003881,PRD0340,1.0,68.17,68.17
HITM0012128,HORD003881,PRD0157,1.0,2583.38,2583.38
HITM0012129,HORD003882,PRD0840,2.0,148.97,297.94
HITM0012130,HORD003882,PRD0789,1.0,106.8,106.8
HITM0012131,HORD003882,PRD0036,2.0,116.11,232.22
HITM0012132,HORD003882,PRD0786,1.0,211.68,211.68
HITM0012133,HORD003883,PRD0010,1.0,15.97,15.97
HITM0012134,HORD003883,PRD0497,1.0,1686.58,1686.58
HITM0012135,HORD003883,PRD0352,1.0,1479.5,1479.5
HITM0012136,HORD003884,PRD0585,1.0,557.31,557.31
HITM0012137,HORD003884,PRD0969,1.0,1459.43,1459.43
HITM0012138,HORD003884,PRD0848,2.0,503.4,1006.8
HITM0012139,HORD003884,PRD0400,1.0,286.55,286.55
HITM0012140,HORD003885,PRD0742,2.0,1512.78,3025.56
HITM0012141,HORD003885,PRD0685,1.0,367.73,367.73
HITM0012142,HORD003886,PRD0796,1.0,830.56,830.56
HITM0012143,HORD003886,PRD0830,2.0,87.0,174.0
HITM0012144,HORD003886,PRD0260,1.0,73.31,73.31
HITM0012145,HORD003887,PRD0076,2.0,588.36,1176.72
HITM0012146,HORD003887,PRD0953,2.0,367.94,735.88
HITM0012147,HORD003887,PRD0657,1.0,91.2,91.2
HITM0012148,HORD003888,PRD0238,1.0,690.75,690.75
HITM0012149,HORD003888,PRD0485,2.0,518.63,1037.26
HITM0012150,HORD003888,PRD0002,1.0,684.63,684.63
HITM0012151,HORD003889,PRD0976,1.0,348.6,348.6
HITM0012152,HORD003889,PRD0166,1.0,833.21,833.21
HITM0012153,HORD003889,PRD0833,1.0,1413.97,1413.97
HITM0012154,HORD003889,PRD0002,1.0,684.63,684.63
HITM0012155,HORD003889,PRD0262,2.0,1522.38,3044.76
HITM0012156,HORD003890,PRD0748,1.0,176.05,176.05
HITM0012157,HORD003890,PRD0960,2.0,103.86,207.72
HITM0012158,HORD003890,PRD0358,1.0,67.02,67.02
HITM0012159,HORD003891,PRD0448,1.0,67.35,67.35
HITM0012160,HORD003891,PRD0423,1.0,731.87,731.87
HITM0012161,HORD003892,PRD0490,1.0,20.66,20.66
HITM0012162,HORD003892,PRD0630,1.0,59.46,59.46
HITM0012163,HORD003892,PRD0790,2.0,25.52,51.04
HITM0012164,HORD003892,PRD0228,1.0,148.71,148.71
HITM0012165,HORD003893,PRD0085,1.0,304.21,304.21
HITM0012166,HORD003893,PRD0667,1.0,424.48,424.48
HITM0012167,HORD003894,PRD0359,1.0,169.12,169.12
HITM0012168,HORD003894,PRD0533,3.0,1215.39,3646.17
HITM0012169,HORD003895,PRD0692,1.0,959.48,959.48
HITM0012170,HORD003895,PRD0702,1.0,768.26,768.26
HITM0012171,HORD003895,PRD0840,1.0,148.97,148.97
HITM0012172,HORD003896,PRD0767,1.0,122.05,122.05
HITM0012173,HORD003896,PRD0370,2.0,143.48,286.96
HITM0012174,HORD003896,PRD0129,1.0,416.68,416.68
HITM0012175,HORD003896,PRD0017,2.0,1860.35,3720.7
HITM0012176,HORD003897,PRD0554,1.0,1619.69,1619.69
HITM0012177,HORD003898,PRD0368,1.0,807.79,807.79
HITM0012178,HORD003898,PRD0583,2.0,981.15,1962.3
HITM0012179,HORD003899,PRD0293,1.0,399.18,399.18
HITM0012180,HORD003899,PRD0512,1.0,1597.11,1597.11
HITM0012181,HORD003899,PRD0078,2.0,166.61,333.22
HITM0012182,HORD003900,PRD0095,1.0,857.11,857.11
HITM0012183,HORD003900,PRD0390,1.0,27.7,27.7
HITM0012184,HORD003901,PRD0801,2.0,1245.32,2490.64
HITM0012185,HORD003901,PRD0446,1.0,546.41,546.41
HITM0012186,HORD003902,PRD0325,2.0,54.61,109.22
HITM0012187,HORD003903,PRD0760,1.0,405.95,405.95
HITM0012188,HORD003903,PRD0968,1.0,607.18,607.18
HITM0012189,HORD003904,PRD0339,2.0,427.29,854.58
HITM0012190,HORD003904,PRD0760,1.0,405.95,405.95
HITM0012191,HORD003904,PRD0593,1.0,1331.28,1331.28
HITM0012192,HORD003905,PRD0810,1.0,224.68,224.68
HITM0012193,HORD003905,PRD0660,1.0,351.34,351.34
HITM0012194,HORD003905,PRD0226,1.0,155.94,155.94
HITM0012195,HORD003906,PRD0827,2.0,2008.13,4016.26
HITM0012196,HORD003906,PRD0906,2.0,58.83,117.66
HITM0012197,HORD003907,PRD0084,1.0,3113.17,3113.17
HITM0012198,HORD003907,PRD0596,2.0,741.69,1483.38
HITM0012199,HORD003907,PRD0210,1.0,91.62,91.62
HITM0012200,HORD003907,PRD0947,3.0,1897.91,5693.73
HITM0012201,HORD003908,PRD0773,1.0,429.44,429.44
HITM0012202,HORD003908,PRD0687,1.0,2401.89,2401.89
HITM0012203,HORD003908,PRD0153,2.0,926.23,1852.46
HITM0012204,HORD003909,PRD0001,1.0,942.83,942.83
HITM0012205,HORD003909,PRD0010,1.0,15.97,15.97
HITM0012206,HORD003909,PRD0865,1.0,558.87,558.87
HITM0012207,HORD003909,PRD0640,1.0,153.76,153.76
HITM0012208,HORD003910,PRD0905,1.0,760.24,760.24
HITM0012209,HORD003910,PRD0825,1.0,289.25,289.25
HITM0012210,HORD003910,PRD0553,1.0,722.16,722.16
HITM0012211,HORD003910,PRD0456,1.0,417.01,417.01
HITM0012212,HORD003911,PRD0966,2.0,340.4,680.8
HITM0012213,HORD003911,PRD0336,1.0,823.14,823.14
HITM0012214,HORD003911,PRD0490,1.0,20.66,20.66
HITM0012215,HORD003912,PRD0031,1.0,2166.94,2166.94
HITM0012216,HORD003912,PRD0187,1.0,1290.47,1290.47
HITM0012217,HORD003912,PRD0780,2.0,191.96,383.92
HITM0012218,HORD003912,PRD0990,2.0,373.23,746.46
HITM0012219,HORD003912,PRD0507,1.0,2300.74,2300.74
HITM0012220,HORD003913,PRD0806,1.0,43.45,43.45
HITM0012221,HORD003913,PRD0328,1.0,728.97,728.97
HITM0012222,HORD003914,PRD0353,2.0,526.39,1052.78
HITM0012223,HORD003914,PRD0143,1.0,1501.79,1501.79
HITM0012224,HORD003914,PRD0844,1.0,1996.67,1996.67
HITM0012225,HORD003915,PRD0485,1.0,518.63,518.63
HITM0012226,HORD003915,PRD0610,1.0,21.93,21.93
HITM0012227,HORD003915,PRD0260,1.0,73.31,73.31
HITM0012228,HORD003916,PRD0665,1.0,215.81,215.81
HITM0012229,HORD003916,PRD0823,1.0,1081.67,1081.67
HITM0012230,HORD003917,PRD0124,1.0,2036.87,2036.87
HITM0012231,HORD003917,PRD0476,1.0,59.63,59.63
HITM0012232,HORD003917,PRD0037,1.0,109.69,109.69
HITM0012233,HORD003918,PRD0411,1.0,1649.5,1649.5
HITM0012234,HORD003918,PRD0196,1.0,437.6,437.6
HITM0012235,HORD003918,PRD0953,1.0,367.94,367.94
HITM0012236,HORD003918,PRD0247,1.0,968.98,968.98
HITM0012237,HORD003919,PRD0906,2.0,58.83,117.66
HITM0012238,HORD003919,PRD0938,1.0,857.34,857.34
HITM0012239,HORD003919,PRD0014,1.0,2953.53,2953.53
HITM0012240,HORD003920,PRD0516,2.0,565.33,1130.66
HITM0012241,HORD003920,PRD0373,1.0,572.77,572.77
HITM0012242,HORD003920,PRD0940,1.0,139.21,139.21
HITM0012243,HORD003920,PRD0537,1.0,2543.03,2543.03
HITM0012244,HORD003921,PRD0311,3.0,1105.19,3315.57
HITM0012245,HORD003921,PRD0904,1.0,673.64,673.64
HITM0012246,HORD003921,PRD0397,1.0,1953.43,1953.43
HITM0012247,HORD003922,PRD0200,1.0,279.99,279.99
HITM0012248,HORD003922,PRD0019,2.0,741.78,1483.56
HITM0012249,HORD003923,PRD0367,1.0,1853.15,1853.15
HITM0012250,HORD003923,PRD0307,1.0,2171.11,2171.11
HITM0012251,HORD003923,PRD0496,1.0,176.22,176.22
HITM0012252,HORD003924,PRD0770,1.0,254.66,254.66
HITM0012253,HORD003924,PRD0261,1.0,2476.88,2476.88
HITM0012254,HORD003924,PRD0629,1.0,270.17,270.17
HITM0012255,HORD003924,PRD0665,1.0,215.81,215.81
HITM0012256,HORD003924,PRD0889,1.0,252.57,252.57
HITM0012257,HORD003925,PRD0323,2.0,786.71,1573.42
HITM0012258,HORD003925,PRD0123,2.0,322.81,645.62
HITM0012259,HORD003925,PRD0479,1.0,785.34,785.34
HITM0012260,HORD003926,PRD0072,1.0,1390.27,1390.27
HITM0012261,HORD003926,PRD0609,1.0,138.47,138.47
HITM0012262,HORD003926,PRD0761,2.0,965.07,1930.14
HITM0012263,HORD003927,PRD0640,1.0,153.76,153.76
HITM0012264,HORD003927,PRD0526,1.0,149.19,149.19
HITM0012265,HORD003927,PRD0867,1.0,2280.38,2280.38
HITM0012266,HORD003927,PRD0671,1.0,1948.38,1948.38
HITM0012267,HORD003928,PRD0769,1.0,809.07,809.07
HITM0012268,HORD003928,PRD0780,1.0,191.96,191.96
HITM0012269,HORD003928,PRD0786,1.0,211.68,211.68
HITM0012270,HORD003928,PRD0959,1.0,198.15,198.15
HITM0012271,HORD003929,PRD0657,1.0,91.2,91.2
HITM0012272,HORD003929,PRD0978,2.0,710.35,1420.7
HITM0012273,HORD003930,PRD0883,1.0,1065.61,1065.61
HITM0012274,HORD003930,PRD0671,1.0,1948.38,1948.38
HITM0012275,HORD003930,PRD0340,1.0,68.17,68.17
HITM0012276,HORD003931,PRD0147,1.0,94.45,94.45
HITM0012277,HORD003931,PRD0612,1.0,471.59,471.59
HITM0012278,HORD003932,PRD0944,1.0,2277.06,2277.06
HITM0012279,HORD003932,PRD0063,1.0,1124.17,1124.17
HITM0012280,HORD003932,PRD0718,1.0,1045.66,1045.66
HITM0012281,HORD003932,PRD0540,1.0,255.66,255.66
HITM0012282,HORD003933,PRD0140,1.0,54.35,54.35
HITM0012283,HORD003934,PRD0767,1.0,122.05,122.05
HITM0012284,HORD003934,PRD0631,1.0,2799.14,2799.14
HITM0012285,HORD003935,PRD0716,1.0,242.32,242.32
HITM0012286,HORD003935,PRD0375,1.0,302.41,302.41
HITM0012287,HORD003935,PRD0371,1.0,1060.97,1060.97
HITM0012288,HORD003935,PRD0307,1.0,2171.11,2171.11
HITM0012289,HORD003936,PRD0888,2.0,183.72,367.44
HITM0012290,HORD003936,PRD0020,1.0,153.47,153.47
HITM0012291,HORD003936,PRD0508,1.0,637.75,637.75
HITM0012292,HORD003936,PRD0548,1.0,181.04,181.04
HITM0012293,HORD003937,PRD0988,3.0,470.37,1411.11
HITM0012294,HORD003937,PRD0475,1.0,304.73,304.73
HITM0012295,HORD003937,PRD0693,1.0,1160.83,1160.83
HITM0012296,HORD003938,PRD0699,1.0,1495.41,1495.41
HITM0012297,HORD003938,PRD0447,1.0,79.94,79.94
HITM0012298,HORD003938,PRD0452,2.0,318.36,636.72
HITM0012299,HORD003938,PRD0610,2.0,21.93,43.86
HITM0012300,HORD003939,PRD0037,3.0,109.69,329.07
HITM0012301,HORD003939,PRD0070,1.0,283.3,283.3
HITM0012302,HORD003939,PRD0651,1.0,929.1,929.1
HITM0012303,HORD003939,PRD0505,2.0,1083.53,2167.06
HITM0012304,HORD003940,PRD0950,1.0,321.18,321.18
HITM0012305,HORD003941,PRD0832,2.0,646.88,1293.76
HITM0012306,HORD003941,PRD0988,1.0,470.37,470.37
HITM0012307,HORD003941,PRD0432,1.0,1225.0,1225.0
HITM0012308,HORD003942,PRD0593,1.0,1331.28,1331.28
HITM0012309,HORD003942,PRD0075,1.0,227.56,227.56
HITM0012310,HORD003942,PRD0897,1.0,2339.09,2339.09
HITM0012311,HORD003942,PRD0517,1.0,1366.6,1366.6
HITM0012312,HORD003942,PRD0086,1.0,248.61,248.61
HITM0012313,HORD003943,PRD0372,2.0,763.17,1526.34
HITM0012314,HORD003944,PRD0646,1.0,98.45,98.45
HITM0012315,HORD003944,PRD0280,1.0,34.27,34.27
HITM0012316,HORD003944,PRD0238,3.0,690.75,2072.25
HITM0012317,HORD003945,PRD0658,1.0,140.48,140.48
HITM0012318,HORD003945,PRD0780,1.0,191.96,191.96
HITM0012319,HORD003945,PRD0036,1.0,116.11,116.11
HITM0012320,HORD003946,PRD0669,2.0,1077.89,2155.78
HITM0012321,HORD003946,PRD0149,1.0,217.37,217.37
HITM0012322,HORD003947,PRD0490,1.0,20.66,20.66
HITM0012323,HORD003947,PRD0049,1.0,149.55,149.55
HITM0012324,HORD003947,PRD0449,1.0,227.09,227.09
HITM0012325,HORD003947,PRD0765,1.0,126.56,126.56
HITM0012326,HORD003948,PRD0237,2.0,2346.84,4693.68
HITM0012327,HORD003948,PRD0074,2.0,2480.38,4960.76
HITM0012328,HORD003948,PRD0025,1.0,403.1,403.1
HITM0012329,HORD003948,PRD0372,1.0,763.17,763.17
HITM0012330,HORD003949,PRD0623,1.0,292.46,292.46
HITM0012331,HORD003949,PRD0110,1.0,250.51,250.51
HITM0012332,HORD003949,PRD0010,1.0,15.97,15.97
HITM0012333,HORD003950,PRD0445,1.0,1141.73,1141.73
HITM0012334,HORD003950,PRD0946,3.0,553.66,1660.98
HITM0012335,HORD003951,PRD0030,2.0,159.51,319.02
HITM0012336,HORD003951,PRD0456,1.0,417.01,417.01
HITM0012337,HORD003951,PRD0658,2.0,140.48,280.96
HITM0012338,HORD003951,PRD0465,1.0,1026.13,1026.13
HITM0012339,HORD003952,PRD0045,2.0,70.08,140.16
HITM0012340,HORD003952,PRD0619,1.0,180.89,180.89
HITM0012341,HORD003952,PRD0685,1.0,367.73,367.73
HITM0012342,HORD003952,PRD0560,1.0,230.25,230.25
HITM0012343,HORD003953,PRD0353,1.0,526.39,526.39
HITM0012344,HORD003953,PRD0482,1.0,653.2,653.2
HITM0012345,HORD003953,PRD0795,1.0,808.42,808.42
HITM0012346,HORD003954,PRD0665,1.0,215.81,215.81
HITM0012347,HORD003954,PRD0759,1.0,943.47,943.47
HITM0012348,HORD003954,PRD0393,2.0,307.2,614.4
HITM0012349,HORD003955,PRD0339,1.0,427.29,427.29
HITM0012350,HORD003955,PRD0209,1.0,1090.92,1090.92
HITM0012351,HORD003955,PRD0570,1.0,98.43,98.43
HITM0012352,HORD003956,PRD0240,2.0,113.94,227.88
HITM0012353,HORD003956,PRD0628,1.0,306.06,306.06
HITM0012354,HORD003956,PRD0249,1.0,380.08,380.08
HITM0012355,HORD003957,PRD0220,1.0,369.39,369.39
HITM0012356,HORD003957,PRD0573,1.0,394.67,394.67
HITM0012357,HORD003957,PRD0439,1.0,1119.95,1119.95
HITM0012358,HORD003958,PRD0018,1.0,112.62,112.62
HITM0012359,HORD003958,PRD0028,1.0,364.14,364.14
HITM0012360,HORD003958,PRD0844,1.0,1996.67,1996.67
HITM0012361,HORD003959,PRD0423,1.0,731.87,731.87
HITM0012362,HORD003959,PRD0227,1.0,2395.1,2395.1
HITM0012363,HORD003959,PRD0434,1.0,2443.59,2443.59
HITM0012364,HORD003959,PRD0178,2.0,317.56,635.12
HITM0012365,HORD003960,PRD0330,1.0,184.25,184.25
HITM0012366,HORD003960,PRD0305,1.0,662.05,662.05
HITM0012367,HORD003960,PRD0866,1.0,328.46,328.46
HITM0012368,HORD003961,PRD0820,1.0,95.58,95.58
HITM0012369,HORD003961,PRD0612,2.0,471.59,943.18
HITM0012370,HORD003961,PRD0560,1.0,230.25,230.25
HITM0012371,HORD003961,PRD0147,2.0,94.45,188.9
HITM0012372,HORD003961,PRD0482,1.0,653.2,653.2
HITM0012373,HORD003962,PRD0129,1.0,416.68,416.68
HITM0012374,HORD003962,PRD0106,1.0,217.23,217.23
HITM0012375,HORD003962,PRD0717,1.0,615.2,615.2
HITM0012376,HORD003962,PRD0801,1.0,1245.32,1245.32
HITM0012377,HORD003962,PRD0726,1.0,620.57,620.57
HITM0012378,HORD003963,PRD0197,1.0,1349.02,1349.02
HITM0012379,HORD003964,PRD0008,1.0,799.44,799.44
HITM0012380,HORD003964,PRD0316,1.0,28.93,28.93
HITM0012381,HORD003964,PRD0148,1.0,784.78,784.78
HITM0012382,HORD003965,PRD0105,2.0,275.3,550.6
HITM0012383,HORD003965,PRD0271,1.0,1115.7,1115.7
HITM0012384,HORD003965,PRD0499,1.0,1327.93,1327.93
HITM0012385,HORD003965,PRD0125,1.0,1004.47,1004.47
HITM0012386,HORD003966,PRD0759,1.0,943.47,943.47
HITM0012387,HORD003966,PRD0521,1.0,1486.1,1486.1
HITM0012388,HORD003966,PRD0543,1.0,398.13,398.13
HITM0012389,HORD003967,PRD0386,2.0,109.17,218.34
HITM0012390,HORD003967,PRD0856,3.0,415.09,1245.27
HITM0012391,HORD003967,PRD0906,1.0,58.83,58.83
HITM0012392,HORD003967,PRD0925,1.0,976.66,976.66
HITM0012393,HORD003967,PRD0115,1.0,895.49,895.49
HITM0012394,HORD003968,PRD0083,1.0,719.56,719.56
HITM0012395,HORD003968,PRD0441,1.0,1117.87,1117.87
HITM0012396,HORD003968,PRD0313,1.0,695.88,695.88
HITM0012397,HORD003969,PRD0098,1.0,149.72,149.72
HITM0012398,HORD003969,PRD0580,3.0,76.83,230.49
HITM0012399,HORD003969,PRD0610,1.0,21.93,21.93
HITM0012400,HORD003969,PRD0612,1.0,471.59,471.59
HITM0012401,HORD003970,PRD0265,1.0,255.41,255.41
HITM0012402,HORD003970,PRD0164,1.0,1852.48,1852.48
HITM0012403,HORD003970,PRD0933,2.0,1263.06,2526.12
HITM0012404,HORD003970,PRD0159,1.0,1165.58,1165.58
HITM0012405,HORD003971,PRD0273,1.0,1515.39,1515.39
HITM0012406,HORD003971,PRD0847,1.0,940.4,940.4
HITM0012407,HORD003971,PRD0693,1.0,1160.83,1160.83
HITM0012408,HORD003971,PRD0095,1.0,857.11,857.11
HITM0012409,HORD003971,PRD0278,1.0,100.15,100.15
HITM0012410,HORD003972,PRD0106,1.0,217.23,217.23
HITM0012411,HORD003972,PRD0791,2.0,1863.17,3726.34
HITM0012412,HORD003972,PRD0740,3.0,194.14,582.42
HITM0012413,HORD003973,PRD0333,1.0,419.02,419.02
HITM0012414,HORD003973,PRD0518,1.0,614.84,614.84
HITM0012415,HORD003973,PRD0496,1.0,176.22,176.22
HITM0012416,HORD003974,PRD0216,1.0,56.76,56.76
HITM0012417,HORD003974,PRD0923,1.0,283.84,283.84
HITM0012418,HORD003974,PRD0337,1.0,92.59,92.59
HITM0012419,HORD003975,PRD0905,1.0,760.24,760.24
HITM0012420,HORD003975,PRD0145,2.0,1050.7,2101.4
HITM0012421,HORD003975,PRD0283,1.0,733.77,733.77
HITM0012422,HORD003975,PRD0816,1.0,354.93,354.93
HITM0012423,HORD003975,PRD0651,1.0,929.1,929.1
HITM0012424,HORD003976,PRD0688,2.0,231.65,463.3
HITM0012425,HORD003976,PRD0378,1.0,110.97,110.97
HITM0012426,HORD003977,PRD0023,3.0,965.26,2895.78
HITM0012427,HORD003977,PRD0502,1.0,1894.29,1894.29
HITM0012428,HORD003977,PRD0010,2.0,15.97,31.94
HITM0012429,HORD003978,PRD0401,2.0,1541.92,3083.84
HITM0012430,HORD003978,PRD0038,1.0,829.21,829.21
HITM0012431,HORD003978,PRD0949,2.0,221.57,443.14
HITM0012432,HORD003979,PRD0235,3.0,510.44,1531.32
HITM0012433,HORD003979,PRD0844,2.0,1996.67,3993.34
HITM0012434,HORD003980,PRD0383,2.0,1343.47,2686.94
HITM0012435,HORD003980,PRD0485,1.0,518.63,518.63
HITM0012436,HORD003981,PRD0616,1.0,644.96,644.96
HITM0012437,HORD003981,PRD0610,1.0,21.93,21.93
HITM0012438,HORD003981,PRD0072,1.0,1390.27,1390.27
HITM0012439,HORD003981,PRD0110,1.0,250.51,250.51
HITM0012440,HORD003981,PRD0697,1.0,1104.18,1104.18
HITM0012441,HORD003982,PRD0405,1.0,774.44,774.44
HITM0012442,HORD003982,PRD0519,2.0,1101.57,2203.14
HITM0012443,HORD003982,PRD0580,1.0,76.83,76.83
HITM0012444,HORD003982,PRD0055,2.0,1172.72,2345.44
HITM0012445,HORD003983,PRD0704,1.0,2221.12,2221.12
HITM0012446,HORD003983,PRD0111,1.0,1802.88,1802.88
HITM0012447,HORD003983,PRD0927,1.0,867.79,867.79
HITM0012448,HORD003983,PRD0085,2.0,304.21,608.42
HITM0012449,HORD003983,PRD0378,1.0,110.97,110.97
HITM0012450,HORD003984,PRD0658,1.0,140.48,140.48
HITM0012451,HORD003985,PRD0651,1.0,929.1,929.1
HITM0012452,HORD003985,PRD0443,1.0,667.38,667.38
HITM0012453,HORD003985,PRD0772,1.0,546.46,546.46
HITM0012454,HORD003985,PRD0626,1.0,502.49,502.49
HITM0012455,HORD003985,PRD0502,1.0,1894.29,1894.29
HITM0012456,HORD003986,PRD0516,1.0,565.33,565.33
HITM0012457,HORD003986,PRD0303,1.0,961.05,961.05
HITM0012458,HORD003986,PRD0033,1.0,1186.21,1186.21
HITM0012459,HORD003986,PRD0566,1.0,47.51,47.51
HITM0012460,HORD003986,PRD0302,1.0,1232.1,1232.1
HITM0012461,HORD003987,PRD0863,1.0,1009.18,1009.18
HITM0012462,HORD003988,PRD0495,1.0,617.55,617.55
HITM0012463,HORD003988,PRD0402,3.0,1191.53,3574.59
HITM0012464,HORD003988,PRD0968,1.0,607.18,607.18
HITM0012465,HORD003989,PRD0227,1.0,2395.1,2395.1
HITM0012466,HORD003989,PRD0862,1.0,1387.19,1387.19
HITM0012467,HORD003989,PRD0150,1.0,27.72,27.72
HITM0012468,HORD003990,PRD0604,1.0,1327.89,1327.89
HITM0012469,HORD003990,PRD0753,1.0,497.57,497.57
HITM0012470,HORD003990,PRD0631,1.0,2799.14,2799.14
HITM0012471,HORD003990,PRD0478,1.0,111.87,111.87
HITM0012472,HORD003991,PRD0762,1.0,1654.61,1654.61
HITM0012473,HORD003991,PRD0548,1.0,181.04,181.04
HITM0012474,HORD003991,PRD0347,1.0,1107.53,1107.53
HITM0012475,HORD003991,PRD0016,1.0,348.79,348.79
HITM0012476,HORD003992,PRD0598,1.0,929.85,929.85
HITM0012477,HORD003992,PRD0496,1.0,176.22,176.22
HITM0012478,HORD003992,PRD0954,1.0,3030.23,3030.23
HITM0012479,HORD003993,PRD0952,3.0,982.79,2948.37
HITM0012480,HORD003993,PRD0050,1.0,202.62,202.62
HITM0012481,HORD003993,PRD0071,1.0,2347.4,2347.4
HITM0012482,HORD003994,PRD0986,1.0,748.03,748.03
HITM0012483,HORD003994,PRD0265,1.0,255.41,255.41
HITM0012484,HORD003994,PRD0693,1.0,1160.83,1160.83
HITM0012485,HORD003994,PRD0479,1.0,785.34,785.34
HITM0012486,HORD003995,PRD0726,2.0,620.57,1241.14
HITM0012487,HORD003995,PRD0375,1.0,302.41,302.41
HITM0012488,HORD003995,PRD0220,1.0,369.39,369.39
HITM0012489,HORD003996,PRD0997,1.0,995.85,995.85
HITM0012490,HORD003996,PRD0411,1.0,1649.5,1649.5
HITM0012491,HORD003996,PRD0555,1.0,407.18,407.18
HITM0012492,HORD003997,PRD0246,2.0,733.57,1467.14
HITM0012493,HORD003997,PRD0424,1.0,1571.65,1571.65
HITM0012494,HORD003997,PRD0067,1.0,638.19,638.19
HITM0012495,HORD003997,PRD0753,1.0,497.57,497.57
HITM0012496,HORD003998,PRD0790,1.0,25.52,25.52
HITM0012497,HORD003998,PRD0507,2.0,2300.74,4601.48
HITM0012498,HORD003998,PRD0970,1.0,71.64,71.64
HITM0012499,HORD003999,PRD0147,2.0,94.45,188.9
HITM0012500,HORD003999,PRD0202,1.0,1243.06,1243.06
HITM0012501,HORD003999,PRD0929,1.0,1084.81,1084.81
HITM0012502,HORD003999,PRD0580,1.0,76.83,76.83
HITM0012503,HORD004000,PRD0186,3.0,223.64,670.92
HITM0012504,HORD004000,PRD0280,2.0,34.27,68.54
HITM0012505,HORD004001,PRD0320,1.0,289.98,289.98
HITM0012506,HORD004001,PRD0238,2.0,690.75,1381.5
HITM0012507,HORD004001,PRD0552,1.0,1832.39,1832.39
HITM0012508,HORD004002,PRD0799,1.0,373.98,373.98
HITM0012509,HORD004002,PRD0109,2.0,516.32,1032.64
HITM0012510,HORD004002,PRD0240,1.0,113.94,113.94
HITM0012511,HORD004003,PRD0826,2.0,272.89,545.78
HITM0012512,HORD004003,PRD0470,2.0,290.42,580.84
HITM0012513,HORD004003,PRD0216,1.0,56.76,56.76
HITM0012514,HORD004003,PRD0742,1.0,1512.78,1512.78
HITM0012515,HORD004003,PRD0880,1.0,263.31,263.31
HITM0012516,HORD004004,PRD0921,1.0,1711.96,1711.96
HITM0012517,HORD004004,PRD0804,1.0,1164.25,1164.25
HITM0012518,HORD004004,PRD0536,1.0,616.08,616.08
HITM0012519,HORD004005,PRD0861,1.0,2320.68,2320.68
HITM0012520,HORD004005,PRD0989,2.0,961.78,1923.56
HITM0012521,HORD004005,PRD0942,2.0,646.79,1293.58
HITM0012522,HORD004005,PRD0182,1.0,589.1,589.1
HITM0012523,HORD004006,PRD0628,1.0,306.06,306.06
HITM0012524,HORD004007,PRD0937,1.0,983.99,983.99
HITM0012525,HORD004007,PRD0081,2.0,2768.19,5536.38
HITM0012526,HORD004007,PRD0413,2.0,699.79,1399.58
HITM0012527,HORD004008,PRD0703,1.0,299.48,299.48
HITM0012528,HORD004008,PRD0677,1.0,2307.95,2307.95
HITM0012529,HORD004009,PRD0488,2.0,482.8,965.6
HITM0012530,HORD004009,PRD0616,1.0,644.96,644.96
HITM0012531,HORD004009,PRD0565,1.0,1060.41,1060.41
HITM0012532,HORD004009,PRD0500,1.0,352.58,352.58
HITM0012533,HORD004009,PRD0646,1.0,98.45,98.45
HITM0012534,HORD004010,PRD0513,1.0,1454.2,1454.2
HITM0012535,HORD004010,PRD0040,1.0,208.06,208.06
HITM0012536,HORD004010,PRD0976,1.0,348.6,348.6
HITM0012537,HORD004010,PRD0765,1.0,126.56,126.56
HITM0012538,HORD004011,PRD0605,2.0,845.14,1690.28
HITM0012539,HORD004011,PRD0657,1.0,91.2,91.2
HITM0012540,HORD004011,PRD0147,1.0,94.45,94.45
HITM0012541,HORD004011,PRD0787,2.0,1706.85,3413.7
HITM0012542,HORD004011,PRD0183,1.0,880.19,880.19
HITM0012543,HORD004012,PRD0087,1.0,2140.71,2140.71
HITM0012544,HORD004012,PRD0838,1.0,1007.36,1007.36
HITM0012545,HORD004012,PRD0150,1.0,27.72,27.72
HITM0012546,HORD004012,PRD0348,1.0,1003.34,1003.34
HITM0012547,HORD004013,PRD0150,1.0,27.72,27.72
HITM0012548,HORD004013,PRD0352,1.0,1479.5,1479.5
HITM0012549,HORD004014,PRD0781,1.0,1410.25,1410.25
HITM0012550,HORD004014,PRD0395,1.0,404.44,404.44
HITM0012551,HORD004014,PRD0065,2.0,729.67,1459.34
HITM0012552,HORD004015,PRD0565,1.0,1060.41,1060.41
HITM0012553,HORD004015,PRD0563,1.0,270.8,270.8
HITM0012554,HORD004015,PRD0548,1.0,181.04,181.04
HITM0012555,HORD004015,PRD0468,1.0,990.56,990.56
HITM0012556,HORD004015,PRD0120,1.0,319.18,319.18
HITM0012557,HORD004016,PRD0186,1.0,223.64,223.64
HITM0012558,HORD004016,PRD0366,1.0,496.46,496.46
HITM0012559,HORD004016,PRD0993,1.0,489.97,489.97
HITM0012560,HORD004017,PRD0828,1.0,125.24,125.24
HITM0012561,HORD004017,PRD0110,1.0,250.51,250.51
HITM0012562,HORD004017,PRD0192,2.0,1199.68,2399.36
HITM0012563,HORD004018,PRD0462,1.0,1259.7,1259.7
HITM0012564,HORD004018,PRD0789,1.0,106.8,106.8
HITM0012565,HORD004018,PRD0443,1.0,667.38,667.38
HITM0012566,HORD004019,PRD0858,1.0,251.31,251.31
HITM0012567,HORD004019,PRD0549,1.0,1361.68,1361.68
HITM0012568,HORD004019,PRD0250,1.0,335.17,335.17
HITM0012569,HORD004019,PRD0298,1.0,565.35,565.35
HITM0012570,HORD004020,PRD0278,1.0,100.15,100.15
HITM0012571,HORD004020,PRD0223,1.0,427.66,427.66
HITM0012572,HORD004020,PRD0066,1.0,331.96,331.96
HITM0012573,HORD004021,PRD0478,1.0,111.87,111.87
HITM0012574,HORD004021,PRD0812,2.0,1836.96,3673.92
HITM0012575,HORD004021,PRD0179,1.0,1156.54,1156.54
HITM0012576,HORD004022,PRD0162,1.0,441.75,441.75
HITM0012577,HORD004022,PRD0627,2.0,2451.16,4902.32
HITM0012578,HORD004022,PRD0730,1.0,394.42,394.42
HITM0012579,HORD004022,PRD0126,2.0,652.43,1304.86
HITM0012580,HORD004022,PRD0207,1.0,1299.41,1299.41
HITM0012581,HORD004023,PRD0440,1.0,292.13,292.13
HITM0012582,HORD004023,PRD0133,1.0,289.57,289.57
HITM0012583,HORD004023,PRD0539,1.0,125.14,125.14
HITM0012584,HORD004024,PRD0782,1.0,1330.98,1330.98
HITM0012585,HORD004024,PRD0818,1.0,510.62,510.62
HITM0012586,HORD004024,PRD0587,1.0,103.55,103.55
HITM0012587,HORD004025,PRD0865,1.0,558.87,558.87
HITM0012588,HORD004025,PRD0364,2.0,1836.13,3672.26
HITM0012589,HORD004025,PRD0490,1.0,20.66,20.66
HITM0012590,HORD004025,PRD0417,1.0,318.04,318.04
HITM0012591,HORD004026,PRD0313,1.0,695.88,695.88
HITM0012592,HORD004026,PRD0662,1.0,1253.13,1253.13
HITM0012593,HORD004027,PRD0199,1.0,290.9,290.9
HITM0012594,HORD004027,PRD0292,1.0,324.37,324.37
HITM0012595,HORD004027,PRD0410,1.0,328.86,328.86
HITM0012596,HORD004028,PRD0516,1.0,565.33,565.33
HITM0012597,HORD004028,PRD0944,1.0,2277.06,2277.06
HITM0012598,HORD004028,PRD0035,1.0,410.43,410.43
HITM0012599,HORD004028,PRD0345,1.0,927.23,927.23
HITM0012600,HORD004029,PRD0643,1.0,809.36,809.36
HITM0012601,HORD004029,PRD0510,2.0,71.92,143.84
HITM0012602,HORD004029,PRD0830,1.0,87.0,87.0
HITM0012603,HORD004029,PRD0040,1.0,208.06,208.06
HITM0012604,HORD004030,PRD0505,1.0,1083.53,1083.53
HITM0012605,HORD004030,PRD0090,1.0,166.35,166.35
HITM0012606,HORD004030,PRD0041,1.0,2120.5,2120.5
HITM0012607,HORD004031,PRD0965,1.0,271.51,271.51
HITM0012608,HORD004031,PRD0648,1.0,210.67,210.67
HITM0012609,HORD004031,PRD0402,1.0,1191.53,1191.53
HITM0012610,HORD004032,PRD0360,1.0,14.71,14.71
HITM0012611,HORD004032,PRD0740,2.0,194.14,388.28
HITM0012612,HORD004033,PRD0736,1.0,829.44,829.44
HITM0012613,HORD004033,PRD0278,1.0,100.15,100.15
HITM0012614,HORD004033,PRD0946,1.0,553.66,553.66
HITM0012615,HORD004034,PRD0805,1.0,151.93,151.93
HITM0012616,HORD004034,PRD0436,1.0,99.16,99.16
HITM0012617,HORD004034,PRD0216,1.0,56.76,56.76
HITM0012618,HORD004035,PRD0484,1.0,1275.63,1275.63
HITM0012619,HORD004035,PRD0010,2.0,15.97,31.94
HITM0012620,HORD004035,PRD0136,1.0,107.5,107.5
HITM0012621,HORD004035,PRD0295,1.0,606.51,606.51
HITM0012622,HORD004036,PRD0780,1.0,191.96,191.96
HITM0012623,HORD004036,PRD0972,1.0,903.07,903.07
HITM0012624,HORD004036,PRD0298,1.0,565.35,565.35
HITM0012625,HORD004037,PRD0676,1.0,444.48,444.48
HITM0012626,HORD004037,PRD0557,1.0,1855.06,1855.06
HITM0012627,HORD004037,PRD0028,2.0,364.14,728.28
HITM0012628,HORD004038,PRD0997,1.0,995.85,995.85
HITM0012629,HORD004038,PRD0816,1.0,354.93,354.93
HITM0012630,HORD004038,PRD0491,1.0,1093.0,1093.0
HITM0012631,HORD004038,PRD0450,1.0,138.07,138.07
HITM0012632,HORD004039,PRD0771,1.0,1968.01,1968.01
HITM0012633,HORD004039,PRD0928,1.0,739.11,739.11
HITM0012634,HORD004040,PRD0156,1.0,681.59,681.59
HITM0012635,HORD004040,PRD0953,1.0,367.94,367.94
HITM0012636,HORD004040,PRD0582,1.0,1682.59,1682.59
HITM0012637,HORD004041,PRD0268,2.0,944.09,1888.18
HITM0012638,HORD004041,PRD0370,2.0,143.48,286.96
HITM0012639,HORD004041,PRD0984,2.0,759.8,1519.6
HITM0012640,HORD004041,PRD0359,2.0,169.12,338.24
HITM0012641,HORD004042,PRD0075,1.0,227.56,227.56
HITM0012642,HORD004042,PRD0440,1.0,292.13,292.13
HITM0012643,HORD004043,PRD0030,1.0,159.51,159.51
HITM0012644,HORD004043,PRD0922,3.0,1416.33,4248.99
HITM0012645,HORD004043,PRD0276,1.0,586.47,586.47
HITM0012646,HORD004044,PRD0740,1.0,194.14,194.14
HITM0012647,HORD004044,PRD0068,1.0,190.2,190.2
HITM0012648,HORD004044,PRD0693,1.0,1160.83,1160.83
HITM0012649,HORD004044,PRD0066,1.0,331.96,331.96
HITM0012650,HORD004045,PRD0566,3.0,47.51,142.53
HITM0012651,HORD004045,PRD0149,1.0,217.37,217.37
HITM0012652,HORD004045,PRD0900,1.0,274.2,274.2
HITM0012653,HORD004045,PRD0010,1.0,15.97,15.97
HITM0012654,HORD004046,PRD0850,1.0,308.86,308.86
HITM0012655,HORD004046,PRD0777,2.0,2527.82,5055.64
HITM0012656,HORD004046,PRD0050,1.0,202.62,202.62
HITM0012657,HORD004046,PRD0219,2.0,374.02,748.04
HITM0012658,HORD004047,PRD0884,1.0,586.48,586.48
HITM0012659,HORD004047,PRD0290,1.0,61.51,61.51
HITM0012660,HORD004047,PRD0464,3.0,1572.44,4717.32
HITM0012661,HORD004047,PRD0045,1.0,70.08,70.08
HITM0012662,HORD004048,PRD0067,1.0,638.19,638.19
HITM0012663,HORD004048,PRD0857,2.0,371.03,742.06
HITM0012664,HORD004048,PRD0044,2.0,3554.03,7108.06
HITM0012665,HORD004048,PRD0743,1.0,1161.24,1161.24
HITM0012666,HORD004049,PRD0741,1.0,2451.18,2451.18
HITM0012667,HORD004049,PRD0603,1.0,671.51,671.51
HITM0012668,HORD004049,PRD0450,1.0,138.07,138.07
HITM0012669,HORD004050,PRD0080,1.0,390.63,390.63
HITM0012670,HORD004050,PRD0147,1.0,94.45,94.45
HITM0012671,HORD004050,PRD0462,1.0,1259.7,1259.7
HITM0012672,HORD004050,PRD0965,1.0,271.51,271.51
HITM0012673,HORD004051,PRD0734,2.0,2197.09,4394.18
HITM0012674,HORD004051,PRD0106,2.0,217.23,434.46
HITM0012675,HORD004051,PRD0282,1.0,1401.95,1401.95
HITM0012676,HORD004051,PRD0811,2.0,1292.11,2584.22
HITM0012677,HORD004051,PRD0722,2.0,909.76,1819.52
HITM0012678,HORD004052,PRD0609,1.0,138.47,138.47
HITM0012679,HORD004052,PRD1000,2.0,364.05,728.1
HITM0012680,HORD004052,PRD0249,1.0,380.08,380.08
HITM0012681,HORD004052,PRD0955,1.0,418.8,418.8
HITM0012682,HORD004053,PRD0825,2.0,289.25,578.5
HITM0012683,HORD004053,PRD0330,2.0,184.25,368.5
HITM0012684,HORD004053,PRD0896,1.0,502.67,502.67
HITM0012685,HORD004054,PRD0158,2.0,464.07,928.14
HITM0012686,HORD004054,PRD0016,2.0,348.79,697.58
HITM0012687,HORD004054,PRD0543,1.0,398.13,398.13
HITM0012688,HORD004054,PRD0930,2.0,371.97,743.94
HITM0012689,HORD004055,PRD0856,3.0,415.09,1245.27
HITM0012690,HORD004055,PRD0439,1.0,1119.95,1119.95
HITM0012691,HORD004055,PRD0946,1.0,553.66,553.66
HITM0012692,HORD004055,PRD0998,1.0,546.63,546.63
HITM0012693,HORD004056,PRD0842,1.0,1682.83,1682.83
HITM0012694,HORD004057,PRD0312,1.0,845.47,845.47
HITM0012695,HORD004057,PRD0699,1.0,1495.41,1495.41
HITM0012696,HORD004057,PRD0963,1.0,488.16,488.16
HITM0012697,HORD004058,PRD0840,1.0,148.97,148.97
HITM0012698,HORD004058,PRD0121,2.0,3098.72,6197.44
HITM0012699,HORD004059,PRD0475,1.0,304.73,304.73
HITM0012700,HORD004059,PRD0165,1.0,722.38,722.38
HITM0012701,HORD004059,PRD0570,1.0,98.43,98.43
HITM0012702,HORD004059,PRD0442,1.0,1625.44,1625.44
HITM0012703,HORD004060,PRD0947,2.0,1897.91,3795.82
HITM0012704,HORD004060,PRD0411,1.0,1649.5,1649.5
HITM0012705,HORD004060,PRD0378,2.0,110.97,221.94
HITM0012706,HORD004061,PRD0289,1.0,721.6,721.6
HITM0012707,HORD004061,PRD0226,1.0,155.94,155.94
HITM0012708,HORD004061,PRD0853,2.0,1456.04,2912.08
HITM0012709,HORD004062,PRD0066,1.0,331.96,331.96
HITM0012710,HORD004062,PRD0657,1.0,91.2,91.2
HITM0012711,HORD004062,PRD0529,1.0,1448.34,1448.34
HITM0012712,HORD004062,PRD0505,2.0,1083.53,2167.06
HITM0012713,HORD004063,PRD0891,3.0,1480.65,4441.95
HITM0012714,HORD004063,PRD0273,1.0,1515.39,1515.39
HITM0012715,HORD004063,PRD0839,1.0,706.25,706.25
HITM0012716,HORD004063,PRD0207,2.0,1299.41,2598.82
HITM0012717,HORD004063,PRD0400,3.0,286.55,859.65
HITM0012718,HORD004064,PRD0356,1.0,302.84,302.84
HITM0012719,HORD004064,PRD0035,2.0,410.43,820.86
HITM0012720,HORD004064,PRD0935,1.0,249.9,249.9
HITM0012721,HORD004065,PRD0108,3.0,186.84,560.52
HITM0012722,HORD004065,PRD0846,1.0,808.25,808.25
HITM0012723,HORD004065,PRD0106,2.0,217.23,434.46
HITM0012724,HORD004066,PRD0598,2.0,929.85,1859.7
HITM0012725,HORD004066,PRD0505,2.0,1083.53,2167.06
HITM0012726,HORD004066,PRD0255,1.0,783.42,783.42
HITM0012727,HORD004067,PRD0961,1.0,1724.67,1724.67
HITM0012728,HORD004067,PRD0208,1.0,373.86,373.86
HITM0012729,HORD004067,PRD0060,1.0,97.23,97.23
HITM0012730,HORD004068,PRD0230,2.0,266.68,533.36
HITM0012731,HORD004068,PRD0233,1.0,1406.02,1406.02
HITM0012732,HORD004068,PRD0249,1.0,380.08,380.08
HITM0012733,HORD004069,PRD0321,1.0,2990.61,2990.61
HITM0012734,HORD004069,PRD0795,1.0,808.42,808.42
HITM0012735,HORD004069,PRD0380,1.0,117.36,117.36
HITM0012736,HORD004069,PRD0406,1.0,241.97,241.97
HITM0012737,HORD004070,PRD0074,1.0,2480.38,2480.38
HITM0012738,HORD004070,PRD0463,1.0,533.33,533.33
HITM0012739,HORD004071,PRD0835,1.0,427.39,427.39
HITM0012740,HORD004071,PRD0100,1.0,122.42,122.42
HITM0012741,HORD004071,PRD0187,1.0,1290.47,1290.47
HITM0012742,HORD004071,PRD0085,1.0,304.21,304.21
HITM0012743,HORD004071,PRD0183,1.0,880.19,880.19
HITM0012744,HORD004072,PRD0266,1.0,424.49,424.49
HITM0012745,HORD004072,PRD0288,1.0,171.9,171.9
HITM0012746,HORD004072,PRD0888,1.0,183.72,183.72
HITM0012747,HORD004073,PRD0856,1.0,415.09,415.09
HITM0012748,HORD004073,PRD0101,3.0,1447.07,4341.21
HITM0012749,HORD004073,PRD0940,1.0,139.21,139.21
HITM0012750,HORD004073,PRD0578,1.0,856.24,856.24
HITM0012751,HORD004074,PRD0742,3.0,1512.78,4538.34
HITM0012752,HORD004074,PRD0046,1.0,690.5,690.5
HITM0012753,HORD004074,PRD0778,1.0,981.57,981.57
HITM0012754,HORD004075,PRD0794,1.0,3227.51,3227.51
HITM0012755,HORD004075,PRD0490,1.0,20.66,20.66
HITM0012756,HORD004076,PRD0460,1.0,99.79,99.79
HITM0012757,HORD004076,PRD0155,2.0,237.13,474.26
HITM0012758,HORD004077,PRD0549,2.0,1361.68,2723.36
HITM0012759,HORD004078,PRD0193,1.0,609.21,609.21
HITM0012760,HORD004078,PRD0059,2.0,721.08,1442.16
HITM0012761,HORD004078,PRD0478,1.0,111.87,111.87
HITM0012762,HORD004078,PRD0503,1.0,866.27,866.27
HITM0012763,HORD004078,PRD0098,1.0,149.72,149.72
HITM0012764,HORD004079,PRD0867,1.0,2280.38,2280.38
HITM0012765,HORD004079,PRD0670,1.0,85.16,85.16
HITM0012766,HORD004080,PRD0255,3.0,783.42,2350.26
HITM0012767,HORD004080,PRD0836,1.0,726.47,726.47
HITM0012768,HORD004080,PRD0776,1.0,486.13,486.13
HITM0012769,HORD004081,PRD0233,1.0,1406.02,1406.02
HITM0012770,HORD004081,PRD0662,1.0,1253.13,1253.13
HITM0012771,HORD004081,PRD0928,1.0,739.11,739.11
HITM0012772,HORD004082,PRD0617,1.0,1897.96,1897.96
HITM0012773,HORD004082,PRD0328,2.0,728.97,1457.94
HITM0012774,HORD004082,PRD0543,2.0,398.13,796.26
HITM0012775,HORD004082,PRD0990,1.0,373.23,373.23
HITM0012776,HORD004082,PRD0320,1.0,289.98,289.98
HITM0012777,HORD004083,PRD0693,1.0,1160.83,1160.83
HITM0012778,HORD004083,PRD0086,2.0,248.61,497.22
HITM0012779,HORD004083,PRD0619,2.0,180.89,361.78
HITM0012780,HORD004083,PRD0798,1.0,902.25,902.25
HITM0012781,HORD004084,PRD0851,1.0,1384.1,1384.1
HITM0012782,HORD004084,PRD0040,3.0,208.06,624.18
HITM0012783,HORD004084,PRD0182,1.0,589.1,589.1
HITM0012784,HORD004084,PRD0668,1.0,658.68,658.68
HITM0012785,HORD004085,PRD0789,1.0,106.8,106.8
HITM0012786,HORD004085,PRD0086,1.0,248.61,248.61
HITM0012787,HORD004085,PRD0438,1.0,246.04,246.04
HITM0012788,HORD004085,PRD0967,3.0,571.48,1714.44
HITM0012789,HORD004086,PRD0728,1.0,188.05,188.05
HITM0012790,HORD004086,PRD0670,1.0,85.16,85.16
HITM0012791,HORD004086,PRD0292,1.0,324.37,324.37
HITM0012792,HORD004087,PRD0899,1.0,1401.94,1401.94
HITM0012793,HORD004087,PRD0486,1.0,825.47,825.47
HITM0012794,HORD004087,PRD0521,1.0,1486.1,1486.1
HITM0012795,HORD004088,PRD0470,2.0,290.42,580.84
HITM0012796,HORD004088,PRD0299,1.0,658.78,658.78
HITM0012797,HORD004088,PRD0990,1.0,373.23,373.23
HITM0012798,HORD004089,PRD0920,1.0,129.86,129.86
HITM0012799,HORD004089,PRD0436,1.0,99.16,99.16
HITM0012800,HORD004089,PRD0662,1.0,1253.13,1253.13
HITM0012801,HORD004090,PRD0588,1.0,597.66,597.66
HITM0012802,HORD004090,PRD0213,1.0,1561.73,1561.73
HITM0012803,HORD004090,PRD0977,1.0,352.01,352.01
HITM0012804,HORD004091,PRD0884,1.0,586.48,586.48
HITM0012805,HORD004091,PRD0723,1.0,1236.33,1236.33
HITM0012806,HORD004091,PRD0870,1.0,285.87,285.87
HITM0012807,HORD004092,PRD0235,1.0,510.44,510.44
HITM0012808,HORD004092,PRD0398,2.0,413.35,826.7
HITM0012809,HORD004092,PRD0870,1.0,285.87,285.87
HITM0012810,HORD004093,PRD0815,1.0,446.57,446.57
HITM0012811,HORD004094,PRD0700,1.0,258.76,258.76
HITM0012812,HORD004094,PRD0472,1.0,1096.23,1096.23
HITM0012813,HORD004095,PRD0662,1.0,1253.13,1253.13
HITM0012814,HORD004095,PRD0239,1.0,1256.88,1256.88
HITM0012815,HORD004095,PRD0299,3.0,658.78,1976.34
HITM0012816,HORD004096,PRD0177,1.0,500.75,500.75
HITM0012817,HORD004096,PRD0664,1.0,2839.43,2839.43
HITM0012818,HORD004097,PRD0096,2.0,329.23,658.46
HITM0012819,HORD004097,PRD0018,1.0,112.62,112.62
HITM0012820,HORD004097,PRD0891,1.0,1480.65,1480.65
HITM0012821,HORD004098,PRD0550,1.0,184.97,184.97
HITM0012822,HORD004098,PRD0138,1.0,316.0,316.0
HITM0012823,HORD004099,PRD0342,1.0,1733.12,1733.12
HITM0012824,HORD004099,PRD0994,2.0,1974.93,3949.86
HITM0012825,HORD004099,PRD0515,1.0,421.93,421.93
HITM0012826,HORD004100,PRD0339,1.0,427.29,427.29
HITM0012827,HORD004100,PRD0107,3.0,1500.51,4501.53
HITM0012828,HORD004100,PRD0163,1.0,1539.62,1539.62
HITM0012829,HORD004101,PRD0609,1.0,138.47,138.47
HITM0012830,HORD004101,PRD0719,2.0,659.02,1318.04
HITM0012831,HORD004102,PRD0752,1.0,1353.89,1353.89
HITM0012832,HORD004102,PRD0200,1.0,279.99,279.99
HITM0012833,HORD004102,PRD0908,1.0,857.77,857.77
HITM0012834,HORD004103,PRD0104,1.0,3735.61,3735.61
HITM0012835,HORD004103,PRD0604,1.0,1327.89,1327.89
HITM0012836,HORD004104,PRD0445,1.0,1141.73,1141.73
HITM0012837,HORD004104,PRD0738,1.0,306.26,306.26
HITM0012838,HORD004104,PRD0177,2.0,500.75,1001.5
HITM0012839,HORD004104,PRD0813,1.0,1381.91,1381.91
HITM0012840,HORD004104,PRD0147,2.0,94.45,188.9
HITM0012841,HORD004105,PRD0822,1.0,1127.28,1127.28
HITM0012842,HORD004105,PRD0541,1.0,1837.92,1837.92
HITM0012843,HORD004105,PRD0570,2.0,98.43,196.86
HITM0012844,HORD004106,PRD0116,1.0,466.48,466.48
HITM0012845,HORD004106,PRD0516,1.0,565.33,565.33
HITM0012846,HORD004106,PRD0050,2.0,202.62,405.24
HITM0012847,HORD004106,PRD0232,1.0,306.48,306.48
HITM0012848,HORD004106,PRD0903,1.0,368.54,368.54
HITM0012849,HORD004107,PRD0356,1.0,302.84,302.84
HITM0012850,HORD004107,PRD0376,2.0,804.1,1608.2
HITM0012851,HORD004107,PRD0134,1.0,3468.51,3468.51
HITM0012852,HORD004108,PRD0004,1.0,466.88,466.88
HITM0012853,HORD004108,PRD0656,1.0,820.33,820.33
HITM0012854,HORD004108,PRD0119,1.0,844.43,844.43
HITM0012855,HORD004108,PRD0153,1.0,926.23,926.23
HITM0012856,HORD004109,PRD0397,2.0,1953.43,3906.86
HITM0012857,HORD004109,PRD0242,3.0,1257.76,3773.28
HITM0012858,HORD004110,PRD0134,2.0,3468.51,6937.02
HITM0012859,HORD004110,PRD0316,1.0,28.93,28.93
HITM0012860,HORD004110,PRD0216,1.0,56.76,56.76
HITM0012861,HORD004110,PRD0584,1.0,2076.86,2076.86
HITM0012862,HORD004111,PRD0510,1.0,71.92,71.92
HITM0012863,HORD004111,PRD0243,1.0,1380.67,1380.67
HITM0012864,HORD004111,PRD0195,1.0,337.11,337.11
HITM0012865,HORD004111,PRD0406,2.0,241.97,483.94
HITM0012866,HORD004112,PRD0748,1.0,176.05,176.05
HITM0012867,HORD004112,PRD0847,2.0,940.4,1880.8
HITM0012868,HORD004112,PRD0899,1.0,1401.94,1401.94
HITM0012869,HORD004113,PRD0805,1.0,151.93,151.93
HITM0012870,HORD004113,PRD0076,2.0,588.36,1176.72
HITM0012871,HORD004113,PRD0010,2.0,15.97,31.94
HITM0012872,HORD004114,PRD0351,1.0,1873.03,1873.03
HITM0012873,HORD004114,PRD0210,1.0,91.62,91.62
HITM0012874,HORD004114,PRD0325,2.0,54.61,109.22
HITM0012875,HORD004115,PRD0618,1.0,1068.97,1068.97
HITM0012876,HORD004116,PRD0650,1.0,367.95,367.95
HITM0012877,HORD004116,PRD0561,1.0,2439.38,2439.38
HITM0012878,HORD004116,PRD0701,1.0,2361.18,2361.18
HITM0012879,HORD004117,PRD0105,2.0,275.3,550.6
HITM0012880,HORD004117,PRD0603,2.0,671.51,1343.02
HITM0012881,HORD004117,PRD0562,1.0,536.89,536.89
HITM0012882,HORD004118,PRD0140,1.0,54.35,54.35
HITM0012883,HORD004119,PRD0618,1.0,1068.97,1068.97
HITM0012884,HORD004119,PRD0543,1.0,398.13,398.13
HITM0012885,HORD004119,PRD0484,1.0,1275.63,1275.63
HITM0012886,HORD004120,PRD0194,1.0,1326.23,1326.23
HITM0012887,HORD004120,PRD0427,1.0,1807.66,1807.66
HITM0012888,HORD004120,PRD0791,2.0,1863.17,3726.34
HITM0012889,HORD004121,PRD0945,2.0,888.88,1777.76
HITM0012890,HORD004121,PRD0976,1.0,348.6,348.6
HITM0012891,HORD004121,PRD0316,2.0,28.93,57.86
HITM0012892,HORD004121,PRD0904,2.0,673.64,1347.28
HITM0012893,HORD004122,PRD0143,1.0,1501.79,1501.79
HITM0012894,HORD004122,PRD0006,3.0,813.94,2441.82
HITM0012895,HORD004122,PRD0803,2.0,788.9,1577.8
HITM0012896,HORD004122,PRD0854,2.0,386.3,772.6
HITM0012897,HORD004122,PRD0188,2.0,604.15,1208.3
HITM0012898,HORD004123,PRD0640,1.0,153.76,153.76
HITM0012899,HORD004123,PRD0095,2.0,857.11,1714.22
HITM0012900,HORD004123,PRD0576,1.0,136.9,136.9
HITM0012901,HORD004123,PRD0527,2.0,1359.21,2718.42
HITM0012902,HORD004124,PRD0555,1.0,407.18,407.18
HITM0012903,HORD004124,PRD0619,1.0,180.89,180.89
HITM0012904,HORD004124,PRD0075,3.0,227.56,682.68
HITM0012905,HORD004125,PRD0025,1.0,403.1,403.1
HITM0012906,HORD004126,PRD0075,1.0,227.56,227.56
HITM0012907,HORD004126,PRD0723,1.0,1236.33,1236.33
HITM0012908,HORD004126,PRD0823,2.0,1081.67,2163.34
HITM0012909,HORD004127,PRD0357,1.0,193.87,193.87
HITM0012910,HORD004127,PRD0078,1.0,166.61,166.61
HITM0012911,HORD004127,PRD0901,1.0,1477.12,1477.12
HITM0012912,HORD004127,PRD0339,1.0,427.29,427.29
HITM0012913,HORD004128,PRD0715,2.0,343.66,687.32
HITM0012914,HORD004128,PRD0870,2.0,285.87,571.74
HITM0012915,HORD004128,PRD0738,1.0,306.26,306.26
HITM0012916,HORD004128,PRD0961,1.0,1724.67,1724.67
HITM0012917,HORD004128,PRD0949,1.0,221.57,221.57
HITM0012918,HORD004129,PRD0090,1.0,166.35,166.35
HITM0012919,HORD004129,PRD0818,1.0,510.62,510.62
HITM0012920,HORD004129,PRD0943,3.0,940.81,2822.43
HITM0012921,HORD004130,PRD0825,1.0,289.25,289.25
HITM0012922,HORD004131,PRD0286,1.0,841.61,841.61
HITM0012923,HORD004131,PRD0280,1.0,34.27,34.27
HITM0012924,HORD004131,PRD0557,2.0,1855.06,3710.12
HITM0012925,HORD004131,PRD0207,1.0,1299.41,1299.41
HITM0012926,HORD004131,PRD0034,3.0,1865.66,5596.98
HITM0012927,HORD004132,PRD0535,1.0,976.79,976.79
HITM0012928,HORD004132,PRD0593,2.0,1331.28,2662.56
HITM0012929,HORD004132,PRD0405,2.0,774.44,1548.88
HITM0012930,HORD004132,PRD0491,1.0,1093.0,1093.0
HITM0012931,HORD004133,PRD0580,1.0,76.83,76.83
HITM0012932,HORD004133,PRD0731,1.0,1790.91,1790.91
HITM0012933,HORD004134,PRD0424,1.0,1571.65,1571.65
HITM0012934,HORD004135,PRD0836,1.0,726.47,726.47
HITM0012935,HORD004135,PRD0656,1.0,820.33,820.33
HITM0012936,HORD004135,PRD0642,1.0,790.1,790.1
HITM0012937,HORD004136,PRD0010,1.0,15.97,15.97
HITM0012938,HORD004136,PRD0634,2.0,405.16,810.32
HITM0012939,HORD004136,PRD0306,1.0,643.72,643.72
HITM0012940,HORD004136,PRD0045,3.0,70.08,210.24
HITM0012941,HORD004137,PRD0305,2.0,662.05,1324.1
HITM0012942,HORD004137,PRD0626,1.0,502.49,502.49
HITM0012943,HORD004137,PRD0819,1.0,647.95,647.95
HITM0012944,HORD004138,PRD0960,1.0,103.86,103.86
HITM0012945,HORD004138,PRD0990,1.0,373.23,373.23
HITM0012946,HORD004138,PRD0082,1.0,383.13,383.13
HITM0012947,HORD004138,PRD0750,1.0,203.37,203.37
HITM0012948,HORD004139,PRD0942,1.0,646.79,646.79
HITM0012949,HORD004139,PRD0754,2.0,3612.65,7225.3
HITM0012950,HORD004139,PRD0987,1.0,925.55,925.55
HITM0012951,HORD004139,PRD0182,1.0,589.1,589.1
HITM0012952,HORD004140,PRD0451,1.0,2097.21,2097.21
HITM0012953,HORD004140,PRD0710,1.0,302.55,302.55
HITM0012954,HORD004140,PRD0488,1.0,482.8,482.8
HITM0012955,HORD004141,PRD0502,1.0,1894.29,1894.29
HITM0012956,HORD004141,PRD0708,2.0,720.36,1440.72
HITM0012957,HORD004141,PRD0372,1.0,763.17,763.17
HITM0012958,HORD004141,PRD0080,1.0,390.63,390.63
HITM0012959,HORD004141,PRD0357,1.0,193.87,193.87
HITM0012960,HORD004142,PRD0449,1.0,227.09,227.09
HITM0012961,HORD004142,PRD0171,1.0,1187.41,1187.41
HITM0012962,HORD004142,PRD0798,1.0,902.25,902.25
HITM0012963,HORD004143,PRD0375,1.0,302.41,302.41
HITM0012964,HORD004143,PRD0657,2.0,91.2,182.4
HITM0012965,HORD004143,PRD0229,1.0,412.68,412.68
HITM0012966,HORD004143,PRD0576,1.0,136.9,136.9
HITM0012967,HORD004144,PRD0563,1.0,270.8,270.8
HITM0012968,HORD004144,PRD0767,1.0,122.05,122.05
HITM0012969,HORD004144,PRD0906,1.0,58.83,58.83
HITM0012970,HORD004145,PRD0937,2.0,983.99,1967.98
HITM0012971,HORD004145,PRD0316,1.0,28.93,28.93
HITM0012972,HORD004145,PRD0651,1.0,929.1,929.1
HITM0012973,HORD004145,PRD0409,1.0,1192.0,1192.0
HITM0012974,HORD004146,PRD0667,3.0,424.48,1273.44
HITM0012975,HORD004146,PRD0630,1.0,59.46,59.46
HITM0012976,HORD004146,PRD0420,1.0,202.02,202.02
HITM0012977,HORD004146,PRD0706,1.0,746.72,746.72
HITM0012978,HORD004147,PRD0805,1.0,151.93,151.93
HITM0012979,HORD004147,PRD0372,1.0,763.17,763.17
HITM0012980,HORD004147,PRD0150,2.0,27.72,55.44
HITM0012981,HORD004148,PRD0805,2.0,151.93,303.86
HITM0012982,HORD004148,PRD0383,1.0,1343.47,1343.47
HITM0012983,HORD004148,PRD0801,1.0,1245.32,1245.32
HITM0012984,HORD004149,PRD0185,1.0,575.43,575.43
HITM0012985,HORD004149,PRD0715,3.0,343.66,1030.98
HITM0012986,HORD004150,PRD0347,1.0,1107.53,1107.53
HITM0012987,HORD004150,PRD0028,1.0,364.14,364.14
HITM0012988,HORD004151,PRD0597,2.0,1093.56,2187.12
HITM0012989,HORD004151,PRD0516,1.0,565.33,565.33
HITM0012990,HORD004151,PRD0885,1.0,510.35,510.35
HITM0012991,HORD004151,PRD0488,1.0,482.8,482.8
HITM0012992,HORD004152,PRD0280,2.0,34.27,68.54
HITM0012993,HORD004152,PRD0716,1.0,242.32,242.32
HITM0012994,HORD004153,PRD0835,1.0,427.39,427.39
HITM0012995,HORD004154,PRD0884,1.0,586.48,586.48
HITM0012996,HORD004154,PRD0594,1.0,3645.51,3645.51
HITM0012997,HORD004155,PRD0928,2.0,739.11,1478.22
HITM0012998,HORD004155,PRD0887,1.0,111.87,111.87
HITM0012999,HORD004156,PRD0640,2.0,153.76,307.52
HITM0013000,HORD004156,PRD0538,1.0,930.3,930.3
HITM0013001,HORD004156,PRD0789,2.0,106.8,213.6
HITM0013002,HORD004156,PRD0402,1.0,1191.53,1191.53
HITM0013003,HORD004156,PRD0434,1.0,2443.59,2443.59
HITM0013004,HORD004157,PRD0145,1.0,1050.7,1050.7
HITM0013005,HORD004157,PRD0121,1.0,3098.72,3098.72
HITM0013006,HORD004157,PRD0215,1.0,915.08,915.08
HITM0013007,HORD004157,PRD0030,1.0,159.51,159.51
HITM0013008,HORD004157,PRD0719,1.0,659.02,659.02
HITM0013009,HORD004158,PRD0043,1.0,1106.1,1106.1
HITM0013010,HORD004158,PRD0147,2.0,94.45,188.9
HITM0013011,HORD004158,PRD0398,1.0,413.35,413.35
HITM0013012,HORD004159,PRD0157,1.0,2583.38,2583.38
HITM0013013,HORD004159,PRD0416,2.0,753.43,1506.86
HITM0013014,HORD004159,PRD0086,1.0,248.61,248.61
HITM0013015,HORD004160,PRD0804,2.0,1164.25,2328.5
HITM0013016,HORD004160,PRD0085,1.0,304.21,304.21
HITM0013017,HORD004160,PRD0898,1.0,236.36,236.36
HITM0013018,HORD004161,PRD0309,1.0,335.12,335.12
HITM0013019,HORD004161,PRD0456,1.0,417.01,417.01
HITM0013020,HORD004161,PRD0136,1.0,107.5,107.5
HITM0013021,HORD004162,PRD0331,1.0,1711.06,1711.06
HITM0013022,HORD004162,PRD0556,1.0,303.66,303.66
HITM0013023,HORD004162,PRD0550,1.0,184.97,184.97
HITM0013024,HORD004163,PRD0312,1.0,845.47,845.47
HITM0013025,HORD004163,PRD0993,1.0,489.97,489.97
HITM0013026,HORD004163,PRD0096,1.0,329.23,329.23
HITM0013027,HORD004164,PRD0147,1.0,94.45,94.45
HITM0013028,HORD004164,PRD0035,2.0,410.43,820.86
HITM0013029,HORD004164,PRD0918,1.0,342.99,342.99
HITM0013030,HORD004164,PRD0658,1.0,140.48,140.48
HITM0013031,HORD004165,PRD0638,1.0,248.57,248.57
HITM0013032,HORD004165,PRD0190,1.0,417.54,417.54
HITM0013033,HORD004165,PRD0931,1.0,2080.26,2080.26
HITM0013034,HORD004165,PRD0356,1.0,302.84,302.84
HITM0013035,HORD004166,PRD0439,1.0,1119.95,1119.95
HITM0013036,HORD004167,PRD0042,1.0,1230.08,1230.08
HITM0013037,HORD004167,PRD0083,1.0,719.56,719.56
HITM0013038,HORD004167,PRD0825,1.0,289.25,289.25
HITM0013039,HORD004168,PRD0480,1.0,37.46,37.46
HITM0013040,HORD004168,PRD0896,2.0,502.67,1005.34
HITM0013041,HORD004168,PRD0907,2.0,1869.43,3738.86
HITM0013042,HORD004169,PRD0179,1.0,1156.54,1156.54
HITM0013043,HORD004169,PRD0802,1.0,1342.26,1342.26
HITM0013044,HORD004169,PRD0548,1.0,181.04,181.04
HITM0013045,HORD004170,PRD0086,3.0,248.61,745.83
HITM0013046,HORD004170,PRD0806,3.0,43.45,130.35
HITM0013047,HORD004171,PRD0786,1.0,211.68,211.68
HITM0013048,HORD004171,PRD0515,1.0,421.93,421.93
HITM0013049,HORD004172,PRD0950,1.0,321.18,321.18
HITM0013050,HORD004172,PRD0591,1.0,2794.24,2794.24
HITM0013051,HORD004173,PRD0156,2.0,681.59,1363.18
HITM0013052,HORD004173,PRD0217,2.0,2044.02,4088.04
HITM0013053,HORD004173,PRD0149,2.0,217.37,434.74
HITM0013054,HORD004174,PRD0906,1.0,58.83,58.83
HITM0013055,HORD004174,PRD0272,2.0,721.72,1443.44
HITM0013056,HORD004174,PRD0789,1.0,106.8,106.8
HITM0013057,HORD004175,PRD0986,1.0,748.03,748.03
HITM0013058,HORD004175,PRD0199,1.0,290.9,290.9
HITM0013059,HORD004175,PRD0183,2.0,880.19,1760.38
HITM0013060,HORD004175,PRD0963,1.0,488.16,488.16
HITM0013061,HORD004176,PRD0805,1.0,151.93,151.93
HITM0013062,HORD004176,PRD0645,1.0,886.19,886.19
HITM0013063,HORD004176,PRD0010,1.0,15.97,15.97
HITM0013064,HORD004177,PRD0899,1.0,1401.94,1401.94
HITM0013065,HORD004177,PRD0657,1.0,91.2,91.2
HITM0013066,HORD004177,PRD0010,1.0,15.97,15.97
HITM0013067,HORD004177,PRD0207,2.0,1299.41,2598.82
HITM0013068,HORD004178,PRD0906,1.0,58.83,58.83
HITM0013069,HORD004178,PRD0431,1.0,2253.8,2253.8
HITM0013070,HORD004178,PRD0281,1.0,1660.11,1660.11
HITM0013071,HORD004179,PRD0312,1.0,845.47,845.47
HITM0013072,HORD004179,PRD0823,1.0,1081.67,1081.67
HITM0013073,HORD004179,PRD0780,1.0,191.96,191.96
HITM0013074,HORD004179,PRD0002,1.0,684.63,684.63
HITM0013075,HORD004180,PRD0634,1.0,405.16,405.16
HITM0013076,HORD004180,PRD0138,2.0,316.0,632.0
HITM0013077,HORD004180,PRD0095,1.0,857.11,857.11
HITM0013078,HORD004181,PRD0881,1.0,1292.47,1292.47
HITM0013079,HORD004181,PRD0386,1.0,109.17,109.17
HITM0013080,HORD004181,PRD0873,2.0,1287.46,2574.92
HITM0013081,HORD004181,PRD0480,1.0,37.46,37.46
HITM0013082,HORD004181,PRD0118,1.0,461.86,461.86
HITM0013083,HORD004182,PRD0473,2.0,576.89,1153.78
HITM0013084,HORD004183,PRD0892,3.0,324.59,973.77
HITM0013085,HORD004183,PRD0480,1.0,37.46,37.46
HITM0013086,HORD004183,PRD0366,3.0,496.46,1489.38
HITM0013087,HORD004183,PRD0297,2.0,1540.93,3081.86
HITM0013088,HORD004184,PRD0786,1.0,211.68,211.68
HITM0013089,HORD004185,PRD0767,1.0,122.05,122.05
HITM0013090,HORD004185,PRD0472,1.0,1096.23,1096.23
HITM0013091,HORD004185,PRD0170,1.0,71.95,71.95
HITM0013092,HORD004185,PRD0842,1.0,1682.83,1682.83
HITM0013093,HORD004186,PRD0527,1.0,1359.21,1359.21
HITM0013094,HORD004186,PRD0353,2.0,526.39,1052.78
HITM0013095,HORD004187,PRD0268,1.0,944.09,944.09
HITM0013096,HORD004187,PRD0168,1.0,325.2,325.2
HITM0013097,HORD004187,PRD0854,1.0,386.3,386.3
HITM0013098,HORD004188,PRD0606,1.0,721.57,721.57
HITM0013099,HORD004188,PRD0972,1.0,903.07,903.07
HITM0013100,HORD004188,PRD0075,1.0,227.56,227.56
HITM0013101,HORD004188,PRD0437,1.0,1241.03,1241.03
HITM0013102,HORD004188,PRD0678,1.0,653.14,653.14
HITM0013103,HORD004189,PRD0490,1.0,20.66,20.66
HITM0013104,HORD004189,PRD0130,1.0,128.78,128.78
HITM0013105,HORD004189,PRD0380,1.0,117.36,117.36
HITM0013106,HORD004189,PRD0558,1.0,603.01,603.01
HITM0013107,HORD004190,PRD0330,1.0,184.25,184.25
HITM0013108,HORD004190,PRD0965,1.0,271.51,271.51
HITM0013109,HORD004191,PRD0616,1.0,644.96,644.96
HITM0013110,HORD004191,PRD0576,1.0,136.9,136.9
HITM0013111,HORD004191,PRD0982,3.0,921.88,2765.64
HITM0013112,HORD004192,PRD0130,1.0,128.78,128.78
HITM0013113,HORD004192,PRD0970,1.0,71.64,71.64
HITM0013114,HORD004192,PRD0373,1.0,572.77,572.77
HITM0013115,HORD004192,PRD0455,2.0,329.34,658.68
HITM0013116,HORD004192,PRD0847,1.0,940.4,940.4
HITM0013117,HORD004193,PRD0826,1.0,272.89,272.89
HITM0013118,HORD004193,PRD0969,1.0,1459.43,1459.43
HITM0013119,HORD004194,PRD0056,1.0,318.87,318.87
HITM0013120,HORD004194,PRD0916,1.0,265.34,265.34
HITM0013121,HORD004194,PRD0382,1.0,453.52,453.52
HITM0013122,HORD004194,PRD0126,2.0,652.43,1304.86
HITM0013123,HORD004195,PRD0408,2.0,680.47,1360.94
HITM0013124,HORD004195,PRD0794,2.0,3227.51,6455.02
HITM0013125,HORD004195,PRD0909,1.0,1137.09,1137.09
HITM0013126,HORD004196,PRD0345,1.0,927.23,927.23
HITM0013127,HORD004197,PRD0710,1.0,302.55,302.55
HITM0013128,HORD004197,PRD0589,2.0,675.7,1351.4
HITM0013129,HORD004197,PRD0512,3.0,1597.11,4791.33
HITM0013130,HORD004197,PRD0640,1.0,153.76,153.76
HITM0013131,HORD004198,PRD0141,1.0,2490.91,2490.91
HITM0013132,HORD004198,PRD0800,1.0,235.68,235.68
HITM0013133,HORD004198,PRD0884,1.0,586.48,586.48
HITM0013134,HORD004198,PRD0043,1.0,1106.1,1106.1
HITM0013135,HORD004198,PRD0623,1.0,292.46,292.46
HITM0013136,HORD004199,PRD0580,2.0,76.83,153.66
HITM0013137,HORD004199,PRD0051,1.0,1650.3,1650.3
HITM0013138,HORD004199,PRD0888,1.0,183.72,183.72
HITM0013139,HORD004199,PRD0523,1.0,1192.94,1192.94
HITM0013140,HORD004200,PRD0741,1.0,2451.18,2451.18
HITM0013141,HORD004200,PRD0562,1.0,536.89,536.89
HITM0013142,HORD004200,PRD0277,1.0,2592.52,2592.52
HITM0013143,HORD004201,PRD0147,1.0,94.45,94.45
HITM0013144,HORD004201,PRD0881,2.0,1292.47,2584.94
HITM0013145,HORD004201,PRD0106,1.0,217.23,217.23
HITM0013146,HORD004201,PRD0598,1.0,929.85,929.85
HITM0013147,HORD004202,PRD0938,2.0,857.34,1714.68
HITM0013148,HORD004203,PRD0248,1.0,494.67,494.67
HITM0013149,HORD004203,PRD0290,2.0,61.51,123.02
HITM0013150,HORD004203,PRD0148,1.0,784.78,784.78
HITM0013151,HORD004203,PRD0400,1.0,286.55,286.55
HITM0013152,HORD004203,PRD0916,1.0,265.34,265.34
HITM0013153,HORD004204,PRD0431,2.0,2253.8,4507.6
HITM0013154,HORD004205,PRD0412,1.0,1184.31,1184.31
HITM0013155,HORD004205,PRD0598,1.0,929.85,929.85
HITM0013156,HORD004206,PRD0845,1.0,242.25,242.25
HITM0013157,HORD004207,PRD0544,1.0,1918.0,1918.0
HITM0013158,HORD004207,PRD0761,1.0,965.07,965.07
HITM0013159,HORD004207,PRD0806,1.0,43.45,43.45
HITM0013160,HORD004207,PRD0402,1.0,1191.53,1191.53
HITM0013161,HORD004208,PRD0579,2.0,878.27,1756.54
HITM0013162,HORD004208,PRD0441,1.0,1117.87,1117.87
HITM0013163,HORD004208,PRD0860,1.0,148.71,148.71
HITM0013164,HORD004208,PRD0295,1.0,606.51,606.51
HITM0013165,HORD004209,PRD0311,3.0,1105.19,3315.57
HITM0013166,HORD004209,PRD0986,1.0,748.03,748.03
HITM0013167,HORD004209,PRD0820,1.0,95.58,95.58
HITM0013168,HORD004210,PRD0605,1.0,845.14,845.14
HITM0013169,HORD004210,PRD0021,1.0,2242.17,2242.17
HITM0013170,HORD004210,PRD0966,1.0,340.4,340.4
HITM0013171,HORD004210,PRD0700,1.0,258.76,258.76
HITM0013172,HORD004211,PRD0183,1.0,880.19,880.19
HITM0013173,HORD004211,PRD0270,1.0,145.44,145.44
HITM0013174,HORD004211,PRD0158,1.0,464.07,464.07
HITM0013175,HORD004212,PRD0934,1.0,3943.07,3943.07
HITM0013176,HORD004212,PRD0053,1.0,482.7,482.7
HITM0013177,HORD004212,PRD0704,1.0,2221.12,2221.12
HITM0013178,HORD004213,PRD0802,3.0,1342.26,4026.78
HITM0013179,HORD004213,PRD0032,1.0,417.41,417.41
HITM0013180,HORD004213,PRD0081,1.0,2768.19,2768.19
HITM0013181,HORD004213,PRD0335,1.0,424.96,424.96
HITM0013182,HORD004214,PRD0071,1.0,2347.4,2347.4
HITM0013183,HORD004214,PRD0715,3.0,343.66,1030.98
HITM0013184,HORD004214,PRD0039,1.0,980.04,980.04
HITM0013185,HORD004214,PRD0462,2.0,1259.7,2519.4
HITM0013186,HORD004214,PRD0229,1.0,412.68,412.68
HITM0013187,HORD004215,PRD0126,2.0,652.43,1304.86
HITM0013188,HORD004215,PRD0894,1.0,1604.45,1604.45
HITM0013189,HORD004215,PRD0359,2.0,169.12,338.24
HITM0013190,HORD004216,PRD0412,1.0,1184.31,1184.31
HITM0013191,HORD004217,PRD0409,1.0,1192.0,1192.0
HITM0013192,HORD004217,PRD0870,2.0,285.87,571.74
HITM0013193,HORD004217,PRD0219,1.0,374.02,374.02
HITM0013194,HORD004217,PRD0455,2.0,329.34,658.68
HITM0013195,HORD004218,PRD0309,3.0,335.12,1005.36
HITM0013196,HORD004218,PRD0549,2.0,1361.68,2723.36
HITM0013197,HORD004218,PRD0688,1.0,231.65,231.65
HITM0013198,HORD004218,PRD0906,1.0,58.83,58.83
HITM0013199,HORD004218,PRD0270,2.0,145.44,290.88
HITM0013200,HORD004219,PRD0130,1.0,128.78,128.78
HITM0013201,HORD004219,PRD0564,1.0,1250.64,1250.64
HITM0013202,HORD004219,PRD0612,1.0,471.59,471.59
HITM0013203,HORD004219,PRD0191,1.0,1045.12,1045.12
HITM0013204,HORD004219,PRD0030,3.0,159.51,478.53
HITM0013205,HORD004220,PRD0811,1.0,1292.11,1292.11
HITM0013206,HORD004220,PRD0166,1.0,833.21,833.21
HITM0013207,HORD004220,PRD0894,2.0,1604.45,3208.9
HITM0013208,HORD004220,PRD0945,1.0,888.88,888.88
HITM0013209,HORD004221,PRD0521,1.0,1486.1,1486.1
HITM0013210,HORD004221,PRD0915,2.0,763.7,1527.4
HITM0013211,HORD004222,PRD0833,1.0,1413.97,1413.97
HITM0013212,HORD004222,PRD0460,1.0,99.79,99.79
HITM0013213,HORD004222,PRD0755,1.0,683.65,683.65
HITM0013214,HORD004222,PRD0209,1.0,1090.92,1090.92
HITM0013215,HORD004223,PRD0154,1.0,1575.91,1575.91
HITM0013216,HORD004223,PRD0118,2.0,461.86,923.72
HITM0013217,HORD004223,PRD0861,1.0,2320.68,2320.68
HITM0013218,HORD004224,PRD0758,2.0,688.14,1376.28
HITM0013219,HORD004224,PRD0191,1.0,1045.12,1045.12
HITM0013220,HORD004224,PRD0349,1.0,986.72,986.72
HITM0013221,HORD004224,PRD0807,1.0,1536.27,1536.27
HITM0013222,HORD004225,PRD0360,1.0,14.71,14.71
HITM0013223,HORD004225,PRD0816,1.0,354.93,354.93
HITM0013224,HORD004225,PRD0260,1.0,73.31,73.31
HITM0013225,HORD004225,PRD0060,1.0,97.23,97.23
HITM0013226,HORD004225,PRD0659,1.0,293.62,293.62
HITM0013227,HORD004226,PRD0821,1.0,1191.59,1191.59
HITM0013228,HORD004226,PRD0912,2.0,1809.29,3618.58
HITM0013229,HORD004226,PRD0944,1.0,2277.06,2277.06
HITM0013230,HORD004227,PRD0610,1.0,21.93,21.93
HITM0013231,HORD004227,PRD0029,2.0,1109.68,2219.36
HITM0013232,HORD004227,PRD0805,1.0,151.93,151.93
HITM0013233,HORD004228,PRD0909,1.0,1137.09,1137.09
HITM0013234,HORD004228,PRD0572,2.0,483.42,966.84
HITM0013235,HORD004228,PRD0751,1.0,1210.18,1210.18
HITM0013236,HORD004228,PRD0604,1.0,1327.89,1327.89
HITM0013237,HORD004229,PRD0206,1.0,673.8,673.8
HITM0013238,HORD004229,PRD0146,1.0,795.49,795.49
HITM0013239,HORD004229,PRD0734,1.0,2197.09,2197.09
HITM0013240,HORD004229,PRD0309,2.0,335.12,670.24
HITM0013241,HORD004230,PRD0485,2.0,518.63,1037.26
HITM0013242,HORD004230,PRD0991,1.0,1637.29,1637.29
HITM0013243,HORD004230,PRD0870,2.0,285.87,571.74
HITM0013244,HORD004230,PRD0411,1.0,1649.5,1649.5
HITM0013245,HORD004231,PRD0967,1.0,571.48,571.48
HITM0013246,HORD004231,PRD0098,1.0,149.72,149.72
HITM0013247,HORD004231,PRD0310,1.0,318.45,318.45
HITM0013248,HORD004232,PRD0818,1.0,510.62,510.62
HITM0013249,HORD004232,PRD0416,3.0,753.43,2260.29
HITM0013250,HORD004233,PRD0765,1.0,126.56,126.56
HITM0013251,HORD004233,PRD0138,1.0,316.0,316.0
HITM0013252,HORD004233,PRD0703,1.0,299.48,299.48
HITM0013253,HORD004234,PRD0461,1.0,2080.96,2080.96
HITM0013254,HORD004234,PRD0933,1.0,1263.06,1263.06
HITM0013255,HORD004234,PRD0820,2.0,95.58,191.16
HITM0013256,HORD004234,PRD0980,2.0,334.19,668.38
HITM0013257,HORD004235,PRD0973,2.0,1395.47,2790.94
HITM0013258,HORD004235,PRD0140,2.0,54.35,108.7
HITM0013259,HORD004235,PRD0241,1.0,1271.03,1271.03
HITM0013260,HORD004236,PRD0471,1.0,2346.96,2346.96
HITM0013261,HORD004236,PRD0198,1.0,155.28,155.28
HITM0013262,HORD004236,PRD0746,2.0,130.44,260.88
HITM0013263,HORD004237,PRD0516,1.0,565.33,565.33
HITM0013264,HORD004237,PRD0945,1.0,888.88,888.88
HITM0013265,HORD004237,PRD0144,1.0,1126.55,1126.55
HITM0013266,HORD004238,PRD0945,2.0,888.88,1777.76
HITM0013267,HORD004238,PRD0365,1.0,884.05,884.05
HITM0013268,HORD004239,PRD0573,3.0,394.67,1184.01
HITM0013269,HORD004239,PRD0308,1.0,1053.94,1053.94
HITM0013270,HORD004240,PRD0039,2.0,980.04,1960.08
HITM0013271,HORD004241,PRD0750,1.0,203.37,203.37
HITM0013272,HORD004241,PRD0224,1.0,1301.36,1301.36
HITM0013273,HORD004241,PRD0202,1.0,1243.06,1243.06
HITM0013274,HORD004242,PRD0331,1.0,1711.06,1711.06
HITM0013275,HORD004242,PRD0471,3.0,2346.96,7040.88
HITM0013276,HORD004242,PRD0068,1.0,190.2,190.2
HITM0013277,HORD004242,PRD0840,1.0,148.97,148.97
HITM0013278,HORD004243,PRD0733,1.0,894.02,894.02
HITM0013279,HORD004243,PRD0865,2.0,558.87,1117.74
HITM0013280,HORD004243,PRD0671,1.0,1948.38,1948.38
HITM0013281,HORD004244,PRD0504,1.0,3837.7,3837.7
HITM0013282,HORD004244,PRD0140,1.0,54.35,54.35
HITM0013283,HORD004244,PRD0826,1.0,272.89,272.89
HITM0013284,HORD004244,PRD0119,2.0,844.43,1688.86
HITM0013285,HORD004245,PRD0716,1.0,242.32,242.32
HITM0013286,HORD004245,PRD0610,3.0,21.93,65.79
HITM0013287,HORD004245,PRD0483,1.0,1343.25,1343.25
HITM0013288,HORD004246,PRD0704,1.0,2221.12,2221.12
HITM0013289,HORD004246,PRD0286,1.0,841.61,841.61
HITM0013290,HORD004247,PRD0641,1.0,934.18,934.18
HITM0013291,HORD004247,PRD0750,1.0,203.37,203.37
HITM0013292,HORD004247,PRD0481,1.0,1297.53,1297.53
HITM0013293,HORD004247,PRD0855,2.0,1099.26,2198.52
HITM0013294,HORD004247,PRD0710,3.0,302.55,907.65
HITM0013295,HORD004248,PRD0441,1.0,1117.87,1117.87
HITM0013296,HORD004248,PRD0444,1.0,636.31,636.31
HITM0013297,HORD004248,PRD0159,1.0,1165.58,1165.58
HITM0013298,HORD004249,PRD0993,1.0,489.97,489.97
HITM0013299,HORD004249,PRD0392,1.0,930.86,930.86
HITM0013300,HORD004249,PRD0347,1.0,1107.53,1107.53
HITM0013301,HORD004250,PRD0970,1.0,71.64,71.64
HITM0013302,HORD004250,PRD0065,1.0,729.67,729.67
HITM0013303,HORD004250,PRD0610,2.0,21.93,43.86
HITM0013304,HORD004251,PRD0238,2.0,690.75,1381.5
HITM0013305,HORD004251,PRD0363,2.0,1523.75,3047.5
HITM0013306,HORD004251,PRD0382,2.0,453.52,907.04
HITM0013307,HORD004251,PRD0113,1.0,605.4,605.4
HITM0013308,HORD004252,PRD0365,1.0,884.05,884.05
HITM0013309,HORD004253,PRD0147,2.0,94.45,188.9
HITM0013310,HORD004253,PRD0914,2.0,3839.74,7679.48
HITM0013311,HORD004254,PRD0560,1.0,230.25,230.25
HITM0013312,HORD004254,PRD0101,1.0,1447.07,1447.07
HITM0013313,HORD004254,PRD0759,2.0,943.47,1886.94
HITM0013314,HORD004254,PRD0337,1.0,92.59,92.59
HITM0013315,HORD004254,PRD0481,1.0,1297.53,1297.53
HITM0013316,HORD004255,PRD0360,1.0,14.71,14.71
HITM0013317,HORD004255,PRD0530,1.0,376.94,376.94
HITM0013318,HORD004255,PRD0125,1.0,1004.47,1004.47
HITM0013319,HORD004256,PRD0555,2.0,407.18,814.36
HITM0013320,HORD004256,PRD0979,1.0,1102.97,1102.97
HITM0013321,HORD004256,PRD0214,1.0,2414.54,2414.54
HITM0013322,HORD004256,PRD0619,2.0,180.89,361.78
HITM0013323,HORD004257,PRD0708,1.0,720.36,720.36
HITM0013324,HORD004257,PRD0883,1.0,1065.61,1065.61
HITM0013325,HORD004257,PRD0980,1.0,334.19,334.19
HITM0013326,HORD004258,PRD0033,1.0,1186.21,1186.21
HITM0013327,HORD004258,PRD0040,3.0,208.06,624.18
HITM0013328,HORD004258,PRD0113,1.0,605.4,605.4
HITM0013329,HORD004258,PRD0015,1.0,184.83,184.83
HITM0013330,HORD004258,PRD0270,1.0,145.44,145.44
HITM0013331,HORD004259,PRD0316,1.0,28.93,28.93
HITM0013332,HORD004259,PRD0217,1.0,2044.02,2044.02
HITM0013333,HORD004260,PRD0959,1.0,198.15,198.15
HITM0013334,HORD004260,PRD0290,2.0,61.51,123.02
HITM0013335,HORD004260,PRD0044,1.0,3554.03,3554.03
HITM0013336,HORD004260,PRD0702,1.0,768.26,768.26
HITM0013337,HORD004260,PRD0352,1.0,1479.5,1479.5
HITM0013338,HORD004261,PRD0683,1.0,1384.61,1384.61
HITM0013339,HORD004261,PRD0154,1.0,1575.91,1575.91
HITM0013340,HORD004261,PRD0570,1.0,98.43,98.43
HITM0013341,HORD004261,PRD0536,1.0,616.08,616.08
HITM0013342,HORD004261,PRD0239,1.0,1256.88,1256.88
HITM0013343,HORD004262,PRD0667,1.0,424.48,424.48
HITM0013344,HORD004262,PRD0147,3.0,94.45,283.35
HITM0013345,HORD004262,PRD0743,1.0,1161.24,1161.24
HITM0013346,HORD004262,PRD0823,1.0,1081.67,1081.67
HITM0013347,HORD004263,PRD0220,3.0,369.39,1108.17
HITM0013348,HORD004263,PRD0610,1.0,21.93,21.93
HITM0013349,HORD004264,PRD0829,3.0,385.82,1157.46
HITM0013350,HORD004264,PRD0059,1.0,721.08,721.08
HITM0013351,HORD004264,PRD0140,2.0,54.35,108.7
HITM0013352,HORD004265,PRD0363,1.0,1523.75,1523.75
HITM0013353,HORD004265,PRD0366,1.0,496.46,496.46
HITM0013354,HORD004265,PRD0612,1.0,471.59,471.59
HITM0013355,HORD004265,PRD0350,1.0,294.0,294.0
HITM0013356,HORD004266,PRD0301,2.0,1847.23,3694.46
HITM0013357,HORD004266,PRD0731,1.0,1790.91,1790.91
HITM0013358,HORD004266,PRD0840,1.0,148.97,148.97
HITM0013359,HORD004267,PRD0406,1.0,241.97,241.97
HITM0013360,HORD004267,PRD0922,1.0,1416.33,1416.33
HITM0013361,HORD004268,PRD0763,1.0,1426.88,1426.88
HITM0013362,HORD004268,PRD0692,1.0,959.48,959.48
HITM0013363,HORD004268,PRD0072,1.0,1390.27,1390.27
HITM0013364,HORD004269,PRD0155,1.0,237.13,237.13
HITM0013365,HORD004270,PRD0430,1.0,214.75,214.75
HITM0013366,HORD004270,PRD0828,1.0,125.24,125.24
HITM0013367,HORD004270,PRD0676,1.0,444.48,444.48
HITM0013368,HORD004270,PRD0630,2.0,59.46,118.92
HITM0013369,HORD004270,PRD0748,1.0,176.05,176.05
HITM0013370,HORD004271,PRD0288,1.0,171.9,171.9
HITM0013371,HORD004271,PRD0745,2.0,805.9,1611.8
HITM0013372,HORD004272,PRD0340,1.0,68.17,68.17
HITM0013373,HORD004272,PRD0079,1.0,994.48,994.48
HITM0013374,HORD004272,PRD0010,1.0,15.97,15.97
HITM0013375,HORD004272,PRD0187,1.0,1290.47,1290.47
HITM0013376,HORD004273,PRD0840,1.0,148.97,148.97
HITM0013377,HORD004273,PRD0069,2.0,850.31,1700.62
HITM0013378,HORD004273,PRD0090,1.0,166.35,166.35
HITM0013379,HORD004273,PRD0322,1.0,719.5,719.5
HITM0013380,HORD004273,PRD0483,1.0,1343.25,1343.25
HITM0013381,HORD004274,PRD0180,1.0,24.86,24.86
HITM0013382,HORD004274,PRD0059,1.0,721.08,721.08
HITM0013383,HORD004275,PRD0058,1.0,660.96,660.96
HITM0013384,HORD004275,PRD0233,1.0,1406.02,1406.02
HITM0013385,HORD004275,PRD0751,1.0,1210.18,1210.18
HITM0013386,HORD004275,PRD0738,1.0,306.26,306.26
HITM0013387,HORD004275,PRD0018,1.0,112.62,112.62
HITM0013388,HORD004276,PRD0935,1.0,249.9,249.9
HITM0013389,HORD004276,PRD0025,1.0,403.1,403.1
HITM0013390,HORD004277,PRD0419,1.0,1223.67,1223.67
HITM0013391,HORD004277,PRD0713,2.0,1533.07,3066.14
HITM0013392,HORD004277,PRD0195,2.0,337.11,674.22
HITM0013393,HORD004277,PRD0645,3.0,886.19,2658.57
HITM0013394,HORD004278,PRD0373,3.0,572.77,1718.31
HITM0013395,HORD004278,PRD0796,1.0,830.56,830.56
HITM0013396,HORD004278,PRD0992,1.0,1778.47,1778.47
HITM0013397,HORD004279,PRD0736,3.0,829.44,2488.32
HITM0013398,HORD004279,PRD0892,2.0,324.59,649.18
HITM0013399,HORD004279,PRD0930,1.0,371.97,371.97
HITM0013400,HORD004280,PRD0075,1.0,227.56,227.56
HITM0013401,HORD004280,PRD0889,1.0,252.57,252.57
HITM0013402,HORD004280,PRD0614,3.0,3562.62,10687.86
HITM0013403,HORD004281,PRD0215,1.0,915.08,915.08
HITM0013404,HORD004281,PRD0923,1.0,283.84,283.84
HITM0013405,HORD004282,PRD0210,2.0,91.62,183.24
HITM0013406,HORD004282,PRD0563,3.0,270.8,812.4
HITM0013407,HORD004282,PRD0640,1.0,153.76,153.76
HITM0013408,HORD004283,PRD0418,1.0,513.88,513.88
HITM0013409,HORD004283,PRD0609,1.0,138.47,138.47
HITM0013410,HORD004283,PRD0346,2.0,692.97,1385.94
HITM0013411,HORD004284,PRD0519,1.0,1101.57,1101.57
HITM0013412,HORD004284,PRD0186,1.0,223.64,223.64
HITM0013413,HORD004284,PRD0330,1.0,184.25,184.25
HITM0013414,HORD004284,PRD0603,2.0,671.51,1343.02
HITM0013415,HORD004285,PRD0889,1.0,252.57,252.57
HITM0013416,HORD004285,PRD0350,2.0,294.0,588.0
HITM0013417,HORD004285,PRD0127,2.0,1805.09,3610.18
HITM0013418,HORD004285,PRD0010,1.0,15.97,15.97
HITM0013419,HORD004285,PRD0280,3.0,34.27,102.81
HITM0013420,HORD004286,PRD0280,2.0,34.27,68.54
HITM0013421,HORD004286,PRD0833,1.0,1413.97,1413.97
HITM0013422,HORD004286,PRD0635,1.0,626.79,626.79
HITM0013423,HORD004287,PRD0729,1.0,1008.84,1008.84
HITM0013424,HORD004287,PRD0490,1.0,20.66,20.66
HITM0013425,HORD004287,PRD0965,1.0,271.51,271.51
HITM0013426,HORD004288,PRD0278,1.0,100.15,100.15
HITM0013427,HORD004289,PRD0190,1.0,417.54,417.54
HITM0013428,HORD004289,PRD0772,1.0,546.46,546.46
HITM0013429,HORD004289,PRD0840,1.0,148.97,148.97
HITM0013430,HORD004289,PRD0289,2.0,721.6,1443.2
HITM0013431,HORD004290,PRD0490,1.0,20.66,20.66
HITM0013432,HORD004290,PRD0872,1.0,1715.8,1715.8
HITM0013433,HORD004290,PRD0050,1.0,202.62,202.62
HITM0013434,HORD004291,PRD0286,2.0,841.61,1683.22
HITM0013435,HORD004291,PRD0488,2.0,482.8,965.6
HITM0013436,HORD004291,PRD0840,1.0,148.97,148.97
HITM0013437,HORD004291,PRD0031,1.0,2166.94,2166.94
HITM0013438,HORD004291,PRD0819,1.0,647.95,647.95
HITM0013439,HORD004292,PRD0734,1.0,2197.09,2197.09
HITM0013440,HORD004292,PRD0754,1.0,3612.65,3612.65
HITM0013441,HORD004293,PRD0628,1.0,306.06,306.06
HITM0013442,HORD004293,PRD0060,1.0,97.23,97.23
HITM0013443,HORD004293,PRD0375,1.0,302.41,302.41
HITM0013444,HORD004293,PRD0189,1.0,1154.51,1154.51
HITM0013445,HORD004294,PRD0017,1.0,1860.35,1860.35
HITM0013446,HORD004294,PRD0035,2.0,410.43,820.86
HITM0013447,HORD004294,PRD0739,1.0,408.6,408.6
HITM0013448,HORD004295,PRD0084,1.0,3113.17,3113.17
HITM0013449,HORD004295,PRD0017,2.0,1860.35,3720.7
HITM0013450,HORD004295,PRD0884,1.0,586.48,586.48
HITM0013451,HORD004296,PRD0692,2.0,959.48,1918.96
HITM0013452,HORD004296,PRD0173,1.0,1377.08,1377.08
HITM0013453,HORD004296,PRD0310,3.0,318.45,955.35
HITM0013454,HORD004296,PRD0068,2.0,190.2,380.4
HITM0013455,HORD004297,PRD0616,1.0,644.96,644.96
HITM0013456,HORD004297,PRD0338,1.0,950.04,950.04
HITM0013457,HORD004297,PRD0662,1.0,1253.13,1253.13
HITM0013458,HORD004298,PRD0766,1.0,551.34,551.34
HITM0013459,HORD004299,PRD0449,1.0,227.09,227.09
HITM0013460,HORD004299,PRD0698,2.0,1038.35,2076.7
HITM0013461,HORD004299,PRD0603,1.0,671.51,671.51
HITM0013462,HORD004300,PRD0533,1.0,1215.39,1215.39
HITM0013463,HORD004300,PRD0232,2.0,306.48,612.96
HITM0013464,HORD004300,PRD0360,1.0,14.71,14.71
HITM0013465,HORD004300,PRD0142,2.0,1815.54,3631.08
HITM0013466,HORD004301,PRD0485,1.0,518.63,518.63
HITM0013467,HORD004301,PRD0025,1.0,403.1,403.1
HITM0013468,HORD004302,PRD0634,2.0,405.16,810.32
HITM0013469,HORD004302,PRD0688,2.0,231.65,463.3
HITM0013470,HORD004302,PRD0072,1.0,1390.27,1390.27
HITM0013471,HORD004302,PRD0149,1.0,217.37,217.37
HITM0013472,HORD004302,PRD0050,2.0,202.62,405.24
HITM0013473,HORD004303,PRD0623,1.0,292.46,292.46
HITM0013474,HORD004303,PRD0788,1.0,934.58,934.58
HITM0013475,HORD004303,PRD0586,2.0,450.26,900.52
HITM0013476,HORD004304,PRD0176,2.0,796.11,1592.22
HITM0013477,HORD004304,PRD0340,1.0,68.17,68.17
HITM0013478,HORD004304,PRD0523,1.0,1192.94,1192.94
HITM0013479,HORD004305,PRD0587,1.0,103.55,103.55
HITM0013480,HORD004305,PRD0403,1.0,1465.36,1465.36
HITM0013481,HORD004305,PRD0630,1.0,59.46,59.46
HITM0013482,HORD004306,PRD0670,1.0,85.16,85.16
HITM0013483,HORD004306,PRD0147,1.0,94.45,94.45
HITM0013484,HORD004306,PRD0964,1.0,1397.93,1397.93
HITM0013485,HORD004306,PRD0128,1.0,396.23,396.23
HITM0013486,HORD004306,PRD0282,3.0,1401.95,4205.85
HITM0013487,HORD004307,PRD0781,1.0,1410.25,1410.25
HITM0013488,HORD004307,PRD0188,3.0,604.15,1812.45
HITM0013489,HORD004307,PRD0620,1.0,123.89,123.89
HITM0013490,HORD004308,PRD0740,1.0,194.14,194.14
HITM0013491,HORD004308,PRD0804,2.0,1164.25,2328.5
HITM0013492,HORD004309,PRD0713,1.0,1533.07,1533.07
HITM0013493,HORD004309,PRD0984,1.0,759.8,759.8
HITM0013494,HORD004309,PRD0998,2.0,546.63,1093.26
HITM0013495,HORD004310,PRD0798,1.0,902.25,902.25
HITM0013496,HORD004310,PRD0760,3.0,405.95,1217.85
HITM0013497,HORD004310,PRD0710,1.0,302.55,302.55
HITM0013498,HORD004311,PRD0815,1.0,446.57,446.57
HITM0013499,HORD004311,PRD0447,1.0,79.94,79.94
HITM0013500,HORD004311,PRD0475,1.0,304.73,304.73
HITM0013501,HORD004311,PRD0340,1.0,68.17,68.17
HITM0013502,HORD004311,PRD0321,1.0,2990.61,2990.61
HITM0013503,HORD004312,PRD0986,1.0,748.03,748.03
HITM0013504,HORD004312,PRD0193,1.0,609.21,609.21
HITM0013505,HORD004312,PRD0535,1.0,976.79,976.79
HITM0013506,HORD004312,PRD0735,1.0,606.53,606.53
HITM0013507,HORD004313,PRD0105,1.0,275.3,275.3
HITM0013508,HORD004313,PRD0449,1.0,227.09,227.09
HITM0013509,HORD004313,PRD0340,1.0,68.17,68.17
HITM0013510,HORD004314,PRD0745,2.0,805.9,1611.8
HITM0013511,HORD004314,PRD0840,1.0,148.97,148.97
HITM0013512,HORD004314,PRD0010,1.0,15.97,15.97
HITM0013513,HORD004314,PRD0859,1.0,870.26,870.26
HITM0013514,HORD004314,PRD0418,1.0,513.88,513.88
HITM0013515,HORD004315,PRD0868,2.0,869.51,1739.02
HITM0013516,HORD004315,PRD0700,2.0,258.76,517.52
HITM0013517,HORD004316,PRD0629,1.0,270.17,270.17
HITM0013518,HORD004316,PRD0713,1.0,1533.07,1533.07
HITM0013519,HORD004317,PRD0488,1.0,482.8,482.8
HITM0013520,HORD004317,PRD0863,1.0,1009.18,1009.18
HITM0013521,HORD004317,PRD0886,1.0,688.19,688.19
HITM0013522,HORD004317,PRD0595,1.0,521.69,521.69
HITM0013523,HORD004318,PRD0151,1.0,1779.3,1779.3
HITM0013524,HORD004318,PRD0443,1.0,667.38,667.38
HITM0013525,HORD004318,PRD0132,1.0,713.61,713.61
HITM0013526,HORD004319,PRD0446,1.0,546.41,546.41
HITM0013527,HORD004319,PRD0604,1.0,1327.89,1327.89
HITM0013528,HORD004320,PRD0475,1.0,304.73,304.73
HITM0013529,HORD004320,PRD0453,1.0,934.48,934.48
HITM0013530,HORD004320,PRD0089,1.0,865.25,865.25
HITM0013531,HORD004320,PRD0866,1.0,328.46,328.46
HITM0013532,HORD004320,PRD0212,1.0,736.5,736.5
HITM0013533,HORD004321,PRD0609,1.0,138.47,138.47
HITM0013534,HORD004321,PRD0713,1.0,1533.07,1533.07
HITM0013535,HORD004321,PRD0450,1.0,138.07,138.07
HITM0013536,HORD004321,PRD0553,1.0,722.16,722.16
HITM0013537,HORD004322,PRD0892,1.0,324.59,324.59
HITM0013538,HORD004322,PRD0630,1.0,59.46,59.46
HITM0013539,HORD004322,PRD0853,1.0,1456.04,1456.04
HITM0013540,HORD004322,PRD0732,2.0,685.95,1371.9
HITM0013541,HORD004323,PRD0981,1.0,2272.24,2272.24
HITM0013542,HORD004323,PRD0733,2.0,894.02,1788.04
HITM0013543,HORD004324,PRD0366,3.0,496.46,1489.38
HITM0013544,HORD004324,PRD0721,1.0,1812.9,1812.9
HITM0013545,HORD004325,PRD0018,1.0,112.62,112.62
HITM0013546,HORD004325,PRD0185,1.0,575.43,575.43
HITM0013547,HORD004325,PRD0090,1.0,166.35,166.35
HITM0013548,HORD004325,PRD0558,1.0,603.01,603.01
HITM0013549,HORD004325,PRD0703,1.0,299.48,299.48
HITM0013550,HORD004326,PRD0509,2.0,866.14,1732.28
HITM0013551,HORD004326,PRD0735,1.0,606.53,606.53
HITM0013552,HORD004326,PRD0770,1.0,254.66,254.66
HITM0013553,HORD004326,PRD0144,2.0,1126.55,2253.1
HITM0013554,HORD004326,PRD0373,1.0,572.77,572.77
HITM0013555,HORD004327,PRD0815,1.0,446.57,446.57
HITM0013556,HORD004327,PRD0273,1.0,1515.39,1515.39
HITM0013557,HORD004328,PRD0741,1.0,2451.18,2451.18
HITM0013558,HORD004328,PRD0308,1.0,1053.94,1053.94
HITM0013559,HORD004329,PRD0884,2.0,586.48,1172.96
HITM0013560,HORD004329,PRD0803,1.0,788.9,788.9
HITM0013561,HORD004330,PRD0835,1.0,427.39,427.39
HITM0013562,HORD004330,PRD0368,1.0,807.79,807.79
HITM0013563,HORD004330,PRD0228,3.0,148.71,446.13
HITM0013564,HORD004331,PRD0260,2.0,73.31,146.62
HITM0013565,HORD004331,PRD0144,1.0,1126.55,1126.55
HITM0013566,HORD004331,PRD0699,2.0,1495.41,2990.82
HITM0013567,HORD004332,PRD0992,1.0,1778.47,1778.47
HITM0013568,HORD004332,PRD0840,3.0,148.97,446.91
HITM0013569,HORD004332,PRD0923,1.0,283.84,283.84
HITM0013570,HORD004332,PRD0565,1.0,1060.41,1060.41
HITM0013571,HORD004333,PRD0168,1.0,325.2,325.2
HITM0013572,HORD004333,PRD0308,1.0,1053.94,1053.94
HITM0013573,HORD004333,PRD0513,1.0,1454.2,1454.2
HITM0013574,HORD004334,PRD0350,1.0,294.0,294.0
HITM0013575,HORD004334,PRD0010,1.0,15.97,15.97
HITM0013576,HORD004334,PRD0417,1.0,318.04,318.04
HITM0013577,HORD004335,PRD0829,1.0,385.82,385.82
HITM0013578,HORD004335,PRD0218,1.0,838.07,838.07
HITM0013579,HORD004335,PRD0793,1.0,1185.37,1185.37
HITM0013580,HORD004335,PRD0617,1.0,1897.96,1897.96
HITM0013581,HORD004336,PRD0530,1.0,376.94,376.94
HITM0013582,HORD004336,PRD0431,1.0,2253.8,2253.8
HITM0013583,HORD004336,PRD0367,2.0,1853.15,3706.3
HITM0013584,HORD004337,PRD0515,2.0,421.93,843.86
HITM0013585,HORD004337,PRD0590,1.0,268.79,268.79
HITM0013586,HORD004337,PRD0940,1.0,139.21,139.21
HITM0013587,HORD004337,PRD0216,1.0,56.76,56.76
HITM0013588,HORD004338,PRD0905,1.0,760.24,760.24
HITM0013589,HORD004338,PRD0561,1.0,2439.38,2439.38
HITM0013590,HORD004338,PRD0151,1.0,1779.3,1779.3
HITM0013591,HORD004338,PRD0435,1.0,540.59,540.59
HITM0013592,HORD004338,PRD0883,1.0,1065.61,1065.61
HITM0013593,HORD004339,PRD0988,2.0,470.37,940.74
HITM0013594,HORD004339,PRD0427,1.0,1807.66,1807.66
HITM0013595,HORD004339,PRD0100,1.0,122.42,122.42
HITM0013596,HORD004339,PRD0791,2.0,1863.17,3726.34
HITM0013597,HORD004339,PRD0834,2.0,2476.82,4953.64
HITM0013598,HORD004340,PRD0340,1.0,68.17,68.17
HITM0013599,HORD004340,PRD0210,1.0,91.62,91.62
HITM0013600,HORD004340,PRD0595,3.0,521.69,1565.07
HITM0013601,HORD004340,PRD0911,1.0,1436.52,1436.52
HITM0013602,HORD004341,PRD0298,1.0,565.35,565.35
HITM0013603,HORD004341,PRD0570,1.0,98.43,98.43
HITM0013604,HORD004341,PRD0643,2.0,809.36,1618.72
HITM0013605,HORD004342,PRD0783,2.0,516.28,1032.56
HITM0013606,HORD004342,PRD0130,1.0,128.78,128.78
HITM0013607,HORD004342,PRD0010,3.0,15.97,47.91
HITM0013608,HORD004342,PRD0105,1.0,275.3,275.3
HITM0013609,HORD004343,PRD0759,1.0,943.47,943.47
HITM0013610,HORD004343,PRD0501,1.0,1207.42,1207.42
HITM0013611,HORD004343,PRD0296,1.0,366.63,366.63
HITM0013612,HORD004343,PRD0572,2.0,483.42,966.84
HITM0013613,HORD004344,PRD0938,1.0,857.34,857.34
HITM0013614,HORD004344,PRD0703,1.0,299.48,299.48
HITM0013615,HORD004344,PRD0609,1.0,138.47,138.47
HITM0013616,HORD004344,PRD0472,1.0,1096.23,1096.23
HITM0013617,HORD004345,PRD0201,1.0,2007.57,2007.57
HITM0013618,HORD004345,PRD0186,1.0,223.64,223.64
HITM0013619,HORD004346,PRD0258,1.0,171.41,171.41
HITM0013620,HORD004346,PRD0455,1.0,329.34,329.34
HITM0013621,HORD004346,PRD0880,1.0,263.31,263.31
HITM0013622,HORD004347,PRD0020,1.0,153.47,153.47
HITM0013623,HORD004347,PRD0052,1.0,1188.55,1188.55
HITM0013624,HORD004347,PRD0381,2.0,1910.84,3821.68
HITM0013625,HORD004347,PRD0184,1.0,3159.58,3159.58
HITM0013626,HORD004348,PRD0367,1.0,1853.15,1853.15
HITM0013627,HORD004348,PRD0536,2.0,616.08,1232.16
HITM0013628,HORD004349,PRD0961,1.0,1724.67,1724.67
HITM0013629,HORD004350,PRD0608,1.0,772.25,772.25
HITM0013630,HORD004350,PRD0014,2.0,2953.53,5907.06
HITM0013631,HORD004350,PRD0547,2.0,2376.82,4753.64
HITM0013632,HORD004351,PRD0777,1.0,2527.82,2527.82
HITM0013633,HORD004351,PRD0046,2.0,690.5,1381.0
HITM0013634,HORD004351,PRD0570,1.0,98.43,98.43
HITM0013635,HORD004351,PRD0685,3.0,367.73,1103.19
HITM0013636,HORD004352,PRD0335,1.0,424.96,424.96
HITM0013637,HORD004352,PRD0250,3.0,335.17,1005.51
HITM0013638,HORD004352,PRD0219,2.0,374.02,748.04
HITM0013639,HORD004353,PRD0701,1.0,2361.18,2361.18
HITM0013640,HORD004353,PRD0812,1.0,1836.96,1836.96
HITM0013641,HORD004353,PRD0180,1.0,24.86,24.86
HITM0013642,HORD004353,PRD0847,1.0,940.4,940.4
HITM0013643,HORD004354,PRD0343,1.0,1244.05,1244.05
HITM0013644,HORD004354,PRD0143,1.0,1501.79,1501.79
HITM0013645,HORD004354,PRD0831,1.0,1201.57,1201.57
HITM0013646,HORD004354,PRD0935,2.0,249.9,499.8
HITM0013647,HORD004355,PRD0436,2.0,99.16,198.32
HITM0013648,HORD004355,PRD0918,2.0,342.99,685.98
HITM0013649,HORD004355,PRD0562,1.0,536.89,536.89
HITM0013650,HORD004355,PRD0010,1.0,15.97,15.97
HITM0013651,HORD004356,PRD0388,1.0,269.65,269.65
HITM0013652,HORD004356,PRD0856,1.0,415.09,415.09
HITM0013653,HORD004357,PRD0358,1.0,67.02,67.02
HITM0013654,HORD004357,PRD0846,1.0,808.25,808.25
HITM0013655,HORD004357,PRD0868,1.0,869.51,869.51
HITM0013656,HORD004358,PRD0278,1.0,100.15,100.15
HITM0013657,HORD004358,PRD0090,2.0,166.35,332.7
HITM0013658,HORD004358,PRD0653,1.0,1533.48,1533.48
HITM0013659,HORD004358,PRD0010,1.0,15.97,15.97
HITM0013660,HORD004359,PRD0153,1.0,926.23,926.23
HITM0013661,HORD004359,PRD0764,1.0,3444.81,3444.81
HITM0013662,HORD004359,PRD0598,1.0,929.85,929.85
HITM0013663,HORD004360,PRD0080,2.0,390.63,781.26
HITM0013664,HORD004360,PRD0772,1.0,546.46,546.46
HITM0013665,HORD004360,PRD0530,1.0,376.94,376.94
HITM0013666,HORD004360,PRD0906,3.0,58.83,176.49
HITM0013667,HORD004360,PRD0760,1.0,405.95,405.95
HITM0013668,HORD004361,PRD0661,2.0,1397.85,2795.7
HITM0013669,HORD004361,PRD0499,2.0,1327.93,2655.86
HITM0013670,HORD004361,PRD0487,1.0,1262.93,1262.93
HITM0013671,HORD004361,PRD0381,1.0,1910.84,1910.84
HITM0013672,HORD004362,PRD0134,1.0,3468.51,3468.51
HITM0013673,HORD004362,PRD0239,1.0,1256.88,1256.88
HITM0013674,HORD004362,PRD0123,3.0,322.81,968.43
HITM0013675,HORD004363,PRD0950,1.0,321.18,321.18
HITM0013676,HORD004363,PRD0294,1.0,1781.81,1781.81
HITM0013677,HORD004364,PRD0703,1.0,299.48,299.48
HITM0013678,HORD004364,PRD0109,1.0,516.32,516.32
HITM0013679,HORD004364,PRD0683,1.0,1384.61,1384.61
HITM0013680,HORD004365,PRD0483,1.0,1343.25,1343.25
HITM0013681,HORD004365,PRD0386,1.0,109.17,109.17
HITM0013682,HORD004365,PRD0794,1.0,3227.51,3227.51
HITM0013683,HORD004366,PRD0869,1.0,1409.61,1409.61
HITM0013684,HORD004366,PRD0563,1.0,270.8,270.8
HITM0013685,HORD004366,PRD0697,1.0,1104.18,1104.18
HITM0013686,HORD004367,PRD0017,1.0,1860.35,1860.35
HITM0013687,HORD004367,PRD0424,1.0,1571.65,1571.65
HITM0013688,HORD004367,PRD0878,1.0,919.03,919.03
HITM0013689,HORD004367,PRD0138,2.0,316.0,632.0
HITM0013690,HORD004368,PRD0950,2.0,321.18,642.36
HITM0013691,HORD004368,PRD0300,2.0,30.76,61.52
HITM0013692,HORD004368,PRD0644,1.0,3489.22,3489.22
HITM0013693,HORD004369,PRD0750,2.0,203.37,406.74
HITM0013694,HORD004369,PRD0239,2.0,1256.88,2513.76
HITM0013695,HORD004369,PRD0485,2.0,518.63,1037.26
HITM0013696,HORD004370,PRD0164,1.0,1852.48,1852.48
HITM0013697,HORD004370,PRD0138,1.0,316.0,316.0
HITM0013698,HORD004370,PRD0451,1.0,2097.21,2097.21
HITM0013699,HORD004371,PRD0083,1.0,719.56,719.56
HITM0013700,HORD004371,PRD0983,1.0,493.01,493.01
HITM0013701,HORD004371,PRD0216,1.0,56.76,56.76
HITM0013702,HORD004371,PRD0399,2.0,628.54,1257.08
HITM0013703,HORD004372,PRD0449,1.0,227.09,227.09
HITM0013704,HORD004372,PRD0670,2.0,85.16,170.32
HITM0013705,HORD004372,PRD0664,2.0,2839.43,5678.86
HITM0013706,HORD004373,PRD0389,1.0,197.05,197.05
HITM0013707,HORD004373,PRD0271,1.0,1115.7,1115.7
HITM0013708,HORD004373,PRD0247,3.0,968.98,2906.94
HITM0013709,HORD004374,PRD0272,2.0,721.72,1443.44
HITM0013710,HORD004374,PRD0037,1.0,109.69,109.69
HITM0013711,HORD004375,PRD0665,1.0,215.81,215.81
HITM0013712,HORD004375,PRD0346,1.0,692.97,692.97
HITM0013713,HORD004375,PRD0708,1.0,720.36,720.36
HITM0013714,HORD004375,PRD0050,1.0,202.62,202.62
HITM0013715,HORD004376,PRD0263,1.0,1272.94,1272.94
HITM0013716,HORD004376,PRD0595,1.0,521.69,521.69
HITM0013717,HORD004377,PRD0664,1.0,2839.43,2839.43
HITM0013718,HORD004377,PRD0986,1.0,748.03,748.03
HITM0013719,HORD004377,PRD0490,1.0,20.66,20.66
HITM0013720,HORD004377,PRD0005,1.0,450.36,450.36
HITM0013721,HORD004378,PRD0576,1.0,136.9,136.9
HITM0013722,HORD004378,PRD0153,3.0,926.23,2778.69
HITM0013723,HORD004378,PRD0482,1.0,653.2,653.2
HITM0013724,HORD004379,PRD0833,1.0,1413.97,1413.97
HITM0013725,HORD004379,PRD0325,1.0,54.61,54.61
HITM0013726,HORD004379,PRD0830,1.0,87.0,87.0
HITM0013727,HORD004380,PRD0185,2.0,575.43,1150.86
HITM0013728,HORD004380,PRD0521,1.0,1486.1,1486.1
HITM0013729,HORD004380,PRD0760,2.0,405.95,811.9
HITM0013730,HORD004380,PRD0409,1.0,1192.0,1192.0
HITM0013731,HORD004381,PRD0145,2.0,1050.7,2101.4
HITM0013732,HORD004381,PRD0885,1.0,510.35,510.35
HITM0013733,HORD004381,PRD0326,1.0,791.27,791.27
HITM0013734,HORD004382,PRD0719,2.0,659.02,1318.04
HITM0013735,HORD004383,PRD0860,2.0,148.71,297.42
HITM0013736,HORD004383,PRD0475,1.0,304.73,304.73
HITM0013737,HORD004383,PRD0376,1.0,804.1,804.1
HITM0013738,HORD004383,PRD0797,2.0,2454.69,4909.38
HITM0013739,HORD004384,PRD0133,1.0,289.57,289.57
HITM0013740,HORD004384,PRD0959,1.0,198.15,198.15
HITM0013741,HORD004384,PRD0890,2.0,273.8,547.6
HITM0013742,HORD004384,PRD0827,1.0,2008.13,2008.13
HITM0013743,HORD004384,PRD0040,1.0,208.06,208.06
HITM0013744,HORD004385,PRD0680,1.0,46.75,46.75
HITM0013745,HORD004385,PRD0863,2.0,1009.18,2018.36
HITM0013746,HORD004385,PRD0482,1.0,653.2,653.2
HITM0013747,HORD004385,PRD0958,2.0,655.23,1310.46
HITM0013748,HORD004386,PRD0468,2.0,990.56,1981.12
HITM0013749,HORD004387,PRD0325,1.0,54.61,54.61
HITM0013750,HORD004387,PRD0975,2.0,977.14,1954.28
HITM0013751,HORD004387,PRD0490,1.0,20.66,20.66
HITM0013752,HORD004387,PRD0120,1.0,319.18,319.18
HITM0013753,HORD004388,PRD0992,1.0,1778.47,1778.47
HITM0013754,HORD004388,PRD0476,1.0,59.63,59.63
HITM0013755,HORD004388,PRD0463,1.0,533.33,533.33
HITM0013756,HORD004389,PRD0010,1.0,15.97,15.97
HITM0013757,HORD004389,PRD0689,2.0,1240.98,2481.96
HITM0013758,HORD004389,PRD0852,2.0,516.19,1032.38
HITM0013759,HORD004389,PRD0712,1.0,1113.98,1113.98
HITM0013760,HORD004390,PRD0580,1.0,76.83,76.83
HITM0013761,HORD004390,PRD0702,1.0,768.26,768.26
HITM0013762,HORD004390,PRD0012,1.0,1367.99,1367.99
HITM0013763,HORD004390,PRD1000,1.0,364.05,364.05
HITM0013764,HORD004391,PRD0255,2.0,783.42,1566.84
HITM0013765,HORD004392,PRD0070,1.0,283.3,283.3
HITM0013766,HORD004392,PRD0162,1.0,441.75,441.75
HITM0013767,HORD004392,PRD0583,2.0,981.15,1962.3
HITM0013768,HORD004393,PRD0313,2.0,695.88,1391.76
HITM0013769,HORD004393,PRD0727,2.0,1546.58,3093.16
HITM0013770,HORD004393,PRD0415,1.0,921.87,921.87
HITM0013771,HORD004393,PRD0276,1.0,586.47,586.47
HITM0013772,HORD004394,PRD0194,1.0,1326.23,1326.23
HITM0013773,HORD004394,PRD0777,1.0,2527.82,2527.82
HITM0013774,HORD004394,PRD0618,2.0,1068.97,2137.94
HITM0013775,HORD004395,PRD0699,1.0,1495.41,1495.41
HITM0013776,HORD004395,PRD0406,2.0,241.97,483.94
HITM0013777,HORD004395,PRD0019,1.0,741.78,741.78
HITM0013778,HORD004395,PRD0138,1.0,316.0,316.0
HITM0013779,HORD004396,PRD0344,1.0,3507.24,3507.24
HITM0013780,HORD004397,PRD0810,1.0,224.68,224.68
HITM0013781,HORD004397,PRD0780,1.0,191.96,191.96
HITM0013782,HORD004397,PRD0839,2.0,706.25,1412.5
HITM0013783,HORD004397,PRD0313,3.0,695.88,2087.64
HITM0013784,HORD004398,PRD0881,1.0,1292.47,1292.47
HITM0013785,HORD004398,PRD0629,1.0,270.17,270.17
HITM0013786,HORD004398,PRD0362,1.0,1501.87,1501.87
HITM0013787,HORD004398,PRD0054,1.0,3965.82,3965.82
HITM0013788,HORD004399,PRD0313,3.0,695.88,2087.64
HITM0013789,HORD004399,PRD0500,1.0,352.58,352.58
HITM0013790,HORD004399,PRD0589,1.0,675.7,675.7
HITM0013791,HORD004399,PRD0388,1.0,269.65,269.65
HITM0013792,HORD004400,PRD0716,1.0,242.32,242.32
HITM0013793,HORD004400,PRD0384,2.0,3587.6,7175.2
HITM0013794,HORD004400,PRD0942,1.0,646.79,646.79
HITM0013795,HORD004401,PRD0476,1.0,59.63,59.63
HITM0013796,HORD004401,PRD0004,3.0,466.88,1400.64
HITM0013797,HORD004401,PRD0847,3.0,940.4,2821.2
HITM0013798,HORD004402,PRD0788,1.0,934.58,934.58
HITM0013799,HORD004402,PRD0378,2.0,110.97,221.94
HITM0013800,HORD004403,PRD0815,1.0,446.57,446.57
HITM0013801,HORD004403,PRD0048,1.0,1075.72,1075.72
HITM0013802,HORD004403,PRD0322,1.0,719.5,719.5
HITM0013803,HORD004404,PRD0816,2.0,354.93,709.86
HITM0013804,HORD004404,PRD0565,2.0,1060.41,2120.82
HITM0013805,HORD004405,PRD0869,1.0,1409.61,1409.61
HITM0013806,HORD004405,PRD0702,1.0,768.26,768.26
HITM0013807,HORD004405,PRD0580,1.0,76.83,76.83
HITM0013808,HORD004405,PRD0587,2.0,103.55,207.1
HITM0013809,HORD004406,PRD0253,1.0,1081.02,1081.02
HITM0013810,HORD004406,PRD0098,1.0,149.72,149.72
HITM0013811,HORD004406,PRD0345,1.0,927.23,927.23
HITM0013812,HORD004407,PRD0433,1.0,1358.38,1358.38
HITM0013813,HORD004407,PRD0731,1.0,1790.91,1790.91
HITM0013814,HORD004407,PRD0138,2.0,316.0,632.0
HITM0013815,HORD004408,PRD0037,1.0,109.69,109.69
HITM0013816,HORD004408,PRD0098,2.0,149.72,299.44
HITM0013817,HORD004408,PRD0959,1.0,198.15,198.15
HITM0013818,HORD004408,PRD0325,1.0,54.61,54.61
HITM0013819,HORD004408,PRD0400,1.0,286.55,286.55
HITM0013820,HORD004409,PRD0231,1.0,2034.99,2034.99
HITM0013821,HORD004410,PRD0888,1.0,183.72,183.72
HITM0013822,HORD004410,PRD0916,1.0,265.34,265.34
HITM0013823,HORD004410,PRD0630,1.0,59.46,59.46
HITM0013824,HORD004410,PRD0265,1.0,255.41,255.41
HITM0013825,HORD004410,PRD0462,1.0,1259.7,1259.7
HITM0013826,HORD004411,PRD0847,2.0,940.4,1880.8
HITM0013827,HORD004411,PRD0002,1.0,684.63,684.63
HITM0013828,HORD004411,PRD0381,1.0,1910.84,1910.84
HITM0013829,HORD004412,PRD0903,1.0,368.54,368.54
HITM0013830,HORD004412,PRD0420,1.0,202.02,202.02
HITM0013831,HORD004412,PRD0611,2.0,1602.37,3204.74
HITM0013832,HORD004413,PRD0200,1.0,279.99,279.99
HITM0013833,HORD004413,PRD0142,3.0,1815.54,5446.62
HITM0013834,HORD004413,PRD0551,1.0,2626.22,2626.22
HITM0013835,HORD004414,PRD0781,1.0,1410.25,1410.25
HITM0013836,HORD004414,PRD0866,1.0,328.46,328.46
HITM0013837,HORD004414,PRD0270,3.0,145.44,436.32
HITM0013838,HORD004414,PRD0250,2.0,335.17,670.34
HITM0013839,HORD004415,PRD0532,1.0,894.27,894.27
HITM0013840,HORD004415,PRD0765,1.0,126.56,126.56
HITM0013841,HORD004415,PRD0583,1.0,981.15,981.15
HITM0013842,HORD004416,PRD0696,1.0,107.86,107.86
HITM0013843,HORD004416,PRD0640,1.0,153.76,153.76
HITM0013844,HORD004416,PRD0396,2.0,120.07,240.14
HITM0013845,HORD004416,PRD0748,2.0,176.05,352.1
HITM0013846,HORD004417,PRD0640,1.0,153.76,153.76
HITM0013847,HORD004417,PRD0203,1.0,910.47,910.47
HITM0013848,HORD004417,PRD0125,1.0,1004.47,1004.47
HITM0013849,HORD004418,PRD0722,1.0,909.76,909.76
HITM0013850,HORD004418,PRD0887,3.0,111.87,335.61
HITM0013851,HORD004418,PRD0782,1.0,1330.98,1330.98
HITM0013852,HORD004418,PRD0165,1.0,722.38,722.38
HITM0013853,HORD004419,PRD0360,1.0,14.71,14.71
HITM0013854,HORD004420,PRD0656,2.0,820.33,1640.66
HITM0013855,HORD004420,PRD0212,1.0,736.5,736.5
HITM0013856,HORD004420,PRD0876,1.0,786.05,786.05
HITM0013857,HORD004420,PRD0242,1.0,1257.76,1257.76
HITM0013858,HORD004421,PRD0372,1.0,763.17,763.17
HITM0013859,HORD004421,PRD0353,1.0,526.39,526.39
HITM0013860,HORD004421,PRD0566,1.0,47.51,47.51
HITM0013861,HORD004422,PRD0778,1.0,981.57,981.57
HITM0013862,HORD004422,PRD0941,1.0,2905.2,2905.2
HITM0013863,HORD004423,PRD0345,1.0,927.23,927.23
HITM0013864,HORD004423,PRD0690,1.0,306.64,306.64
HITM0013865,HORD004423,PRD0230,1.0,266.68,266.68
HITM0013866,HORD004424,PRD0258,1.0,171.41,171.41
HITM0013867,HORD004424,PRD0563,2.0,270.8,541.6
HITM0013868,HORD004425,PRD0080,2.0,390.63,781.26
HITM0013869,HORD004425,PRD0155,2.0,237.13,474.26
HITM0013870,HORD004425,PRD0275,1.0,182.18,182.18
HITM0013871,HORD004425,PRD0572,1.0,483.42,483.42
HITM0013872,HORD004426,PRD0480,1.0,37.46,37.46
HITM0013873,HORD004426,PRD0866,2.0,328.46,656.92
HITM0013874,HORD004426,PRD0706,2.0,746.72,1493.44
HITM0013875,HORD004427,PRD0372,1.0,763.17,763.17
HITM0013876,HORD004427,PRD0298,1.0,565.35,565.35
HITM0013877,HORD004427,PRD0037,1.0,109.69,109.69
HITM0013878,HORD004428,PRD0778,1.0,981.57,981.57
HITM0013879,HORD004428,PRD0201,2.0,2007.57,4015.14
HITM0013880,HORD004429,PRD0856,1.0,415.09,415.09
HITM0013881,HORD004429,PRD0590,1.0,268.79,268.79
HITM0013882,HORD004429,PRD0273,1.0,1515.39,1515.39
HITM0013883,HORD004429,PRD0618,1.0,1068.97,1068.97
HITM0013884,HORD004430,PRD0598,3.0,929.85,2789.55
HITM0013885,HORD004430,PRD0589,1.0,675.7,675.7
HITM0013886,HORD004430,PRD0974,3.0,2468.26,7404.78
HITM0013887,HORD004431,PRD0396,1.0,120.07,120.07
HITM0013888,HORD004432,PRD0667,1.0,424.48,424.48
HITM0013889,HORD004432,PRD0300,1.0,30.76,30.76
HITM0013890,HORD004432,PRD0330,1.0,184.25,184.25
HITM0013891,HORD004432,PRD0257,1.0,2532.59,2532.59
HITM0013892,HORD004433,PRD0651,1.0,929.1,929.1
HITM0013893,HORD004433,PRD0152,1.0,476.3,476.3
HITM0013894,HORD004433,PRD0285,1.0,136.65,136.65
HITM0013895,HORD004434,PRD0770,1.0,254.66,254.66
HITM0013896,HORD004434,PRD0158,1.0,464.07,464.07
HITM0013897,HORD004434,PRD0290,1.0,61.51,61.51
HITM0013898,HORD004435,PRD0568,1.0,272.51,272.51
HITM0013899,HORD004435,PRD0240,2.0,113.94,227.88
HITM0013900,HORD004436,PRD0391,1.0,1089.38,1089.38
HITM0013901,HORD004436,PRD0226,1.0,155.94,155.94
HITM0013902,HORD004437,PRD0928,1.0,739.11,739.11
HITM0013903,HORD004437,PRD0226,1.0,155.94,155.94
HITM0013904,HORD004437,PRD0446,1.0,546.41,546.41
HITM0013905,HORD004437,PRD0062,1.0,1554.42,1554.42
HITM0013906,HORD004438,PRD0645,2.0,886.19,1772.38
HITM0013907,HORD004438,PRD0446,1.0,546.41,546.41
HITM0013908,HORD004438,PRD0927,1.0,867.79,867.79
HITM0013909,HORD004439,PRD0243,1.0,1380.67,1380.67
HITM0013910,HORD004439,PRD1000,1.0,364.05,364.05
HITM0013911,HORD004440,PRD0575,1.0,357.22,357.22
HITM0013912,HORD004440,PRD0286,1.0,841.61,841.61
HITM0013913,HORD004440,PRD0038,3.0,829.21,2487.63
HITM0013914,HORD004440,PRD0319,1.0,1203.94,1203.94
HITM0013915,HORD004440,PRD0187,1.0,1290.47,1290.47
HITM0013916,HORD004441,PRD0379,1.0,759.43,759.43
HITM0013917,HORD004441,PRD0182,1.0,589.1,589.1
HITM0013918,HORD004442,PRD0391,1.0,1089.38,1089.38
HITM0013919,HORD004442,PRD0639,1.0,1043.97,1043.97
HITM0013920,HORD004442,PRD0500,1.0,352.58,352.58
HITM0013921,HORD004442,PRD0316,1.0,28.93,28.93
HITM0013922,HORD004443,PRD0953,2.0,367.94,735.88
HITM0013923,HORD004443,PRD0162,1.0,441.75,441.75
HITM0013924,HORD004444,PRD0563,1.0,270.8,270.8
HITM0013925,HORD004444,PRD0132,1.0,713.61,713.61
HITM0013926,HORD004444,PRD0065,3.0,729.67,2189.01
HITM0013927,HORD004444,PRD0010,2.0,15.97,31.94
HITM0013928,HORD004445,PRD0908,1.0,857.77,857.77
HITM0013929,HORD004445,PRD0785,1.0,611.01,611.01
HITM0013930,HORD004445,PRD0096,2.0,329.23,658.46
HITM0013931,HORD004445,PRD0741,1.0,2451.18,2451.18
HITM0013932,HORD004446,PRD0601,1.0,1666.52,1666.52
HITM0013933,HORD004447,PRD0509,2.0,866.14,1732.28
HITM0013934,HORD004448,PRD0449,2.0,227.09,454.18
HITM0013935,HORD004448,PRD0625,1.0,1041.53,1041.53
HITM0013936,HORD004449,PRD0510,1.0,71.92,71.92
HITM0013937,HORD004450,PRD0700,1.0,258.76,258.76
HITM0013938,HORD004450,PRD0940,2.0,139.21,278.42
HITM0013939,HORD004450,PRD0450,1.0,138.07,138.07
HITM0013940,HORD004451,PRD0406,1.0,241.97,241.97
HITM0013941,HORD004451,PRD0179,2.0,1156.54,2313.08
HITM0013942,HORD004451,PRD0696,1.0,107.86,107.86
HITM0013943,HORD004452,PRD0975,1.0,977.14,977.14
HITM0013944,HORD004452,PRD0398,2.0,413.35,826.7
HITM0013945,HORD004453,PRD0686,2.0,791.36,1582.72
HITM0013946,HORD004454,PRD0610,2.0,21.93,43.86
HITM0013947,HORD004454,PRD0566,1.0,47.51,47.51
HITM0013948,HORD004455,PRD0951,3.0,1234.66,3703.98
HITM0013949,HORD004455,PRD0625,2.0,1041.53,2083.06
HITM0013950,HORD004455,PRD0071,1.0,2347.4,2347.4
HITM0013951,HORD004456,PRD0799,1.0,373.98,373.98
HITM0013952,HORD004457,PRD0688,1.0,231.65,231.65
HITM0013953,HORD004457,PRD0281,2.0,1660.11,3320.22
HITM0013954,HORD004457,PRD0221,1.0,1714.89,1714.89
HITM0013955,HORD004457,PRD0262,1.0,1522.38,1522.38
HITM0013956,HORD004458,PRD0678,1.0,653.14,653.14
HITM0013957,HORD004458,PRD0935,1.0,249.9,249.9
HITM0013958,HORD004458,PRD0704,1.0,2221.12,2221.12
HITM0013959,HORD004458,PRD0576,1.0,136.9,136.9
HITM0013960,HORD004459,PRD0745,1.0,805.9,805.9
HITM0013961,HORD004459,PRD0968,1.0,607.18,607.18
HITM0013962,HORD004459,PRD0396,2.0,120.07,240.14
HITM0013963,HORD004460,PRD0536,1.0,616.08,616.08
HITM0013964,HORD004460,PRD0093,1.0,1015.33,1015.33
HITM0013965,HORD004460,PRD0656,1.0,820.33,820.33
HITM0013966,HORD004461,PRD0587,1.0,103.55,103.55
HITM0013967,HORD004461,PRD0931,1.0,2080.26,2080.26
HITM0013968,HORD004462,PRD0558,1.0,603.01,603.01
HITM0013969,HORD004462,PRD0633,1.0,809.48,809.48
HITM0013970,HORD004463,PRD0335,1.0,424.96,424.96
HITM0013971,HORD004464,PRD0394,1.0,3284.35,3284.35
HITM0013972,HORD004464,PRD0564,1.0,1250.64,1250.64
HITM0013973,HORD004464,PRD0890,1.0,273.8,273.8
HITM0013974,HORD004464,PRD0037,1.0,109.69,109.69
HITM0013975,HORD004465,PRD0360,1.0,14.71,14.71
HITM0013976,HORD004465,PRD0510,1.0,71.92,71.92
HITM0013977,HORD004465,PRD0072,1.0,1390.27,1390.27
HITM0013978,HORD004465,PRD0977,1.0,352.01,352.01
HITM0013979,HORD004466,PRD0959,1.0,198.15,198.15
HITM0013980,HORD004466,PRD0393,1.0,307.2,307.2
HITM0013981,HORD004466,PRD0325,1.0,54.61,54.61
HITM0013982,HORD004466,PRD0688,1.0,231.65,231.65
HITM0013983,HORD004466,PRD0255,1.0,783.42,783.42
HITM0013984,HORD004467,PRD0774,2.0,4016.42,8032.84
HITM0013985,HORD004467,PRD0050,1.0,202.62,202.62
HITM0013986,HORD004468,PRD0440,2.0,292.13,584.26
HITM0013987,HORD004468,PRD0753,1.0,497.57,497.57
HITM0013988,HORD004468,PRD0995,3.0,855.97,2567.91
HITM0013989,HORD004468,PRD0181,1.0,3070.56,3070.56
HITM0013990,HORD004469,PRD0852,1.0,516.19,516.19
HITM0013991,HORD004469,PRD0180,1.0,24.86,24.86
HITM0013992,HORD004469,PRD0567,1.0,383.28,383.28
HITM0013993,HORD004469,PRD0781,2.0,1410.25,2820.5
HITM0013994,HORD004470,PRD0318,1.0,913.52,913.52
HITM0013995,HORD004470,PRD0715,2.0,343.66,687.32
HITM0013996,HORD004470,PRD0453,1.0,934.48,934.48
HITM0013997,HORD004471,PRD0265,1.0,255.41,255.41
HITM0013998,HORD004471,PRD0654,2.0,4124.98,8249.96
HITM0013999,HORD004471,PRD0215,1.0,915.08,915.08
HITM0014000,HORD004472,PRD0586,1.0,450.26,450.26
HITM0014001,HORD004472,PRD0663,1.0,1546.5,1546.5
HITM0014002,HORD004473,PRD0630,1.0,59.46,59.46
HITM0014003,HORD004474,PRD0482,2.0,653.2,1306.4
HITM0014004,HORD004474,PRD0891,1.0,1480.65,1480.65
HITM0014005,HORD004474,PRD0078,2.0,166.61,333.22
HITM0014006,HORD004474,PRD0613,1.0,990.18,990.18
HITM0014007,HORD004475,PRD0460,1.0,99.79,99.79
HITM0014008,HORD004475,PRD0554,1.0,1619.69,1619.69
HITM0014009,HORD004475,PRD0077,1.0,966.88,966.88
HITM0014010,HORD004476,PRD0390,1.0,27.7,27.7
HITM0014011,HORD004477,PRD0977,2.0,352.01,704.02
HITM0014012,HORD004477,PRD0336,1.0,823.14,823.14
HITM0014013,HORD004477,PRD0470,1.0,290.42,290.42
HITM0014014,HORD004477,PRD0186,2.0,223.64,447.28
HITM0014015,HORD004478,PRD0448,1.0,67.35,67.35
HITM0014016,HORD004478,PRD0909,1.0,1137.09,1137.09
HITM0014017,HORD004479,PRD0083,1.0,719.56,719.56
HITM0014018,HORD004479,PRD0278,1.0,100.15,100.15
HITM0014019,HORD004479,PRD0670,2.0,85.16,170.32
HITM0014020,HORD004479,PRD0922,2.0,1416.33,2832.66
HITM0014021,HORD004480,PRD0545,1.0,879.28,879.28
HITM0014022,HORD004480,PRD0948,1.0,889.57,889.57
HITM0014023,HORD004480,PRD0426,1.0,284.68,284.68
HITM0014024,HORD004480,PRD0259,1.0,1302.81,1302.81
HITM0014025,HORD004481,PRD0279,2.0,250.57,501.14
HITM0014026,HORD004481,PRD0610,2.0,21.93,43.86
HITM0014027,HORD004481,PRD0144,1.0,1126.55,1126.55
HITM0014028,HORD004482,PRD0967,1.0,571.48,571.48
HITM0014029,HORD004482,PRD0444,1.0,636.31,636.31
HITM0014030,HORD004482,PRD0107,1.0,1500.51,1500.51
HITM0014031,HORD004483,PRD0465,1.0,1026.13,1026.13
HITM0014032,HORD004483,PRD0438,1.0,246.04,246.04
HITM0014033,HORD004484,PRD0523,2.0,1192.94,2385.88
HITM0014034,HORD004484,PRD0078,1.0,166.61,166.61
HITM0014035,HORD004484,PRD0843,1.0,1142.85,1142.85
HITM0014036,HORD004484,PRD0766,1.0,551.34,551.34
HITM0014037,HORD004485,PRD0010,1.0,15.97,15.97
HITM0014038,HORD004485,PRD0966,1.0,340.4,340.4
HITM0014039,HORD004485,PRD0434,1.0,2443.59,2443.59
HITM0014040,HORD004485,PRD0335,1.0,424.96,424.96
HITM0014041,HORD004485,PRD0739,1.0,408.6,408.6
HITM0014042,HORD004486,PRD0460,1.0,99.79,99.79
HITM0014043,HORD004486,PRD0667,1.0,424.48,424.48
HITM0014044,HORD004487,PRD0343,1.0,1244.05,1244.05
HITM0014045,HORD004487,PRD0557,1.0,1855.06,1855.06
HITM0014046,HORD004488,PRD0206,1.0,673.8,673.8
HITM0014047,HORD004489,PRD0756,2.0,244.21,488.42
HITM0014048,HORD004489,PRD0042,1.0,1230.08,1230.08
HITM0014049,HORD004489,PRD0716,1.0,242.32,242.32
HITM0014050,HORD004489,PRD0173,1.0,1377.08,1377.08
HITM0014051,HORD004490,PRD0040,1.0,208.06,208.06
HITM0014052,HORD004490,PRD0409,1.0,1192.0,1192.0
HITM0014053,HORD004490,PRD0510,1.0,71.92,71.92
HITM0014054,HORD004490,PRD0156,2.0,681.59,1363.18
HITM0014055,HORD004491,PRD0972,1.0,903.07,903.07
HITM0014056,HORD004491,PRD0484,2.0,1275.63,2551.26
HITM0014057,HORD004491,PRD0428,2.0,621.91,1243.82
HITM0014058,HORD004492,PRD0895,1.0,862.99,862.99
HITM0014059,HORD004492,PRD0354,1.0,2306.23,2306.23
HITM0014060,HORD004492,PRD0835,1.0,427.39,427.39
HITM0014061,HORD004493,PRD0328,1.0,728.97,728.97
HITM0014062,HORD004493,PRD0642,1.0,790.1,790.1
HITM0014063,HORD004493,PRD0311,2.0,1105.19,2210.38
HITM0014064,HORD004494,PRD0986,1.0,748.03,748.03
HITM0014065,HORD004494,PRD0340,1.0,68.17,68.17
HITM0014066,HORD004494,PRD0018,3.0,112.62,337.86
HITM0014067,HORD004495,PRD0223,1.0,427.66,427.66
HITM0014068,HORD004495,PRD0105,1.0,275.3,275.3
HITM0014069,HORD004496,PRD0389,2.0,197.05,394.1
HITM0014070,HORD004496,PRD0386,3.0,109.17,327.51
HITM0014071,HORD004496,PRD0420,1.0,202.02,202.02
HITM0014072,HORD004496,PRD0440,2.0,292.13,584.26
HITM0014073,HORD004497,PRD0612,1.0,471.59,471.59
HITM0014074,HORD004498,PRD0542,1.0,720.22,720.22
HITM0014075,HORD004498,PRD0970,3.0,71.64,214.92
HITM0014076,HORD004498,PRD0040,1.0,208.06,208.06
HITM0014077,HORD004499,PRD0303,1.0,961.05,961.05
HITM0014078,HORD004499,PRD0084,1.0,3113.17,3113.17
HITM0014079,HORD004499,PRD0267,1.0,1252.5,1252.5
HITM0014080,HORD004500,PRD0232,1.0,306.48,306.48
HITM0014081,HORD004500,PRD0341,1.0,3051.59,3051.59
HITM0014082,HORD004500,PRD0905,1.0,760.24,760.24
HITM0014083,HORD004501,PRD0631,2.0,2799.14,5598.28
HITM0014084,HORD004502,PRD0553,1.0,722.16,722.16
HITM0014085,HORD004503,PRD0925,1.0,976.66,976.66
HITM0014086,HORD004503,PRD0296,1.0,366.63,366.63
HITM0014087,HORD004503,PRD0812,1.0,1836.96,1836.96
HITM0014088,HORD004503,PRD0060,1.0,97.23,97.23
HITM0014089,HORD004504,PRD0160,1.0,263.81,263.81
HITM0014090,HORD004504,PRD0726,1.0,620.57,620.57
HITM0014091,HORD004504,PRD0923,1.0,283.84,283.84
HITM0014092,HORD004505,PRD0380,1.0,117.36,117.36
HITM0014093,HORD004505,PRD0447,1.0,79.94,79.94
HITM0014094,HORD004506,PRD0010,1.0,15.97,15.97
HITM0014095,HORD004506,PRD0696,1.0,107.86,107.86
HITM0014096,HORD004506,PRD0092,1.0,1623.69,1623.69
HITM0014097,HORD004507,PRD0050,1.0,202.62,202.62
HITM0014098,HORD004507,PRD0577,1.0,941.97,941.97
HITM0014099,HORD004507,PRD0035,1.0,410.43,410.43
HITM0014100,HORD004507,PRD0567,1.0,383.28,383.28
HITM0014101,HORD004507,PRD0090,1.0,166.35,166.35
HITM0014102,HORD004508,PRD0790,1.0,25.52,25.52
HITM0014103,HORD004508,PRD0578,1.0,856.24,856.24
HITM0014104,HORD004508,PRD0510,1.0,71.92,71.92
HITM0014105,HORD004508,PRD0895,2.0,862.99,1725.98
HITM0014106,HORD004509,PRD0530,3.0,376.94,1130.82
HITM0014107,HORD004509,PRD0306,3.0,643.72,1931.16
HITM0014108,HORD004509,PRD0188,2.0,604.15,1208.3
HITM0014109,HORD004509,PRD0767,1.0,122.05,122.05
HITM0014110,HORD004510,PRD0238,1.0,690.75,690.75
HITM0014111,HORD004510,PRD0200,1.0,279.99,279.99
HITM0014112,HORD004510,PRD0209,1.0,1090.92,1090.92
HITM0014113,HORD004510,PRD0053,1.0,482.7,482.7
HITM0014114,HORD004511,PRD0223,1.0,427.66,427.66
HITM0014115,HORD004512,PRD0506,1.0,309.66,309.66
HITM0014116,HORD004512,PRD0508,2.0,637.75,1275.5
HITM0014117,HORD004512,PRD0417,1.0,318.04,318.04
HITM0014118,HORD004513,PRD0117,1.0,1153.53,1153.53
HITM0014119,HORD004513,PRD0710,1.0,302.55,302.55
HITM0014120,HORD004514,PRD0396,1.0,120.07,120.07
HITM0014121,HORD004514,PRD0252,1.0,1577.09,1577.09
HITM0014122,HORD004514,PRD0651,1.0,929.1,929.1
HITM0014123,HORD004514,PRD0522,1.0,942.08,942.08
HITM0014124,HORD004515,PRD0419,1.0,1223.67,1223.67
HITM0014125,HORD004515,PRD0137,1.0,598.84,598.84
HITM0014126,HORD004516,PRD0430,1.0,214.75,214.75
HITM0014127,HORD004516,PRD0725,1.0,821.74,821.74
HITM0014128,HORD004516,PRD0781,2.0,1410.25,2820.5
HITM0014129,HORD004516,PRD0408,1.0,680.47,680.47
HITM0014130,HORD004517,PRD0217,1.0,2044.02,2044.02
HITM0014131,HORD004517,PRD0166,1.0,833.21,833.21
HITM0014132,HORD004517,PRD0258,1.0,171.41,171.41
HITM0014133,HORD004517,PRD0359,1.0,169.12,169.12
HITM0014134,HORD004518,PRD0186,1.0,223.64,223.64
HITM0014135,HORD004518,PRD0699,1.0,1495.41,1495.41
HITM0014136,HORD004519,PRD0443,1.0,667.38,667.38
HITM0014137,HORD004519,PRD0219,1.0,374.02,374.02
HITM0014138,HORD004520,PRD0978,1.0,710.35,710.35
HITM0014139,HORD004520,PRD0790,2.0,25.52,51.04
HITM0014140,HORD004520,PRD0391,1.0,1089.38,1089.38
HITM0014141,HORD004520,PRD0492,1.0,1490.94,1490.94
HITM0014142,HORD004521,PRD0173,1.0,1377.08,1377.08
HITM0014143,HORD004521,PRD0330,1.0,184.25,184.25
HITM0014144,HORD004521,PRD0878,1.0,919.03,919.03
HITM0014145,HORD004521,PRD0229,1.0,412.68,412.68
HITM0014146,HORD004522,PRD0128,1.0,396.23,396.23
HITM0014147,HORD004522,PRD0306,1.0,643.72,643.72
HITM0014148,HORD004523,PRD0210,1.0,91.62,91.62
HITM0014149,HORD004523,PRD0791,1.0,1863.17,1863.17
HITM0014150,HORD004523,PRD0966,1.0,340.4,340.4
HITM0014151,HORD004523,PRD0280,1.0,34.27,34.27
HITM0014152,HORD004523,PRD0358,2.0,67.02,134.04
HITM0014153,HORD004524,PRD0598,1.0,929.85,929.85
HITM0014154,HORD004524,PRD0905,2.0,760.24,1520.48
HITM0014155,HORD004525,PRD0703,1.0,299.48,299.48
HITM0014156,HORD004525,PRD0399,1.0,628.54,628.54
HITM0014157,HORD004526,PRD0619,1.0,180.89,180.89
HITM0014158,HORD004526,PRD0906,1.0,58.83,58.83
HITM0014159,HORD004526,PRD0271,1.0,1115.7,1115.7
HITM0014160,HORD004527,PRD0731,1.0,1790.91,1790.91
HITM0014161,HORD004527,PRD0901,1.0,1477.12,1477.12
HITM0014162,HORD004527,PRD0749,1.0,633.27,633.27
HITM0014163,HORD004528,PRD0718,1.0,1045.66,1045.66
HITM0014164,HORD004528,PRD0707,1.0,1911.85,1911.85
HITM0014165,HORD004528,PRD0441,1.0,1117.87,1117.87
HITM0014166,HORD004529,PRD0394,2.0,3284.35,6568.7
HITM0014167,HORD004529,PRD0365,2.0,884.05,1768.1
HITM0014168,HORD004529,PRD0354,2.0,2306.23,4612.46
HITM0014169,HORD004529,PRD0160,1.0,263.81,263.81
HITM0014170,HORD004530,PRD0135,1.0,800.53,800.53
HITM0014171,HORD004530,PRD0814,1.0,2358.42,2358.42
HITM0014172,HORD004530,PRD0831,1.0,1201.57,1201.57
HITM0014173,HORD004530,PRD0108,1.0,186.84,186.84
HITM0014174,HORD004531,PRD0587,2.0,103.55,207.1
HITM0014175,HORD004531,PRD0796,1.0,830.56,830.56
HITM0014176,HORD004531,PRD0063,1.0,1124.17,1124.17
HITM0014177,HORD004532,PRD0648,1.0,210.67,210.67
HITM0014178,HORD004532,PRD0828,1.0,125.24,125.24
HITM0014179,HORD004533,PRD0424,1.0,1571.65,1571.65
HITM0014180,HORD004533,PRD0627,1.0,2451.16,2451.16
HITM0014181,HORD004533,PRD0720,1.0,261.71,261.71
HITM0014182,HORD004533,PRD0265,2.0,255.41,510.82
HITM0014183,HORD004534,PRD0841,1.0,2181.2,2181.2
HITM0014184,HORD004535,PRD0311,1.0,1105.19,1105.19
HITM0014185,HORD004535,PRD0841,1.0,2181.2,2181.2
HITM0014186,HORD004536,PRD0872,1.0,1715.8,1715.8
HITM0014187,HORD004536,PRD0292,1.0,324.37,324.37
HITM0014188,HORD004537,PRD0980,1.0,334.19,334.19
HITM0014189,HORD004537,PRD0186,1.0,223.64,223.64
HITM0014190,HORD004537,PRD0314,1.0,2377.47,2377.47
HITM0014191,HORD004538,PRD0853,1.0,1456.04,1456.04
HITM0014192,HORD004538,PRD0031,3.0,2166.94,6500.82
HITM0014193,HORD004538,PRD0571,1.0,3138.88,3138.88
HITM0014194,HORD004538,PRD0358,1.0,67.02,67.02
HITM0014195,HORD004539,PRD0731,1.0,1790.91,1790.91
HITM0014196,HORD004539,PRD0289,1.0,721.6,721.6
HITM0014197,HORD004540,PRD0374,2.0,1059.26,2118.52
HITM0014198,HORD004541,PRD0929,1.0,1084.81,1084.81
HITM0014199,HORD004542,PRD0507,1.0,2300.74,2300.74
HITM0014200,HORD004542,PRD0070,1.0,283.3,283.3
HITM0014201,HORD004542,PRD0018,1.0,112.62,112.62
HITM0014202,HORD004543,PRD0339,1.0,427.29,427.29
HITM0014203,HORD004543,PRD0773,1.0,429.44,429.44
HITM0014204,HORD004543,PRD0458,2.0,721.39,1442.78
HITM0014205,HORD004543,PRD0249,1.0,380.08,380.08
HITM0014206,HORD004544,PRD0572,1.0,483.42,483.42
HITM0014207,HORD004544,PRD0545,1.0,879.28,879.28
HITM0014208,HORD004544,PRD0097,1.0,673.56,673.56
HITM0014209,HORD004545,PRD0140,1.0,54.35,54.35
HITM0014210,HORD004545,PRD0480,2.0,37.46,74.92
HITM0014211,HORD004546,PRD0934,2.0,3943.07,7886.14
HITM0014212,HORD004546,PRD0624,2.0,4074.77,8149.54
HITM0014213,HORD004546,PRD0047,2.0,1258.28,2516.56
HITM0014214,HORD004547,PRD0320,1.0,289.98,289.98
HITM0014215,HORD004547,PRD0390,1.0,27.7,27.7
HITM0014216,HORD004547,PRD0734,1.0,2197.09,2197.09
HITM0014217,HORD004547,PRD0840,1.0,148.97,148.97
HITM0014218,HORD004548,PRD0306,1.0,643.72,643.72
HITM0014219,HORD004548,PRD0178,1.0,317.56,317.56
HITM0014220,HORD004548,PRD0197,1.0,1349.02,1349.02
HITM0014221,HORD004549,PRD0534,1.0,3276.91,3276.91
HITM0014222,HORD004549,PRD0950,1.0,321.18,321.18
HITM0014223,HORD004549,PRD0208,1.0,373.86,373.86
HITM0014224,HORD004549,PRD0753,1.0,497.57,497.57
HITM0014225,HORD004550,PRD0022,1.0,1200.0,1200.0
HITM0014226,HORD004550,PRD0386,3.0,109.17,327.51
HITM0014227,HORD004550,PRD0703,1.0,299.48,299.48
HITM0014228,HORD004550,PRD0835,1.0,427.39,427.39
HITM0014229,HORD004551,PRD0448,1.0,67.35,67.35
HITM0014230,HORD004551,PRD0670,1.0,85.16,85.16
HITM0014231,HORD004551,PRD0911,2.0,1436.52,2873.04
HITM0014232,HORD004552,PRD0528,1.0,821.66,821.66
HITM0014233,HORD004552,PRD0992,1.0,1778.47,1778.47
HITM0014234,HORD004552,PRD0359,1.0,169.12,169.12
HITM0014235,HORD004552,PRD0942,1.0,646.79,646.79
HITM0014236,HORD004552,PRD0703,1.0,299.48,299.48
HITM0014237,HORD004553,PRD0250,1.0,335.17,335.17
HITM0014238,HORD004553,PRD0460,1.0,99.79,99.79
HITM0014239,HORD004553,PRD0487,1.0,1262.93,1262.93
HITM0014240,HORD004554,PRD0242,1.0,1257.76,1257.76
HITM0014241,HORD004555,PRD0891,1.0,1480.65,1480.65
HITM0014242,HORD004555,PRD0050,1.0,202.62,202.62
HITM0014243,HORD004555,PRD0933,3.0,1263.06,3789.18
HITM0014244,HORD004555,PRD0739,1.0,408.6,408.6
HITM0014245,HORD004556,PRD0615,2.0,196.23,392.46
HITM0014246,HORD004556,PRD0605,1.0,845.14,845.14
HITM0014247,HORD004556,PRD0862,3.0,1387.19,4161.57
HITM0014248,HORD004556,PRD0309,1.0,335.12,335.12
HITM0014249,HORD004557,PRD0217,1.0,2044.02,2044.02
HITM0014250,HORD004557,PRD0085,2.0,304.21,608.42
HITM0014251,HORD004557,PRD0461,2.0,2080.96,4161.92
HITM0014252,HORD004557,PRD0174,1.0,3910.58,3910.58
HITM0014253,HORD004558,PRD0466,1.0,283.41,283.41
HITM0014254,HORD004558,PRD0555,1.0,407.18,407.18
HITM0014255,HORD004558,PRD0170,1.0,71.95,71.95
HITM0014256,HORD004558,PRD0084,2.0,3113.17,6226.34
HITM0014257,HORD004559,PRD0205,1.0,1189.79,1189.79
HITM0014258,HORD004559,PRD0019,1.0,741.78,741.78
HITM0014259,HORD004559,PRD0984,2.0,759.8,1519.6
HITM0014260,HORD004560,PRD0736,1.0,829.44,829.44
HITM0014261,HORD004560,PRD0611,1.0,1602.37,1602.37
HITM0014262,HORD004560,PRD0740,1.0,194.14,194.14
HITM0014263,HORD004561,PRD0563,1.0,270.8,270.8
HITM0014264,HORD004561,PRD0526,3.0,149.19,447.57
HITM0014265,HORD004562,PRD0333,1.0,419.02,419.02
HITM0014266,HORD004562,PRD0426,2.0,284.68,569.36
HITM0014267,HORD004563,PRD0452,1.0,318.36,318.36
HITM0014268,HORD004563,PRD0956,1.0,301.52,301.52
HITM0014269,HORD004563,PRD0872,2.0,1715.8,3431.6
HITM0014270,HORD004563,PRD0266,1.0,424.49,424.49
HITM0014271,HORD004564,PRD0039,1.0,980.04,980.04
HITM0014272,HORD004564,PRD0882,1.0,366.62,366.62
HITM0014273,HORD004565,PRD0923,1.0,283.84,283.84
HITM0014274,HORD004565,PRD0999,2.0,464.57,929.14
HITM0014275,HORD004565,PRD0772,1.0,546.46,546.46
HITM0014276,HORD004565,PRD0360,1.0,14.71,14.71
HITM0014277,HORD004565,PRD0082,1.0,383.13,383.13
HITM0014278,HORD004566,PRD0280,1.0,34.27,34.27
HITM0014279,HORD004566,PRD0372,2.0,763.17,1526.34
HITM0014280,HORD004566,PRD0057,1.0,1403.88,1403.88
HITM0014281,HORD004566,PRD0804,2.0,1164.25,2328.5
HITM0014282,HORD004566,PRD0884,1.0,586.48,586.48
HITM0014283,HORD004567,PRD0411,1.0,1649.5,1649.5
HITM0014284,HORD004567,PRD0348,1.0,1003.34,1003.34
HITM0014285,HORD004567,PRD0745,1.0,805.9,805.9
HITM0014286,HORD004568,PRD0825,1.0,289.25,289.25
HITM0014287,HORD004568,PRD0316,1.0,28.93,28.93
HITM0014288,HORD004568,PRD0129,1.0,416.68,416.68
HITM0014289,HORD004568,PRD0219,1.0,374.02,374.02
HITM0014290,HORD004568,PRD0723,1.0,1236.33,1236.33
HITM0014291,HORD004569,PRD0724,1.0,1250.76,1250.76
HITM0014292,HORD004569,PRD0921,1.0,1711.96,1711.96
HITM0014293,HORD004569,PRD0142,1.0,1815.54,1815.54
HITM0014294,HORD004570,PRD0063,1.0,1124.17,1124.17
HITM0014295,HORD004570,PRD0348,3.0,1003.34,3010.02
HITM0014296,HORD004570,PRD0558,2.0,603.01,1206.02
HITM0014297,HORD004570,PRD0948,1.0,889.57,889.57
HITM0014298,HORD004571,PRD0015,1.0,184.83,184.83
HITM0014299,HORD004571,PRD0767,1.0,122.05,122.05
HITM0014300,HORD004571,PRD0818,1.0,510.62,510.62
HITM0014301,HORD004571,PRD0907,1.0,1869.43,1869.43
HITM0014302,HORD004572,PRD0790,1.0,25.52,25.52
HITM0014303,HORD004572,PRD0531,1.0,2758.01,2758.01
HITM0014304,HORD004572,PRD0688,2.0,231.65,463.3
HITM0014305,HORD004572,PRD0008,2.0,799.44,1598.88
HITM0014306,HORD004573,PRD0700,1.0,258.76,258.76
HITM0014307,HORD004573,PRD0378,1.0,110.97,110.97
HITM0014308,HORD004573,PRD0176,2.0,796.11,1592.22
HITM0014309,HORD004573,PRD0490,1.0,20.66,20.66
HITM0014310,HORD004574,PRD0927,1.0,867.79,867.79
HITM0014311,HORD004574,PRD0101,1.0,1447.07,1447.07
HITM0014312,HORD004574,PRD0786,3.0,211.68,635.04
HITM0014313,HORD004574,PRD0322,1.0,719.5,719.5
HITM0014314,HORD004575,PRD0037,1.0,109.69,109.69
HITM0014315,HORD004575,PRD0760,1.0,405.95,405.95
HITM0014316,HORD004575,PRD0784,2.0,3454.65,6909.3
HITM0014317,HORD004576,PRD0928,2.0,739.11,1478.22
HITM0014318,HORD004576,PRD0378,1.0,110.97,110.97
HITM0014319,HORD004576,PRD0875,2.0,916.11,1832.22
HITM0014320,HORD004577,PRD0485,1.0,518.63,518.63
HITM0014321,HORD004577,PRD0657,1.0,91.2,91.2
HITM0014322,HORD004577,PRD0360,1.0,14.71,14.71
HITM0014323,HORD004578,PRD0264,1.0,721.82,721.82
HITM0014324,HORD004578,PRD0166,2.0,833.21,1666.42
HITM0014325,HORD004578,PRD0593,1.0,1331.28,1331.28
HITM0014326,HORD004578,PRD0117,1.0,1153.53,1153.53
HITM0014327,HORD004579,PRD0110,1.0,250.51,250.51
HITM0014328,HORD004579,PRD0680,2.0,46.75,93.5
HITM0014329,HORD004579,PRD0196,1.0,437.6,437.6
HITM0014330,HORD004579,PRD0191,1.0,1045.12,1045.12
HITM0014331,HORD004580,PRD0570,1.0,98.43,98.43
HITM0014332,HORD004580,PRD0440,1.0,292.13,292.13
HITM0014333,HORD004581,PRD0231,3.0,2034.99,6104.97
HITM0014334,HORD004581,PRD0305,1.0,662.05,662.05
HITM0014335,HORD004582,PRD0530,1.0,376.94,376.94
HITM0014336,HORD004582,PRD0432,2.0,1225.0,2450.0
HITM0014337,HORD004582,PRD0854,1.0,386.3,386.3
HITM0014338,HORD004583,PRD0815,2.0,446.57,893.14
HITM0014339,HORD004583,PRD0218,1.0,838.07,838.07
HITM0014340,HORD004583,PRD0887,1.0,111.87,111.87
HITM0014341,HORD004584,PRD0931,1.0,2080.26,2080.26
HITM0014342,HORD004584,PRD0601,1.0,1666.52,1666.52
HITM0014343,HORD004585,PRD0015,1.0,184.83,184.83
HITM0014344,HORD004585,PRD0650,3.0,367.95,1103.85
HITM0014345,HORD004585,PRD0900,1.0,274.2,274.2
HITM0014346,HORD004585,PRD0348,1.0,1003.34,1003.34
HITM0014347,HORD004586,PRD0650,1.0,367.95,367.95
HITM0014348,HORD004586,PRD0438,1.0,246.04,246.04
HITM0014349,HORD004586,PRD0262,1.0,1522.38,1522.38
HITM0014350,HORD004586,PRD0292,1.0,324.37,324.37
HITM0014351,HORD004586,PRD0170,1.0,71.95,71.95
HITM0014352,HORD004587,PRD0854,1.0,386.3,386.3
HITM0014353,HORD004587,PRD0035,1.0,410.43,410.43
HITM0014354,HORD004587,PRD0453,2.0,934.48,1868.96
HITM0014355,HORD004588,PRD0748,1.0,176.05,176.05
HITM0014356,HORD004588,PRD0555,1.0,407.18,407.18
HITM0014357,HORD004588,PRD0685,1.0,367.73,367.73
HITM0014358,HORD004589,PRD0686,2.0,791.36,1582.72
HITM0014359,HORD004589,PRD0665,2.0,215.81,431.62
HITM0014360,HORD004590,PRD0416,2.0,753.43,1506.86
HITM0014361,HORD004590,PRD0656,1.0,820.33,820.33
HITM0014362,HORD004591,PRD0644,1.0,3489.22,3489.22
HITM0014363,HORD004591,PRD0292,2.0,324.37,648.74
HITM0014364,HORD004591,PRD0367,1.0,1853.15,1853.15
HITM0014365,HORD004592,PRD0186,1.0,223.64,223.64
HITM0014366,HORD004592,PRD0724,1.0,1250.76,1250.76
HITM0014367,HORD004592,PRD0427,1.0,1807.66,1807.66
HITM0014368,HORD004592,PRD0499,1.0,1327.93,1327.93
HITM0014369,HORD004592,PRD0095,1.0,857.11,857.11
HITM0014370,HORD004593,PRD0280,1.0,34.27,34.27
HITM0014371,HORD004593,PRD0517,3.0,1366.6,4099.8
HITM0014372,HORD004594,PRD0610,1.0,21.93,21.93
HITM0014373,HORD004594,PRD0620,1.0,123.89,123.89
HITM0014374,HORD004594,PRD0231,1.0,2034.99,2034.99
HITM0014375,HORD004595,PRD0896,1.0,502.67,502.67
HITM0014376,HORD004595,PRD0368,1.0,807.79,807.79
HITM0014377,HORD004596,PRD0691,1.0,1850.74,1850.74
HITM0014378,HORD004596,PRD0776,1.0,486.13,486.13
HITM0014379,HORD004596,PRD0175,1.0,760.09,760.09
HITM0014380,HORD004597,PRD0749,2.0,633.27,1266.54
HITM0014381,HORD004597,PRD0496,1.0,176.22,176.22
HITM0014382,HORD004598,PRD0935,3.0,249.9,749.7
HITM0014383,HORD004598,PRD0803,1.0,788.9,788.9
HITM0014384,HORD004598,PRD0181,3.0,3070.56,9211.68
HITM0014385,HORD004599,PRD0789,1.0,106.8,106.8
HITM0014386,HORD004599,PRD0900,1.0,274.2,274.2
HITM0014387,HORD004600,PRD0044,1.0,3554.03,3554.03
HITM0014388,HORD004600,PRD0378,1.0,110.97,110.97
HITM0014389,HORD004600,PRD0887,1.0,111.87,111.87
HITM0014390,HORD004600,PRD0288,1.0,171.9,171.9
HITM0014391,HORD004601,PRD0606,2.0,721.57,1443.14
HITM0014392,HORD004601,PRD0231,1.0,2034.99,2034.99
HITM0014393,HORD004601,PRD0537,1.0,2543.03,2543.03
HITM0014394,HORD004601,PRD0219,2.0,374.02,748.04
HITM0014395,HORD004602,PRD0186,1.0,223.64,223.64
HITM0014396,HORD004602,PRD0709,1.0,1423.26,1423.26
HITM0014397,HORD004602,PRD0896,1.0,502.67,502.67
HITM0014398,HORD004602,PRD0010,1.0,15.97,15.97
HITM0014399,HORD004603,PRD0078,2.0,166.61,333.22
HITM0014400,HORD004603,PRD0507,1.0,2300.74,2300.74
HITM0014401,HORD004603,PRD0603,1.0,671.51,671.51
HITM0014402,HORD004604,PRD0895,2.0,862.99,1725.98
HITM0014403,HORD004604,PRD0047,2.0,1258.28,2516.56
HITM0014404,HORD004604,PRD0750,2.0,203.37,406.74
HITM0014405,HORD004605,PRD0804,3.0,1164.25,3492.75
HITM0014406,HORD004605,PRD0060,1.0,97.23,97.23
HITM0014407,HORD004605,PRD0190,1.0,417.54,417.54
HITM0014408,HORD004606,PRD0480,1.0,37.46,37.46
HITM0014409,HORD004606,PRD0010,1.0,15.97,15.97
HITM0014410,HORD004606,PRD0527,1.0,1359.21,1359.21
HITM0014411,HORD004607,PRD0108,2.0,186.84,373.68
HITM0014412,HORD004607,PRD0321,1.0,2990.61,2990.61
HITM0014413,HORD004607,PRD0824,2.0,1637.86,3275.72
HITM0014414,HORD004608,PRD0854,2.0,386.3,772.6
HITM0014415,HORD004608,PRD0463,1.0,533.33,533.33
HITM0014416,HORD004608,PRD0826,1.0,272.89,272.89
HITM0014417,HORD004608,PRD0246,1.0,733.57,733.57
HITM0014418,HORD004609,PRD0260,2.0,73.31,146.62
HITM0014419,HORD004609,PRD0590,3.0,268.79,806.37
HITM0014420,HORD004609,PRD0733,2.0,894.02,1788.04
HITM0014421,HORD004609,PRD0277,2.0,2592.52,5185.04
HITM0014422,HORD004610,PRD0226,1.0,155.94,155.94
HITM0014423,HORD004611,PRD0246,1.0,733.57,733.57
HITM0014424,HORD004611,PRD0709,1.0,1423.26,1423.26
HITM0014425,HORD004611,PRD0944,1.0,2277.06,2277.06
HITM0014426,HORD004612,PRD0933,1.0,1263.06,1263.06
HITM0014427,HORD004612,PRD0484,1.0,1275.63,1275.63
HITM0014428,HORD004612,PRD0566,1.0,47.51,47.51
HITM0014429,HORD004612,PRD0710,1.0,302.55,302.55
HITM0014430,HORD004612,PRD0700,2.0,258.76,517.52
HITM0014431,HORD004613,PRD0187,2.0,1290.47,2580.94
HITM0014432,HORD004613,PRD0466,1.0,283.41,283.41
HITM0014433,HORD004613,PRD0765,2.0,126.56,253.12
HITM0014434,HORD004613,PRD0666,1.0,108.17,108.17
HITM0014435,HORD004614,PRD0068,1.0,190.2,190.2
HITM0014436,HORD004614,PRD0813,3.0,1381.91,4145.73
HITM0014437,HORD004614,PRD0075,1.0,227.56,227.56
HITM0014438,HORD004614,PRD0690,1.0,306.64,306.64
HITM0014439,HORD004615,PRD0150,1.0,27.72,27.72
HITM0014440,HORD004615,PRD0758,1.0,688.14,688.14
HITM0014441,HORD004616,PRD0740,1.0,194.14,194.14
HITM0014442,HORD004617,PRD0984,1.0,759.8,759.8
HITM0014443,HORD004617,PRD0193,2.0,609.21,1218.42
HITM0014444,HORD004618,PRD0169,1.0,1057.68,1057.68
HITM0014445,HORD004618,PRD0945,1.0,888.88,888.88
HITM0014446,HORD004618,PRD0687,1.0,2401.89,2401.89
HITM0014447,HORD004619,PRD0351,1.0,1873.03,1873.03
HITM0014448,HORD004619,PRD0185,1.0,575.43,575.43
HITM0014449,HORD004619,PRD0037,2.0,109.69,219.38
HITM0014450,HORD004619,PRD0577,2.0,941.97,1883.94
HITM0014451,HORD004619,PRD0174,2.0,3910.58,7821.16
HITM0014452,HORD004620,PRD0479,1.0,785.34,785.34
HITM0014453,HORD004620,PRD0158,2.0,464.07,928.14
HITM0014454,HORD004620,PRD0244,1.0,3425.92,3425.92
HITM0014455,HORD004621,PRD0152,1.0,476.3,476.3
HITM0014456,HORD004621,PRD0140,1.0,54.35,54.35
HITM0014457,HORD004622,PRD0109,2.0,516.32,1032.64
HITM0014458,HORD004622,PRD0371,1.0,1060.97,1060.97
HITM0014459,HORD004623,PRD0449,1.0,227.09,227.09
HITM0014460,HORD004623,PRD0136,1.0,107.5,107.5
HITM0014461,HORD004623,PRD0219,1.0,374.02,374.02
HITM0014462,HORD004624,PRD0692,1.0,959.48,959.48
HITM0014463,HORD004624,PRD0993,1.0,489.97,489.97
HITM0014464,HORD004624,PRD0445,2.0,1141.73,2283.46
HITM0014465,HORD004625,PRD0570,1.0,98.43,98.43
HITM0014466,HORD004625,PRD0552,1.0,1832.39,1832.39
HITM0014467,HORD004625,PRD0585,2.0,557.31,1114.62
HITM0014468,HORD004626,PRD0271,1.0,1115.7,1115.7
HITM0014469,HORD004626,PRD0307,3.0,2171.11,6513.33
HITM0014470,HORD004626,PRD0330,1.0,184.25,184.25
HITM0014471,HORD004627,PRD0050,1.0,202.62,202.62
HITM0014472,HORD004627,PRD0484,2.0,1275.63,2551.26
HITM0014473,HORD004627,PRD0795,2.0,808.42,1616.84
HITM0014474,HORD004627,PRD0807,1.0,1536.27,1536.27
HITM0014475,HORD004628,PRD0305,2.0,662.05,1324.1
HITM0014476,HORD004628,PRD0156,3.0,681.59,2044.77
HITM0014477,HORD004628,PRD0293,1.0,399.18,399.18
HITM0014478,HORD004629,PRD0799,1.0,373.98,373.98
HITM0014479,HORD004629,PRD0866,1.0,328.46,328.46
HITM0014480,HORD004629,PRD0989,2.0,961.78,1923.56
HITM0014481,HORD004630,PRD0156,1.0,681.59,681.59
HITM0014482,HORD004630,PRD0882,2.0,366.62,733.24
HITM0014483,HORD004631,PRD0802,1.0,1342.26,1342.26
HITM0014484,HORD004631,PRD0498,2.0,753.34,1506.68
HITM0014485,HORD004632,PRD0144,1.0,1126.55,1126.55
HITM0014486,HORD004632,PRD0111,1.0,1802.88,1802.88
HITM0014487,HORD004632,PRD0294,2.0,1781.81,3563.62
HITM0014488,HORD004633,PRD0955,1.0,418.8,418.8
HITM0014489,HORD004633,PRD0457,1.0,2260.61,2260.61
HITM0014490,HORD004633,PRD0030,1.0,159.51,159.51
HITM0014491,HORD004633,PRD0799,1.0,373.98,373.98
HITM0014492,HORD004633,PRD0739,1.0,408.6,408.6
HITM0014493,HORD004634,PRD0694,1.0,3973.34,3973.34
HITM0014494,HORD004634,PRD0869,1.0,1409.61,1409.61
HITM0014495,HORD004634,PRD0407,1.0,1547.38,1547.38
HITM0014496,HORD004635,PRD0248,1.0,494.67,494.67
HITM0014497,HORD004635,PRD0781,3.0,1410.25,4230.75
HITM0014498,HORD004636,PRD0229,1.0,412.68,412.68
HITM0014499,HORD004636,PRD0337,1.0,92.59,92.59
HITM0014500,HORD004637,PRD0480,1.0,37.46,37.46
HITM0014501,HORD004637,PRD0495,1.0,617.55,617.55
HITM0014502,HORD004637,PRD0666,1.0,108.17,108.17
HITM0014503,HORD004638,PRD0362,1.0,1501.87,1501.87
HITM0014504,HORD004638,PRD0478,1.0,111.87,111.87
HITM0014505,HORD004638,PRD0973,1.0,1395.47,1395.47
HITM0014506,HORD004638,PRD0050,1.0,202.62,202.62
HITM0014507,HORD004638,PRD0560,1.0,230.25,230.25
HITM0014508,HORD004639,PRD0069,2.0,850.31,1700.62
HITM0014509,HORD004639,PRD0037,1.0,109.69,109.69
HITM0014510,HORD004639,PRD0255,2.0,783.42,1566.84
HITM0014511,HORD004640,PRD0216,2.0,56.76,113.52
HITM0014512,HORD004640,PRD0552,1.0,1832.39,1832.39
HITM0014513,HORD004640,PRD0261,2.0,2476.88,4953.76
HITM0014514,HORD004641,PRD0015,1.0,184.83,184.83
HITM0014515,HORD004641,PRD0984,1.0,759.8,759.8
HITM0014516,HORD004641,PRD0889,1.0,252.57,252.57
HITM0014517,HORD004641,PRD0975,1.0,977.14,977.14
HITM0014518,HORD004642,PRD0802,1.0,1342.26,1342.26
HITM0014519,HORD004642,PRD0596,2.0,741.69,1483.38
HITM0014520,HORD004642,PRD0804,1.0,1164.25,1164.25
HITM0014521,HORD004642,PRD0970,1.0,71.64,71.64
HITM0014522,HORD004643,PRD0676,1.0,444.48,444.48
HITM0014523,HORD004644,PRD0339,1.0,427.29,427.29
HITM0014524,HORD004644,PRD0959,1.0,198.15,198.15
HITM0014525,HORD004645,PRD0496,1.0,176.22,176.22
HITM0014526,HORD004645,PRD0235,1.0,510.44,510.44
HITM0014527,HORD004645,PRD0898,2.0,236.36,472.72
HITM0014528,HORD004645,PRD0335,1.0,424.96,424.96
HITM0014529,HORD004645,PRD0196,1.0,437.6,437.6
HITM0014530,HORD004646,PRD0560,1.0,230.25,230.25
HITM0014531,HORD004646,PRD0422,1.0,1749.99,1749.99
HITM0014532,HORD004646,PRD0838,1.0,1007.36,1007.36
HITM0014533,HORD004647,PRD0999,1.0,464.57,464.57
HITM0014534,HORD004647,PRD0859,1.0,870.26,870.26
HITM0014535,HORD004648,PRD0238,1.0,690.75,690.75
HITM0014536,HORD004648,PRD0049,1.0,149.55,149.55
HITM0014537,HORD004648,PRD0156,1.0,681.59,681.59
HITM0014538,HORD004648,PRD0432,1.0,1225.0,1225.0
HITM0014539,HORD004649,PRD0370,1.0,143.48,143.48
HITM0014540,HORD004649,PRD0515,1.0,421.93,421.93
HITM0014541,HORD004649,PRD0457,1.0,2260.61,2260.61
HITM0014542,HORD004649,PRD0932,2.0,1316.49,2632.98
HITM0014543,HORD004650,PRD0222,1.0,1106.86,1106.86
HITM0014544,HORD004650,PRD0324,1.0,3625.94,3625.94
HITM0014545,HORD004651,PRD0750,1.0,203.37,203.37
HITM0014546,HORD004651,PRD0009,1.0,1102.1,1102.1
HITM0014547,HORD004652,PRD0877,1.0,1300.22,1300.22
HITM0014548,HORD004653,PRD0225,1.0,213.62,213.62
HITM0014549,HORD004653,PRD0117,1.0,1153.53,1153.53
HITM0014550,HORD004653,PRD0020,1.0,153.47,153.47
HITM0014551,HORD004653,PRD0931,2.0,2080.26,4160.52
HITM0014552,HORD004654,PRD0577,1.0,941.97,941.97
HITM0014553,HORD004654,PRD0666,1.0,108.17,108.17
HITM0014554,HORD004654,PRD0980,1.0,334.19,334.19
HITM0014555,HORD004655,PRD0522,1.0,942.08,942.08
HITM0014556,HORD004655,PRD0910,1.0,202.66,202.66
HITM0014557,HORD004655,PRD0649,1.0,915.45,915.45
HITM0014558,HORD004655,PRD0988,1.0,470.37,470.37
HITM0014559,HORD004656,PRD0370,1.0,143.48,143.48
HITM0014560,HORD004656,PRD0787,2.0,1706.85,3413.7
HITM0014561,HORD004657,PRD0436,1.0,99.16,99.16
HITM0014562,HORD004657,PRD0201,1.0,2007.57,2007.57
HITM0014563,HORD004657,PRD0937,2.0,983.99,1967.98
HITM0014564,HORD004657,PRD0718,1.0,1045.66,1045.66
HITM0014565,HORD004657,PRD0994,1.0,1974.93,1974.93
HITM0014566,HORD004658,PRD0825,1.0,289.25,289.25
HITM0014567,HORD004658,PRD0177,1.0,500.75,500.75
HITM0014568,HORD004659,PRD0715,1.0,343.66,343.66
HITM0014569,HORD004659,PRD0767,1.0,122.05,122.05
HITM0014570,HORD004659,PRD0528,1.0,821.66,821.66
HITM0014571,HORD004660,PRD0884,1.0,586.48,586.48
HITM0014572,HORD004660,PRD0091,1.0,1559.91,1559.91
HITM0014573,HORD004660,PRD0272,1.0,721.72,721.72
HITM0014574,HORD004660,PRD0432,2.0,1225.0,2450.0
HITM0014575,HORD004661,PRD0610,1.0,21.93,21.93
HITM0014576,HORD004662,PRD0634,1.0,405.16,405.16
HITM0014577,HORD004662,PRD0066,3.0,331.96,995.88
HITM0014578,HORD004662,PRD0460,2.0,99.79,199.58
HITM0014579,HORD004663,PRD0980,1.0,334.19,334.19
HITM0014580,HORD004663,PRD0380,1.0,117.36,117.36
HITM0014581,HORD004663,PRD0149,1.0,217.37,217.37
HITM0014582,HORD004664,PRD0599,1.0,1206.34,1206.34
HITM0014583,HORD004664,PRD0431,2.0,2253.8,4507.6
HITM0014584,HORD004664,PRD0370,1.0,143.48,143.48
HITM0014585,HORD004665,PRD0490,1.0,20.66,20.66
HITM0014586,HORD004665,PRD0630,3.0,59.46,178.38
HITM0014587,HORD004665,PRD0952,1.0,982.79,982.79
HITM0014588,HORD004665,PRD0761,1.0,965.07,965.07
HITM0014589,HORD004666,PRD0030,1.0,159.51,159.51
HITM0014590,HORD004666,PRD0638,2.0,248.57,497.14
HITM0014591,HORD004666,PRD0247,1.0,968.98,968.98
HITM0014592,HORD004667,PRD0961,1.0,1724.67,1724.67
HITM0014593,HORD004667,PRD0323,1.0,786.71,786.71
HITM0014594,HORD004667,PRD0516,1.0,565.33,565.33
HITM0014595,HORD004668,PRD0970,2.0,71.64,143.28
HITM0014596,HORD004668,PRD0497,1.0,1686.58,1686.58
HITM0014597,HORD004668,PRD0576,1.0,136.9,136.9
HITM0014598,HORD004668,PRD0591,1.0,2794.24,2794.24
HITM0014599,HORD004669,PRD0886,1.0,688.19,688.19
HITM0014600,HORD004669,PRD0242,1.0,1257.76,1257.76
HITM0014601,HORD004669,PRD0976,1.0,348.6,348.6
HITM0014602,HORD004670,PRD0151,1.0,1779.3,1779.3
HITM0014603,HORD004670,PRD0876,1.0,786.05,786.05
HITM0014604,HORD004670,PRD0570,1.0,98.43,98.43
HITM0014605,HORD004670,PRD0133,1.0,289.57,289.57
HITM0014606,HORD004671,PRD0604,1.0,1327.89,1327.89
HITM0014607,HORD004671,PRD0796,2.0,830.56,1661.12
HITM0014608,HORD004671,PRD0613,3.0,990.18,2970.54
HITM0014609,HORD004671,PRD0535,1.0,976.79,976.79
HITM0014610,HORD004672,PRD0999,1.0,464.57,464.57
HITM0014611,HORD004672,PRD0058,2.0,660.96,1321.92
HITM0014612,HORD004672,PRD0203,2.0,910.47,1820.94
HITM0014613,HORD004672,PRD0230,1.0,266.68,266.68
HITM0014614,HORD004673,PRD0150,1.0,27.72,27.72
HITM0014615,HORD004673,PRD0815,1.0,446.57,446.57
HITM0014616,HORD004673,PRD0480,2.0,37.46,74.92
HITM0014617,HORD004674,PRD0330,1.0,184.25,184.25
HITM0014618,HORD004674,PRD0328,1.0,728.97,728.97
HITM0014619,HORD004675,PRD0428,1.0,621.91,621.91
HITM0014620,HORD004675,PRD0750,1.0,203.37,203.37
HITM0014621,HORD004675,PRD0738,1.0,306.26,306.26
HITM0014622,HORD004676,PRD0886,1.0,688.19,688.19
HITM0014623,HORD004676,PRD0372,1.0,763.17,763.17
HITM0014624,HORD004677,PRD0378,1.0,110.97,110.97
HITM0014625,HORD004677,PRD0026,2.0,304.81,609.62
HITM0014626,HORD004677,PRD0463,1.0,533.33,533.33
HITM0014627,HORD004678,PRD0288,2.0,171.9,343.8
HITM0014628,HORD004678,PRD0168,1.0,325.2,325.2
HITM0014629,HORD004678,PRD0494,2.0,780.48,1560.96
HITM0014630,HORD004679,PRD0489,1.0,264.6,264.6
HITM0014631,HORD004679,PRD0283,1.0,733.77,733.77
HITM0014632,HORD004680,PRD0150,1.0,27.72,27.72
HITM0014633,HORD004680,PRD0362,1.0,1501.87,1501.87
HITM0014634,HORD004680,PRD0007,1.0,775.64,775.64
HITM0014635,HORD004680,PRD0486,2.0,825.47,1650.94
HITM0014636,HORD004680,PRD0278,1.0,100.15,100.15
HITM0014637,HORD004681,PRD0500,2.0,352.58,705.16
HITM0014638,HORD004682,PRD0837,1.0,333.32,333.32
HITM0014639,HORD004682,PRD0441,1.0,1117.87,1117.87
HITM0014640,HORD004682,PRD0856,1.0,415.09,415.09
HITM0014641,HORD004682,PRD0406,1.0,241.97,241.97
HITM0014642,HORD004682,PRD0557,1.0,1855.06,1855.06
HITM0014643,HORD004683,PRD0665,1.0,215.81,215.81
HITM0014644,HORD004683,PRD0466,1.0,283.41,283.41
HITM0014645,HORD004683,PRD0436,2.0,99.16,198.32
HITM0014646,HORD004684,PRD0579,1.0,878.27,878.27
HITM0014647,HORD004684,PRD0673,1.0,1324.45,1324.45
HITM0014648,HORD004684,PRD0476,1.0,59.63,59.63
HITM0014649,HORD004685,PRD0040,2.0,208.06,416.12
HITM0014650,HORD004685,PRD0646,2.0,98.45,196.9
HITM0014651,HORD004685,PRD0629,1.0,270.17,270.17
HITM0014652,HORD004685,PRD0551,1.0,2626.22,2626.22
HITM0014653,HORD004686,PRD0333,1.0,419.02,419.02
HITM0014654,HORD004686,PRD0863,1.0,1009.18,1009.18
HITM0014655,HORD004687,PRD0110,1.0,250.51,250.51
HITM0014656,HORD004687,PRD0749,1.0,633.27,633.27
HITM0014657,HORD004687,PRD0809,1.0,929.49,929.49
HITM0014658,HORD004688,PRD0007,1.0,775.64,775.64
HITM0014659,HORD004688,PRD0491,2.0,1093.0,2186.0
HITM0014660,HORD004688,PRD0195,1.0,337.11,337.11
HITM0014661,HORD004688,PRD0577,2.0,941.97,1883.94
HITM0014662,HORD004689,PRD0842,1.0,1682.83,1682.83
HITM0014663,HORD004689,PRD0153,1.0,926.23,926.23
HITM0014664,HORD004689,PRD0046,1.0,690.5,690.5
HITM0014665,HORD004690,PRD0840,1.0,148.97,148.97
HITM0014666,HORD004690,PRD0198,2.0,155.28,310.56
HITM0014667,HORD004690,PRD0010,1.0,15.97,15.97
HITM0014668,HORD004690,PRD0632,1.0,1094.69,1094.69
HITM0014669,HORD004690,PRD0622,3.0,1882.1,5646.3
HITM0014670,HORD004691,PRD0248,1.0,494.67,494.67
HITM0014671,HORD004691,PRD0790,1.0,25.52,25.52
HITM0014672,HORD004692,PRD0427,2.0,1807.66,3615.32
HITM0014673,HORD004692,PRD0155,2.0,237.13,474.26
HITM0014674,HORD004693,PRD0860,2.0,148.71,297.42
HITM0014675,HORD004693,PRD0568,1.0,272.51,272.51
HITM0014676,HORD004693,PRD0889,1.0,252.57,252.57
HITM0014677,HORD004693,PRD0201,1.0,2007.57,2007.57
HITM0014678,HORD004693,PRD0300,1.0,30.76,30.76
HITM0014679,HORD004694,PRD0540,1.0,255.66,255.66
HITM0014680,HORD004694,PRD0104,1.0,3735.61,3735.61
HITM0014681,HORD004695,PRD0111,1.0,1802.88,1802.88
HITM0014682,HORD004695,PRD0484,1.0,1275.63,1275.63
HITM0014683,HORD004695,PRD0144,3.0,1126.55,3379.65
HITM0014684,HORD004695,PRD0056,2.0,318.87,637.74
HITM0014685,HORD004696,PRD0840,1.0,148.97,148.97
HITM0014686,HORD004696,PRD0940,1.0,139.21,139.21
HITM0014687,HORD004696,PRD0078,3.0,166.61,499.83
HITM0014688,HORD004696,PRD0367,3.0,1853.15,5559.45
HITM0014689,HORD004697,PRD0630,1.0,59.46,59.46
HITM0014690,HORD004697,PRD0099,2.0,469.56,939.12
HITM0014691,HORD004697,PRD0573,1.0,394.67,394.67
HITM0014692,HORD004698,PRD0303,2.0,961.05,1922.1
HITM0014693,HORD004698,PRD0486,1.0,825.47,825.47
HITM0014694,HORD004698,PRD0919,1.0,1151.13,1151.13
HITM0014695,HORD004698,PRD0923,1.0,283.84,283.84
HITM0014696,HORD004699,PRD0950,1.0,321.18,321.18
HITM0014697,HORD004699,PRD0359,1.0,169.12,169.12
HITM0014698,HORD004700,PRD0258,1.0,171.41,171.41
HITM0014699,HORD004700,PRD0452,1.0,318.36,318.36
HITM0014700,HORD004700,PRD0222,1.0,1106.86,1106.86
HITM0014701,HORD004700,PRD0640,1.0,153.76,153.76
HITM0014702,HORD004700,PRD0420,1.0,202.02,202.02
HITM0014703,HORD004701,PRD0425,1.0,514.7,514.7
HITM0014704,HORD004701,PRD0516,1.0,565.33,565.33
HITM0014705,HORD004701,PRD0214,1.0,2414.54,2414.54
HITM0014706,HORD004701,PRD0555,1.0,407.18,407.18
HITM0014707,HORD004702,PRD0657,1.0,91.2,91.2
HITM0014708,HORD004703,PRD0238,3.0,690.75,2072.25
HITM0014709,HORD004703,PRD0389,2.0,197.05,394.1
HITM0014710,HORD004703,PRD0099,1.0,469.56,469.56
HITM0014711,HORD004703,PRD0021,1.0,2242.17,2242.17
HITM0014712,HORD004704,PRD0420,1.0,202.02,202.02
HITM0014713,HORD004704,PRD0730,2.0,394.42,788.84
HITM0014714,HORD004704,PRD0360,2.0,14.71,29.42
HITM0014715,HORD004704,PRD0510,2.0,71.92,143.84
HITM0014716,HORD004704,PRD0560,2.0,230.25,460.5
HITM0014717,HORD004705,PRD0887,1.0,111.87,111.87
HITM0014718,HORD004706,PRD0082,1.0,383.13,383.13
HITM0014719,HORD004706,PRD0455,2.0,329.34,658.68
HITM0014720,HORD004706,PRD0728,1.0,188.05,188.05
HITM0014721,HORD004706,PRD0090,2.0,166.35,332.7
HITM0014722,HORD004707,PRD0836,2.0,726.47,1452.94
HITM0014723,HORD004707,PRD0976,1.0,348.6,348.6
HITM0014724,HORD004707,PRD0414,1.0,2790.14,2790.14
HITM0014725,HORD004708,PRD0737,1.0,1942.18,1942.18
HITM0014726,HORD004708,PRD0196,1.0,437.6,437.6
HITM0014727,HORD004708,PRD0937,1.0,983.99,983.99
HITM0014728,HORD004709,PRD0205,1.0,1189.79,1189.79
HITM0014729,HORD004709,PRD0378,2.0,110.97,221.94
HITM0014730,HORD004709,PRD0357,1.0,193.87,193.87
HITM0014731,HORD004710,PRD0360,2.0,14.71,29.42
HITM0014732,HORD004710,PRD0482,2.0,653.2,1306.4
HITM0014733,HORD004710,PRD0092,1.0,1623.69,1623.69
HITM0014734,HORD004711,PRD0074,1.0,2480.38,2480.38
HITM0014735,HORD004711,PRD0863,2.0,1009.18,2018.36
HITM0014736,HORD004711,PRD0767,1.0,122.05,122.05
HITM0014737,HORD004711,PRD0230,2.0,266.68,533.36
HITM0014738,HORD004712,PRD0701,1.0,2361.18,2361.18
HITM0014739,HORD004712,PRD0424,1.0,1571.65,1571.65
HITM0014740,HORD004712,PRD0587,1.0,103.55,103.55
HITM0014741,HORD004712,PRD1000,1.0,364.05,364.05
HITM0014742,HORD004713,PRD0657,2.0,91.2,182.4
HITM0014743,HORD004713,PRD0136,1.0,107.5,107.5
HITM0014744,HORD004714,PRD0068,2.0,190.2,380.4
HITM0014745,HORD004714,PRD0905,1.0,760.24,760.24
HITM0014746,HORD004714,PRD0493,2.0,1550.96,3101.92
HITM0014747,HORD004715,PRD0477,1.0,791.3,791.3
HITM0014748,HORD004715,PRD0067,2.0,638.19,1276.38
HITM0014749,HORD004715,PRD0601,1.0,1666.52,1666.52
HITM0014750,HORD004715,PRD0977,1.0,352.01,352.01
HITM0014751,HORD004716,PRD0019,1.0,741.78,741.78
HITM0014752,HORD004716,PRD0349,1.0,986.72,986.72
HITM0014753,HORD004716,PRD0906,1.0,58.83,58.83
HITM0014754,HORD004716,PRD0458,1.0,721.39,721.39
HITM0014755,HORD004717,PRD0358,1.0,67.02,67.02
HITM0014756,HORD004717,PRD0811,1.0,1292.11,1292.11
HITM0014757,HORD004717,PRD0045,2.0,70.08,140.16
HITM0014758,HORD004717,PRD0195,1.0,337.11,337.11
HITM0014759,HORD004718,PRD0127,1.0,1805.09,1805.09
HITM0014760,HORD004718,PRD0149,1.0,217.37,217.37
HITM0014761,HORD004719,PRD0316,1.0,28.93,28.93
HITM0014762,HORD004720,PRD0360,1.0,14.71,14.71
HITM0014763,HORD004720,PRD0093,1.0,1015.33,1015.33
HITM0014764,HORD004720,PRD0670,1.0,85.16,85.16
HITM0014765,HORD004720,PRD0198,1.0,155.28,155.28
HITM0014766,HORD004721,PRD0663,1.0,1546.5,1546.5
HITM0014767,HORD004722,PRD0916,3.0,265.34,796.02
HITM0014768,HORD004722,PRD0239,1.0,1256.88,1256.88
HITM0014769,HORD004722,PRD0762,1.0,1654.61,1654.61
HITM0014770,HORD004723,PRD0340,1.0,68.17,68.17
HITM0014771,HORD004723,PRD0755,1.0,683.65,683.65
HITM0014772,HORD004724,PRD0068,2.0,190.2,380.4
HITM0014773,HORD004724,PRD0726,1.0,620.57,620.57
HITM0014774,HORD004725,PRD0070,1.0,283.3,283.3
HITM0014775,HORD004725,PRD0029,2.0,1109.68,2219.36
HITM0014776,HORD004726,PRD0103,1.0,540.65,540.65
HITM0014777,HORD004726,PRD0571,2.0,3138.88,6277.76
HITM0014778,HORD004726,PRD0992,1.0,1778.47,1778.47
HITM0014779,HORD004727,PRD0820,2.0,95.58,191.16
HITM0014780,HORD004727,PRD0772,2.0,546.46,1092.92
HITM0014781,HORD004728,PRD0544,1.0,1918.0,1918.0
HITM0014782,HORD004729,PRD0324,1.0,3625.94,3625.94
HITM0014783,HORD004729,PRD0828,1.0,125.24,125.24
HITM0014784,HORD004729,PRD0022,1.0,1200.0,1200.0
HITM0014785,HORD004729,PRD0371,3.0,1060.97,3182.91
HITM0014786,HORD004729,PRD0609,1.0,138.47,138.47
HITM0014787,HORD004730,PRD0279,1.0,250.57,250.57
HITM0014788,HORD004730,PRD0492,1.0,1490.94,1490.94
HITM0014789,HORD004730,PRD0561,3.0,2439.38,7318.14
HITM0014790,HORD004730,PRD0402,1.0,1191.53,1191.53
HITM0014791,HORD004730,PRD0242,2.0,1257.76,2515.52
HITM0014792,HORD004731,PRD0041,1.0,2120.5,2120.5
HITM0014793,HORD004731,PRD0438,1.0,246.04,246.04
HITM0014794,HORD004731,PRD0369,1.0,462.08,462.08
HITM0014795,HORD004732,PRD0303,1.0,961.05,961.05
HITM0014796,HORD004732,PRD0272,1.0,721.72,721.72
HITM0014797,HORD004733,PRD0005,2.0,450.36,900.72
HITM0014798,HORD004733,PRD0819,2.0,647.95,1295.9
HITM0014799,HORD004733,PRD0684,1.0,1584.7,1584.7
HITM0014800,HORD004733,PRD0045,1.0,70.08,70.08
HITM0014801,HORD004734,PRD0416,2.0,753.43,1506.86
HITM0014802,HORD004734,PRD0657,1.0,91.2,91.2
HITM0014803,HORD004735,PRD0460,1.0,99.79,99.79
HITM0014804,HORD004736,PRD0700,1.0,258.76,258.76
HITM0014805,HORD004736,PRD0510,1.0,71.92,71.92
HITM0014806,HORD004736,PRD0326,1.0,791.27,791.27
HITM0014807,HORD004736,PRD0808,1.0,830.41,830.41
HITM0014808,HORD004737,PRD0008,1.0,799.44,799.44
HITM0014809,HORD004737,PRD0716,1.0,242.32,242.32
HITM0014810,HORD004737,PRD0579,1.0,878.27,878.27
HITM0014811,HORD004738,PRD0170,1.0,71.95,71.95
HITM0014812,HORD004738,PRD0215,1.0,915.08,915.08
HITM0014813,HORD004739,PRD0657,1.0,91.2,91.2
HITM0014814,HORD004739,PRD0476,1.0,59.63,59.63
HITM0014815,HORD004739,PRD0288,1.0,171.9,171.9
HITM0014816,HORD004739,PRD0164,1.0,1852.48,1852.48
HITM0014817,HORD004740,PRD0676,1.0,444.48,444.48
HITM0014818,HORD004741,PRD0905,2.0,760.24,1520.48
HITM0014819,HORD004741,PRD0198,2.0,155.28,310.56
HITM0014820,HORD004742,PRD0045,2.0,70.08,140.16
HITM0014821,HORD004742,PRD0959,1.0,198.15,198.15
HITM0014822,HORD004742,PRD0431,2.0,2253.8,4507.6
HITM0014823,HORD004743,PRD0460,1.0,99.79,99.79
HITM0014824,HORD004743,PRD0869,1.0,1409.61,1409.61
HITM0014825,HORD004743,PRD0998,2.0,546.63,1093.26
HITM0014826,HORD004744,PRD0815,1.0,446.57,446.57
HITM0014827,HORD004745,PRD0977,1.0,352.01,352.01
HITM0014828,HORD004745,PRD0225,1.0,213.62,213.62
HITM0014829,HORD004745,PRD0927,2.0,867.79,1735.58
HITM0014830,HORD004746,PRD0158,1.0,464.07,464.07
HITM0014831,HORD004746,PRD0811,1.0,1292.11,1292.11
HITM0014832,HORD004746,PRD0449,1.0,227.09,227.09
HITM0014833,HORD004747,PRD0417,1.0,318.04,318.04
HITM0014834,HORD004747,PRD0229,1.0,412.68,412.68
HITM0014835,HORD004747,PRD0463,1.0,533.33,533.33
HITM0014836,HORD004747,PRD0256,1.0,336.19,336.19
HITM0014837,HORD004748,PRD0216,1.0,56.76,56.76
HITM0014838,HORD004749,PRD0883,2.0,1065.61,2131.22
HITM0014839,HORD004749,PRD0350,2.0,294.0,588.0
HITM0014840,HORD004749,PRD0386,1.0,109.17,109.17
HITM0014841,HORD004750,PRD0702,1.0,768.26,768.26
HITM0014842,HORD004750,PRD0547,1.0,2376.82,2376.82
HITM0014843,HORD004750,PRD0388,1.0,269.65,269.65
HITM0014844,HORD004751,PRD0738,1.0,306.26,306.26
HITM0014845,HORD004751,PRD0507,1.0,2300.74,2300.74
HITM0014846,HORD004751,PRD0363,2.0,1523.75,3047.5
HITM0014847,HORD004752,PRD0147,1.0,94.45,94.45
HITM0014848,HORD004752,PRD0221,1.0,1714.89,1714.89
HITM0014849,HORD004753,PRD0045,1.0,70.08,70.08
HITM0014850,HORD004754,PRD0363,1.0,1523.75,1523.75
HITM0014851,HORD004754,PRD0268,1.0,944.09,944.09
HITM0014852,HORD004754,PRD0411,2.0,1649.5,3299.0
HITM0014853,HORD004755,PRD0638,1.0,248.57,248.57
HITM0014854,HORD004755,PRD0449,1.0,227.09,227.09
HITM0014855,HORD004755,PRD0726,2.0,620.57,1241.14
HITM0014856,HORD004756,PRD0740,1.0,194.14,194.14
HITM0014857,HORD004756,PRD0890,1.0,273.8,273.8
HITM0014858,HORD004757,PRD0911,1.0,1436.52,1436.52
HITM0014859,HORD004758,PRD0054,1.0,3965.82,3965.82
HITM0014860,HORD004758,PRD0575,1.0,357.22,357.22
HITM0014861,HORD004758,PRD0449,1.0,227.09,227.09
HITM0014862,HORD004759,PRD0825,2.0,289.25,578.5
HITM0014863,HORD004759,PRD0172,1.0,1821.63,1821.63
HITM0014864,HORD004759,PRD0665,2.0,215.81,431.62
HITM0014865,HORD004760,PRD0322,1.0,719.5,719.5
HITM0014866,HORD004761,PRD0389,1.0,197.05,197.05
HITM0014867,HORD004761,PRD0669,1.0,1077.89,1077.89
HITM0014868,HORD004761,PRD0270,1.0,145.44,145.44
HITM0014869,HORD004761,PRD0888,1.0,183.72,183.72
HITM0014870,HORD004762,PRD0492,1.0,1490.94,1490.94
HITM0014871,HORD004762,PRD0363,1.0,1523.75,1523.75
HITM0014872,HORD004762,PRD0030,1.0,159.51,159.51
HITM0014873,HORD004763,PRD0669,2.0,1077.89,2155.78
HITM0014874,HORD004763,PRD0302,1.0,1232.1,1232.1
HITM0014875,HORD004763,PRD0134,2.0,3468.51,6937.02
HITM0014876,HORD004763,PRD0717,1.0,615.2,615.2
HITM0014877,HORD004764,PRD0690,2.0,306.64,613.28
HITM0014878,HORD004764,PRD0804,2.0,1164.25,2328.5
HITM0014879,HORD004764,PRD0972,1.0,903.07,903.07
HITM0014880,HORD004764,PRD0015,1.0,184.83,184.83
HITM0014881,HORD004764,PRD0712,1.0,1113.98,1113.98
HITM0014882,HORD004765,PRD0683,1.0,1384.61,1384.61
HITM0014883,HORD004765,PRD0250,2.0,335.17,670.34
HITM0014884,HORD004765,PRD0459,1.0,1138.25,1138.25
HITM0014885,HORD004766,PRD0466,2.0,283.41,566.82
HITM0014886,HORD004766,PRD0007,1.0,775.64,775.64
HITM0014887,HORD004766,PRD0075,1.0,227.56,227.56
HITM0014888,HORD004767,PRD0658,1.0,140.48,140.48
HITM0014889,HORD004768,PRD0589,2.0,675.7,1351.4
HITM0014890,HORD004768,PRD0473,1.0,576.89,576.89
HITM0014891,HORD004768,PRD0075,1.0,227.56,227.56
HITM0014892,HORD004768,PRD0680,3.0,46.75,140.25
HITM0014893,HORD004769,PRD0858,1.0,251.31,251.31
HITM0014894,HORD004769,PRD0297,1.0,1540.93,1540.93
HITM0014895,HORD004769,PRD0627,1.0,2451.16,2451.16
HITM0014896,HORD004769,PRD0981,1.0,2272.24,2272.24
HITM0014897,HORD004769,PRD0190,1.0,417.54,417.54
HITM0014898,HORD004770,PRD0966,2.0,340.4,680.8
HITM0014899,HORD004770,PRD0555,2.0,407.18,814.36
HITM0014900,HORD004771,PRD0722,2.0,909.76,1819.52
HITM0014901,HORD004771,PRD0900,1.0,274.2,274.2
HITM0014902,HORD004771,PRD0736,1.0,829.44,829.44
HITM0014903,HORD004771,PRD0228,1.0,148.71,148.71
HITM0014904,HORD004772,PRD0175,1.0,760.09,760.09
HITM0014905,HORD004772,PRD0960,1.0,103.86,103.86
HITM0014906,HORD004772,PRD0201,1.0,2007.57,2007.57
HITM0014907,HORD004772,PRD0933,1.0,1263.06,1263.06
HITM0014908,HORD004773,PRD0314,1.0,2377.47,2377.47
HITM0014909,HORD004773,PRD0770,3.0,254.66,763.98
HITM0014910,HORD004774,PRD0865,1.0,558.87,558.87
HITM0014911,HORD004774,PRD0653,1.0,1533.48,1533.48
HITM0014912,HORD004774,PRD0910,1.0,202.66,202.66
HITM0014913,HORD004775,PRD0835,2.0,427.39,854.78
HITM0014914,HORD004775,PRD0378,1.0,110.97,110.97
HITM0014915,HORD004775,PRD0414,1.0,2790.14,2790.14
HITM0014916,HORD004775,PRD0019,1.0,741.78,741.78
HITM0014917,HORD004775,PRD0621,1.0,1720.44,1720.44
HITM0014918,HORD004776,PRD0280,1.0,34.27,34.27
HITM0014919,HORD004776,PRD0597,1.0,1093.56,1093.56
HITM0014920,HORD004776,PRD0140,2.0,54.35,108.7
HITM0014921,HORD004777,PRD0047,2.0,1258.28,2516.56
HITM0014922,HORD004777,PRD0056,1.0,318.87,318.87
HITM0014923,HORD004777,PRD0098,1.0,149.72,149.72
HITM0014924,HORD004777,PRD0745,1.0,805.9,805.9
HITM0014925,HORD004777,PRD0806,2.0,43.45,86.9
HITM0014926,HORD004778,PRD0106,1.0,217.23,217.23
HITM0014927,HORD004778,PRD0138,1.0,316.0,316.0
HITM0014928,HORD004779,PRD0069,1.0,850.31,850.31
HITM0014929,HORD004779,PRD0160,1.0,263.81,263.81
HITM0014930,HORD004779,PRD0670,3.0,85.16,255.48
HITM0014931,HORD004780,PRD0294,2.0,1781.81,3563.62
HITM0014932,HORD004781,PRD0117,1.0,1153.53,1153.53
HITM0014933,HORD004781,PRD0789,1.0,106.8,106.8
HITM0014934,HORD004781,PRD0973,1.0,1395.47,1395.47
HITM0014935,HORD004781,PRD0576,1.0,136.9,136.9
HITM0014936,HORD004782,PRD0386,2.0,109.17,218.34
HITM0014937,HORD004782,PRD0351,1.0,1873.03,1873.03
HITM0014938,HORD004782,PRD0567,1.0,383.28,383.28
HITM0014939,HORD004783,PRD0372,2.0,763.17,1526.34
HITM0014940,HORD004783,PRD0506,1.0,309.66,309.66
HITM0014941,HORD004783,PRD0731,2.0,1790.91,3581.82
HITM0014942,HORD004784,PRD0910,1.0,202.66,202.66
HITM0014943,HORD004784,PRD0808,1.0,830.41,830.41
HITM0014944,HORD004784,PRD0734,1.0,2197.09,2197.09
HITM0014945,HORD004784,PRD0804,1.0,1164.25,1164.25
HITM0014946,HORD004784,PRD0570,1.0,98.43,98.43
HITM0014947,HORD004785,PRD0758,1.0,688.14,688.14
HITM0014948,HORD004785,PRD0396,1.0,120.07,120.07
HITM0014949,HORD004785,PRD0568,1.0,272.51,272.51
HITM0014950,HORD004786,PRD0698,1.0,1038.35,1038.35
HITM0014951,HORD004786,PRD0941,1.0,2905.2,2905.2
HITM0014952,HORD004786,PRD0358,1.0,67.02,67.02
HITM0014953,HORD004786,PRD0306,1.0,643.72,643.72
HITM0014954,HORD004787,PRD0162,3.0,441.75,1325.25
HITM0014955,HORD004787,PRD0899,2.0,1401.94,2803.88
HITM0014956,HORD004787,PRD0848,1.0,503.4,503.4
HITM0014957,HORD004788,PRD0235,1.0,510.44,510.44
HITM0014958,HORD004788,PRD0535,1.0,976.79,976.79
HITM0014959,HORD004788,PRD0482,1.0,653.2,653.2
HITM0014960,HORD004788,PRD0809,1.0,929.49,929.49
HITM0014961,HORD004789,PRD0117,2.0,1153.53,2307.06
HITM0014962,HORD004789,PRD0799,1.0,373.98,373.98
HITM0014963,HORD004790,PRD0825,1.0,289.25,289.25
HITM0014964,HORD004791,PRD0230,2.0,266.68,533.36
HITM0014965,HORD004791,PRD0749,2.0,633.27,1266.54
HITM0014966,HORD004791,PRD0517,2.0,1366.6,2733.2
HITM0014967,HORD004791,PRD0339,1.0,427.29,427.29
HITM0014968,HORD004791,PRD0648,1.0,210.67,210.67
HITM0014969,HORD004792,PRD0821,1.0,1191.59,1191.59
HITM0014970,HORD004792,PRD0858,1.0,251.31,251.31
HITM0014971,HORD004792,PRD0289,1.0,721.6,721.6
HITM0014972,HORD004792,PRD0770,2.0,254.66,509.32
HITM0014973,HORD004793,PRD0156,1.0,681.59,681.59
HITM0014974,HORD004793,PRD0147,1.0,94.45,94.45
HITM0014975,HORD004794,PRD0047,1.0,1258.28,1258.28
HITM0014976,HORD004794,PRD0457,1.0,2260.61,2260.61
HITM0014977,HORD004794,PRD0101,1.0,1447.07,1447.07
HITM0014978,HORD004794,PRD0309,1.0,335.12,335.12
HITM0014979,HORD004794,PRD0344,1.0,3507.24,3507.24
HITM0014980,HORD004795,PRD0285,1.0,136.65,136.65
HITM0014981,HORD004795,PRD0588,1.0,597.66,597.66
HITM0014982,HORD004796,PRD0327,2.0,783.26,1566.52
HITM0014983,HORD004796,PRD0960,1.0,103.86,103.86
HITM0014984,HORD004796,PRD0037,2.0,109.69,219.38
HITM0014985,HORD004796,PRD0973,3.0,1395.47,4186.41
HITM0014986,HORD004797,PRD0099,1.0,469.56,469.56
HITM0014987,HORD004797,PRD0286,1.0,841.61,841.61
HITM0014988,HORD004797,PRD0603,1.0,671.51,671.51
HITM0014989,HORD004797,PRD0226,1.0,155.94,155.94
HITM0014990,HORD004798,PRD0700,1.0,258.76,258.76
HITM0014991,HORD004798,PRD0790,1.0,25.52,25.52
HITM0014992,HORD004798,PRD0509,1.0,866.14,866.14
HITM0014993,HORD004799,PRD0121,1.0,3098.72,3098.72
HITM0014994,HORD004799,PRD0748,2.0,176.05,352.1
HITM0014995,HORD004799,PRD0221,1.0,1714.89,1714.89
HITM0014996,HORD004800,PRD0814,2.0,2358.42,4716.84
HITM0014997,HORD004801,PRD0823,1.0,1081.67,1081.67
HITM0014998,HORD004801,PRD0760,2.0,405.95,811.9
HITM0014999,HORD004802,PRD0109,1.0,516.32,516.32
HITM0015000,HORD004802,PRD0349,1.0,986.72,986.72
HITM0015001,HORD004803,PRD0129,2.0,416.68,833.36
HITM0015002,HORD004803,PRD0332,1.0,560.39,560.39
HITM0015003,HORD004803,PRD0850,1.0,308.86,308.86
HITM0015004,HORD004803,PRD0405,1.0,774.44,774.44
HITM0015005,HORD004804,PRD0814,1.0,2358.42,2358.42
HITM0015006,HORD004804,PRD0506,1.0,309.66,309.66
HITM0015007,HORD004804,PRD0772,1.0,546.46,546.46
HITM0015008,HORD004804,PRD0668,3.0,658.68,1976.04
HITM0015009,HORD004804,PRD0604,1.0,1327.89,1327.89
HITM0015010,HORD004805,PRD0856,2.0,415.09,830.18
HITM0015011,HORD004806,PRD0142,2.0,1815.54,3631.08
HITM0015012,HORD004806,PRD0265,1.0,255.41,255.41
HITM0015013,HORD004806,PRD0210,1.0,91.62,91.62
HITM0015014,HORD004806,PRD0840,2.0,148.97,297.94
HITM0015015,HORD004807,PRD0646,2.0,98.45,196.9
HITM0015016,HORD004808,PRD0593,1.0,1331.28,1331.28
HITM0015017,HORD004808,PRD0184,2.0,3159.58,6319.16
HITM0015018,HORD004808,PRD0718,1.0,1045.66,1045.66
HITM0015019,HORD004808,PRD0239,3.0,1256.88,3770.64
HITM0015020,HORD004809,PRD0541,1.0,1837.92,1837.92
HITM0015021,HORD004809,PRD0511,1.0,1305.5,1305.5
HITM0015022,HORD004809,PRD0372,1.0,763.17,763.17
HITM0015023,HORD004809,PRD0269,1.0,514.16,514.16
HITM0015024,HORD004810,PRD0106,1.0,217.23,217.23
HITM0015025,HORD004810,PRD0019,1.0,741.78,741.78
HITM0015026,HORD004810,PRD0347,1.0,1107.53,1107.53
HITM0015027,HORD004810,PRD0158,2.0,464.07,928.14
HITM0015028,HORD004811,PRD0830,1.0,87.0,87.0
HITM0015029,HORD004811,PRD0290,1.0,61.51,61.51
HITM0015030,HORD004811,PRD0446,2.0,546.41,1092.82
HITM0015031,HORD004811,PRD0147,2.0,94.45,188.9
HITM0015032,HORD004812,PRD0223,1.0,427.66,427.66
HITM0015033,HORD004812,PRD0050,1.0,202.62,202.62
HITM0015034,HORD004812,PRD0986,1.0,748.03,748.03
HITM0015035,HORD004812,PRD0180,2.0,24.86,49.72
HITM0015036,HORD004813,PRD0261,1.0,2476.88,2476.88
HITM0015037,HORD004813,PRD0817,1.0,1746.37,1746.37
HITM0015038,HORD004813,PRD0790,1.0,25.52,25.52
HITM0015039,HORD004813,PRD0490,2.0,20.66,41.32
HITM0015040,HORD004814,PRD0567,1.0,383.28,383.28
HITM0015041,HORD004814,PRD0866,1.0,328.46,328.46
HITM0015042,HORD004814,PRD0108,2.0,186.84,373.68
HITM0015043,HORD004815,PRD0610,2.0,21.93,43.86
HITM0015044,HORD004815,PRD0225,2.0,213.62,427.24
HITM0015045,HORD004815,PRD0740,2.0,194.14,388.28
HITM0015046,HORD004816,PRD0860,1.0,148.71,148.71
HITM0015047,HORD004816,PRD0870,1.0,285.87,285.87
HITM0015048,HORD004816,PRD0480,2.0,37.46,74.92
HITM0015049,HORD004817,PRD0253,1.0,1081.02,1081.02
HITM0015050,HORD004817,PRD0587,1.0,103.55,103.55
HITM0015051,HORD004818,PRD0253,1.0,1081.02,1081.02
HITM0015052,HORD004818,PRD0648,1.0,210.67,210.67
HITM0015053,HORD004819,PRD0582,1.0,1682.59,1682.59
HITM0015054,HORD004819,PRD0398,1.0,413.35,413.35
HITM0015055,HORD004820,PRD0619,2.0,180.89,361.78
HITM0015056,HORD004820,PRD0173,1.0,1377.08,1377.08
HITM0015057,HORD004820,PRD0756,1.0,244.21,244.21
HITM0015058,HORD004820,PRD0790,3.0,25.52,76.56
HITM0015059,HORD004821,PRD0200,1.0,279.99,279.99
HITM0015060,HORD004821,PRD0746,1.0,130.44,130.44
HITM0015061,HORD004821,PRD0601,1.0,1666.52,1666.52
HITM0015062,HORD004822,PRD0661,1.0,1397.85,1397.85
HITM0015063,HORD004822,PRD0790,1.0,25.52,25.52
HITM0015064,HORD004822,PRD0560,1.0,230.25,230.25
HITM0015065,HORD004822,PRD0379,1.0,759.43,759.43
HITM0015066,HORD004823,PRD0070,1.0,283.3,283.3
HITM0015067,HORD004823,PRD0705,1.0,1103.54,1103.54
HITM0015068,HORD004823,PRD0701,2.0,2361.18,4722.36
HITM0015069,HORD004824,PRD0554,1.0,1619.69,1619.69
HITM0015070,HORD004824,PRD0063,1.0,1124.17,1124.17
HITM0015071,HORD004825,PRD0818,1.0,510.62,510.62
HITM0015072,HORD004825,PRD0159,1.0,1165.58,1165.58
HITM0015073,HORD004825,PRD0640,1.0,153.76,153.76
HITM0015074,HORD004825,PRD0525,1.0,904.72,904.72
HITM0015075,HORD004825,PRD0449,1.0,227.09,227.09
HITM0015076,HORD004826,PRD0060,1.0,97.23,97.23
HITM0015077,HORD004826,PRD0030,1.0,159.51,159.51
HITM0015078,HORD004826,PRD0580,1.0,76.83,76.83
HITM0015079,HORD004826,PRD0312,1.0,845.47,845.47
HITM0015080,HORD004827,PRD0478,2.0,111.87,223.74
HITM0015081,HORD004828,PRD0474,1.0,1023.76,1023.76
HITM0015082,HORD004828,PRD0312,1.0,845.47,845.47
HITM0015083,HORD004828,PRD0961,1.0,1724.67,1724.67
HITM0015084,HORD004829,PRD0475,1.0,304.73,304.73
HITM0015085,HORD004830,PRD0239,2.0,1256.88,2513.76
HITM0015086,HORD004830,PRD0215,1.0,915.08,915.08
HITM0015087,HORD004830,PRD0246,1.0,733.57,733.57
HITM0015088,HORD004831,PRD0779,1.0,296.88,296.88
HITM0015089,HORD004831,PRD0916,2.0,265.34,530.68
HITM0015090,HORD004831,PRD0847,1.0,940.4,940.4
HITM0015091,HORD004831,PRD0456,3.0,417.01,1251.03
HITM0015092,HORD004831,PRD0478,1.0,111.87,111.87
HITM0015093,HORD004832,PRD0219,1.0,374.02,374.02
HITM0015094,HORD004832,PRD0874,1.0,2267.23,2267.23
HITM0015095,HORD004832,PRD0648,2.0,210.67,421.34
HITM0015096,HORD004833,PRD0586,1.0,450.26,450.26
HITM0015097,HORD004833,PRD0844,1.0,1996.67,1996.67
HITM0015098,HORD004833,PRD0517,1.0,1366.6,1366.6
HITM0015099,HORD004833,PRD0835,3.0,427.39,1282.17
HITM0015100,HORD004834,PRD0649,1.0,915.45,915.45
HITM0015101,HORD004834,PRD0165,1.0,722.38,722.38
HITM0015102,HORD004834,PRD0010,1.0,15.97,15.97
HITM0015103,HORD004834,PRD0560,2.0,230.25,460.5
HITM0015104,HORD004835,PRD0677,1.0,2307.95,2307.95
HITM0015105,HORD004835,PRD0520,1.0,93.98,93.98
HITM0015106,HORD004835,PRD0974,1.0,2468.26,2468.26
HITM0015107,HORD004835,PRD0832,1.0,646.88,646.88
HITM0015108,HORD004836,PRD0766,1.0,551.34,551.34
HITM0015109,HORD004836,PRD0491,1.0,1093.0,1093.0
HITM0015110,HORD004836,PRD0214,1.0,2414.54,2414.54
HITM0015111,HORD004837,PRD0727,1.0,1546.58,1546.58
HITM0015112,HORD004837,PRD0677,1.0,2307.95,2307.95
HITM0015113,HORD004838,PRD0666,1.0,108.17,108.17
HITM0015114,HORD004838,PRD0278,2.0,100.15,200.3
HITM0015115,HORD004838,PRD0458,1.0,721.39,721.39
HITM0015116,HORD004839,PRD0294,1.0,1781.81,1781.81
HITM0015117,HORD004839,PRD0999,1.0,464.57,464.57
HITM0015118,HORD004840,PRD0168,1.0,325.2,325.2
HITM0015119,HORD004840,PRD0045,1.0,70.08,70.08
HITM0015120,HORD004840,PRD0694,1.0,3973.34,3973.34
HITM0015121,HORD004840,PRD0390,1.0,27.7,27.7
HITM0015122,HORD004840,PRD0103,1.0,540.65,540.65
HITM0015123,HORD004841,PRD0730,2.0,394.42,788.84
HITM0015124,HORD004841,PRD0125,1.0,1004.47,1004.47
HITM0015125,HORD004842,PRD0305,1.0,662.05,662.05
HITM0015126,HORD004842,PRD0909,1.0,1137.09,1137.09
HITM0015127,HORD004842,PRD0265,1.0,255.41,255.41
HITM0015128,HORD004842,PRD0630,1.0,59.46,59.46
HITM0015129,HORD004843,PRD0276,1.0,586.47,586.47
HITM0015130,HORD004843,PRD0546,2.0,426.68,853.36
HITM0015131,HORD004843,PRD0801,1.0,1245.32,1245.32
HITM0015132,HORD004844,PRD0760,1.0,405.95,405.95
HITM0015133,HORD004844,PRD0373,1.0,572.77,572.77
HITM0015134,HORD004844,PRD0912,1.0,1809.29,1809.29
HITM0015135,HORD004844,PRD0960,1.0,103.86,103.86
HITM0015136,HORD004845,PRD0078,2.0,166.61,333.22
HITM0015137,HORD004846,PRD0601,1.0,1666.52,1666.52
HITM0015138,HORD004846,PRD0045,2.0,70.08,140.16
HITM0015139,HORD004846,PRD0554,2.0,1619.69,3239.38
HITM0015140,HORD004846,PRD0659,1.0,293.62,293.62
HITM0015141,HORD004847,PRD0640,1.0,153.76,153.76
HITM0015142,HORD004847,PRD0461,1.0,2080.96,2080.96
HITM0015143,HORD004847,PRD0055,1.0,1172.72,1172.72
HITM0015144,HORD004848,PRD0375,1.0,302.41,302.41
HITM0015145,HORD004848,PRD0488,1.0,482.8,482.8
HITM0015146,HORD004848,PRD0005,1.0,450.36,450.36
HITM0015147,HORD004848,PRD0717,3.0,615.2,1845.6
HITM0015148,HORD004848,PRD0180,2.0,24.86,49.72
HITM0015149,HORD004849,PRD0970,1.0,71.64,71.64
HITM0015150,HORD004849,PRD0883,1.0,1065.61,1065.61
HITM0015151,HORD004850,PRD0645,1.0,886.19,886.19
HITM0015152,HORD004850,PRD0494,1.0,780.48,780.48
HITM0015153,HORD004850,PRD0298,1.0,565.35,565.35
HITM0015154,HORD004850,PRD0460,1.0,99.79,99.79
HITM0015155,HORD004851,PRD0045,1.0,70.08,70.08
HITM0015156,HORD004851,PRD0197,1.0,1349.02,1349.02
HITM0015157,HORD004851,PRD0882,2.0,366.62,733.24
HITM0015158,HORD004851,PRD0420,1.0,202.02,202.02
HITM0015159,HORD004852,PRD0921,1.0,1711.96,1711.96
HITM0015160,HORD004852,PRD0171,1.0,1187.41,1187.41
HITM0015161,HORD004852,PRD0289,1.0,721.6,721.6
HITM0015162,HORD004853,PRD0337,3.0,92.59,277.77
HITM0015163,HORD004853,PRD0768,1.0,912.93,912.93
HITM0015164,HORD004854,PRD0372,1.0,763.17,763.17
HITM0015165,HORD004854,PRD0325,1.0,54.61,54.61
HITM0015166,HORD004854,PRD0285,1.0,136.65,136.65
HITM0015167,HORD004854,PRD0970,2.0,71.64,143.28
HITM0015168,HORD004854,PRD0249,3.0,380.08,1140.24
HITM0015169,HORD004855,PRD0448,2.0,67.35,134.7
HITM0015170,HORD004855,PRD0024,1.0,1506.88,1506.88
HITM0015171,HORD004855,PRD0124,1.0,2036.87,2036.87
HITM0015172,HORD004856,PRD0772,1.0,546.46,546.46
HITM0015173,HORD004856,PRD0222,1.0,1106.86,1106.86
HITM0015174,HORD004856,PRD0270,2.0,145.44,290.88
HITM0015175,HORD004856,PRD0546,2.0,426.68,853.36
HITM0015176,HORD004857,PRD0075,2.0,227.56,455.12
HITM0015177,HORD004857,PRD0542,1.0,720.22,720.22
HITM0015178,HORD004858,PRD0994,1.0,1974.93,1974.93
HITM0015179,HORD004858,PRD0878,1.0,919.03,919.03
HITM0015180,HORD004858,PRD0615,1.0,196.23,196.23
HITM0015181,HORD004858,PRD0859,1.0,870.26,870.26
HITM0015182,HORD004859,PRD0028,1.0,364.14,364.14
HITM0015183,HORD004859,PRD0737,1.0,1942.18,1942.18
HITM0015184,HORD004859,PRD0618,3.0,1068.97,3206.91
HITM0015185,HORD004859,PRD0378,1.0,110.97,110.97
HITM0015186,HORD004859,PRD0370,2.0,143.48,286.96
HITM0015187,HORD004860,PRD0511,1.0,1305.5,1305.5
HITM0015188,HORD004860,PRD0440,1.0,292.13,292.13
HITM0015189,HORD004860,PRD0847,1.0,940.4,940.4
HITM0015190,HORD004860,PRD0360,2.0,14.71,29.42
HITM0015191,HORD004861,PRD0010,1.0,15.97,15.97
HITM0015192,HORD004861,PRD0942,1.0,646.79,646.79
HITM0015193,HORD004862,PRD0316,1.0,28.93,28.93
HITM0015194,HORD004862,PRD0041,2.0,2120.5,4241.0
HITM0015195,HORD004863,PRD0779,2.0,296.88,593.76
HITM0015196,HORD004863,PRD0484,2.0,1275.63,2551.26
HITM0015197,HORD004863,PRD0478,1.0,111.87,111.87
HITM0015198,HORD004863,PRD0882,1.0,366.62,366.62
HITM0015199,HORD004863,PRD0083,1.0,719.56,719.56
HITM0015200,HORD004864,PRD0628,1.0,306.06,306.06
HITM0015201,HORD004864,PRD0557,1.0,1855.06,1855.06
HITM0015202,HORD004864,PRD0465,1.0,1026.13,1026.13
HITM0015203,HORD004864,PRD0226,2.0,155.94,311.88
HITM0015204,HORD004864,PRD0828,1.0,125.24,125.24
HITM0015205,HORD004865,PRD0228,1.0,148.71,148.71
HITM0015206,HORD004865,PRD0115,1.0,895.49,895.49
HITM0015207,HORD004865,PRD0032,2.0,417.41,834.82
HITM0015208,HORD004866,PRD0739,1.0,408.6,408.6
HITM0015209,HORD004867,PRD0250,1.0,335.17,335.17
HITM0015210,HORD004868,PRD0389,2.0,197.05,394.1
HITM0015211,HORD004868,PRD0273,1.0,1515.39,1515.39
HITM0015212,HORD004869,PRD0480,1.0,37.46,37.46
HITM0015213,HORD004869,PRD0239,1.0,1256.88,1256.88
HITM0015214,HORD004869,PRD0356,1.0,302.84,302.84
HITM0015215,HORD004870,PRD0220,3.0,369.39,1108.17
HITM0015216,HORD004870,PRD0096,1.0,329.23,329.23
HITM0015217,HORD004870,PRD0821,1.0,1191.59,1191.59
HITM0015218,HORD004870,PRD0980,2.0,334.19,668.38
HITM0015219,HORD004871,PRD0930,1.0,371.97,371.97
HITM0015220,HORD004871,PRD0717,1.0,615.2,615.2
HITM0015221,HORD004871,PRD0790,1.0,25.52,25.52
HITM0015222,HORD004871,PRD0337,1.0,92.59,92.59
HITM0015223,HORD004872,PRD0915,1.0,763.7,763.7
HITM0015224,HORD004872,PRD0734,1.0,2197.09,2197.09
HITM0015225,HORD004872,PRD0275,1.0,182.18,182.18
HITM0015226,HORD004872,PRD0510,2.0,71.92,143.84
HITM0015227,HORD004873,PRD0658,1.0,140.48,140.48
HITM0015228,HORD004873,PRD0942,1.0,646.79,646.79
HITM0015229,HORD004874,PRD0180,1.0,24.86,24.86
HITM0015230,HORD004874,PRD0210,1.0,91.62,91.62
HITM0015231,HORD004874,PRD0559,1.0,899.23,899.23
HITM0015232,HORD004874,PRD0668,1.0,658.68,658.68
HITM0015233,HORD004875,PRD0337,2.0,92.59,185.18
HITM0015234,HORD004875,PRD0075,1.0,227.56,227.56
HITM0015235,HORD004875,PRD0906,3.0,58.83,176.49
HITM0015236,HORD004876,PRD0163,2.0,1539.62,3079.24
HITM0015237,HORD004876,PRD0592,1.0,748.49,748.49
HITM0015238,HORD004876,PRD0822,1.0,1127.28,1127.28
HITM0015239,HORD004876,PRD0794,1.0,3227.51,3227.51
HITM0015240,HORD004877,PRD0216,1.0,56.76,56.76
HITM0015241,HORD004877,PRD0782,2.0,1330.98,2661.96
HITM0015242,HORD004877,PRD0117,1.0,1153.53,1153.53
HITM0015243,HORD004877,PRD0026,1.0,304.81,304.81
HITM0015244,HORD004877,PRD0833,1.0,1413.97,1413.97
HITM0015245,HORD004878,PRD0476,1.0,59.63,59.63
HITM0015246,HORD004879,PRD0193,1.0,609.21,609.21
HITM0015247,HORD004879,PRD0108,1.0,186.84,186.84
HITM0015248,HORD004880,PRD0050,2.0,202.62,405.24
HITM0015249,HORD004881,PRD0987,1.0,925.55,925.55
HITM0015250,HORD004881,PRD0652,1.0,1465.81,1465.81
HITM0015251,HORD004881,PRD0595,1.0,521.69,521.69
HITM0015252,HORD004882,PRD0039,1.0,980.04,980.04
HITM0015253,HORD004882,PRD0525,1.0,904.72,904.72
HITM0015254,HORD004882,PRD0109,2.0,516.32,1032.64
HITM0015255,HORD004883,PRD0142,1.0,1815.54,1815.54
HITM0015256,HORD004883,PRD0586,1.0,450.26,450.26
HITM0015257,HORD004884,PRD0921,3.0,1711.96,5135.88
HITM0015258,HORD004884,PRD0889,1.0,252.57,252.57
HITM0015259,HORD004884,PRD0582,1.0,1682.59,1682.59
HITM0015260,HORD004885,PRD0342,1.0,1733.12,1733.12
HITM0015261,HORD004886,PRD0658,1.0,140.48,140.48
HITM0015262,HORD004886,PRD0012,2.0,1367.99,2735.98
HITM0015263,HORD004886,PRD0568,1.0,272.51,272.51
HITM0015264,HORD004886,PRD0207,1.0,1299.41,1299.41
HITM0015265,HORD004887,PRD0450,3.0,138.07,414.21
HITM0015266,HORD004887,PRD0770,1.0,254.66,254.66
HITM0015267,HORD004888,PRD0831,1.0,1201.57,1201.57
HITM0015268,HORD004888,PRD0515,1.0,421.93,421.93
HITM0015269,HORD004888,PRD0251,1.0,954.37,954.37
HITM0015270,HORD004888,PRD0602,1.0,1279.42,1279.42
HITM0015271,HORD004889,PRD0062,3.0,1554.42,4663.26
HITM0015272,HORD004889,PRD0124,1.0,2036.87,2036.87
HITM0015273,HORD004889,PRD0824,1.0,1637.86,1637.86
HITM0015274,HORD004889,PRD0668,1.0,658.68,658.68
HITM0015275,HORD004889,PRD0836,2.0,726.47,1452.94
HITM0015276,HORD004890,PRD0894,1.0,1604.45,1604.45
HITM0015277,HORD004890,PRD0792,2.0,1745.87,3491.74
HITM0015278,HORD004890,PRD0774,1.0,4016.42,4016.42
HITM0015279,HORD004891,PRD0304,1.0,524.3,524.3
HITM0015280,HORD004891,PRD0465,2.0,1026.13,2052.26
HITM0015281,HORD004891,PRD0971,1.0,1416.11,1416.11
HITM0015282,HORD004891,PRD0710,2.0,302.55,605.1
HITM0015283,HORD004892,PRD0928,1.0,739.11,739.11
HITM0015284,HORD004892,PRD0853,1.0,1456.04,1456.04
HITM0015285,HORD004892,PRD0100,1.0,122.42,122.42
HITM0015286,HORD004892,PRD0118,1.0,461.86,461.86
HITM0015287,HORD004893,PRD0375,1.0,302.41,302.41
HITM0015288,HORD004893,PRD0174,2.0,3910.58,7821.16
HITM0015289,HORD004894,PRD0706,2.0,746.72,1493.44
HITM0015290,HORD004894,PRD0818,1.0,510.62,510.62
HITM0015291,HORD004895,PRD0650,1.0,367.95,367.95
HITM0015292,HORD004895,PRD0015,1.0,184.83,184.83
HITM0015293,HORD004895,PRD0150,1.0,27.72,27.72
HITM0015294,HORD004896,PRD0308,2.0,1053.94,2107.88
HITM0015295,HORD004896,PRD0750,1.0,203.37,203.37
HITM0015296,HORD004896,PRD0314,1.0,2377.47,2377.47
HITM0015297,HORD004896,PRD0575,1.0,357.22,357.22
HITM0015298,HORD004897,PRD0935,1.0,249.9,249.9
HITM0015299,HORD004897,PRD0169,2.0,1057.68,2115.36
HITM0015300,HORD004898,PRD0046,1.0,690.5,690.5
HITM0015301,HORD004898,PRD0690,3.0,306.64,919.92
HITM0015302,HORD004899,PRD0391,1.0,1089.38,1089.38
HITM0015303,HORD004899,PRD0357,2.0,193.87,387.74
HITM0015304,HORD004899,PRD0300,1.0,30.76,30.76
HITM0015305,HORD004899,PRD0614,2.0,3562.62,7125.24
HITM0015306,HORD004900,PRD0913,1.0,645.54,645.54
HITM0015307,HORD004900,PRD0229,1.0,412.68,412.68
HITM0015308,HORD004900,PRD0667,1.0,424.48,424.48
HITM0015309,HORD004900,PRD0589,3.0,675.7,2027.1
HITM0015310,HORD004900,PRD0508,1.0,637.75,637.75
HITM0015311,HORD004901,PRD0866,1.0,328.46,328.46
HITM0015312,HORD004901,PRD0039,1.0,980.04,980.04
HITM0015313,HORD004901,PRD0503,1.0,866.27,866.27
HITM0015314,HORD004901,PRD0310,1.0,318.45,318.45
HITM0015315,HORD004902,PRD0627,1.0,2451.16,2451.16
HITM0015316,HORD004902,PRD0905,1.0,760.24,760.24
HITM0015317,HORD004902,PRD0554,2.0,1619.69,3239.38
HITM0015318,HORD004903,PRD0258,1.0,171.41,171.41
HITM0015319,HORD004903,PRD0790,1.0,25.52,25.52
HITM0015320,HORD004903,PRD0970,1.0,71.64,71.64
HITM0015321,HORD004904,PRD0648,1.0,210.67,210.67
HITM0015322,HORD004904,PRD0319,1.0,1203.94,1203.94
HITM0015323,HORD004904,PRD0180,1.0,24.86,24.86
HITM0015324,HORD004904,PRD0702,1.0,768.26,768.26
HITM0015325,HORD004905,PRD0587,2.0,103.55,207.1
HITM0015326,HORD004905,PRD0666,3.0,108.17,324.51
HITM0015327,HORD004906,PRD0375,1.0,302.41,302.41
HITM0015328,HORD004906,PRD0282,1.0,1401.95,1401.95
HITM0015329,HORD004906,PRD0875,1.0,916.11,916.11
HITM0015330,HORD004906,PRD0890,1.0,273.8,273.8
HITM0015331,HORD004907,PRD0308,1.0,1053.94,1053.94
HITM0015332,HORD004907,PRD0498,1.0,753.34,753.34
HITM0015333,HORD004908,PRD0856,1.0,415.09,415.09
HITM0015334,HORD004908,PRD0864,2.0,2617.37,5234.74
HITM0015335,HORD004908,PRD0356,2.0,302.84,605.68
HITM0015336,HORD004908,PRD0230,3.0,266.68,800.04
HITM0015337,HORD004909,PRD0434,1.0,2443.59,2443.59
HITM0015338,HORD004909,PRD0894,1.0,1604.45,1604.45
HITM0015339,HORD004909,PRD0972,1.0,903.07,903.07
HITM0015340,HORD004909,PRD0074,2.0,2480.38,4960.76
HITM0015341,HORD004910,PRD0365,1.0,884.05,884.05
HITM0015342,HORD004911,PRD0840,2.0,148.97,297.94
HITM0015343,HORD004911,PRD0070,1.0,283.3,283.3
HITM0015344,HORD004911,PRD0885,1.0,510.35,510.35
HITM0015345,HORD004912,PRD0225,2.0,213.62,427.24
HITM0015346,HORD004912,PRD0618,1.0,1068.97,1068.97
HITM0015347,HORD004912,PRD0304,1.0,524.3,524.3
HITM0015348,HORD004912,PRD0780,1.0,191.96,191.96
HITM0015349,HORD004913,PRD0573,1.0,394.67,394.67
HITM0015350,HORD004913,PRD0967,1.0,571.48,571.48
HITM0015351,HORD004913,PRD0199,1.0,290.9,290.9
HITM0015352,HORD004914,PRD0898,1.0,236.36,236.36
HITM0015353,HORD004914,PRD0622,1.0,1882.1,1882.1
HITM0015354,HORD004914,PRD0732,1.0,685.95,685.95
HITM0015355,HORD004915,PRD0169,1.0,1057.68,1057.68
HITM0015356,HORD004915,PRD0223,1.0,427.66,427.66
HITM0015357,HORD004915,PRD0866,1.0,328.46,328.46
HITM0015358,HORD004916,PRD0688,2.0,231.65,463.3
HITM0015359,HORD004916,PRD0586,2.0,450.26,900.52
HITM0015360,HORD004916,PRD0297,2.0,1540.93,3081.86
HITM0015361,HORD004917,PRD0178,1.0,317.56,317.56
HITM0015362,HORD004917,PRD0627,2.0,2451.16,4902.32
HITM0015363,HORD004917,PRD0494,3.0,780.48,2341.44
HITM0015364,HORD004917,PRD0826,1.0,272.89,272.89
HITM0015365,HORD004918,PRD0716,3.0,242.32,726.96
HITM0015366,HORD004918,PRD0229,1.0,412.68,412.68
HITM0015367,HORD004919,PRD0896,1.0,502.67,502.67
HITM0015368,HORD004919,PRD0085,1.0,304.21,304.21
HITM0015369,HORD004919,PRD0357,1.0,193.87,193.87
HITM0015370,HORD004920,PRD0369,2.0,462.08,924.16
HITM0015371,HORD004920,PRD0489,1.0,264.6,264.6
HITM0015372,HORD004920,PRD0442,1.0,1625.44,1625.44
HITM0015373,HORD004920,PRD0312,1.0,845.47,845.47
HITM0015374,HORD004921,PRD0356,1.0,302.84,302.84
HITM0015375,HORD004921,PRD0312,1.0,845.47,845.47
HITM0015376,HORD004921,PRD0571,1.0,3138.88,3138.88
HITM0015377,HORD004921,PRD0220,1.0,369.39,369.39
HITM0015378,HORD004922,PRD0079,1.0,994.48,994.48
HITM0015379,HORD004922,PRD0619,2.0,180.89,361.78
HITM0015380,HORD004922,PRD0491,1.0,1093.0,1093.0
HITM0015381,HORD004922,PRD0940,2.0,139.21,278.42
HITM0015382,HORD004923,PRD0065,1.0,729.67,729.67
HITM0015383,HORD004923,PRD0785,1.0,611.01,611.01
HITM0015384,HORD004923,PRD0293,1.0,399.18,399.18
HITM0015385,HORD004924,PRD0100,1.0,122.42,122.42
HITM0015386,HORD004924,PRD0769,1.0,809.07,809.07
HITM0015387,HORD004924,PRD0218,1.0,838.07,838.07
HITM0015388,HORD004925,PRD0697,1.0,1104.18,1104.18
HITM0015389,HORD004925,PRD0548,1.0,181.04,181.04
HITM0015390,HORD004925,PRD0673,1.0,1324.45,1324.45
HITM0015391,HORD004925,PRD0436,1.0,99.16,99.16
HITM0015392,HORD004926,PRD0010,2.0,15.97,31.94
HITM0015393,HORD004926,PRD0092,2.0,1623.69,3247.38
HITM0015394,HORD004927,PRD0055,1.0,1172.72,1172.72
HITM0015395,HORD004927,PRD0466,1.0,283.41,283.41
HITM0015396,HORD004927,PRD0943,1.0,940.81,940.81
HITM0015397,HORD004928,PRD0715,2.0,343.66,687.32
HITM0015398,HORD004928,PRD0110,1.0,250.51,250.51
HITM0015399,HORD004928,PRD0916,1.0,265.34,265.34
HITM0015400,HORD004929,PRD0529,1.0,1448.34,1448.34
HITM0015401,HORD004929,PRD0539,1.0,125.14,125.14
HITM0015402,HORD004929,PRD0879,3.0,746.36,2239.08
HITM0015403,HORD004929,PRD0417,2.0,318.04,636.08
HITM0015404,HORD004930,PRD0965,1.0,271.51,271.51
HITM0015405,HORD004930,PRD0906,1.0,58.83,58.83
HITM0015406,HORD004930,PRD0766,1.0,551.34,551.34
HITM0015407,HORD004931,PRD0746,1.0,130.44,130.44
HITM0015408,HORD004931,PRD0278,2.0,100.15,200.3
HITM0015409,HORD004931,PRD0887,2.0,111.87,223.74
HITM0015410,HORD004931,PRD0134,1.0,3468.51,3468.51
HITM0015411,HORD004932,PRD0828,1.0,125.24,125.24
HITM0015412,HORD004932,PRD0977,2.0,352.01,704.02
HITM0015413,HORD004933,PRD0348,1.0,1003.34,1003.34
HITM0015414,HORD004933,PRD0120,2.0,319.18,638.36
HITM0015415,HORD004933,PRD0143,2.0,1501.79,3003.58
HITM0015416,HORD004934,PRD0056,1.0,318.87,318.87
HITM0015417,HORD004934,PRD0781,1.0,1410.25,1410.25
HITM0015418,HORD004934,PRD0940,1.0,139.21,139.21
HITM0015419,HORD004935,PRD0250,1.0,335.17,335.17
HITM0015420,HORD004935,PRD0688,1.0,231.65,231.65
HITM0015421,HORD004936,PRD0442,1.0,1625.44,1625.44
HITM0015422,HORD004937,PRD0150,3.0,27.72,83.16
HITM0015423,HORD004937,PRD0189,1.0,1154.51,1154.51
HITM0015424,HORD004938,PRD0827,1.0,2008.13,2008.13
HITM0015425,HORD004938,PRD0274,1.0,2383.39,2383.39
HITM0015426,HORD004938,PRD0359,1.0,169.12,169.12
HITM0015427,HORD004939,PRD0270,1.0,145.44,145.44
HITM0015428,HORD004939,PRD0786,2.0,211.68,423.36
HITM0015429,HORD004939,PRD0860,1.0,148.71,148.71
HITM0015430,HORD004940,PRD0308,1.0,1053.94,1053.94
HITM0015431,HORD004940,PRD0010,2.0,15.97,31.94
HITM0015432,HORD004940,PRD0830,1.0,87.0,87.0
HITM0015433,HORD004940,PRD0790,1.0,25.52,25.52
HITM0015434,HORD004941,PRD0858,2.0,251.31,502.62
HITM0015435,HORD004941,PRD0563,1.0,270.8,270.8
HITM0015436,HORD004941,PRD0134,1.0,3468.51,3468.51
HITM0015437,HORD004941,PRD0737,1.0,1942.18,1942.18
HITM0015438,HORD004942,PRD0304,1.0,524.3,524.3
HITM0015439,HORD004943,PRD0696,1.0,107.86,107.86
HITM0015440,HORD004943,PRD0816,1.0,354.93,354.93
HITM0015441,HORD004944,PRD0784,1.0,3454.65,3454.65
HITM0015442,HORD004944,PRD0471,1.0,2346.96,2346.96
HITM0015443,HORD004944,PRD0805,1.0,151.93,151.93
HITM0015444,HORD004944,PRD0138,2.0,316.0,632.0
HITM0015445,HORD004945,PRD0748,1.0,176.05,176.05
HITM0015446,HORD004945,PRD0240,2.0,113.94,227.88
HITM0015447,HORD004945,PRD0667,1.0,424.48,424.48
HITM0015448,HORD004946,PRD0635,1.0,626.79,626.79
HITM0015449,HORD004946,PRD0194,1.0,1326.23,1326.23
HITM0015450,HORD004946,PRD0310,2.0,318.45,636.9
HITM0015451,HORD004946,PRD0004,1.0,466.88,466.88
HITM0015452,HORD004947,PRD0835,1.0,427.39,427.39
HITM0015453,HORD004947,PRD0979,1.0,1102.97,1102.97
HITM0015454,HORD004947,PRD0123,1.0,322.81,322.81
HITM0015455,HORD004948,PRD0784,1.0,3454.65,3454.65
HITM0015456,HORD004948,PRD0498,1.0,753.34,753.34
HITM0015457,HORD004949,PRD0734,1.0,2197.09,2197.09
HITM0015458,HORD004949,PRD0969,3.0,1459.43,4378.29
HITM0015459,HORD004950,PRD0898,2.0,236.36,472.72
HITM0015460,HORD004950,PRD0617,2.0,1897.96,3795.92
HITM0015461,HORD004950,PRD0255,1.0,783.42,783.42
HITM0015462,HORD004950,PRD0509,3.0,866.14,2598.42
HITM0015463,HORD004951,PRD0180,1.0,24.86,24.86
HITM0015464,HORD004952,PRD0361,1.0,3013.48,3013.48
HITM0015465,HORD004952,PRD0314,1.0,2377.47,2377.47
HITM0015466,HORD004952,PRD0863,1.0,1009.18,1009.18
HITM0015467,HORD004952,PRD0106,1.0,217.23,217.23
HITM0015468,HORD004953,PRD0818,1.0,510.62,510.62
HITM0015469,HORD004953,PRD0580,1.0,76.83,76.83
HITM0015470,HORD004953,PRD0266,1.0,424.49,424.49
HITM0015471,HORD004953,PRD0272,1.0,721.72,721.72
HITM0015472,HORD004954,PRD0778,1.0,981.57,981.57
HITM0015473,HORD004954,PRD0280,1.0,34.27,34.27
HITM0015474,HORD004954,PRD0641,1.0,934.18,934.18
HITM0015475,HORD004955,PRD0848,1.0,503.4,503.4
HITM0015476,HORD004955,PRD0016,1.0,348.79,348.79
HITM0015477,HORD004955,PRD0954,1.0,3030.23,3030.23
HITM0015478,HORD004956,PRD0231,1.0,2034.99,2034.99
HITM0015479,HORD004957,PRD0005,1.0,450.36,450.36
HITM0015480,HORD004957,PRD0674,1.0,2346.31,2346.31
HITM0015481,HORD004958,PRD0544,2.0,1918.0,3836.0
HITM0015482,HORD004958,PRD0140,1.0,54.35,54.35
HITM0015483,HORD004958,PRD0316,2.0,28.93,57.86
HITM0015484,HORD004959,PRD0476,2.0,59.63,119.26
HITM0015485,HORD004959,PRD0632,1.0,1094.69,1094.69
HITM0015486,HORD004959,PRD0526,2.0,149.19,298.38
HITM0015487,HORD004959,PRD0352,1.0,1479.5,1479.5
HITM0015488,HORD004960,PRD0272,2.0,721.72,1443.44
HITM0015489,HORD004960,PRD0520,1.0,93.98,93.98
HITM0015490,HORD004960,PRD0497,3.0,1686.58,5059.74
HITM0015491,HORD004960,PRD0563,1.0,270.8,270.8
HITM0015492,HORD004961,PRD0828,2.0,125.24,250.48
HITM0015493,HORD004961,PRD0804,2.0,1164.25,2328.5
HITM0015494,HORD004961,PRD0442,1.0,1625.44,1625.44
HITM0015495,HORD004961,PRD0472,1.0,1096.23,1096.23
HITM0015496,HORD004962,PRD0225,1.0,213.62,213.62
HITM0015497,HORD004962,PRD0068,1.0,190.2,190.2
HITM0015498,HORD004963,PRD0645,2.0,886.19,1772.38
HITM0015499,HORD004963,PRD0856,1.0,415.09,415.09
HITM0015500,HORD004964,PRD0812,2.0,1836.96,3673.92
HITM0015501,HORD004964,PRD0661,2.0,1397.85,2795.7
HITM0015502,HORD004964,PRD0851,2.0,1384.1,2768.2
HITM0015503,HORD004965,PRD0962,1.0,1519.3,1519.3
HITM0015504,HORD004965,PRD0140,1.0,54.35,54.35
HITM0015505,HORD004966,PRD0850,2.0,308.86,617.72
HITM0015506,HORD004966,PRD0508,1.0,637.75,637.75
HITM0015507,HORD004967,PRD0638,1.0,248.57,248.57
HITM0015508,HORD004967,PRD0982,1.0,921.88,921.88
HITM0015509,HORD004967,PRD0850,2.0,308.86,617.72
HITM0015510,HORD004968,PRD0150,2.0,27.72,55.44
HITM0015511,HORD004968,PRD0639,1.0,1043.97,1043.97
HITM0015512,HORD004968,PRD0941,2.0,2905.2,5810.4
HITM0015513,HORD004969,PRD0525,1.0,904.72,904.72
HITM0015514,HORD004969,PRD0960,1.0,103.86,103.86
HITM0015515,HORD004969,PRD0913,1.0,645.54,645.54
HITM0015516,HORD004969,PRD0106,3.0,217.23,651.69
HITM0015517,HORD004970,PRD0182,1.0,589.1,589.1
HITM0015518,HORD004970,PRD0354,1.0,2306.23,2306.23
HITM0015519,HORD004970,PRD0699,3.0,1495.41,4486.23
HITM0015520,HORD004970,PRD0680,2.0,46.75,93.5
HITM0015521,HORD004971,PRD0349,1.0,986.72,986.72
HITM0015522,HORD004971,PRD0555,1.0,407.18,407.18
HITM0015523,HORD004972,PRD0224,1.0,1301.36,1301.36
HITM0015524,HORD004972,PRD0583,2.0,981.15,1962.3
HITM0015525,HORD004972,PRD0447,1.0,79.94,79.94
HITM0015526,HORD004973,PRD0012,1.0,1367.99,1367.99
HITM0015527,HORD004973,PRD0042,1.0,1230.08,1230.08
HITM0015528,HORD004974,PRD0480,1.0,37.46,37.46
HITM0015529,HORD004974,PRD0782,1.0,1330.98,1330.98
HITM0015530,HORD004974,PRD0921,1.0,1711.96,1711.96
HITM0015531,HORD004974,PRD0844,1.0,1996.67,1996.67
HITM0015532,HORD004974,PRD0809,1.0,929.49,929.49
HITM0015533,HORD004975,PRD0848,2.0,503.4,1006.8
HITM0015534,HORD004975,PRD0394,1.0,3284.35,3284.35
HITM0015535,HORD004975,PRD0006,1.0,813.94,813.94
HITM0015536,HORD004975,PRD0918,1.0,342.99,342.99
HITM0015537,HORD004976,PRD0664,1.0,2839.43,2839.43
HITM0015538,HORD004976,PRD0579,2.0,878.27,1756.54
HITM0015539,HORD004977,PRD0114,1.0,2615.62,2615.62
HITM0015540,HORD004977,PRD0942,1.0,646.79,646.79
HITM0015541,HORD004977,PRD0110,1.0,250.51,250.51
HITM0015542,HORD004977,PRD0456,1.0,417.01,417.01
HITM0015543,HORD004978,PRD0755,1.0,683.65,683.65
HITM0015544,HORD004978,PRD0884,3.0,586.48,1759.44
HITM0015545,HORD004978,PRD0082,2.0,383.13,766.26
HITM0015546,HORD004978,PRD0304,1.0,524.3,524.3
HITM0015547,HORD004979,PRD0090,3.0,166.35,499.05
HITM0015548,HORD004979,PRD0740,1.0,194.14,194.14
HITM0015549,HORD004979,PRD0456,1.0,417.01,417.01
HITM0015550,HORD004979,PRD0475,3.0,304.73,914.19
HITM0015551,HORD004980,PRD0499,1.0,1327.93,1327.93
HITM0015552,HORD004980,PRD0932,3.0,1316.49,3949.47
HITM0015553,HORD004980,PRD0020,1.0,153.47,153.47
HITM0015554,HORD004980,PRD0865,1.0,558.87,558.87
HITM0015555,HORD004980,PRD0510,2.0,71.92,143.84
HITM0015556,HORD004981,PRD0205,1.0,1189.79,1189.79
HITM0015557,HORD004981,PRD0587,3.0,103.55,310.65
HITM0015558,HORD004981,PRD0256,2.0,336.19,672.38
HITM0015559,HORD004982,PRD0096,2.0,329.23,658.46
HITM0015560,HORD004982,PRD0999,1.0,464.57,464.57
HITM0015561,HORD004982,PRD0260,1.0,73.31,73.31
HITM0015562,HORD004982,PRD0100,1.0,122.42,122.42
HITM0015563,HORD004983,PRD0935,1.0,249.9,249.9
HITM0015564,HORD004983,PRD0370,1.0,143.48,143.48
HITM0015565,HORD004983,PRD0396,1.0,120.07,120.07
HITM0015566,HORD004983,PRD0060,1.0,97.23,97.23
HITM0015567,HORD004984,PRD0366,1.0,496.46,496.46
HITM0015568,HORD004984,PRD0647,2.0,1397.05,2794.1
HITM0015569,HORD004984,PRD0894,1.0,1604.45,1604.45
HITM0015570,HORD004985,PRD0289,1.0,721.6,721.6
HITM0015571,HORD004985,PRD0765,1.0,126.56,126.56
HITM0015572,HORD004985,PRD0954,1.0,3030.23,3030.23
HITM0015573,HORD004985,PRD0336,3.0,823.14,2469.42
HITM0015574,HORD004986,PRD0337,1.0,92.59,92.59
HITM0015575,HORD004986,PRD0078,2.0,166.61,333.22
HITM0015576,HORD004986,PRD0301,1.0,1847.23,1847.23
HITM0015577,HORD004987,PRD0035,1.0,410.43,410.43
HITM0015578,HORD004987,PRD0348,2.0,1003.34,2006.68
HITM0015579,HORD004987,PRD0884,3.0,586.48,1759.44
HITM0015580,HORD004987,PRD0882,1.0,366.62,366.62
HITM0015581,HORD004988,PRD0123,1.0,322.81,322.81
HITM0015582,HORD004988,PRD0060,1.0,97.23,97.23
HITM0015583,HORD004988,PRD0554,1.0,1619.69,1619.69
HITM0015584,HORD004989,PRD0317,1.0,1875.46,1875.46
HITM0015585,HORD004990,PRD0852,1.0,516.19,516.19
HITM0015586,HORD004991,PRD0884,1.0,586.48,586.48
HITM0015587,HORD004991,PRD0420,1.0,202.02,202.02
HITM0015588,HORD004991,PRD0263,2.0,1272.94,2545.88
HITM0015589,HORD004992,PRD0721,3.0,1812.9,5438.7
HITM0015590,HORD004992,PRD0100,1.0,122.42,122.42
HITM0015591,HORD004992,PRD0599,1.0,1206.34,1206.34
HITM0015592,HORD004993,PRD0420,1.0,202.02,202.02
HITM0015593,HORD004993,PRD0265,1.0,255.41,255.41
HITM0015594,HORD004993,PRD0830,2.0,87.0,174.0
HITM0015595,HORD004993,PRD0493,1.0,1550.96,1550.96
HITM0015596,HORD004994,PRD0461,1.0,2080.96,2080.96
HITM0015597,HORD004994,PRD0360,1.0,14.71,14.71
HITM0015598,HORD004994,PRD0814,1.0,2358.42,2358.42
HITM0015599,HORD004994,PRD0874,1.0,2267.23,2267.23
HITM0015600,HORD004995,PRD0781,2.0,1410.25,2820.5
HITM0015601,HORD004995,PRD0386,1.0,109.17,109.17
HITM0015602,HORD004995,PRD0059,2.0,721.08,1442.16
HITM0015603,HORD004995,PRD0401,1.0,1541.92,1541.92
HITM0015604,HORD004996,PRD0476,2.0,59.63,119.26
HITM0015605,HORD004996,PRD0480,1.0,37.46,37.46
HITM0015606,HORD004996,PRD0408,1.0,680.47,680.47
HITM0015607,HORD004996,PRD0490,1.0,20.66,20.66
HITM0015608,HORD004997,PRD0939,1.0,1091.13,1091.13
HITM0015609,HORD004997,PRD0717,2.0,615.2,1230.4
HITM0015610,HORD004998,PRD0290,1.0,61.51,61.51
HITM0015611,HORD004998,PRD0231,1.0,2034.99,2034.99
HITM0015612,HORD004999,PRD0543,1.0,398.13,398.13
HITM0015613,HORD004999,PRD0887,2.0,111.87,223.74
HITM0015614,HORD004999,PRD0332,1.0,560.39,560.39
HITM0015615,HORD004999,PRD0008,1.0,799.44,799.44
HITM0015616,HORD005000,PRD0150,1.0,27.72,27.72
HITM0015617,HORD005000,PRD0684,1.0,1584.7,1584.7
HITM0015618,HORD005000,PRD0270,1.0,145.44,145.44
