delivery_id,order_id,dispatch_date,promised_date,delivered_date,carrier,service_level,delivery_status,delay_days,on_time_in_full,fulfilment_hours,delivery_cost,delay_reason,promised_days,tracking_event_count,delivery_window,shipping_distance_km,signature_required,estimated_carbon_kg
HDEL000001,HORD000001,2018-03-28,2018-04-01,2018-03-30,StarTrack,Standard,Delivered,0.0,True,41.0,10.69,none,4.0,6.0,Afternoon,7.1393,True,0.486
HDEL000002,HORD000002,2018-12-16,2018-12-21,2018-12-26,Direct Freight,Standard,Delivered,5.0,False,61.0,8.19,weather,5.0,8.0,Anytime,1.9118,True,0.814
HDEL000003,HORD000003,2018-02-22,2018-02-26,2018-02-24,StarTrack,Standard,Delivered,0.0,True,30.0,9.93,none,4.0,6.0,Morning,6.063,False,0.377
HDEL000004,HORD000004,2018-02-20,2018-02-23,2018-02-22,AusPost,Standard,Delivered,0.0,True,65.0,7.96,none,3.0,7.0,Afternoon,4.8578,True,0.575
HDEL000005,HORD000005,2018-11-26,2018-12-01,2018-12-02,StarTrack,Standard,Delivered,1.0,False,23.0,7.7,carrier_capacity,5.0,5.0,Morning,4.7826,True,1.461
HDEL000006,HORD000006,2018-07-13,2018-07-20,2018-07-23,DHL,Standard,Delivered,3.0,False,14.0,11.43,warehouse_congestion,7.0,3.0,Anytime,5.2928,True,0.481
HDEL000007,HORD000007,2018-01-28,2018-02-03,2018-02-02,DHL,Standard,Delivered,0.0,True,16.0,5.89,none,6.0,9.0,Morning,0.5058,True,0.271
HDEL000008,HORD000008,2018-06-03,2018-06-08,2018-06-08,Direct Freight,Standard,Delivered,0.0,True,51.0,9.96,none,5.0,8.0,Anytime,2.5674,False,0.263
HDEL000009,HORD000009,2018-08-30,2018-09-04,2018-09-03,DHL,Express,Delivered,0.0,True,59.0,20.2,none,5.0,9.0,Anytime,3.286,True,0.484
HDEL000010,HORD000010,2018-12-29,2019-01-01,2018-12-30,DHL,Standard,Delivered,0.0,True,33.0,9.31,none,3.0,6.0,Afternoon,5.0456,True,0.443
HDEL000011,HORD000011,2018-01-20,2018-01-27,2018-01-27,StarTrack,Express,Delivered,0.0,True,54.0,14.74,none,7.0,5.0,Afternoon,0.6581,True,0.367
HDEL000012,HORD000012,2018-07-10,2018-07-17,2018-07-15,AusPost,Express,Delivered,0.0,True,19.0,27.21,none,7.0,7.0,Morning,8.0082,False,0.451
HDEL000013,HORD000013,2018-09-08,2018-09-15,2018-09-14,AusPost,Standard,Delivered,0.0,True,41.0,8.56,none,7.0,3.0,Afternoon,4.932,False,0.512
HDEL000014,HORD000014,2018-11-26,2018-12-02,2018-12-01,StarTrack,Express,Delivered,0.0,True,60.0,19.99,none,6.0,3.0,Afternoon,9.7484,False,0.508
HDEL000015,HORD000015,2018-05-10,2018-05-16,2018-05-16,Direct Freight,Standard,Delivered,0.0,True,48.0,5.27,none,6.0,9.0,Afternoon,1.0315,True,0.364
HDEL000016,HORD000016,2018-08-29,2018-09-05,2018-09-08,StarTrack,Standard,Delivered,3.0,False,16.0,10.66,warehouse_congestion,7.0,8.0,Anytime,1.8801,True,1.002
HDEL000017,HORD000017,2018-01-28,2018-01-31,2018-01-30,Direct Freight,Standard,Delivered,0.0,True,73.0,8.82,none,3.0,6.0,Anytime,3.94,True,0.525
HDEL000018,HORD000018,2018-11-08,2018-11-15,2018-11-15,StarTrack,Standard,Delivered,0.0,True,36.0,10.13,none,7.0,8.0,Anytime,6.4246,False,0.515
HDEL000019,HORD000019,2018-04-14,2018-04-18,2018-04-17,StarTrack,Standard,Delivered,0.0,True,41.0,11.0,none,4.0,9.0,Morning,7.1589,False,0.479
HDEL000020,HORD000020,2018-07-30,2018-08-02,2018-08-01,DHL,Standard,Delivered,0.0,True,12.0,10.87,none,3.0,7.0,Anytime,5.9648,True,0.465
HDEL000021,HORD000021,2018-08-28,2018-09-01,2018-09-01,StarTrack,Standard,Delivered,0.0,True,2.0,10.17,none,4.0,3.0,Morning,4.6779,True,0.484
HDEL000022,HORD000022,2018-03-20,2018-03-24,2018-03-22,StarTrack,Standard,Delivered,0.0,True,11.0,7.33,none,4.0,6.0,Anytime,3.025,True,1.095
HDEL000023,HORD000023,2018-09-25,2018-09-29,2018-09-27,StarTrack,Standard,Delivered,0.0,True,38.0,10.63,none,4.0,4.0,Anytime,6.9656,True,0.504
HDEL000024,HORD000024,2018-11-23,2018-11-28,2018-11-28,StarTrack,Express,Delivered,0.0,True,23.0,16.16,none,5.0,8.0,Morning,7.38,True,0.558
HDEL000025,HORD000025,2018-10-28,2018-11-01,2018-11-01,DHL,Standard,Delivered,0.0,True,2.0,6.73,none,4.0,9.0,Anytime,1.5951,True,0.276
HDEL000026,HORD000026,2018-04-03,2018-04-09,2018-04-09,StarTrack,Express,Delivered,0.0,True,2.0,18.3,none,6.0,9.0,Morning,3.89,True,1.046
HDEL000027,HORD000027,2018-12-21,2018-12-27,2018-12-25,StarTrack,Express,Delivered,0.0,True,73.0,18.74,none,6.0,7.0,Afternoon,5.8366,False,0.377
HDEL000028,HORD000028,2018-12-25,2019-01-01,2019-01-03,Direct Freight,Standard,Delivered,2.0,False,36.0,12.27,weather,7.0,8.0,Morning,9.4002,True,1.974
HDEL000029,HORD000029,2018-07-26,2018-07-31,2018-07-31,Direct Freight,Standard,Delivered,0.0,True,39.0,9.59,none,5.0,4.0,Afternoon,2.9003,True,0.423
HDEL000030,HORD000030,2018-12-27,2018-12-31,2018-12-31,DHL,Standard,Delivered,0.0,True,6.0,10.38,none,4.0,4.0,Morning,7.5212,True,0.465
HDEL000031,HORD000031,2018-10-13,2018-10-18,2018-10-18,AusPost,Standard,Delivered,0.0,True,29.0,8.58,none,5.0,8.0,Morning,4.8491,True,1.114
HDEL000032,HORD000032,2018-09-22,2018-09-29,2018-09-28,DHL,Express,Delivered,0.0,True,45.0,13.75,none,7.0,7.0,Morning,3.6405,True,0.395
HDEL000033,HORD000033,2018-05-23,2018-05-26,2018-05-24,StarTrack,Standard,Delivered,0.0,True,71.0,10.43,none,3.0,6.0,Anytime,5.9827,True,0.44
HDEL000034,HORD000034,2018-01-18,2018-01-22,2018-01-22,AusPost,Standard,Delivered,0.0,True,69.0,8.24,none,4.0,5.0,Anytime,4.6204,True,0.393
HDEL000035,HORD000035,2018-01-10,2018-01-13,2018-01-13,AusPost,Standard,Delivered,0.0,True,71.0,10.6,none,3.0,6.0,Afternoon,7.1859,True,1.085
HDEL000036,HORD000036,2018-03-25,2018-03-30,2018-03-29,DHL,Standard,Delivered,0.0,True,64.0,7.02,none,5.0,8.0,Anytime,1.2497,True,1.172
HDEL000037,HORD000037,2018-11-28,2018-12-01,2018-11-30,StarTrack,Standard,Delivered,0.0,True,38.0,11.12,none,3.0,3.0,Anytime,8.0821,True,0.517
HDEL000038,HORD000038,2018-01-15,2018-01-19,2018-01-17,StarTrack,Standard,Delivered,0.0,True,30.0,8.65,none,4.0,3.0,Afternoon,6.9271,False,0.435
HDEL000039,HORD000039,2018-07-13,2018-07-16,2018-07-14,AusPost,Express,Delivered,0.0,True,66.0,19.97,none,3.0,5.0,Afternoon,7.4162,True,0.525
HDEL000040,HORD000040,2018-01-18,2018-01-21,2018-01-23,Direct Freight,Standard,Delivered,2.0,False,14.0,9.68,weather,3.0,4.0,Afternoon,3.7951,True,0.963
HDEL000041,HORD000041,2018-04-27,2018-04-30,2018-04-29,StarTrack,Standard,Delivered,0.0,True,40.0,6.75,none,3.0,7.0,Morning,3.5444,True,0.419
HDEL000042,HORD000042,2018-08-31,2018-09-04,2018-09-08,AusPost,Standard,Delivered,4.0,False,63.0,11.53,carrier_capacity,4.0,4.0,Morning,6.5741,True,0.374
HDEL000043,HORD000043,2018-02-10,2018-02-14,2018-02-13,Direct Freight,Standard,Delivered,0.0,True,69.0,9.37,none,4.0,9.0,Afternoon,8.3195,False,1.11
HDEL000044,HORD000044,2018-04-26,2018-04-30,2018-04-30,AusPost,Express,Delivered,0.0,True,41.0,20.49,none,4.0,9.0,Morning,6.063,True,0.48
HDEL000045,HORD000045,2018-01-16,2018-01-21,2018-01-21,AusPost,Standard,Delivered,0.0,True,64.0,11.31,none,5.0,9.0,Afternoon,7.7528,False,0.392
HDEL000046,HORD000046,2018-01-02,2018-01-09,2018-01-09,AusPost,Standard,Delivered,0.0,True,17.0,9.87,none,7.0,8.0,Morning,7.0202,True,0.661
HDEL000047,HORD000047,2018-04-04,2018-04-10,2018-04-14,DHL,Express,Delivered,4.0,False,69.0,17.33,warehouse_congestion,6.0,4.0,Afternoon,5.1975,True,0.86
HDEL000048,HORD000048,2018-07-02,2018-07-09,2018-07-08,Direct Freight,Standard,Delivered,0.0,True,33.0,12.37,none,7.0,4.0,Afternoon,5.5854,True,0.411
HDEL000049,HORD000049,2018-03-04,2018-03-07,2018-03-06,StarTrack,Standard,Delivered,0.0,True,7.0,6.88,none,3.0,9.0,Anytime,3.15,False,0.316
HDEL000050,HORD000050,2018-01-31,2018-02-07,2018-02-09,AusPost,Express,Delivered,2.0,False,64.0,16.26,weather,7.0,5.0,Afternoon,7.2366,True,0.507
HDEL000051,HORD000051,2018-12-13,2018-12-17,2018-12-15,StarTrack,Standard,Delivered,0.0,True,6.0,9.71,none,4.0,4.0,Anytime,8.7076,False,0.455
HDEL000052,HORD000052,2018-05-22,2018-05-28,2018-05-28,Direct Freight,Standard,Delivered,0.0,True,9.0,8.36,none,6.0,8.0,Afternoon,6.3782,True,0.575
HDEL000053,HORD000053,2018-05-01,2018-05-07,2018-05-05,StarTrack,Express,Delivered,0.0,True,26.0,21.56,none,6.0,8.0,Afternoon,7.6692,False,0.431
HDEL000054,HORD000054,2018-07-15,2018-07-20,2018-07-18,DHL,Standard,Delivered,0.0,True,51.0,7.82,none,5.0,6.0,Afternoon,0.5576,True,0.39
HDEL000055,HORD000055,2018-02-24,2018-03-03,2018-03-03,AusPost,Standard,Delivered,0.0,True,26.0,10.15,none,7.0,3.0,Afternoon,5.7284,False,0.484
HDEL000056,HORD000056,2018-03-01,2018-03-04,2018-03-04,StarTrack,Standard,Delivered,0.0,True,10.0,10.12,none,3.0,3.0,Anytime,5.1204,False,0.345
HDEL000057,HORD000057,2018-05-26,2018-05-31,2018-05-30,Direct Freight,Standard,Delivered,0.0,True,30.0,9.04,none,5.0,4.0,Afternoon,7.1589,True,1.205
HDEL000058,HORD000058,2018-11-29,2018-12-02,2018-12-01,Direct Freight,Standard,Delivered,0.0,True,26.0,8.08,none,3.0,3.0,Anytime,2.8326,True,1.075
HDEL000059,HORD000059,2018-10-10,2018-10-14,2018-10-14,StarTrack,Standard,Delivered,0.0,True,21.0,10.74,none,4.0,4.0,Anytime,6.1573,True,0.443
HDEL000060,HORD000060,2018-09-22,2018-09-25,2018-09-24,AusPost,Standard,Delivered,0.0,True,14.0,8.65,none,3.0,9.0,Morning,3.0066,True,0.481
HDEL000061,HORD000061,2018-02-19,2018-02-22,2018-02-22,AusPost,Standard,Delivered,0.0,True,12.0,9.45,none,3.0,7.0,Morning,7.6027,False,0.418
HDEL000062,HORD000062,2018-12-03,2018-12-09,2018-12-08,AusPost,Standard,Delivered,0.0,True,51.0,11.66,none,6.0,8.0,Afternoon,6.9271,False,0.463
HDEL000063,HORD000063,2018-05-02,2018-05-09,2018-05-08,StarTrack,Standard,Delivered,0.0,True,35.0,7.73,none,7.0,4.0,Morning,5.8441,True,0.77
HDEL000064,HORD000064,2018-06-19,2018-06-26,2018-06-26,Direct Freight,Standard,Delivered,0.0,True,22.0,10.74,none,7.0,8.0,Anytime,4.2688,True,0.38
HDEL000065,HORD000065,2018-03-17,2018-03-22,2018-03-20,StarTrack,Standard,Delivered,0.0,True,49.0,8.37,none,5.0,8.0,Morning,6.16,False,0.414
HDEL000066,HORD000066,2018-06-29,2018-07-05,2018-07-03,DHL,Standard,Delivered,0.0,True,37.0,9.76,none,6.0,4.0,Afternoon,4.6678,True,1.041
HDEL000067,HORD000067,2018-11-10,2018-11-13,2018-11-12,StarTrack,Standard,Delivered,0.0,True,5.0,8.14,none,3.0,7.0,Morning,2.5674,True,0.89
HDEL000068,HORD000068,2018-05-11,2018-05-15,2018-05-14,Direct Freight,Standard,Delivered,0.0,True,63.0,9.42,none,4.0,9.0,Afternoon,7.7913,True,0.548
HDEL000069,HORD000069,2018-01-17,2018-01-21,2018-01-21,DHL,Standard,Delivered,0.0,True,30.0,8.78,none,4.0,9.0,Anytime,4.2942,True,0.432
HDEL000070,HORD000070,2018-06-02,2018-06-09,2018-06-07,AusPost,Standard,Delivered,0.0,True,56.0,8.4,none,7.0,3.0,Afternoon,3.7951,True,0.339
HDEL000071,HORD000071,2018-08-24,2018-08-31,2018-08-29,StarTrack,Express,Delivered,0.0,True,68.0,20.98,none,7.0,9.0,Afternoon,0.6581,False,0.315
HDEL000072,HORD000072,2018-02-24,2018-03-01,2018-02-27,AusPost,Standard,Delivered,0.0,True,48.0,8.3,none,5.0,9.0,Afternoon,3.0513,True,0.444
HDEL000073,HORD000073,2018-03-01,2018-03-08,2018-03-08,StarTrack,Standard,Delivered,0.0,True,45.0,10.95,none,7.0,7.0,Morning,6.5391,False,0.378
HDEL000074,HORD000074,2018-02-19,2018-02-24,2018-02-23,AusPost,Standard,Delivered,0.0,True,53.0,9.13,none,5.0,3.0,Anytime,3.5444,True,1.203
HDEL000075,HORD000075,2018-10-18,2018-10-24,2018-10-22,Direct Freight,Standard,Delivered,0.0,True,3.0,7.65,none,6.0,9.0,Morning,5.4787,False,0.41
HDEL000076,HORD000076,2018-09-28,2018-10-02,2018-10-03,AusPost,Standard,Delivered,1.0,False,33.0,11.7,carrier_capacity,4.0,8.0,Morning,7.4162,True,0.951
HDEL000077,HORD000077,2018-10-23,2018-10-30,2018-10-29,StarTrack,Standard,Delivered,0.0,True,4.0,10.42,none,7.0,5.0,Anytime,8.9878,True,2.541
HDEL000078,HORD000078,2018-08-16,2018-08-21,2018-08-21,DHL,Express,Delivered,0.0,True,45.0,21.78,none,5.0,7.0,Morning,3.0744,False,0.32
HDEL000079,HORD000079,2018-09-25,2018-10-01,2018-10-03,AusPost,Express,Delivered,2.0,False,27.0,19.71,weather,6.0,9.0,Anytime,5.3354,True,0.475
HDEL000080,HORD000080,2018-05-13,2018-05-20,2018-05-19,DHL,Standard,Delivered,0.0,True,24.0,6.93,none,7.0,8.0,Anytime,1.5741,False,0.25
HDEL000081,HORD000081,2018-04-09,2018-04-15,2018-04-13,DHL,Standard,Delivered,0.0,True,38.0,6.83,none,6.0,5.0,Anytime,1.1841,True,0.461
HDEL000082,HORD000082,2018-10-24,2018-10-27,2018-10-25,DHL,Express,Delivered,0.0,True,70.0,15.25,none,3.0,5.0,Afternoon,7.353,True,1.223
HDEL000083,HORD000083,2018-04-19,2018-04-23,2018-04-25,Direct Freight,Express,Delivered,2.0,False,67.0,18.5,carrier_capacity,4.0,8.0,Afternoon,4.895,True,0.441
HDEL000084,HORD000084,2018-07-12,2018-07-16,2018-07-15,DHL,Express,Delivered,0.0,True,8.0,20.65,none,4.0,8.0,Afternoon,8.5452,True,0.737
HDEL000085,HORD000085,2018-10-05,2018-10-09,2018-10-07,DHL,Standard,Delivered,0.0,True,63.0,7.82,none,4.0,3.0,Morning,2.7425,True,1.163
HDEL000086,HORD000086,2018-01-08,2018-01-15,2018-01-15,DHL,Express,Delivered,0.0,True,8.0,17.98,none,7.0,5.0,Anytime,3.7986,True,0.455
HDEL000087,HORD000087,2018-07-20,2018-07-24,2018-07-22,AusPost,Standard,Delivered,0.0,True,31.0,8.48,none,4.0,8.0,Anytime,3.1885,True,0.322
HDEL000088,HORD000088,2018-04-17,2018-04-23,2018-04-23,DHL,Standard,Delivered,0.0,True,25.0,9.96,none,6.0,7.0,Morning,5.1067,True,0.432
HDEL000089,HORD000089,2018-10-05,2018-10-10,2018-10-10,StarTrack,Express,Delivered,0.0,True,41.0,15.74,none,5.0,3.0,Morning,7.1142,True,0.426
HDEL000090,HORD000090,2018-05-19,2018-05-25,2018-05-24,Direct Freight,Standard,Delivered,0.0,True,65.0,9.15,none,6.0,5.0,Morning,7.3738,False,0.465
HDEL000091,HORD000091,2018-11-07,2018-11-12,2018-11-10,Direct Freight,Standard,Delivered,0.0,True,32.0,10.24,none,5.0,5.0,Afternoon,5.0456,False,0.362
HDEL000092,HORD000092,2018-12-22,2018-12-25,2018-12-23,DHL,Standard,Delivered,0.0,True,5.0,9.21,none,3.0,8.0,Morning,6.5607,True,0.407
HDEL000093,HORD000093,2018-02-25,2018-03-03,2018-03-01,DHL,Express,Delivered,0.0,True,47.0,16.92,none,6.0,8.0,Morning,6.6869,False,0.412
HDEL000094,HORD000094,2018-06-04,2018-06-11,2018-06-10,StarTrack,Standard,Delivered,0.0,True,33.0,14.82,none,7.0,9.0,Afternoon,7.2156,False,0.455
HDEL000095,HORD000095,2018-09-19,2018-09-22,2018-09-22,StarTrack,Standard,Delivered,0.0,True,30.0,9.37,none,3.0,4.0,Morning,5.4309,True,0.467
HDEL000096,HORD000096,2018-07-28,2018-07-31,2018-07-31,StarTrack,Standard,Delivered,0.0,True,51.0,10.45,none,3.0,6.0,Afternoon,5.4847,True,0.341
HDEL000097,HORD000097,2018-06-16,2018-06-20,2018-06-18,DHL,Standard,Delivered,0.0,True,35.0,12.25,none,4.0,5.0,Anytime,5.5612,True,0.441
HDEL000098,HORD000098,2018-12-11,2018-12-17,2018-12-15,AusPost,Standard,Delivered,0.0,True,69.0,11.08,none,6.0,4.0,Anytime,7.7913,True,0.584
HDEL000099,HORD000099,2018-11-21,2018-11-28,2018-11-26,AusPost,Express,Delivered,0.0,True,47.0,18.32,none,7.0,6.0,Morning,3.0748,True,0.487
HDEL000100,HORD000100,2018-11-05,2018-11-12,2018-11-11,AusPost,Standard,Delivered,0.0,True,15.0,7.57,none,7.0,3.0,Afternoon,4.3804,True,0.469
HDEL000101,HORD000101,2018-12-15,2018-12-19,2018-12-18,DHL,Standard,Delivered,0.0,True,9.0,6.97,none,4.0,3.0,Anytime,1.6639,False,0.451
HDEL000102,HORD000102,2018-10-13,2018-10-19,2018-10-17,Direct Freight,Standard,Delivered,0.0,True,10.0,7.68,none,6.0,6.0,Morning,5.2041,True,0.438
HDEL000103,HORD000103,2018-06-30,2018-07-03,2018-07-02,AusPost,Standard,Delivered,0.0,True,45.0,10.38,none,3.0,6.0,Morning,3.0744,True,0.386
HDEL000104,HORD000104,2018-09-26,2018-10-01,2018-09-30,StarTrack,Standard,Delivered,0.0,True,2.0,10.37,none,5.0,3.0,Morning,5.1841,False,0.479
HDEL000105,HORD000105,2018-04-12,2018-04-18,2018-04-18,AusPost,Standard,Delivered,0.0,True,11.0,10.3,none,6.0,7.0,Anytime,6.9753,False,0.456
HDEL000106,HORD000106,2018-02-11,2018-02-14,2018-02-17,DHL,Standard,Delivered,3.0,False,22.0,9.99,warehouse_congestion,3.0,6.0,Morning,6.9271,True,0.484
HDEL000107,HORD000107,2018-12-03,2018-12-08,2018-12-10,DHL,Standard,Delivered,2.0,False,73.0,10.61,warehouse_congestion,5.0,9.0,Afternoon,6.4289,True,1.101
HDEL000108,HORD000108,2018-12-15,2018-12-19,2018-12-17,Direct Freight,Standard,Delivered,0.0,True,55.0,7.83,none,4.0,4.0,Morning,3.9471,True,0.591
HDEL000109,HORD000109,2018-07-28,2018-08-02,2018-08-06,DHL,Standard,Delivered,4.0,False,47.0,14.03,warehouse_congestion,5.0,3.0,Morning,7.6027,True,0.423
HDEL000110,HORD000110,2018-06-14,2018-06-21,2018-06-19,Direct Freight,Standard,Delivered,0.0,True,13.0,11.83,none,7.0,6.0,Afternoon,7.7381,True,1.545
HDEL000111,HORD000111,2018-02-16,2018-02-19,2018-02-17,DHL,Express,Delivered,0.0,True,63.0,13.75,none,3.0,8.0,Afternoon,0.7001,True,0.758
HDEL000112,HORD000112,2018-02-15,2018-02-20,2018-02-20,Direct Freight,Express,Delivered,0.0,True,54.0,15.73,none,5.0,7.0,Morning,5.3006,True,0.937
HDEL000113,HORD000113,2018-06-29,2018-07-03,2018-07-02,Direct Freight,Standard,Delivered,0.0,True,32.0,13.47,none,4.0,9.0,Morning,5.6897,True,1.222
HDEL000114,HORD000114,2018-03-22,2018-03-27,2018-03-27,Direct Freight,Standard,Delivered,0.0,True,68.0,9.0,none,5.0,5.0,Morning,3.94,False,0.343
HDEL000115,HORD000115,2018-05-08,2018-05-11,2018-05-11,DHL,Standard,Delivered,0.0,True,63.0,5.88,none,3.0,6.0,Afternoon,2.1289,True,0.378
HDEL000116,HORD000116,2018-08-06,2018-08-12,2018-08-12,Direct Freight,Standard,Delivered,0.0,True,29.0,9.77,none,6.0,8.0,Morning,5.6649,False,0.369
HDEL000117,HORD000117,2018-10-27,2018-11-01,2018-11-01,DHL,Standard,Delivered,0.0,True,33.0,11.57,none,5.0,8.0,Morning,7.0974,True,1.093
HDEL000118,HORD000118,2018-07-23,2018-07-28,2018-07-30,AusPost,Express,Delivered,2.0,False,16.0,20.01,warehouse_congestion,5.0,5.0,Afternoon,6.5391,False,0.427
HDEL000119,HORD000119,2018-08-08,2018-08-15,2018-08-13,DHL,Standard,Delivered,0.0,True,16.0,11.11,none,7.0,6.0,Morning,5.0262,True,1.121
HDEL000120,HORD000120,2018-11-16,2018-11-20,2018-11-25,DHL,Standard,Delivered,5.0,False,27.0,9.99,warehouse_congestion,4.0,4.0,Anytime,5.2041,False,0.361
HDEL000121,HORD000121,2018-07-17,2018-07-21,2018-07-19,StarTrack,Standard,Delivered,0.0,True,55.0,10.24,none,4.0,9.0,Anytime,2.3445,True,0.493
HDEL000122,HORD000122,2018-10-14,2018-10-21,2018-10-19,DHL,Standard,Delivered,0.0,True,18.0,7.8,none,7.0,8.0,Morning,2.6944,True,0.29
HDEL000123,HORD000123,2018-12-08,2018-12-11,2018-12-10,DHL,Standard,Delivered,0.0,True,66.0,11.0,none,3.0,4.0,Morning,8.8092,True,0.844
HDEL000124,HORD000124,2018-09-13,2018-09-20,2018-09-18,Direct Freight,Standard,Delivered,0.0,True,64.0,11.59,none,7.0,9.0,Morning,7.7275,True,0.537
HDEL000125,HORD000125,2018-08-11,2018-08-14,2018-08-12,StarTrack,Standard,Delivered,0.0,True,44.0,11.67,none,3.0,6.0,Afternoon,8.5082,True,1.049
HDEL000126,HORD000126,2018-02-18,2018-02-25,2018-02-27,StarTrack,Standard,Delivered,2.0,False,25.0,10.08,warehouse_congestion,7.0,8.0,Anytime,4.3025,True,1.227
HDEL000127,HORD000127,2018-03-15,2018-03-19,2018-03-17,StarTrack,Standard,Delivered,0.0,True,2.0,10.53,none,4.0,5.0,Afternoon,8.8778,True,0.602
HDEL000128,HORD000128,2018-11-20,2018-11-24,2018-11-24,DHL,Standard,Delivered,0.0,True,38.0,11.09,none,4.0,8.0,Afternoon,6.4246,False,0.414
HDEL000129,HORD000129,2018-12-01,2018-12-04,2018-12-03,Direct Freight,Standard,Delivered,0.0,True,53.0,7.34,none,3.0,9.0,Morning,1.2126,True,0.803
HDEL000130,HORD000130,2018-03-19,2018-03-26,2018-03-25,StarTrack,Express,Delivered,0.0,True,42.0,16.15,none,7.0,9.0,Afternoon,5.6897,True,0.43
HDEL000131,HORD000131,2018-10-20,2018-10-24,2018-10-27,AusPost,Standard,Delivered,3.0,False,16.0,6.14,weather,4.0,6.0,Morning,0.919,True,0.363
HDEL000132,HORD000132,2018-01-26,2018-01-31,2018-01-31,AusPost,Standard,Delivered,0.0,True,69.0,7.96,none,5.0,7.0,Anytime,2.8334,False,0.406
HDEL000133,HORD000133,2018-07-04,2018-07-11,2018-07-13,StarTrack,Express,Delivered,2.0,False,20.0,17.66,weather,7.0,9.0,Anytime,3.9719,False,0.366
HDEL000134,HORD000134,2018-09-11,2018-09-16,2018-09-16,AusPost,Standard,Delivered,0.0,True,13.0,9.95,none,5.0,8.0,Anytime,9.0951,True,1.139
HDEL000135,HORD000135,2018-03-29,2018-04-04,2018-04-03,StarTrack,Standard,Delivered,0.0,True,49.0,5.75,none,6.0,3.0,Morning,0.361,True,0.413
HDEL000136,HORD000136,2018-03-09,2018-03-14,2018-03-14,DHL,Standard,Delivered,0.0,True,24.0,6.81,none,5.0,4.0,Afternoon,0.6613,True,0.339
HDEL000137,HORD000137,2018-03-05,2018-03-12,2018-03-10,DHL,Standard,Delivered,0.0,True,67.0,8.37,none,7.0,9.0,Anytime,5.576,True,0.614
HDEL000138,HORD000138,2018-04-17,2018-04-20,2018-04-18,StarTrack,Standard,Delivered,0.0,True,72.0,6.03,none,3.0,5.0,Morning,1.4115,True,1.06
HDEL000139,HORD000139,2018-06-13,2018-06-20,2018-06-18,AusPost,Express,Delivered,0.0,True,58.0,23.96,none,7.0,4.0,Morning,6.4552,True,0.594
HDEL000140,HORD000140,2018-02-19,2018-02-23,2018-02-21,AusPost,Express,Delivered,0.0,True,48.0,19.52,none,4.0,7.0,Anytime,6.0658,True,0.575
HDEL000141,HORD000141,2018-06-20,2018-06-23,2018-06-24,DHL,Standard,Delivered,1.0,False,72.0,12.16,weather,3.0,9.0,Afternoon,3.9883,True,0.345
HDEL000142,HORD000142,2018-05-24,2018-05-28,2018-05-26,DHL,Standard,Delivered,0.0,True,10.0,8.11,none,4.0,5.0,Morning,5.6902,True,0.373
HDEL000143,HORD000143,2018-05-29,2018-06-05,2018-06-05,StarTrack,Standard,Delivered,0.0,True,72.0,9.52,none,7.0,9.0,Afternoon,4.7549,True,0.938
HDEL000144,HORD000144,2018-06-11,2018-06-14,2018-06-14,StarTrack,Express,Delivered,0.0,True,62.0,20.95,none,3.0,7.0,Anytime,5.6649,False,0.4
HDEL000145,HORD000145,2018-07-07,2018-07-13,2018-07-12,DHL,Standard,Delivered,0.0,True,10.0,12.3,none,6.0,6.0,Morning,5.3006,True,0.439
HDEL000146,HORD000146,2018-12-30,2019-01-02,2019-01-01,AusPost,Standard,Delivered,0.0,True,18.0,8.2,none,3.0,9.0,Morning,5.6803,False,0.823
HDEL000147,HORD000147,2018-08-29,2018-09-03,2018-09-01,AusPost,Express,Delivered,0.0,True,53.0,22.08,none,5.0,9.0,Afternoon,5.1204,False,0.369
HDEL000148,HORD000148,2018-01-20,2018-01-23,2018-01-23,DHL,Standard,Delivered,0.0,True,64.0,7.85,none,3.0,5.0,Morning,5.2041,True,0.409
HDEL000149,HORD000149,2018-11-03,2018-11-08,2018-11-06,AusPost,Standard,Delivered,0.0,True,40.0,8.65,none,5.0,5.0,Afternoon,4.0721,True,0.357
HDEL000150,HORD000150,2018-10-07,2018-10-13,2018-10-11,AusPost,Standard,Delivered,0.0,True,10.0,7.21,none,6.0,8.0,Anytime,3.083,True,0.369
HDEL000151,HORD000151,2018-10-26,2018-10-31,2018-10-31,AusPost,Standard,Delivered,0.0,True,26.0,8.35,none,5.0,9.0,Afternoon,4.3706,True,0.841
HDEL000152,HORD000152,2018-11-15,2018-11-22,2018-11-22,AusPost,Standard,Delivered,0.0,True,10.0,9.86,none,7.0,8.0,Anytime,6.2558,True,0.532
HDEL000153,HORD000153,2018-01-13,2018-01-19,2018-01-18,Direct Freight,Standard,Delivered,0.0,True,9.0,7.52,none,6.0,3.0,Morning,2.4826,False,0.329
HDEL000154,HORD000154,2018-08-27,2018-08-30,2018-09-01,StarTrack,Standard,Delivered,2.0,False,66.0,11.03,warehouse_congestion,3.0,9.0,Anytime,5.4408,False,0.393
HDEL000155,HORD000155,2018-02-20,2018-02-23,2018-02-21,StarTrack,Standard,Delivered,0.0,True,19.0,8.87,none,3.0,8.0,Anytime,6.1296,False,0.428
HDEL000156,HORD000156,2018-05-09,2018-05-15,2018-05-13,DHL,Standard,Delivered,0.0,True,49.0,11.57,none,6.0,6.0,Afternoon,9.1432,True,1.391
HDEL000157,HORD000157,2018-05-04,2018-05-10,2018-05-10,AusPost,Express,Delivered,0.0,True,24.0,17.21,none,6.0,3.0,Afternoon,5.5854,True,0.429
HDEL000158,HORD000158,2018-06-29,2018-07-06,2018-07-05,Direct Freight,Standard,Delivered,0.0,True,50.0,11.91,none,7.0,9.0,Anytime,7.3453,True,0.622
HDEL000159,HORD000159,2018-12-01,2018-12-04,2018-12-05,DHL,Standard,Delivered,1.0,False,61.0,9.22,weather,3.0,3.0,Anytime,3.7434,True,0.344
HDEL000160,HORD000160,2018-04-26,2018-05-03,2018-05-02,Direct Freight,Standard,Delivered,0.0,True,27.0,10.57,none,7.0,5.0,Afternoon,6.5015,True,0.482
HDEL000161,HORD000161,2018-03-30,2018-04-04,2018-04-02,AusPost,Standard,Delivered,0.0,True,28.0,7.09,none,5.0,5.0,Anytime,3.6202,True,0.395
HDEL000162,HORD000162,2018-08-20,2018-08-24,2018-08-22,StarTrack,Standard,Delivered,0.0,True,62.0,10.34,none,4.0,9.0,Anytime,6.7869,True,0.503
HDEL000163,HORD000163,2018-05-10,2018-05-13,2018-05-13,DHL,Express,Delivered,0.0,True,9.0,19.38,none,3.0,7.0,Morning,5.4128,False,0.363
HDEL000164,HORD000164,2018-07-07,2018-07-10,2018-07-08,Direct Freight,Standard,Delivered,0.0,True,12.0,13.45,none,3.0,8.0,Afternoon,5.9503,False,0.364
HDEL000165,HORD000165,2018-11-18,2018-11-21,2018-11-19,AusPost,Standard,Delivered,0.0,True,57.0,8.32,none,3.0,8.0,Anytime,6.9407,False,0.468
HDEL000166,HORD000166,2018-06-28,2018-07-01,2018-07-03,AusPost,Standard,Delivered,2.0,False,58.0,10.11,weather,3.0,9.0,Morning,1.2126,False,0.264
HDEL000167,HORD000167,2018-07-28,2018-08-02,2018-08-01,DHL,Standard,Delivered,0.0,True,63.0,10.61,none,5.0,5.0,Afternoon,5.7949,True,0.394
HDEL000168,HORD000168,2018-08-02,2018-08-07,2018-08-06,AusPost,Standard,Delivered,0.0,True,58.0,11.9,none,5.0,3.0,Anytime,5.3006,False,0.405
HDEL000169,HORD000169,2018-10-29,2018-11-04,2018-11-03,AusPost,Standard,Delivered,0.0,True,63.0,11.57,none,6.0,3.0,Afternoon,7.0268,True,0.457
HDEL000170,HORD000170,2018-10-20,2018-10-24,2018-10-27,DHL,Standard,Delivered,3.0,False,69.0,7.98,weather,4.0,8.0,Anytime,2.9597,True,1.504
HDEL000171,HORD000171,2018-05-16,2018-05-21,2018-05-26,StarTrack,Standard,Delivered,5.0,False,20.0,8.83,carrier_capacity,5.0,8.0,Anytime,7.7113,True,0.926
HDEL000172,HORD000172,2018-02-17,2018-02-24,2018-02-22,StarTrack,Standard,Delivered,0.0,True,63.0,10.66,none,7.0,7.0,Afternoon,6.9714,True,0.564
HDEL000173,HORD000173,2018-10-29,2018-11-01,2018-10-31,StarTrack,Standard,Delivered,0.0,True,39.0,10.72,none,3.0,6.0,Anytime,7.7913,False,1.962
HDEL000174,HORD000174,2018-11-08,2018-11-14,2018-11-14,AusPost,Standard,Delivered,0.0,True,35.0,8.25,none,6.0,3.0,Morning,2.7425,True,0.412
HDEL000175,HORD000175,2018-11-16,2018-11-19,2018-11-18,AusPost,Standard,Delivered,0.0,True,73.0,5.88,none,3.0,4.0,Morning,0.243,True,0.289
HDEL000176,HORD000176,2018-05-02,2018-05-06,2018-05-06,StarTrack,Express,Delivered,0.0,True,53.0,16.05,none,4.0,5.0,Morning,1.9834,True,0.347
HDEL000177,HORD000177,2018-02-02,2018-02-08,2018-02-06,StarTrack,Standard,Delivered,0.0,True,2.0,8.29,none,6.0,7.0,Anytime,6.4285,True,0.469
HDEL000178,HORD000178,2018-03-05,2018-03-10,2018-03-10,Direct Freight,Standard,Delivered,0.0,True,27.0,10.17,none,5.0,8.0,Afternoon,5.7284,True,1.227
HDEL000179,HORD000179,2018-03-18,2018-03-24,2018-03-22,StarTrack,Standard,Delivered,0.0,True,2.0,8.77,none,6.0,4.0,Afternoon,4.3804,False,0.336
HDEL000180,HORD000180,2018-08-03,2018-08-10,2018-08-10,Direct Freight,Standard,Delivered,0.0,True,29.0,8.53,none,7.0,6.0,Anytime,1.2126,True,0.471
HDEL000181,HORD000181,2018-09-28,2018-10-02,2018-10-02,Direct Freight,Standard,Delivered,0.0,True,67.0,7.14,none,4.0,5.0,Anytime,3.9152,False,0.399
HDEL000182,HORD000182,2018-12-20,2018-12-23,2018-12-22,StarTrack,Standard,Delivered,0.0,True,67.0,10.23,none,3.0,6.0,Afternoon,8.1012,False,0.419
HDEL000183,HORD000183,2018-10-05,2018-10-10,2018-10-09,DHL,Standard,Delivered,0.0,True,7.0,7.78,none,5.0,6.0,Afternoon,3.7044,True,0.327
HDEL000184,HORD000184,2018-01-23,2018-01-29,2018-01-28,DHL,Standard,Delivered,0.0,True,62.0,9.82,none,6.0,7.0,Morning,4.6779,True,0.463
HDEL000185,HORD000185,2018-06-22,2018-06-25,2018-06-24,StarTrack,Standard,Delivered,0.0,True,20.0,11.73,none,3.0,5.0,Afternoon,6.9407,True,0.519
HDEL000186,HORD000186,2018-03-06,2018-03-11,2018-03-09,StarTrack,Standard,Delivered,0.0,True,49.0,10.44,none,5.0,3.0,Afternoon,7.5338,False,0.446
HDEL000187,HORD000187,2018-06-09,2018-06-16,2018-06-14,AusPost,Standard,Delivered,0.0,True,57.0,14.79,none,7.0,4.0,Anytime,7.7035,False,0.517
HDEL000188,HORD000188,2018-10-12,2018-10-16,2018-10-21,StarTrack,Standard,Delivered,5.0,False,30.0,8.07,weather,4.0,7.0,Afternoon,6.0658,True,1.024
HDEL000189,HORD000189,2018-03-30,2018-04-05,2018-04-03,AusPost,Standard,Delivered,0.0,True,31.0,8.51,none,6.0,4.0,Afternoon,6.9029,True,0.537
HDEL000190,HORD000190,2018-05-03,2018-05-07,2018-05-05,AusPost,Standard,Delivered,0.0,True,57.0,8.44,none,4.0,3.0,Morning,7.38,True,0.511
HDEL000191,HORD000191,2018-02-27,2018-03-02,2018-02-28,AusPost,Standard,Delivered,0.0,True,45.0,8.45,none,3.0,7.0,Anytime,3.1272,True,0.449
HDEL000192,HORD000192,2018-08-16,2018-08-20,2018-08-19,AusPost,Standard,Delivered,0.0,True,62.0,9.34,none,4.0,8.0,Anytime,3.7044,True,0.506
HDEL000193,HORD000193,2018-11-26,2018-11-29,2018-12-03,DHL,Standard,Delivered,4.0,False,33.0,6.8,weather,3.0,9.0,Afternoon,1.9118,True,0.58
HDEL000194,HORD000194,2018-10-08,2018-10-15,2018-10-15,AusPost,Standard,Delivered,0.0,True,73.0,9.82,none,7.0,8.0,Afternoon,7.7395,True,1.15
HDEL000195,HORD000195,2018-08-08,2018-08-14,2018-08-13,StarTrack,Standard,Delivered,0.0,True,60.0,9.54,none,6.0,6.0,Anytime,3.3663,True,0.815
HDEL000196,HORD000196,2018-02-19,2018-02-24,2018-02-22,StarTrack,Standard,Delivered,0.0,True,69.0,9.88,none,5.0,8.0,Afternoon,8.7018,True,0.514
HDEL000197,HORD000197,2018-07-14,2018-07-19,2018-07-17,StarTrack,Standard,Delivered,0.0,True,70.0,10.16,none,5.0,8.0,Morning,5.6902,True,0.365
HDEL000198,HORD000198,2018-04-01,2018-04-04,2018-04-02,Direct Freight,Standard,Delivered,0.0,True,65.0,6.6,none,3.0,9.0,Afternoon,1.5241,False,0.701
HDEL000199,HORD000199,2018-02-27,2018-03-06,2018-03-06,DHL,Standard,Delivered,0.0,True,42.0,10.35,none,7.0,4.0,Afternoon,6.9718,True,0.853
HDEL000200,HORD000200,2018-05-08,2018-05-13,2018-05-12,AusPost,Standard,Delivered,0.0,True,10.0,9.3,none,5.0,7.0,Anytime,6.2778,False,0.386
HDEL000201,HORD000201,2018-10-23,2018-10-26,2018-10-25,StarTrack,Standard,Delivered,0.0,True,32.0,5.87,none,3.0,9.0,Morning,1.6639,True,0.29
HDEL000202,HORD000202,2018-01-20,2018-01-26,2018-01-26,Direct Freight,Standard,Delivered,0.0,True,30.0,8.92,none,6.0,9.0,Morning,3.1272,True,0.451
HDEL000203,HORD000203,2018-05-24,2018-05-31,2018-05-31,Direct Freight,Express,Delivered,0.0,True,8.0,21.51,none,7.0,6.0,Afternoon,7.7113,False,0.42
HDEL000204,HORD000204,2018-09-14,2018-09-21,2018-09-26,StarTrack,Express,Delivered,5.0,False,33.0,17.23,warehouse_congestion,7.0,8.0,Anytime,1.5642,False,0.314
HDEL000205,HORD000205,2018-07-15,2018-07-22,2018-07-20,StarTrack,Standard,Delivered,0.0,True,2.0,11.29,none,7.0,7.0,Anytime,5.3006,False,0.37
HDEL000206,HORD000206,2018-06-19,2018-06-23,2018-06-22,Direct Freight,Standard,Delivered,0.0,True,23.0,10.34,none,4.0,8.0,Afternoon,6.2844,True,0.491
HDEL000207,HORD000207,2018-05-25,2018-06-01,2018-06-01,DHL,Standard,Delivered,0.0,True,22.0,12.58,none,7.0,5.0,Anytime,8.9878,False,0.472
HDEL000208,HORD000208,2018-07-12,2018-07-18,2018-07-21,Direct Freight,Express,Delivered,3.0,False,7.0,23.57,weather,6.0,4.0,Morning,4.2176,True,0.426
HDEL000209,HORD000209,2018-06-23,2018-06-29,2018-06-28,DHL,Express,Delivered,0.0,True,9.0,21.58,none,6.0,9.0,Afternoon,6.5015,False,0.472
HDEL000210,HORD000210,2018-10-23,2018-10-28,2018-10-27,DHL,Standard,Delivered,0.0,True,35.0,8.19,none,5.0,8.0,Anytime,4.8491,True,0.426
HDEL000211,HORD000211,2018-03-25,2018-04-01,2018-03-31,StarTrack,Standard,Delivered,0.0,True,69.0,9.48,none,7.0,4.0,Anytime,8.5452,True,0.5
HDEL000212,HORD000212,2018-03-10,2018-03-14,2018-03-14,Direct Freight,Standard,Delivered,0.0,True,59.0,8.48,none,4.0,3.0,Morning,5.5854,False,0.359
HDEL000213,HORD000213,2018-06-01,2018-06-07,2018-06-05,DHL,Standard,Delivered,0.0,True,18.0,9.1,none,6.0,4.0,Morning,6.163,True,1.025
HDEL000214,HORD000214,2018-12-26,2018-12-29,2018-12-30,DHL,Standard,Delivered,1.0,False,25.0,9.05,warehouse_congestion,3.0,8.0,Afternoon,3.0748,True,0.53
HDEL000215,HORD000215,2018-09-01,2018-09-04,2018-09-04,StarTrack,Standard,Delivered,0.0,True,14.0,13.55,none,3.0,3.0,Morning,8.2741,False,0.507
HDEL000216,HORD000216,2018-07-30,2018-08-02,2018-08-02,StarTrack,Standard,Delivered,0.0,True,47.0,10.67,none,3.0,8.0,Anytime,7.3718,True,0.473
HDEL000217,HORD000217,2018-04-11,2018-04-18,2018-04-17,Direct Freight,Standard,Delivered,0.0,True,2.0,9.54,none,7.0,9.0,Morning,7.306,False,0.462
HDEL000218,HORD000218,2018-09-10,2018-09-13,2018-09-12,DHL,Standard,Delivered,0.0,True,9.0,8.67,none,3.0,8.0,Anytime,3.025,True,0.34
HDEL000219,HORD000219,2018-04-12,2018-04-18,2018-04-16,AusPost,Standard,Delivered,0.0,True,42.0,8.9,none,6.0,4.0,Morning,3.9883,True,0.423
HDEL000220,HORD000220,2018-05-07,2018-05-14,2018-05-12,DHL,Standard,Delivered,0.0,True,57.0,6.82,none,7.0,4.0,Anytime,3.4729,False,0.424
HDEL000221,HORD000221,2018-08-16,2018-08-22,2018-08-22,AusPost,Standard,Delivered,0.0,True,20.0,10.78,none,6.0,8.0,Afternoon,7.7128,True,0.503
HDEL000222,HORD000222,2018-11-26,2018-12-02,2018-11-30,StarTrack,Standard,Delivered,0.0,True,25.0,8.96,none,6.0,8.0,Anytime,3.5747,True,1.177
HDEL000223,HORD000223,2018-03-17,2018-03-21,2018-03-21,StarTrack,Standard,Delivered,0.0,True,54.0,10.24,none,4.0,7.0,Afternoon,6.163,True,0.519
HDEL000224,HORD000224,2018-05-23,2018-05-26,2018-05-26,Direct Freight,Standard,Delivered,0.0,True,54.0,8.82,none,3.0,5.0,Afternoon,5.1273,True,1.242
HDEL000225,HORD000225,2018-05-09,2018-05-13,2018-05-11,AusPost,Express,Delivered,0.0,True,23.0,17.16,none,4.0,5.0,Morning,6.9744,True,0.518
HDEL000226,HORD000226,2018-04-24,2018-04-28,2018-04-28,DHL,Standard,Delivered,0.0,True,37.0,10.64,none,4.0,4.0,Afternoon,7.1276,True,0.589
HDEL000227,HORD000227,2018-02-09,2018-02-14,2018-02-12,Direct Freight,Standard,Delivered,0.0,True,53.0,10.85,none,5.0,7.0,Morning,9.7484,True,0.68
HDEL000228,HORD000228,2018-02-15,2018-02-20,2018-02-21,StarTrack,Standard,Delivered,1.0,False,6.0,10.78,carrier_capacity,5.0,6.0,Afternoon,7.4297,True,0.493
HDEL000229,HORD000229,2018-12-03,2018-12-08,2018-12-07,AusPost,Standard,Delivered,0.0,True,39.0,8.86,none,5.0,4.0,Anytime,6.6869,True,0.415
HDEL000230,HORD000230,2018-07-22,2018-07-27,2018-07-26,AusPost,Express,Delivered,0.0,True,25.0,20.96,none,5.0,5.0,Anytime,7.7381,True,0.512
HDEL000231,HORD000231,2018-12-23,2018-12-28,2018-12-27,AusPost,Standard,Delivered,0.0,True,12.0,9.06,none,5.0,3.0,Afternoon,6.2019,True,1.218
HDEL000232,HORD000232,2018-01-17,2018-01-24,2018-01-22,DHL,Standard,Delivered,0.0,True,13.0,9.93,none,7.0,7.0,Morning,8.9878,True,1.055
HDEL000233,HORD000233,2018-04-02,2018-04-08,2018-04-08,AusPost,Standard,Delivered,0.0,True,39.0,9.58,none,6.0,9.0,Afternoon,4.6204,False,0.316
HDEL000234,HORD000234,2018-09-30,2018-10-07,2018-10-05,AusPost,Standard,Delivered,0.0,True,57.0,10.6,none,7.0,7.0,Anytime,6.4552,False,0.438
HDEL000235,HORD000235,2018-01-03,2018-01-07,2018-01-05,AusPost,Standard,Delivered,0.0,True,24.0,8.74,none,4.0,7.0,Afternoon,2.3052,True,1.122
HDEL000236,HORD000236,2018-10-03,2018-10-06,2018-10-06,AusPost,Standard,Delivered,0.0,True,56.0,7.62,none,3.0,7.0,Anytime,1.2126,False,0.287
HDEL000237,HORD000237,2018-10-30,2018-11-05,2018-11-05,Direct Freight,Standard,Delivered,0.0,True,24.0,8.63,none,6.0,5.0,Anytime,3.6762,False,0.412
HDEL000238,HORD000238,2018-04-03,2018-04-08,2018-04-11,Direct Freight,Standard,Delivered,3.0,False,21.0,9.4,carrier_capacity,5.0,9.0,Morning,5.6528,True,1.042
HDEL000239,HORD000239,2018-09-12,2018-09-19,2018-09-17,StarTrack,Standard,Delivered,0.0,True,46.0,10.31,none,7.0,9.0,Morning,8.1608,False,0.427
HDEL000240,HORD000240,2018-07-09,2018-07-12,2018-07-11,AusPost,Standard,Delivered,0.0,True,26.0,10.84,none,3.0,8.0,Morning,5.3633,True,0.466
HDEL000241,HORD000241,2018-02-17,2018-02-22,2018-02-20,StarTrack,Standard,Delivered,0.0,True,11.0,9.07,none,5.0,7.0,Anytime,6.5391,False,0.369
HDEL000242,HORD000242,2018-10-05,2018-10-12,2018-10-11,DHL,Express,Delivered,0.0,True,8.0,20.33,none,7.0,9.0,Anytime,6.9271,True,0.516
HDEL000243,HORD000243,2018-04-17,2018-04-23,2018-04-21,AusPost,Express,Delivered,0.0,True,46.0,17.15,none,6.0,5.0,Anytime,3.7763,True,0.318
HDEL000244,HORD000244,2018-12-26,2018-12-30,2018-12-29,AusPost,Standard,Delivered,0.0,True,34.0,10.29,none,4.0,3.0,Morning,8.4899,True,1.046
HDEL000245,HORD000245,2018-11-03,2018-11-09,2018-11-08,DHL,Standard,Delivered,0.0,True,19.0,10.56,none,6.0,6.0,Morning,5.9648,False,0.442
HDEL000246,HORD000246,2018-03-09,2018-03-12,2018-03-12,AusPost,Standard,Delivered,0.0,True,28.0,11.34,none,3.0,3.0,Morning,7.7913,True,0.662
HDEL000247,HORD000247,2018-05-22,2018-05-25,2018-05-23,AusPost,Standard,Delivered,0.0,True,20.0,9.0,none,3.0,7.0,Afternoon,5.8284,True,0.442
HDEL000248,HORD000248,2018-02-22,2018-02-28,2018-02-28,StarTrack,Standard,Delivered,0.0,True,9.0,10.0,none,6.0,8.0,Morning,6.194,False,0.461
HDEL000249,HORD000249,2018-12-29,2019-01-02,2019-01-06,Direct Freight,Standard,Delivered,4.0,False,16.0,7.25,carrier_capacity,4.0,4.0,Anytime,0.134,True,0.888
HDEL000250,HORD000250,2018-12-05,2018-12-12,2018-12-12,DHL,Standard,Delivered,0.0,True,42.0,8.5,none,7.0,5.0,Anytime,7.0974,False,0.44
HDEL000251,HORD000251,2018-12-10,2018-12-17,2018-12-15,AusPost,Standard,Delivered,0.0,True,57.0,8.5,none,7.0,9.0,Anytime,3.5747,True,1.029
HDEL000252,HORD000252,2018-03-09,2018-03-13,2018-03-12,StarTrack,Standard,Delivered,0.0,True,2.0,7.13,none,4.0,6.0,Afternoon,2.3095,True,0.413
HDEL000253,HORD000253,2018-08-11,2018-08-17,2018-08-15,DHL,Standard,Delivered,0.0,True,34.0,10.45,none,6.0,4.0,Anytime,3.025,True,0.394
HDEL000254,HORD000254,2018-02-05,2018-02-08,2018-02-06,Direct Freight,Standard,Delivered,0.0,True,5.0,7.54,none,3.0,4.0,Afternoon,4.8578,False,1.016
HDEL000255,HORD000255,2018-12-26,2018-12-31,2018-12-31,DHL,Standard,Delivered,0.0,True,30.0,8.11,none,5.0,9.0,Afternoon,5.0903,True,0.414
HDEL000256,HORD000256,2018-07-12,2018-07-15,2018-07-15,Direct Freight,Standard,Delivered,0.0,True,73.0,13.89,none,3.0,4.0,Morning,8.9244,True,0.509
HDEL000257,HORD000257,2018-03-01,2018-03-05,2018-03-05,StarTrack,Express,Delivered,0.0,True,28.0,18.58,none,4.0,6.0,Anytime,5.3354,True,0.497
HDEL000258,HORD000258,2018-02-24,2018-03-03,2018-03-01,DHL,Standard,Delivered,0.0,True,31.0,7.23,none,7.0,3.0,Morning,3.528,True,0.444
HDEL000259,HORD000259,2018-12-09,2018-12-16,2018-12-20,AusPost,Standard,Delivered,4.0,False,31.0,10.29,carrier_capacity,7.0,5.0,Anytime,5.4688,True,1.035
HDEL000260,HORD000260,2018-07-01,2018-07-07,2018-07-05,DHL,Standard,Delivered,0.0,True,65.0,12.95,none,6.0,3.0,Anytime,6.2579,True,0.493
HDEL000261,HORD000261,2018-06-24,2018-06-30,2018-06-29,StarTrack,Standard,Delivered,0.0,True,69.0,7.53,none,6.0,9.0,Anytime,1.6337,True,0.324
HDEL000262,HORD000262,2018-11-24,2018-11-29,2018-11-28,StarTrack,Express,Delivered,0.0,True,51.0,14.9,none,5.0,9.0,Morning,2.9699,False,0.315
HDEL000263,HORD000263,2018-10-30,2018-11-03,2018-11-03,StarTrack,Standard,Delivered,0.0,True,9.0,8.57,none,4.0,4.0,Afternoon,5.6443,True,1.11
HDEL000264,HORD000264,2018-09-28,2018-10-05,2018-10-04,StarTrack,Express,Delivered,0.0,True,43.0,19.13,none,7.0,9.0,Anytime,4.4785,True,0.412
HDEL000265,HORD000265,2018-03-11,2018-03-17,2018-03-16,DHL,Standard,Delivered,0.0,True,5.0,10.35,none,6.0,9.0,Anytime,5.7885,True,0.553
HDEL000266,HORD000266,2018-09-04,2018-09-09,2018-09-07,StarTrack,Standard,Delivered,0.0,True,32.0,10.36,none,5.0,3.0,Anytime,6.0905,True,1.209
HDEL000267,HORD000267,2018-01-02,2018-01-08,2018-01-06,Direct Freight,Standard,Delivered,0.0,True,3.0,10.31,none,6.0,7.0,Morning,6.275,True,0.555
HDEL000268,HORD000268,2018-03-23,2018-03-28,2018-03-28,Direct Freight,Standard,Delivered,0.0,True,47.0,8.15,none,5.0,9.0,Morning,4.6204,True,0.433
HDEL000269,HORD000269,2018-11-08,2018-11-14,2018-11-14,StarTrack,Standard,Delivered,0.0,True,72.0,10.13,none,6.0,3.0,Anytime,8.5348,False,0.461
HDEL000270,HORD000270,2018-09-03,2018-09-08,2018-09-06,DHL,Express,Delivered,0.0,True,12.0,16.59,none,5.0,6.0,Afternoon,6.163,True,1.993
HDEL000271,HORD000271,2018-10-14,2018-10-19,2018-10-18,DHL,Standard,Delivered,0.0,True,5.0,11.63,none,5.0,7.0,Morning,8.7076,True,1.156
HDEL000272,HORD000272,2018-03-08,2018-03-15,2018-03-13,AusPost,Express,Delivered,0.0,True,69.0,17.61,none,7.0,6.0,Afternoon,5.1255,True,0.577
HDEL000273,HORD000273,2018-04-10,2018-04-15,2018-04-15,StarTrack,Standard,Delivered,0.0,True,42.0,8.83,none,5.0,6.0,Anytime,5.5471,True,0.478
HDEL000274,HORD000274,2018-02-15,2018-02-20,2018-02-20,Direct Freight,Standard,Delivered,0.0,True,2.0,10.68,none,5.0,7.0,Morning,5.6715,True,0.575
HDEL000275,HORD000275,2018-04-01,2018-04-08,2018-04-07,Direct Freight,Standard,Delivered,0.0,True,29.0,9.56,none,7.0,5.0,Afternoon,7.0202,False,0.413
HDEL000276,HORD000276,2018-01-24,2018-01-28,2018-01-26,StarTrack,Standard,Delivered,0.0,True,7.0,8.95,none,4.0,8.0,Afternoon,8.1012,False,0.43
HDEL000277,HORD000277,2018-03-07,2018-03-13,2018-03-12,StarTrack,Express,Delivered,0.0,True,39.0,21.66,none,6.0,4.0,Morning,7.6692,False,0.494
HDEL000278,HORD000278,2018-05-03,2018-05-07,2018-05-07,AusPost,Standard,Delivered,0.0,True,55.0,8.13,none,4.0,4.0,Morning,2.8334,False,0.279
HDEL000279,HORD000279,2018-01-31,2018-02-03,2018-02-03,DHL,Express,Delivered,0.0,True,9.0,18.68,none,3.0,7.0,Anytime,5.6896,True,0.535
HDEL000280,HORD000280,2018-08-02,2018-08-08,2018-08-06,StarTrack,Standard,Delivered,0.0,True,2.0,9.39,none,6.0,9.0,Afternoon,1.6337,False,0.33
HDEL000281,HORD000281,2018-08-25,2018-08-28,2018-08-26,Direct Freight,Standard,Delivered,0.0,True,32.0,8.39,none,3.0,8.0,Morning,0.6613,True,0.414
HDEL000282,HORD000282,2018-12-05,2018-12-12,2018-12-10,StarTrack,Standard,Delivered,0.0,True,38.0,10.54,none,7.0,7.0,Afternoon,5.576,True,0.526
HDEL000283,HORD000283,2018-04-25,2018-04-29,2018-04-29,Direct Freight,Express,Delivered,0.0,True,49.0,15.45,none,4.0,9.0,Anytime,1.131,True,0.446
HDEL000284,HORD000284,2018-02-05,2018-02-10,2018-02-10,DHL,Express,Delivered,0.0,True,3.0,14.39,none,5.0,8.0,Anytime,4.6678,True,0.549
HDEL000285,HORD000285,2018-05-03,2018-05-09,2018-05-14,StarTrack,Express,Delivered,5.0,False,25.0,16.4,carrier_capacity,6.0,8.0,Morning,7.74,True,0.502
HDEL000286,HORD000286,2018-01-29,2018-02-02,2018-02-07,StarTrack,Standard,Delivered,5.0,False,43.0,9.87,weather,4.0,7.0,Morning,5.1841,True,0.457
HDEL000287,HORD000287,2018-07-03,2018-07-07,2018-07-10,Direct Freight,Standard,Delivered,3.0,False,5.0,13.05,weather,4.0,4.0,Afternoon,7.0833,False,0.446
HDEL000288,HORD000288,2018-04-26,2018-05-01,2018-04-30,Direct Freight,Standard,Delivered,0.0,True,23.0,10.78,none,5.0,3.0,Anytime,7.6027,False,0.408
HDEL000289,HORD000289,2018-07-26,2018-07-31,2018-07-29,AusPost,Standard,Delivered,0.0,True,71.0,13.7,none,5.0,9.0,Anytime,6.3092,True,0.458
HDEL000290,HORD000290,2018-01-22,2018-01-25,2018-01-25,Direct Freight,Standard,Delivered,0.0,True,40.0,10.94,none,3.0,5.0,Afternoon,5.8629,False,0.338
HDEL000291,HORD000291,2018-09-10,2018-09-16,2018-09-16,AusPost,Express,Delivered,0.0,True,15.0,17.93,none,6.0,4.0,Anytime,3.6202,True,0.388
HDEL000292,HORD000292,2018-07-19,2018-07-23,2018-07-21,DHL,Standard,Delivered,0.0,True,11.0,12.81,none,4.0,7.0,Morning,5.7397,True,0.61
HDEL000293,HORD000293,2018-11-19,2018-11-22,2018-11-22,DHL,Standard,Delivered,0.0,True,46.0,10.73,none,3.0,8.0,Afternoon,6.8779,False,0.453
HDEL000294,HORD000294,2018-07-15,2018-07-20,2018-07-18,AusPost,Standard,Delivered,0.0,True,10.0,12.96,none,5.0,6.0,Morning,7.1535,True,0.515
HDEL000295,HORD000295,2018-05-05,2018-05-08,2018-05-07,DHL,Standard,Delivered,0.0,True,46.0,9.48,none,3.0,5.0,Morning,5.1945,False,0.33
HDEL000296,HORD000296,2018-04-19,2018-04-25,2018-04-30,StarTrack,Express,Delivered,5.0,False,13.0,13.03,warehouse_congestion,6.0,7.0,Morning,1.6352,False,0.286
HDEL000297,HORD000297,2018-09-04,2018-09-07,2018-09-06,Direct Freight,Standard,Delivered,0.0,True,30.0,8.64,none,3.0,8.0,Morning,3.0499,False,0.366
HDEL000298,HORD000298,2018-11-04,2018-11-10,2018-11-09,AusPost,Standard,Delivered,0.0,True,6.0,8.53,none,6.0,4.0,Anytime,4.0037,True,0.973
HDEL000299,HORD000299,2018-02-23,2018-03-01,2018-02-27,Direct Freight,Standard,Delivered,0.0,True,59.0,8.52,none,6.0,5.0,Afternoon,2.8043,True,0.411
HDEL000300,HORD000300,2018-12-27,2018-12-30,2018-12-28,StarTrack,Standard,Delivered,0.0,True,11.0,8.21,none,3.0,3.0,Morning,1.4385,True,0.435
HDEL000301,HORD000301,2018-07-28,2018-08-02,2018-08-02,DHL,Standard,Delivered,0.0,True,21.0,14.1,none,5.0,5.0,Afternoon,6.5932,True,0.985
HDEL000302,HORD000302,2018-07-30,2018-08-02,2018-07-31,DHL,Standard,Delivered,0.0,True,71.0,8.14,none,3.0,5.0,Morning,2.0865,True,0.317
HDEL000303,HORD000303,2018-01-15,2018-01-20,2018-01-20,AusPost,Standard,Delivered,0.0,True,10.0,8.5,none,5.0,7.0,Anytime,4.7826,True,0.414
HDEL000304,HORD000304,2018-05-08,2018-05-13,2018-05-11,AusPost,Express,Delivered,0.0,True,49.0,14.66,none,5.0,7.0,Anytime,2.4826,True,0.316
HDEL000305,HORD000305,2018-10-11,2018-10-18,2018-10-16,AusPost,Standard,Delivered,0.0,True,38.0,9.61,none,7.0,7.0,Morning,7.6692,True,0.621
HDEL000306,HORD000306,2018-12-10,2018-12-17,2018-12-17,DHL,Standard,Delivered,0.0,True,41.0,7.95,none,7.0,3.0,Morning,2.9396,True,0.397
HDEL000307,HORD000307,2018-09-10,2018-09-16,2018-09-15,DHL,Express,Delivered,0.0,True,73.0,19.58,none,6.0,4.0,Afternoon,5.2435,True,0.547
HDEL000308,HORD000308,2018-08-17,2018-08-22,2018-08-20,StarTrack,Express,Delivered,0.0,True,54.0,20.98,none,5.0,3.0,Morning,3.296,True,0.926
HDEL000309,HORD000309,2018-11-11,2018-11-14,2018-11-12,AusPost,Standard,Delivered,0.0,True,53.0,7.56,none,3.0,7.0,Afternoon,5.4309,True,0.418
HDEL000310,HORD000310,2018-05-16,2018-05-23,2018-05-23,Direct Freight,Standard,Delivered,0.0,True,63.0,8.17,none,7.0,4.0,Anytime,3.0748,True,0.446
HDEL000311,HORD000311,2018-08-22,2018-08-29,2018-08-29,DHL,Standard,Delivered,0.0,True,6.0,14.25,none,7.0,9.0,Anytime,8.5452,True,1.724
HDEL000312,HORD000312,2018-04-30,2018-05-07,2018-05-07,StarTrack,Standard,Delivered,0.0,True,72.0,11.7,none,7.0,4.0,Afternoon,7.8949,True,1.396
HDEL000313,HORD000313,2018-03-19,2018-03-22,2018-03-20,StarTrack,Standard,Delivered,0.0,True,67.0,11.16,none,3.0,4.0,Anytime,7.1535,True,0.532
HDEL000314,HORD000314,2018-06-15,2018-06-19,2018-06-18,StarTrack,Standard,Delivered,0.0,True,30.0,11.25,none,4.0,4.0,Morning,7.0172,True,0.488
HDEL000315,HORD000315,2018-05-27,2018-05-31,2018-05-31,Direct Freight,Standard,Delivered,0.0,True,62.0,7.44,none,4.0,8.0,Morning,3.2601,False,0.312
HDEL000316,HORD000316,2018-11-11,2018-11-16,2018-11-20,StarTrack,Standard,Delivered,4.0,False,36.0,9.1,weather,5.0,3.0,Afternoon,4.2699,True,1.759
HDEL000317,HORD000317,2018-07-31,2018-08-07,2018-08-05,AusPost,Standard,Delivered,0.0,True,18.0,13.48,none,7.0,5.0,Anytime,5.7949,False,0.361
HDEL000318,HORD000318,2018-05-17,2018-05-23,2018-05-26,AusPost,Standard,Delivered,3.0,False,21.0,9.28,weather,6.0,8.0,Afternoon,7.3718,True,0.684
HDEL000319,HORD000319,2018-02-09,2018-02-14,2018-02-14,Direct Freight,Standard,Delivered,0.0,True,52.0,8.55,none,5.0,7.0,Anytime,5.6528,True,0.873
HDEL000320,HORD000320,2018-02-17,2018-02-21,2018-02-21,AusPost,Standard,Delivered,0.0,True,73.0,10.8,none,4.0,3.0,Anytime,6.7474,True,0.971
HDEL000321,HORD000321,2018-08-28,2018-08-31,2018-08-30,DHL,Standard,Delivered,0.0,True,53.0,12.9,none,3.0,3.0,Afternoon,7.0833,True,0.558
HDEL000322,HORD000322,2018-06-02,2018-06-06,2018-06-06,StarTrack,Standard,Delivered,0.0,True,44.0,9.12,none,4.0,3.0,Anytime,5.1945,True,0.59
HDEL000323,HORD000323,2018-07-26,2018-08-01,2018-07-31,Direct Freight,Standard,Delivered,0.0,True,8.0,11.19,none,6.0,4.0,Afternoon,4.0037,False,0.295
HDEL000324,HORD000324,2018-10-31,2018-11-04,2018-11-05,StarTrack,Express,Delivered,1.0,False,34.0,18.7,weather,4.0,7.0,Anytime,3.7986,False,0.324
HDEL000325,HORD000325,2018-11-04,2018-11-09,2018-11-08,AusPost,Standard,Delivered,0.0,True,28.0,6.73,none,5.0,3.0,Morning,1.4457,True,1.088
HDEL000326,HORD000326,2018-08-08,2018-08-15,2018-08-13,Direct Freight,Standard,Delivered,0.0,True,34.0,11.72,none,7.0,9.0,Morning,5.1945,True,0.45
HDEL000327,HORD000327,2018-09-03,2018-09-08,2018-09-06,DHL,Express,Delivered,0.0,True,8.0,16.58,none,5.0,3.0,Anytime,7.691,False,0.413
HDEL000328,HORD000328,2018-04-24,2018-05-01,2018-04-30,StarTrack,Express,Delivered,0.0,True,34.0,22.88,none,7.0,8.0,Anytime,9.9452,True,0.501
HDEL000329,HORD000329,2018-04-17,2018-04-20,2018-04-18,Direct Freight,Standard,Delivered,0.0,True,55.0,7.92,none,3.0,9.0,Afternoon,6.3092,True,0.443
HDEL000330,HORD000330,2018-03-01,2018-03-08,2018-03-08,Direct Freight,Standard,Delivered,0.0,True,13.0,11.23,none,7.0,8.0,Afternoon,6.8495,True,0.568
HDEL000331,HORD000331,2018-03-20,2018-03-25,2018-03-29,StarTrack,Standard,Delivered,4.0,False,9.0,9.26,warehouse_congestion,5.0,7.0,Morning,5.7885,False,0.375
HDEL000332,HORD000332,2018-10-26,2018-10-31,2018-10-31,Direct Freight,Standard,Delivered,0.0,True,71.0,7.65,none,5.0,6.0,Anytime,3.0499,True,0.335
HDEL000333,HORD000333,2018-04-15,2018-04-22,2018-04-22,StarTrack,Standard,Delivered,0.0,True,54.0,7.73,none,7.0,7.0,Morning,2.3496,False,0.272
HDEL000334,HORD000334,2018-04-29,2018-05-05,2018-05-03,AusPost,Standard,Delivered,0.0,True,4.0,8.78,none,6.0,7.0,Afternoon,3.296,True,0.324
HDEL000335,HORD000335,2018-12-08,2018-12-11,2018-12-10,AusPost,Standard,Delivered,0.0,True,28.0,8.69,none,3.0,4.0,Morning,4.3804,True,0.476
HDEL000336,HORD000336,2018-09-09,2018-09-13,2018-09-13,Direct Freight,Express,Delivered,0.0,True,15.0,17.07,none,4.0,9.0,Morning,3.727,False,0.296
HDEL000337,HORD000337,2018-03-25,2018-03-29,2018-03-28,AusPost,Standard,Delivered,0.0,True,23.0,8.86,none,4.0,3.0,Morning,4.213,False,0.35
HDEL000338,HORD000338,2018-07-30,2018-08-06,2018-08-05,DHL,Express,Delivered,0.0,True,48.0,22.74,none,7.0,7.0,Anytime,7.4907,False,0.517
HDEL000339,HORD000339,2018-09-12,2018-09-17,2018-09-15,Direct Freight,Standard,Delivered,0.0,True,36.0,6.81,none,5.0,4.0,Anytime,2.7779,False,0.377
HDEL000340,HORD000340,2018-06-06,2018-06-11,2018-06-16,AusPost,Standard,Delivered,5.0,False,39.0,9.24,carrier_capacity,5.0,9.0,Anytime,4.1458,True,0.395
HDEL000341,HORD000341,2018-08-31,2018-09-07,2018-09-05,AusPost,Standard,Delivered,0.0,True,26.0,13.57,none,7.0,4.0,Morning,5.8366,True,0.429
HDEL000342,HORD000342,2018-04-03,2018-04-08,2018-04-06,StarTrack,Standard,Delivered,0.0,True,61.0,8.2,none,5.0,4.0,Morning,3.025,True,0.814
HDEL000343,HORD000343,2018-11-06,2018-11-10,2018-11-08,DHL,Standard,Delivered,0.0,True,27.0,6.12,none,4.0,5.0,Morning,1.0315,True,0.386
HDEL000344,HORD000344,2018-09-09,2018-09-13,2018-09-13,StarTrack,Standard,Delivered,0.0,True,54.0,8.85,none,4.0,9.0,Afternoon,5.6896,True,0.484
HDEL000345,HORD000345,2018-07-10,2018-07-13,2018-07-12,DHL,Standard,Delivered,0.0,True,51.0,9.95,none,3.0,5.0,Morning,4.6678,False,0.357
HDEL000346,HORD000346,2018-04-04,2018-04-10,2018-04-09,StarTrack,Express,Delivered,0.0,True,72.0,17.47,none,6.0,6.0,Anytime,6.7151,True,0.499
HDEL000347,HORD000347,2018-05-26,2018-05-29,2018-05-27,DHL,Standard,Delivered,0.0,True,37.0,7.44,none,3.0,6.0,Anytime,3.241,True,0.438
HDEL000348,HORD000348,2018-07-25,2018-07-31,2018-08-05,Direct Freight,Standard,Delivered,5.0,False,59.0,11.9,warehouse_congestion,6.0,9.0,Afternoon,7.306,True,0.693
HDEL000349,HORD000349,2018-10-25,2018-10-29,2018-10-28,DHL,Express,Delivered,0.0,True,41.0,16.33,none,4.0,5.0,Anytime,6.2917,True,0.414
HDEL000350,HORD000350,2018-10-17,2018-10-21,2018-10-20,StarTrack,Standard,Delivered,0.0,True,18.0,9.52,none,4.0,8.0,Afternoon,5.4501,False,0.869
HDEL000351,HORD000351,2018-05-22,2018-05-27,2018-05-27,DHL,Standard,Delivered,0.0,True,7.0,9.8,none,5.0,3.0,Anytime,5.8284,False,0.476
HDEL000352,HORD000352,2018-06-07,2018-06-12,2018-06-12,StarTrack,Standard,Delivered,0.0,True,73.0,11.37,none,5.0,3.0,Afternoon,7.101,False,0.428
HDEL000353,HORD000353,2018-11-18,2018-11-23,2018-11-22,StarTrack,Standard,Delivered,0.0,True,69.0,7.38,none,5.0,8.0,Anytime,1.013,True,1.021
HDEL000354,HORD000354,2018-02-05,2018-02-10,2018-02-08,DHL,Standard,Delivered,0.0,True,14.0,8.53,none,5.0,8.0,Anytime,4.6678,True,0.894
HDEL000355,HORD000355,2018-01-07,2018-01-10,2018-01-08,StarTrack,Standard,Delivered,0.0,True,45.0,11.34,none,3.0,9.0,Afternoon,8.8063,False,0.431
HDEL000356,HORD000356,2018-11-04,2018-11-08,2018-11-11,StarTrack,Standard,Delivered,3.0,False,28.0,8.45,weather,4.0,4.0,Morning,4.175,True,0.88
HDEL000357,HORD000357,2018-09-17,2018-09-20,2018-09-18,AusPost,Standard,Delivered,0.0,True,56.0,9.61,none,3.0,7.0,Anytime,7.4924,True,0.546
HDEL000358,HORD000358,2018-04-21,2018-04-27,2018-04-25,Direct Freight,Standard,Delivered,0.0,True,46.0,5.4,none,6.0,7.0,Afternoon,1.2394,True,0.337
HDEL000359,HORD000359,2018-06-29,2018-07-02,2018-07-01,AusPost,Express,Delivered,0.0,True,36.0,27.56,none,3.0,8.0,Morning,8.3002,True,0.493
HDEL000360,HORD000360,2018-06-03,2018-06-06,2018-06-04,StarTrack,Standard,Delivered,0.0,True,8.0,8.76,none,3.0,9.0,Afternoon,3.083,False,0.407
HDEL000361,HORD000361,2018-04-26,2018-04-30,2018-04-30,Direct Freight,Standard,Delivered,0.0,True,19.0,7.57,none,4.0,6.0,Anytime,3.6202,True,0.427
HDEL000362,HORD000362,2018-04-18,2018-04-21,2018-04-19,StarTrack,Standard,Delivered,0.0,True,52.0,8.46,none,3.0,5.0,Anytime,7.1467,False,0.442
HDEL000363,HORD000363,2018-01-04,2018-01-10,2018-01-08,StarTrack,Standard,Delivered,0.0,True,26.0,7.81,none,6.0,5.0,Afternoon,1.9466,True,0.413
HDEL000364,HORD000364,2018-07-01,2018-07-07,2018-07-07,StarTrack,Express,Delivered,0.0,True,3.0,21.0,none,6.0,3.0,Anytime,5.066,True,0.501
HDEL000365,HORD000365,2018-10-29,2018-11-02,2018-11-01,DHL,Standard,Delivered,0.0,True,16.0,11.15,none,4.0,5.0,Afternoon,8.7019,True,0.529
HDEL000366,HORD000366,2018-04-27,2018-05-04,2018-05-04,AusPost,Standard,Delivered,0.0,True,14.0,6.84,none,7.0,3.0,Afternoon,1.6332,False,0.264
HDEL000367,HORD000367,2018-09-11,2018-09-16,2018-09-16,AusPost,Standard,Delivered,0.0,True,33.0,6.81,none,5.0,5.0,Afternoon,3.9264,True,1.195
HDEL000368,HORD000368,2018-04-07,2018-04-13,2018-04-11,Direct Freight,Standard,Delivered,0.0,True,36.0,10.67,none,6.0,7.0,Anytime,6.5801,True,0.632
HDEL000369,HORD000369,2018-04-11,2018-04-18,2018-04-17,Direct Freight,Express,Delivered,0.0,True,58.0,18.85,none,7.0,3.0,Anytime,3.5321,True,0.966
HDEL000370,HORD000370,2018-06-04,2018-06-10,2018-06-10,StarTrack,Standard,Delivered,0.0,True,11.0,9.41,none,6.0,3.0,Afternoon,4.2772,True,0.467
HDEL000371,HORD000371,2018-03-20,2018-03-24,2018-03-23,DHL,Standard,Delivered,0.0,True,10.0,9.97,none,4.0,9.0,Morning,5.3937,False,0.447
HDEL000372,HORD000372,2018-05-19,2018-05-22,2018-05-20,AusPost,Standard,Delivered,0.0,True,21.0,5.77,none,3.0,9.0,Anytime,0.361,False,0.27
HDEL000373,HORD000373,2018-08-13,2018-08-18,2018-08-18,AusPost,Express,Delivered,0.0,True,60.0,20.9,none,5.0,9.0,Anytime,3.0513,False,0.34
HDEL000374,HORD000374,2018-05-23,2018-05-26,2018-05-26,DHL,Standard,Delivered,0.0,True,8.0,9.36,none,3.0,9.0,Anytime,4.8747,False,0.347
HDEL000375,HORD000375,2018-05-01,2018-05-08,2018-05-07,AusPost,Express,Delivered,0.0,True,47.0,18.12,none,7.0,3.0,Anytime,6.2844,True,1.115
HDEL000376,HORD000376,2018-01-31,2018-02-06,2018-02-06,StarTrack,Express,Delivered,0.0,True,11.0,15.08,none,6.0,9.0,Afternoon,2.8947,False,0.323
HDEL000377,HORD000377,2018-04-18,2018-04-25,2018-04-25,AusPost,Standard,Delivered,0.0,True,23.0,12.47,none,7.0,9.0,Afternoon,8.4899,False,0.422
HDEL000378,HORD000378,2018-10-10,2018-10-15,2018-10-14,StarTrack,Standard,Delivered,0.0,True,69.0,8.07,none,5.0,3.0,Anytime,4.5274,True,0.472
HDEL000379,HORD000379,2018-12-29,2019-01-02,2019-01-02,DHL,Express,Delivered,0.0,True,48.0,17.27,none,4.0,9.0,Afternoon,6.5015,False,0.38
HDEL000380,HORD000380,2018-04-13,2018-04-20,2018-04-19,AusPost,Standard,Delivered,0.0,True,48.0,7.38,none,7.0,7.0,Anytime,2.9193,False,0.364
HDEL000381,HORD000381,2018-04-14,2018-04-21,2018-04-19,StarTrack,Standard,Delivered,0.0,True,10.0,10.64,none,7.0,6.0,Morning,7.1393,False,0.53
HDEL000382,HORD000382,2018-07-09,2018-07-15,2018-07-15,StarTrack,Standard,Delivered,0.0,True,25.0,13.4,none,6.0,4.0,Afternoon,5.6896,True,0.463
HDEL000383,HORD000383,2018-05-29,2018-06-01,2018-05-31,Direct Freight,Standard,Delivered,0.0,True,40.0,8.17,none,3.0,5.0,Afternoon,5.839,True,0.457
HDEL000384,HORD000384,2018-05-19,2018-05-25,2018-05-23,StarTrack,Standard,Delivered,0.0,True,8.0,6.66,none,6.0,9.0,Morning,1.2497,True,0.289
HDEL000385,HORD000385,2018-01-20,2018-01-25,2018-01-23,StarTrack,Standard,Delivered,0.0,True,58.0,12.29,none,5.0,9.0,Anytime,7.7528,True,1.213
HDEL000386,HORD000386,2018-05-05,2018-05-09,2018-05-07,StarTrack,Standard,Delivered,0.0,True,10.0,10.04,none,4.0,6.0,Morning,7.5164,False,0.459
HDEL000387,HORD000387,2018-04-23,2018-04-29,2018-04-27,Direct Freight,Standard,Delivered,0.0,True,29.0,8.83,none,6.0,8.0,Morning,7.7742,False,0.383
HDEL000388,HORD000388,2018-08-24,2018-08-27,2018-08-26,DHL,Standard,Delivered,0.0,True,8.0,10.08,none,3.0,7.0,Afternoon,5.5221,True,1.124
HDEL000389,HORD000389,2018-02-13,2018-02-17,2018-02-15,StarTrack,Standard,Delivered,0.0,True,14.0,8.83,none,4.0,8.0,Morning,3.1061,True,0.338
HDEL000390,HORD000390,2018-04-27,2018-05-01,2018-05-01,Direct Freight,Standard,Delivered,0.0,True,38.0,9.23,none,4.0,3.0,Morning,5.5854,False,0.407
HDEL000391,HORD000391,2018-07-02,2018-07-05,2018-07-05,AusPost,Standard,Delivered,0.0,True,62.0,9.29,none,3.0,8.0,Afternoon,1.2394,False,0.271
HDEL000392,HORD000392,2018-09-22,2018-09-29,2018-09-28,AusPost,Standard,Delivered,0.0,True,3.0,10.0,none,7.0,3.0,Morning,7.5554,False,0.448
HDEL000393,HORD000393,2018-02-01,2018-02-08,2018-02-07,DHL,Express,Delivered,0.0,True,8.0,18.77,none,7.0,5.0,Morning,6.9946,False,0.487
HDEL000394,HORD000394,2018-09-20,2018-09-24,2018-09-26,AusPost,Standard,Delivered,2.0,False,63.0,9.66,warehouse_congestion,4.0,5.0,Morning,6.1878,True,0.591
HDEL000395,HORD000395,2018-03-05,2018-03-11,2018-03-09,StarTrack,Standard,Delivered,0.0,True,65.0,10.93,none,6.0,3.0,Anytime,6.7474,True,0.928
HDEL000396,HORD000396,2018-08-20,2018-08-27,2018-09-01,DHL,Standard,Delivered,5.0,False,64.0,12.05,weather,7.0,3.0,Morning,4.4822,True,0.477
HDEL000397,HORD000397,2018-01-21,2018-01-26,2018-01-25,AusPost,Standard,Delivered,0.0,True,36.0,6.84,none,5.0,4.0,Anytime,1.2394,False,0.288
HDEL000398,HORD000398,2018-12-25,2019-01-01,2018-12-31,DHL,Standard,Delivered,0.0,True,71.0,8.54,none,7.0,5.0,Anytime,5.9648,True,0.527
HDEL000399,HORD000399,2018-12-20,2018-12-27,2018-12-27,StarTrack,Express,Delivered,0.0,True,50.0,19.57,none,7.0,7.0,Afternoon,5.2435,False,0.463
HDEL000400,HORD000400,2018-04-12,2018-04-18,2018-04-17,AusPost,Standard,Delivered,0.0,True,16.0,9.66,none,6.0,3.0,Afternoon,6.1816,True,0.555
HDEL000401,HORD000401,2018-08-01,2018-08-04,2018-08-03,StarTrack,Standard,Delivered,0.0,True,43.0,12.39,none,3.0,6.0,Anytime,6.4246,True,0.451
HDEL000402,HORD000402,2018-12-04,2018-12-07,2018-12-07,StarTrack,Standard,Delivered,0.0,True,62.0,9.83,none,3.0,6.0,Morning,5.3461,True,0.51
HDEL000403,HORD000403,2018-01-16,2018-01-23,2018-01-25,StarTrack,Express,Delivered,2.0,False,3.0,12.77,weather,7.0,5.0,Afternoon,2.1289,False,0.739
HDEL000404,HORD000404,2018-05-20,2018-05-25,2018-05-24,Direct Freight,Standard,Delivered,0.0,True,25.0,8.83,none,5.0,8.0,Afternoon,6.9407,True,1.073
HDEL000405,HORD000405,2018-07-18,2018-07-23,2018-07-22,Direct Freight,Standard,Delivered,0.0,True,53.0,13.22,none,5.0,8.0,Afternoon,10.0462,False,0.485
HDEL000406,HORD000406,2018-11-03,2018-11-07,2018-11-05,AusPost,Standard,Delivered,0.0,True,55.0,10.04,none,4.0,7.0,Anytime,4.8422,False,0.568
HDEL000407,HORD000407,2018-05-04,2018-05-07,2018-05-07,DHL,Standard,Delivered,0.0,True,65.0,8.69,none,3.0,8.0,Anytime,3.2601,True,0.635
HDEL000408,HORD000408,2018-05-06,2018-05-09,2018-05-07,StarTrack,Standard,Delivered,0.0,True,62.0,5.99,none,3.0,7.0,Anytime,0.6309,True,0.309
HDEL000409,HORD000409,2018-11-27,2018-12-02,2018-11-30,Direct Freight,Standard,Delivered,0.0,True,22.0,9.73,none,5.0,5.0,Afternoon,6.5212,True,0.445
HDEL000410,HORD000410,2018-12-23,2018-12-29,2018-12-27,AusPost,Standard,Delivered,0.0,True,28.0,8.85,none,6.0,5.0,Morning,4.8578,False,0.404
HDEL000411,HORD000411,2018-10-24,2018-10-31,2018-10-31,DHL,Standard,Delivered,0.0,True,37.0,8.25,none,7.0,4.0,Afternoon,6.7869,False,0.381
HDEL000412,HORD000412,2018-03-22,2018-03-29,2018-03-27,StarTrack,Express,Delivered,0.0,True,54.0,15.8,none,7.0,9.0,Morning,6.7474,True,0.574
HDEL000413,HORD000413,2018-04-01,2018-04-05,2018-04-05,DHL,Standard,Delivered,0.0,True,70.0,7.84,none,4.0,4.0,Afternoon,5.3161,False,0.394
HDEL000414,HORD000414,2018-12-14,2018-12-17,2018-12-16,AusPost,Standard,Delivered,0.0,True,63.0,8.73,none,3.0,9.0,Anytime,7.0838,True,0.775
HDEL000415,HORD000415,2018-06-06,2018-06-11,2018-06-10,AusPost,Standard,Delivered,0.0,True,48.0,13.77,none,5.0,4.0,Afternoon,6.0446,True,0.567
HDEL000416,HORD000416,2018-12-21,2018-12-24,2018-12-24,DHL,Express,Delivered,0.0,True,63.0,20.71,none,3.0,3.0,Morning,7.1589,True,0.444
HDEL000417,HORD000417,2018-07-31,2018-08-04,2018-08-03,DHL,Standard,Delivered,0.0,True,54.0,9.22,none,4.0,6.0,Afternoon,4.3706,True,0.555
HDEL000418,HORD000418,2018-12-13,2018-12-20,2018-12-19,Direct Freight,Standard,Delivered,0.0,True,71.0,7.48,none,7.0,6.0,Anytime,1.6337,True,0.425
HDEL000419,HORD000419,2018-12-04,2018-12-09,2018-12-09,AusPost,Standard,Delivered,0.0,True,56.0,7.74,none,5.0,3.0,Morning,4.2256,True,0.508
HDEL000420,HORD000420,2018-05-11,2018-05-17,2018-05-17,AusPost,Express,Delivered,0.0,True,65.0,14.87,none,6.0,7.0,Morning,5.6896,True,0.437
HDEL000421,HORD000421,2018-04-09,2018-04-13,2018-04-11,StarTrack,Standard,Delivered,0.0,True,6.0,8.33,none,4.0,4.0,Afternoon,5.6902,True,0.553
HDEL000422,HORD000422,2018-03-23,2018-03-29,2018-03-29,AusPost,Standard,Delivered,0.0,True,57.0,8.69,none,6.0,3.0,Anytime,7.6027,False,0.407
HDEL000423,HORD000423,2018-01-13,2018-01-17,2018-01-17,AusPost,Standard,Delivered,0.0,True,7.0,10.31,none,4.0,8.0,Morning,7.1859,True,0.498
HDEL000424,HORD000424,2018-03-24,2018-03-27,2018-03-26,AusPost,Standard,Delivered,0.0,True,18.0,7.55,none,3.0,5.0,Afternoon,5.4097,False,0.377
HDEL000425,HORD000425,2018-08-10,2018-08-16,2018-08-15,Direct Freight,Standard,Delivered,0.0,True,31.0,9.91,none,6.0,4.0,Morning,3.3621,True,0.436
HDEL000426,HORD000426,2018-09-08,2018-09-13,2018-09-11,AusPost,Express,Delivered,0.0,True,44.0,15.32,none,5.0,8.0,Afternoon,0.5576,True,0.352
HDEL000427,HORD000427,2018-07-16,2018-07-21,2018-07-20,Direct Freight,Standard,Delivered,0.0,True,61.0,9.83,none,5.0,6.0,Anytime,4.3706,True,1.231
HDEL000428,HORD000428,2018-07-28,2018-08-02,2018-08-02,StarTrack,Standard,Delivered,0.0,True,18.0,13.36,none,5.0,4.0,Anytime,5.5854,True,0.411
HDEL000429,HORD000429,2018-05-08,2018-05-13,2018-05-13,DHL,Standard,Delivered,0.0,True,55.0,7.52,none,5.0,3.0,Morning,5.1273,False,0.551
HDEL000430,HORD000430,2018-11-03,2018-11-09,2018-11-07,StarTrack,Express,Delivered,0.0,True,30.0,15.27,none,6.0,3.0,Afternoon,3.025,False,0.307
HDEL000431,HORD000431,2018-06-30,2018-07-04,2018-07-03,DHL,Standard,Delivered,0.0,True,9.0,9.63,none,4.0,8.0,Anytime,2.1752,True,0.35
HDEL000432,HORD000432,2018-10-16,2018-10-20,2018-10-20,StarTrack,Standard,Delivered,0.0,True,21.0,9.37,none,4.0,8.0,Anytime,5.8441,False,0.359
HDEL000433,HORD000433,2018-10-10,2018-10-14,2018-10-15,DHL,Standard,Delivered,1.0,False,32.0,10.2,weather,4.0,4.0,Afternoon,4.9255,False,0.387
HDEL000434,HORD000434,2018-07-07,2018-07-12,2018-07-11,Direct Freight,Express,Delivered,0.0,True,10.0,21.56,none,5.0,8.0,Morning,9.2991,False,0.425
HDEL000435,HORD000435,2018-09-02,2018-09-05,2018-09-08,StarTrack,Standard,Delivered,3.0,False,36.0,10.23,weather,3.0,6.0,Morning,6.3128,False,0.406
HDEL000436,HORD000436,2018-06-18,2018-06-22,2018-06-22,Direct Freight,Standard,Delivered,0.0,True,55.0,9.98,none,4.0,7.0,Afternoon,3.7634,False,0.323
HDEL000437,HORD000437,2018-09-09,2018-09-15,2018-09-14,StarTrack,Standard,Delivered,0.0,True,47.0,8.17,none,6.0,5.0,Afternoon,5.7809,True,0.43
HDEL000438,HORD000438,2018-12-20,2018-12-27,2018-12-25,DHL,Standard,Delivered,0.0,True,15.0,9.49,none,7.0,9.0,Anytime,5.1067,False,0.362
HDEL000439,HORD000439,2018-07-29,2018-08-04,2018-08-04,DHL,Standard,Delivered,0.0,True,34.0,11.79,none,6.0,8.0,Anytime,5.115,False,0.337
HDEL000440,HORD000440,2018-07-23,2018-07-30,2018-07-30,DHL,Standard,Delivered,0.0,True,41.0,10.02,none,7.0,8.0,Morning,3.9556,True,1.096
HDEL000441,HORD000441,2018-12-03,2018-12-06,2018-12-04,Direct Freight,Standard,Delivered,0.0,True,73.0,9.48,none,3.0,3.0,Morning,9.5775,True,0.642
HDEL000442,HORD000442,2018-06-23,2018-06-29,2018-06-28,Direct Freight,Standard,Delivered,0.0,True,33.0,9.64,none,6.0,3.0,Morning,3.7951,False,0.399
HDEL000443,HORD000443,2018-09-24,2018-09-28,2018-09-26,AusPost,Standard,Delivered,0.0,True,50.0,7.44,none,4.0,3.0,Anytime,4.6779,False,0.349
HDEL000444,HORD000444,2018-02-01,2018-02-05,2018-02-03,DHL,Express,Delivered,0.0,True,55.0,14.21,none,4.0,3.0,Afternoon,4.2772,True,1.17
HDEL000445,HORD000445,2018-08-25,2018-08-30,2018-08-30,DHL,Standard,Delivered,0.0,True,43.0,13.38,none,5.0,7.0,Morning,6.6114,True,1.181
HDEL000446,HORD000446,2018-05-12,2018-05-16,2018-05-14,Direct Freight,Standard,Delivered,0.0,True,2.0,7.79,none,4.0,5.0,Morning,3.967,True,1.203
HDEL000447,HORD000447,2018-10-24,2018-10-31,2018-10-31,AusPost,Standard,Delivered,0.0,True,8.0,8.09,none,7.0,3.0,Anytime,4.2772,False,0.387
HDEL000448,HORD000448,2018-11-27,2018-12-03,2018-12-02,StarTrack,Express,Delivered,0.0,True,22.0,17.13,none,6.0,6.0,Morning,6.6114,True,1.129
HDEL000449,HORD000449,2018-06-18,2018-06-23,2018-06-21,DHL,Express,Delivered,0.0,True,14.0,21.16,none,5.0,8.0,Anytime,6.2019,True,0.828
HDEL000450,HORD000450,2018-02-12,2018-02-15,2018-02-15,AusPost,Standard,Delivered,0.0,True,11.0,10.33,none,3.0,6.0,Anytime,4.6919,True,0.483
HDEL000451,HORD000451,2018-11-25,2018-11-30,2018-12-03,Direct Freight,Standard,Delivered,3.0,False,47.0,9.03,weather,5.0,4.0,Afternoon,7.5054,True,0.61
HDEL000452,HORD000452,2018-05-21,2018-05-27,2018-05-27,AusPost,Standard,Delivered,0.0,True,7.0,11.06,none,6.0,9.0,Anytime,7.6027,False,0.456
HDEL000453,HORD000453,2018-05-26,2018-06-01,2018-06-01,DHL,Standard,Delivered,0.0,True,60.0,6.25,none,6.0,5.0,Morning,3.083,True,0.515
HDEL000454,HORD000454,2018-02-23,2018-02-28,2018-02-26,DHL,Standard,Delivered,0.0,True,27.0,7.66,none,5.0,9.0,Afternoon,3.7951,True,1.031
HDEL000455,HORD000455,2018-11-25,2018-12-01,2018-11-29,AusPost,Standard,Delivered,0.0,True,56.0,7.94,none,6.0,8.0,Anytime,5.7949,True,0.554
HDEL000456,HORD000456,2018-02-09,2018-02-16,2018-02-15,StarTrack,Express,Delivered,0.0,True,9.0,20.79,none,7.0,3.0,Morning,9.1061,True,1.133
HDEL000457,HORD000457,2018-04-07,2018-04-11,2018-04-09,DHL,Standard,Delivered,0.0,True,36.0,6.83,none,4.0,3.0,Morning,1.6337,True,0.336
HDEL000458,HORD000458,2018-03-31,2018-04-04,2018-04-03,DHL,Standard,Delivered,0.0,True,13.0,7.46,none,4.0,4.0,Afternoon,5.3633,False,0.375
HDEL000459,HORD000459,2018-11-21,2018-11-28,2018-11-28,AusPost,Standard,Delivered,0.0,True,8.0,6.56,none,7.0,9.0,Afternoon,0.919,True,0.435
HDEL000460,HORD000460,2018-01-23,2018-01-27,2018-01-27,Direct Freight,Standard,Delivered,0.0,True,66.0,9.95,none,4.0,7.0,Morning,9.2213,True,0.62
HDEL000461,HORD000461,2018-10-13,2018-10-19,2018-10-17,AusPost,Standard,Delivered,0.0,True,16.0,8.35,none,6.0,6.0,Afternoon,4.1841,True,0.49
HDEL000462,HORD000462,2018-07-17,2018-07-23,2018-07-23,StarTrack,Standard,Delivered,0.0,True,31.0,11.81,none,6.0,8.0,Afternoon,7.7045,False,0.472
HDEL000463,HORD000463,2018-04-12,2018-04-15,2018-04-14,StarTrack,Standard,Delivered,0.0,True,61.0,8.53,none,3.0,5.0,Afternoon,4.1707,False,0.335
HDEL000464,HORD000464,2018-04-03,2018-04-06,2018-04-05,Direct Freight,Standard,Delivered,0.0,True,12.0,8.17,none,3.0,5.0,Afternoon,4.3807,True,1.901
HDEL000465,HORD000465,2018-03-19,2018-03-22,2018-03-22,DHL,Standard,Delivered,0.0,True,40.0,7.91,none,3.0,4.0,Morning,3.0744,True,0.394
HDEL000466,HORD000466,2018-05-19,2018-05-25,2018-05-25,StarTrack,Express,Delivered,0.0,True,54.0,13.14,none,6.0,3.0,Anytime,1.2394,False,0.405
HDEL000467,HORD000467,2018-11-08,2018-11-12,2018-11-13,StarTrack,Standard,Delivered,1.0,False,68.0,6.46,warehouse_congestion,4.0,5.0,Anytime,3.1272,False,0.342
HDEL000468,HORD000468,2018-04-25,2018-04-28,2018-04-26,Direct Freight,Standard,Delivered,0.0,True,46.0,9.73,none,3.0,8.0,Afternoon,6.9271,True,0.588
HDEL000469,HORD000469,2018-06-27,2018-06-30,2018-06-29,Direct Freight,Express,Delivered,0.0,True,64.0,19.02,none,3.0,5.0,Anytime,7.353,False,0.526
HDEL000470,HORD000470,2018-08-11,2018-08-18,2018-08-17,StarTrack,Standard,Delivered,0.0,True,47.0,13.65,none,7.0,9.0,Afternoon,7.8594,True,1.141
HDEL000471,HORD000471,2018-07-10,2018-07-13,2018-07-12,StarTrack,Standard,Delivered,0.0,True,24.0,10.69,none,3.0,8.0,Afternoon,5.9503,True,0.481
HDEL000472,HORD000472,2018-06-09,2018-06-15,2018-06-14,Direct Freight,Standard,Delivered,0.0,True,61.0,12.54,none,6.0,3.0,Afternoon,4.2942,False,0.3
HDEL000473,HORD000473,2018-04-09,2018-04-13,2018-04-13,AusPost,Standard,Delivered,0.0,True,26.0,12.05,none,4.0,8.0,Anytime,8.7895,False,0.427
HDEL000474,HORD000474,2018-11-13,2018-11-19,2018-11-17,Direct Freight,Standard,Delivered,0.0,True,48.0,10.24,none,6.0,4.0,Anytime,7.5171,True,1.302
HDEL000475,HORD000475,2018-07-18,2018-07-21,2018-07-21,DHL,Standard,Delivered,0.0,True,58.0,14.29,none,3.0,4.0,Anytime,7.1535,True,0.526
HDEL000476,HORD000476,2018-02-24,2018-02-28,2018-02-28,DHL,Standard,Delivered,0.0,True,15.0,9.84,none,4.0,7.0,Afternoon,6.6114,False,0.385
HDEL000477,HORD000477,2018-02-10,2018-02-16,2018-02-14,Direct Freight,Express,Delivered,0.0,True,67.0,16.04,none,6.0,8.0,Afternoon,4.2942,True,0.985
HDEL000478,HORD000478,2018-02-17,2018-02-20,2018-02-20,StarTrack,Express,Delivered,0.0,True,47.0,15.57,none,3.0,7.0,Anytime,7.7035,False,0.482
HDEL000479,HORD000479,2018-09-16,2018-09-23,2018-09-23,Direct Freight,Standard,Delivered,0.0,True,7.0,6.08,none,7.0,6.0,Afternoon,1.1842,True,0.385
HDEL000480,HORD000480,2018-10-28,2018-11-04,2018-11-04,DHL,Standard,Delivered,0.0,True,32.0,10.69,none,7.0,3.0,Afternoon,8.5082,False,0.467
HDEL000481,HORD000481,2018-10-15,2018-10-20,2018-10-20,Direct Freight,Standard,Delivered,0.0,True,36.0,10.75,none,5.0,9.0,Morning,8.1012,False,0.42
HDEL000482,HORD000482,2018-08-24,2018-08-28,2018-08-28,StarTrack,Express,Delivered,0.0,True,57.0,22.98,none,4.0,5.0,Anytime,6.5391,False,0.455
HDEL000483,HORD000483,2018-12-28,2019-01-01,2019-01-01,StarTrack,Standard,Delivered,0.0,True,6.0,6.87,none,4.0,8.0,Morning,2.522,True,0.481
HDEL000484,HORD000484,2018-07-31,2018-08-05,2018-08-05,AusPost,Standard,Delivered,0.0,True,32.0,13.42,none,5.0,9.0,Morning,6.1918,True,0.466
HDEL000485,HORD000485,2018-05-11,2018-05-18,2018-05-18,Direct Freight,Standard,Delivered,0.0,True,11.0,8.62,none,7.0,4.0,Anytime,3.9719,False,0.375
HDEL000486,HORD000486,2018-08-09,2018-08-13,2018-08-13,StarTrack,Standard,Delivered,0.0,True,60.0,10.79,none,4.0,7.0,Morning,5.2894,False,0.39
HDEL000487,HORD000487,2018-11-29,2018-12-05,2018-12-03,DHL,Standard,Delivered,0.0,True,47.0,8.71,none,6.0,8.0,Anytime,3.528,True,0.55
HDEL000488,HORD000488,2018-07-14,2018-07-18,2018-07-17,StarTrack,Standard,Delivered,0.0,True,23.0,11.68,none,4.0,5.0,Anytime,4.8578,True,0.477
HDEL000489,HORD000489,2018-01-12,2018-01-15,2018-01-15,AusPost,Standard,Delivered,0.0,True,64.0,6.07,none,3.0,5.0,Afternoon,1.2126,True,0.352
HDEL000490,HORD000490,2018-11-15,2018-11-21,2018-11-26,DHL,Express,Delivered,5.0,False,43.0,19.64,warehouse_congestion,6.0,7.0,Afternoon,7.2366,False,0.446
HDEL000491,HORD000491,2018-07-06,2018-07-09,2018-07-08,Direct Freight,Standard,Delivered,0.0,True,7.0,13.93,none,3.0,3.0,Anytime,6.6114,True,0.616
HDEL000492,HORD000492,2018-06-04,2018-06-09,2018-06-08,StarTrack,Standard,Delivered,0.0,True,3.0,9.28,none,5.0,6.0,Anytime,2.1289,True,0.295
HDEL000493,HORD000493,2018-05-13,2018-05-19,2018-05-17,Direct Freight,Express,Delivered,0.0,True,57.0,18.63,none,6.0,3.0,Afternoon,6.9271,True,0.429
HDEL000494,HORD000494,2018-12-03,2018-12-10,2018-12-08,AusPost,Standard,Delivered,0.0,True,59.0,10.96,none,7.0,4.0,Anytime,7.5354,True,0.413
HDEL000495,HORD000495,2018-04-19,2018-04-26,2018-04-26,StarTrack,Standard,Delivered,0.0,True,47.0,9.17,none,7.0,5.0,Morning,6.5139,True,0.581
HDEL000496,HORD000496,2018-04-22,2018-04-28,2018-04-28,DHL,Express,Delivered,0.0,True,41.0,18.7,none,6.0,3.0,Morning,5.0545,True,1.08
HDEL000497,HORD000497,2018-10-17,2018-10-21,2018-10-21,DHL,Standard,Delivered,0.0,True,37.0,10.2,none,4.0,6.0,Anytime,5.7809,False,0.335
HDEL000498,HORD000498,2018-11-08,2018-11-12,2018-11-10,DHL,Standard,Delivered,0.0,True,59.0,8.37,none,4.0,8.0,Afternoon,2.8302,True,0.366
HDEL000499,HORD000499,2018-08-21,2018-08-26,2018-08-24,Direct Freight,Express,Delivered,0.0,True,20.0,24.35,none,5.0,8.0,Anytime,7.2156,True,0.516
HDEL000500,HORD000500,2018-03-17,2018-03-24,2018-03-24,DHL,Standard,Delivered,0.0,True,55.0,7.66,none,7.0,4.0,Anytime,4.0721,True,0.399
HDEL000501,HORD000501,2018-02-07,2018-02-13,2018-02-13,DHL,Express,Delivered,0.0,True,39.0,14.73,none,6.0,5.0,Morning,3.0066,False,0.321
HDEL000502,HORD000502,2018-05-20,2018-05-23,2018-05-21,Direct Freight,Standard,Delivered,0.0,True,60.0,8.85,none,3.0,8.0,Anytime,6.3652,True,0.59
HDEL000503,HORD000503,2018-04-29,2018-05-06,2018-05-05,StarTrack,Standard,Delivered,0.0,True,10.0,10.88,none,7.0,3.0,Morning,8.8092,True,0.609
HDEL000504,HORD000504,2018-11-30,2018-12-05,2018-12-03,DHL,Standard,Delivered,0.0,True,65.0,9.72,none,5.0,3.0,Anytime,9.4002,True,0.547
HDEL000505,HORD000505,2018-09-30,2018-10-03,2018-10-02,AusPost,Standard,Delivered,0.0,True,13.0,7.3,none,3.0,6.0,Afternoon,3.7763,True,0.974
HDEL000506,HORD000506,2018-07-19,2018-07-24,2018-07-23,DHL,Standard,Delivered,0.0,True,6.0,11.73,none,5.0,8.0,Morning,7.7035,True,2.187
HDEL000507,HORD000507,2018-05-23,2018-05-30,2018-05-30,StarTrack,Standard,Delivered,0.0,True,16.0,6.43,none,7.0,8.0,Anytime,0.5576,True,0.326
HDEL000508,HORD000508,2018-02-18,2018-02-21,2018-02-20,Direct Freight,Express,Delivered,0.0,True,8.0,18.28,none,3.0,7.0,Morning,6.3782,True,0.999
HDEL000509,HORD000509,2018-10-31,2018-11-04,2018-11-04,DHL,Standard,Delivered,0.0,True,40.0,9.16,none,4.0,4.0,Anytime,4.3804,False,0.453
HDEL000510,HORD000510,2018-05-31,2018-06-07,2018-06-06,AusPost,Standard,Delivered,0.0,True,39.0,8.36,none,7.0,7.0,Morning,3.7434,True,0.299
HDEL000511,HORD000511,2018-05-09,2018-05-15,2018-05-14,Direct Freight,Standard,Delivered,0.0,True,37.0,11.23,none,6.0,8.0,Anytime,7.6606,False,1.623
HDEL000512,HORD000512,2018-11-27,2018-12-01,2018-11-29,StarTrack,Standard,Delivered,0.0,True,43.0,7.31,none,4.0,3.0,Anytime,4.9255,True,0.521
HDEL000513,HORD000513,2018-10-25,2018-10-30,2018-11-04,DHL,Standard,Delivered,5.0,False,16.0,7.99,carrier_capacity,5.0,7.0,Anytime,3.9471,True,0.455
HDEL000514,HORD000514,2018-05-10,2018-05-17,2018-05-22,DHL,Standard,Delivered,5.0,False,31.0,5.56,warehouse_congestion,7.0,5.0,Morning,1.013,False,0.245
HDEL000515,HORD000515,2018-12-05,2018-12-12,2018-12-12,StarTrack,Standard,Delivered,0.0,True,35.0,9.31,none,7.0,8.0,Afternoon,3.5444,True,0.41
HDEL000516,HORD000516,2018-03-25,2018-04-01,2018-04-01,StarTrack,Standard,Delivered,0.0,True,55.0,9.58,none,7.0,4.0,Anytime,5.4688,False,0.52
HDEL000517,HORD000517,2018-05-13,2018-05-19,2018-05-18,StarTrack,Standard,Delivered,0.0,True,28.0,6.14,none,6.0,4.0,Morning,0.7955,True,0.363
HDEL000518,HORD000518,2018-08-11,2018-08-17,2018-08-17,StarTrack,Standard,Delivered,0.0,True,58.0,11.44,none,6.0,9.0,Afternoon,5.9648,True,0.805
HDEL000519,HORD000519,2018-11-25,2018-11-29,2018-11-29,AusPost,Express,Delivered,0.0,True,52.0,15.59,none,4.0,7.0,Morning,5.9648,True,1.139
HDEL000520,HORD000520,2018-10-08,2018-10-12,2018-10-12,Direct Freight,Standard,Delivered,0.0,True,44.0,7.53,none,4.0,3.0,Morning,3.7703,True,0.985
HDEL000521,HORD000521,2018-01-11,2018-01-16,2018-01-14,AusPost,Standard,Delivered,0.0,True,44.0,9.09,none,5.0,3.0,Afternoon,7.1535,True,0.62
HDEL000522,HORD000522,2018-05-17,2018-05-20,2018-05-22,DHL,Standard,Delivered,2.0,False,40.0,7.18,weather,3.0,7.0,Anytime,2.1106,True,0.387
HDEL000523,HORD000523,2018-01-30,2018-02-03,2018-02-03,DHL,Standard,Delivered,0.0,True,64.0,8.47,none,4.0,3.0,Afternoon,4.8889,True,0.51
HDEL000524,HORD000524,2018-03-14,2018-03-19,2018-03-17,Direct Freight,Standard,Delivered,0.0,True,47.0,10.96,none,5.0,5.0,Anytime,7.1467,True,0.563
HDEL000525,HORD000525,2018-03-05,2018-03-11,2018-03-11,DHL,Standard,Delivered,0.0,True,57.0,10.81,none,6.0,5.0,Afternoon,7.6261,True,0.53
HDEL000526,HORD000526,2018-05-12,2018-05-19,2018-05-19,AusPost,Standard,Delivered,0.0,True,40.0,9.14,none,7.0,8.0,Afternoon,5.5057,True,0.354
HDEL000527,HORD000527,2018-02-26,2018-03-01,2018-03-01,Direct Freight,Standard,Delivered,0.0,True,17.0,7.44,none,3.0,5.0,Anytime,3.6762,True,0.567
HDEL000528,HORD000528,2018-01-12,2018-01-19,2018-01-18,DHL,Standard,Delivered,0.0,True,68.0,10.31,none,7.0,5.0,Anytime,5.4352,True,0.604
HDEL000529,HORD000529,2018-05-04,2018-05-09,2018-05-07,AusPost,Standard,Delivered,0.0,True,18.0,9.28,none,5.0,9.0,Afternoon,5.0456,True,0.543
HDEL000530,HORD000530,2018-05-13,2018-05-19,2018-05-17,Direct Freight,Standard,Delivered,0.0,True,51.0,7.18,none,6.0,5.0,Morning,1.4457,True,0.754
HDEL000531,HORD000531,2018-05-28,2018-06-04,2018-06-03,AusPost,Standard,Delivered,0.0,True,63.0,7.88,none,7.0,6.0,Morning,4.5274,True,0.772
HDEL000532,HORD000532,2018-01-11,2018-01-15,2018-01-13,DHL,Standard,Delivered,0.0,True,37.0,6.86,none,4.0,5.0,Afternoon,2.3052,True,1.109
HDEL000533,HORD000533,2018-01-02,2018-01-08,2018-01-08,Direct Freight,Standard,Delivered,0.0,True,15.0,7.5,none,6.0,4.0,Anytime,3.083,True,0.419
HDEL000534,HORD000534,2018-06-19,2018-06-23,2018-06-22,StarTrack,Standard,Delivered,0.0,True,38.0,11.24,none,4.0,4.0,Anytime,6.9407,True,0.642
HDEL000535,HORD000535,2018-09-12,2018-09-17,2018-09-16,AusPost,Standard,Delivered,0.0,True,66.0,7.5,none,5.0,3.0,Morning,1.6631,True,0.311
HDEL000536,HORD000536,2018-12-21,2018-12-27,2018-12-26,AusPost,Standard,Delivered,0.0,True,48.0,9.89,none,6.0,7.0,Afternoon,6.8779,True,0.437
HDEL000537,HORD000537,2018-12-02,2018-12-05,2018-12-03,AusPost,Standard,Delivered,0.0,True,6.0,5.77,none,3.0,7.0,Morning,0.316,True,0.342
HDEL000538,HORD000538,2018-07-08,2018-07-11,2018-07-11,DHL,Standard,Delivered,0.0,True,8.0,12.15,none,3.0,4.0,Anytime,6.9753,True,0.463
HDEL000539,HORD000539,2018-06-30,2018-07-05,2018-07-05,Direct Freight,Standard,Delivered,0.0,True,46.0,8.97,none,5.0,6.0,Afternoon,3.7703,True,0.447
HDEL000540,HORD000540,2018-07-12,2018-07-18,2018-07-18,StarTrack,Standard,Delivered,0.0,True,8.0,8.54,none,6.0,8.0,Morning,1.013,False,0.401
HDEL000541,HORD000541,2018-02-11,2018-02-17,2018-02-16,Direct Freight,Standard,Delivered,0.0,True,69.0,7.04,none,6.0,4.0,Afternoon,2.5674,True,0.597
HDEL000542,HORD000542,2018-05-22,2018-05-27,2018-05-26,StarTrack,Standard,Delivered,0.0,True,38.0,8.32,none,5.0,4.0,Afternoon,5.6897,True,0.519
HDEL000543,HORD000543,2018-08-15,2018-08-18,2018-08-16,Direct Freight,Standard,Delivered,0.0,True,48.0,13.25,none,3.0,7.0,Anytime,8.0082,True,0.513
HDEL000544,HORD000544,2018-08-28,2018-09-03,2018-09-07,StarTrack,Express,Delivered,4.0,False,59.0,16.07,carrier_capacity,6.0,6.0,Morning,0.7001,True,0.433
HDEL000545,HORD000545,2018-06-16,2018-06-19,2018-06-17,StarTrack,Standard,Delivered,0.0,True,21.0,11.04,none,3.0,9.0,Afternoon,5.8629,True,0.413
HDEL000546,HORD000546,2018-02-23,2018-03-01,2018-02-28,DHL,Standard,Delivered,0.0,True,23.0,11.09,none,6.0,3.0,Morning,7.8594,False,0.613
HDEL000547,HORD000547,2018-02-07,2018-02-11,2018-02-10,AusPost,Standard,Delivered,0.0,True,15.0,8.3,none,4.0,5.0,Morning,4.6779,True,0.423
HDEL000548,HORD000548,2018-09-10,2018-09-15,2018-09-14,StarTrack,Express,Delivered,0.0,True,17.0,18.82,none,5.0,6.0,Afternoon,6.8495,False,0.984
HDEL000549,HORD000549,2018-07-28,2018-08-01,2018-08-01,StarTrack,Standard,Delivered,0.0,True,15.0,11.75,none,4.0,8.0,Anytime,4.6779,True,0.369
HDEL000550,HORD000550,2018-03-03,2018-03-07,2018-03-06,AusPost,Standard,Delivered,0.0,True,12.0,10.17,none,4.0,5.0,Anytime,7.4297,True,0.423
HDEL000551,HORD000551,2018-01-04,2018-01-10,2018-01-10,DHL,Standard,Delivered,0.0,True,8.0,7.35,none,6.0,6.0,Afternoon,1.4259,True,0.396
HDEL000552,HORD000552,2018-06-23,2018-06-29,2018-06-27,Direct Freight,Standard,Delivered,0.0,True,61.0,13.27,none,6.0,4.0,Anytime,7.227,False,0.387
HDEL000553,HORD000553,2018-09-03,2018-09-09,2018-09-08,AusPost,Standard,Delivered,0.0,True,27.0,6.59,none,6.0,4.0,Anytime,2.9699,False,0.396
HDEL000554,HORD000554,2018-03-18,2018-03-23,2018-03-23,DHL,Standard,Delivered,0.0,True,39.0,9.19,none,5.0,8.0,Anytime,6.3128,False,0.408
HDEL000555,HORD000555,2018-11-29,2018-12-02,2018-12-02,Direct Freight,Standard,Delivered,0.0,True,41.0,8.03,none,3.0,6.0,Anytime,5.1815,True,0.483
HDEL000556,HORD000556,2018-04-16,2018-04-23,2018-04-23,Direct Freight,Standard,Delivered,0.0,True,28.0,12.06,none,7.0,7.0,Anytime,8.5318,False,0.447
HDEL000557,HORD000557,2019-01-02,2019-01-05,2019-01-03,DHL,Standard,Delivered,0.0,True,47.0,8.99,none,3.0,5.0,Anytime,5.4847,True,0.579
HDEL000558,HORD000558,2018-02-09,2018-02-14,2018-02-16,AusPost,Standard,Delivered,2.0,False,33.0,11.61,carrier_capacity,5.0,6.0,Anytime,6.9423,False,0.39
HDEL000559,HORD000559,2018-09-19,2018-09-26,2018-09-25,StarTrack,Standard,Delivered,0.0,True,64.0,11.77,none,7.0,7.0,Morning,7.7275,True,0.476
HDEL000560,HORD000560,2018-09-28,2018-10-03,2018-10-03,AusPost,Standard,Delivered,0.0,True,55.0,9.79,none,5.0,6.0,Anytime,5.7809,True,0.502
HDEL000561,HORD000561,2018-11-23,2018-11-26,2018-11-26,Direct Freight,Standard,Delivered,0.0,True,6.0,9.35,none,3.0,8.0,Anytime,5.3787,True,0.461
HDEL000562,HORD000562,2018-08-18,2018-08-23,2018-08-22,Direct Freight,Standard,Delivered,0.0,True,43.0,9.34,none,5.0,9.0,Anytime,2.9597,True,0.469
HDEL000563,HORD000563,2018-11-03,2018-11-10,2018-11-08,Direct Freight,Standard,Delivered,0.0,True,62.0,7.19,none,7.0,5.0,Anytime,3.4906,True,0.368
HDEL000564,HORD000564,2018-04-11,2018-04-15,2018-04-14,Direct Freight,Standard,Delivered,0.0,True,52.0,11.44,none,4.0,7.0,Anytime,9.7484,False,0.442
HDEL000565,HORD000565,2018-06-09,2018-06-13,2018-06-13,Direct Freight,Standard,Delivered,0.0,True,54.0,9.89,none,4.0,9.0,Afternoon,4.2176,True,0.492
HDEL000566,HORD000566,2018-10-09,2018-10-13,2018-10-12,AusPost,Standard,Delivered,0.0,True,43.0,8.82,none,4.0,6.0,Afternoon,3.0744,False,0.313
HDEL000567,HORD000567,2018-10-21,2018-10-27,2018-10-27,AusPost,Standard,Delivered,0.0,True,11.0,6.52,none,6.0,6.0,Morning,1.4385,False,0.246
HDEL000568,HORD000568,2018-06-01,2018-06-08,2018-06-08,AusPost,Standard,Delivered,0.0,True,32.0,10.25,none,7.0,5.0,Afternoon,7.0202,True,1.289
HDEL000569,HORD000569,2018-06-07,2018-06-12,2018-06-10,DHL,Standard,Delivered,0.0,True,32.0,11.63,none,5.0,9.0,Morning,6.2019,False,0.433
HDEL000570,HORD000570,2018-10-27,2018-10-31,2018-10-30,AusPost,Standard,Delivered,0.0,True,64.0,7.15,none,4.0,7.0,Afternoon,4.2429,True,0.399
HDEL000571,HORD000571,2018-09-10,2018-09-15,2018-09-14,StarTrack,Standard,Delivered,0.0,True,58.0,7.21,none,5.0,9.0,Anytime,4.4695,False,0.311
HDEL000572,HORD000572,2018-01-04,2018-01-08,2018-01-07,StarTrack,Standard,Delivered,0.0,True,25.0,8.29,none,4.0,5.0,Anytime,1.6337,True,0.372
HDEL000573,HORD000573,2018-03-30,2018-04-03,2018-04-01,Direct Freight,Standard,Delivered,0.0,True,14.0,11.14,none,4.0,9.0,Afternoon,8.5452,True,0.525
HDEL000574,HORD000574,2018-05-16,2018-05-22,2018-05-22,DHL,Express,Delivered,0.0,True,46.0,15.85,none,6.0,9.0,Afternoon,7.7395,True,1.127
HDEL000575,HORD000575,2018-08-02,2018-08-05,2018-08-03,DHL,Standard,Delivered,0.0,True,10.0,13.52,none,3.0,3.0,Anytime,6.7811,True,0.503
HDEL000576,HORD000576,2018-02-21,2018-02-27,2018-02-25,AusPost,Express,Delivered,0.0,True,29.0,19.05,none,6.0,6.0,Afternoon,4.1841,True,1.232
HDEL000577,HORD000577,2018-10-01,2018-10-05,2018-10-04,StarTrack,Standard,Delivered,0.0,True,64.0,11.13,none,4.0,6.0,Afternoon,7.38,False,0.378
HDEL000578,HORD000578,2018-03-24,2018-03-30,2018-03-30,Direct Freight,Standard,Delivered,0.0,True,19.0,7.68,none,6.0,4.0,Afternoon,4.7549,True,0.417
HDEL000579,HORD000579,2018-03-10,2018-03-15,2018-03-15,DHL,Standard,Delivered,0.0,True,40.0,8.23,none,5.0,9.0,Anytime,5.9357,True,0.383
HDEL000580,HORD000580,2018-07-09,2018-07-14,2018-07-12,AusPost,Standard,Delivered,0.0,True,55.0,11.69,none,5.0,6.0,Afternoon,7.227,True,1.058
HDEL000581,HORD000581,2018-06-19,2018-06-22,2018-06-23,AusPost,Standard,Delivered,1.0,False,69.0,11.17,carrier_capacity,3.0,7.0,Morning,4.4563,True,0.526
HDEL000582,HORD000582,2018-02-03,2018-02-09,2018-02-08,Direct Freight,Standard,Delivered,0.0,True,16.0,10.57,none,6.0,6.0,Afternoon,9.7484,True,1.375
HDEL000583,HORD000583,2018-03-18,2018-03-22,2018-03-21,DHL,Standard,Delivered,0.0,True,28.0,7.73,none,4.0,9.0,Anytime,5.0681,True,0.454
HDEL000584,HORD000584,2018-02-02,2018-02-05,2018-02-09,Direct Freight,Standard,Delivered,4.0,False,50.0,10.16,carrier_capacity,3.0,5.0,Anytime,8.5348,True,0.61
HDEL000585,HORD000585,2018-10-10,2018-10-15,2018-10-15,Direct Freight,Standard,Delivered,0.0,True,36.0,8.2,none,5.0,6.0,Anytime,2.3052,True,0.345
HDEL000586,HORD000586,2018-06-14,2018-06-18,2018-06-18,AusPost,Standard,Delivered,0.0,True,14.0,12.84,none,4.0,6.0,Afternoon,9.7484,True,1.194
HDEL000587,HORD000587,2018-07-07,2018-07-11,2018-07-10,DHL,Standard,Delivered,0.0,True,27.0,10.95,none,4.0,3.0,Afternoon,5.6988,True,1.161
HDEL000588,HORD000588,2018-06-23,2018-06-27,2018-06-25,Direct Freight,Standard,Delivered,0.0,True,22.0,10.87,none,4.0,8.0,Morning,5.9294,False,1.083
HDEL000589,HORD000589,2018-10-18,2018-10-23,2018-10-21,AusPost,Express,Delivered,0.0,True,61.0,18.94,none,5.0,6.0,Morning,3.7002,False,0.311
HDEL000590,HORD000590,2018-01-18,2018-01-25,2018-01-24,DHL,Standard,Delivered,0.0,True,26.0,7.5,none,7.0,3.0,Afternoon,3.7703,True,0.411
HDEL000591,HORD000591,2018-08-19,2018-08-22,2018-08-24,AusPost,Standard,Delivered,2.0,False,12.0,13.55,weather,3.0,7.0,Morning,6.9753,False,0.536
HDEL000592,HORD000592,2018-02-19,2018-02-24,2018-02-23,AusPost,Standard,Delivered,0.0,True,4.0,8.05,none,5.0,4.0,Anytime,5.2928,True,0.456
HDEL000593,HORD000593,2018-08-19,2018-08-23,2018-08-21,StarTrack,Express,Delivered,0.0,True,10.0,25.74,none,4.0,6.0,Afternoon,5.9106,True,0.521
HDEL000594,HORD000594,2018-05-04,2018-05-09,2018-05-07,DHL,Standard,Delivered,0.0,True,44.0,9.15,none,5.0,4.0,Afternoon,5.607,True,0.541
HDEL000595,HORD000595,2018-09-01,2018-09-05,2018-09-05,StarTrack,Standard,Delivered,0.0,True,57.0,12.14,none,4.0,6.0,Morning,6.5932,True,1.133
HDEL000596,HORD000596,2018-08-03,2018-08-08,2018-08-07,DHL,Standard,Delivered,0.0,True,48.0,14.86,none,5.0,6.0,Anytime,7.7113,True,0.602
HDEL000597,HORD000597,2018-09-19,2018-09-25,2018-09-24,DHL,Standard,Delivered,0.0,True,2.0,10.42,none,6.0,9.0,Morning,5.6988,False,0.406
HDEL000598,HORD000598,2018-10-11,2018-10-14,2018-10-13,DHL,Standard,Delivered,0.0,True,31.0,7.81,none,3.0,7.0,Morning,2.2975,False,0.316
HDEL000599,HORD000599,2018-09-10,2018-09-17,2018-09-16,AusPost,Standard,Delivered,0.0,True,31.0,9.08,none,7.0,8.0,Morning,6.1918,True,0.5
HDEL000600,HORD000600,2018-05-08,2018-05-13,2018-05-11,Direct Freight,Express,Delivered,0.0,True,65.0,19.08,none,5.0,5.0,Morning,3.9719,False,0.381
HDEL000601,HORD000601,2018-07-23,2018-07-28,2018-08-02,Direct Freight,Standard,Delivered,5.0,False,10.0,11.72,carrier_capacity,5.0,9.0,Anytime,5.5854,False,0.361
HDEL000602,HORD000602,2018-08-10,2018-08-13,2018-08-13,AusPost,Express,Delivered,0.0,True,6.0,26.86,none,3.0,5.0,Afternoon,7.3718,False,0.476
HDEL000603,HORD000603,2018-04-22,2018-04-25,2018-04-30,StarTrack,Standard,Delivered,5.0,False,61.0,7.96,warehouse_congestion,3.0,6.0,Morning,3.94,False,0.398
HDEL000604,HORD000604,2018-05-04,2018-05-10,2018-05-11,DHL,Standard,Delivered,1.0,False,23.0,10.2,warehouse_congestion,6.0,6.0,Afternoon,7.6692,True,0.475
HDEL000605,HORD000605,2018-07-02,2018-07-05,2018-07-03,Direct Freight,Express,Delivered,0.0,True,46.0,23.64,none,3.0,7.0,Afternoon,5.6382,True,0.864
HDEL000606,HORD000606,2018-10-06,2018-10-11,2018-10-11,AusPost,Standard,Delivered,0.0,True,64.0,8.83,none,5.0,3.0,Morning,8.1751,False,0.489
HDEL000607,HORD000607,2018-02-13,2018-02-18,2018-02-17,DHL,Standard,Delivered,0.0,True,62.0,6.33,none,5.0,7.0,Afternoon,0.361,True,0.269
HDEL000608,HORD000608,2018-08-16,2018-08-23,2018-08-23,Direct Freight,Standard,Delivered,0.0,True,45.0,12.43,none,7.0,8.0,Anytime,6.194,True,1.139
HDEL000609,HORD000609,2018-08-31,2018-09-06,2018-09-04,DHL,Standard,Delivered,0.0,True,45.0,13.24,none,6.0,9.0,Anytime,6.5436,False,0.442
HDEL000610,HORD000610,2018-05-25,2018-05-30,2018-05-28,StarTrack,Standard,Delivered,0.0,True,37.0,9.61,none,5.0,8.0,Morning,7.227,True,0.391
HDEL000611,HORD000611,2018-05-29,2018-06-02,2018-05-31,AusPost,Standard,Delivered,0.0,True,72.0,6.84,none,4.0,9.0,Anytime,4.2688,True,0.369
HDEL000612,HORD000612,2018-05-06,2018-05-10,2018-05-10,DHL,Standard,Delivered,0.0,True,54.0,9.53,none,4.0,9.0,Anytime,6.6085,True,1.152
HDEL000613,HORD000613,2018-02-27,2018-03-05,2018-03-04,AusPost,Standard,Delivered,0.0,True,31.0,9.63,none,6.0,9.0,Anytime,6.16,True,0.898
HDEL000614,HORD000614,2018-04-03,2018-04-08,2018-04-07,AusPost,Standard,Delivered,0.0,True,14.0,6.63,none,5.0,9.0,Anytime,2.7425,False,0.348
HDEL000615,HORD000615,2018-11-29,2018-12-04,2018-12-03,AusPost,Standard,Delivered,0.0,True,2.0,9.44,none,5.0,6.0,Afternoon,8.5341,False,0.501
HDEL000616,HORD000616,2018-02-11,2018-02-15,2018-02-15,StarTrack,Standard,Delivered,0.0,True,68.0,8.07,none,4.0,8.0,Anytime,5.4787,False,0.385
HDEL000617,HORD000617,2018-06-04,2018-06-11,2018-06-10,AusPost,Standard,Delivered,0.0,True,8.0,11.95,none,7.0,8.0,Anytime,7.7913,False,0.443
HDEL000618,HORD000618,2018-11-04,2018-11-11,2018-11-11,Direct Freight,Standard,Delivered,0.0,True,60.0,10.3,none,7.0,3.0,Morning,6.5607,False,0.357
HDEL000619,HORD000619,2018-08-08,2018-08-11,2018-08-12,DHL,Standard,Delivered,1.0,False,62.0,11.68,weather,3.0,9.0,Anytime,3.7763,True,0.479
HDEL000620,HORD000620,2018-08-04,2018-08-07,2018-08-06,StarTrack,Standard,Delivered,0.0,True,59.0,11.86,none,3.0,9.0,Afternoon,4.9641,True,0.524
HDEL000621,HORD000621,2018-11-10,2018-11-16,2018-11-14,AusPost,Standard,Delivered,0.0,True,3.0,7.01,none,6.0,9.0,Anytime,0.7955,True,0.303
HDEL000622,HORD000622,2018-11-06,2018-11-11,2018-11-11,AusPost,Express,Delivered,0.0,True,52.0,16.88,none,5.0,8.0,Anytime,4.8491,True,0.451
HDEL000623,HORD000623,2018-12-12,2018-12-18,2018-12-21,DHL,Standard,Delivered,3.0,False,73.0,10.6,weather,6.0,7.0,Afternoon,6.1296,True,1.253
HDEL000624,HORD000624,2018-06-13,2018-06-19,2018-06-19,DHL,Standard,Delivered,0.0,True,28.0,12.17,none,6.0,5.0,Morning,4.5289,False,0.386
HDEL000625,HORD000625,2018-08-13,2018-08-17,2018-08-15,AusPost,Standard,Delivered,0.0,True,66.0,10.88,none,4.0,6.0,Morning,3.286,True,0.434
HDEL000626,HORD000626,2018-06-05,2018-06-12,2018-06-10,DHL,Standard,Delivered,0.0,True,2.0,14.69,none,7.0,6.0,Morning,8.8778,True,1.078
HDEL000627,HORD000627,2018-12-26,2019-01-01,2018-12-30,DHL,Standard,Delivered,0.0,True,25.0,9.21,none,6.0,9.0,Anytime,5.1975,False,0.326
HDEL000628,HORD000628,2018-01-09,2018-01-12,2018-01-14,AusPost,Standard,Delivered,2.0,False,68.0,11.69,carrier_capacity,3.0,5.0,Morning,7.0838,False,0.379
HDEL000629,HORD000629,2018-01-16,2018-01-20,2018-01-19,DHL,Express,Delivered,0.0,True,46.0,15.25,none,4.0,8.0,Afternoon,5.0683,True,0.478
HDEL000630,HORD000630,2018-03-10,2018-03-15,2018-03-15,AusPost,Standard,Delivered,0.0,True,61.0,7.96,none,5.0,5.0,Anytime,5.268,False,0.374
HDEL000631,HORD000631,2018-06-12,2018-06-15,2018-06-13,Direct Freight,Standard,Delivered,0.0,True,41.0,12.92,none,3.0,6.0,Afternoon,8.3002,False,0.522
HDEL000632,HORD000632,2018-11-25,2018-11-30,2018-11-29,Direct Freight,Standard,Delivered,0.0,True,21.0,11.06,none,5.0,6.0,Afternoon,7.7128,False,0.391
HDEL000633,HORD000633,2018-05-15,2018-05-19,2018-05-17,StarTrack,Standard,Delivered,0.0,True,52.0,10.27,none,4.0,4.0,Morning,6.9656,False,0.378
HDEL000634,HORD000634,2018-12-02,2018-12-05,2018-12-05,Direct Freight,Standard,Delivered,0.0,True,26.0,6.46,none,3.0,6.0,Anytime,0.5784,True,0.27
HDEL000635,HORD000635,2018-06-06,2018-06-12,2018-06-11,Direct Freight,Standard,Delivered,0.0,True,19.0,9.65,none,6.0,9.0,Afternoon,4.8747,True,0.372
HDEL000636,HORD000636,2018-03-18,2018-03-25,2018-03-25,Direct Freight,Standard,Delivered,0.0,True,9.0,9.53,none,7.0,4.0,Morning,5.0456,True,0.567
HDEL000637,HORD000637,2018-05-19,2018-05-24,2018-05-24,DHL,Standard,Delivered,0.0,True,24.0,9.79,none,5.0,6.0,Morning,5.9648,True,1.173
HDEL000638,HORD000638,2018-08-28,2018-09-03,2018-09-03,Direct Freight,Standard,Delivered,0.0,True,43.0,12.98,none,6.0,7.0,Anytime,7.7275,True,0.604
HDEL000639,HORD000639,2018-05-31,2018-06-07,2018-06-07,AusPost,Express,Delivered,0.0,True,31.0,20.15,none,7.0,7.0,Morning,8.3195,True,1.087
HDEL000640,HORD000640,2018-11-02,2018-11-05,2018-11-04,AusPost,Standard,Delivered,0.0,True,27.0,11.21,none,3.0,8.0,Anytime,8.5452,True,0.439
HDEL000641,HORD000641,2018-03-16,2018-03-19,2018-03-17,Direct Freight,Standard,Delivered,0.0,True,17.0,8.02,none,3.0,6.0,Afternoon,4.6204,True,0.565
HDEL000642,HORD000642,2018-05-14,2018-05-17,2018-05-15,Direct Freight,Standard,Delivered,0.0,True,41.0,10.25,none,3.0,3.0,Anytime,6.1569,True,0.461
HDEL000643,HORD000643,2018-06-22,2018-06-25,2018-06-25,StarTrack,Standard,Delivered,0.0,True,10.0,12.28,none,3.0,4.0,Anytime,3.94,True,0.338
HDEL000644,HORD000644,2018-07-17,2018-07-24,2018-07-28,DHL,Standard,Delivered,4.0,False,12.0,13.09,carrier_capacity,7.0,6.0,Anytime,6.5015,True,0.631
HDEL000645,HORD000645,2018-03-19,2018-03-25,2018-03-26,Direct Freight,Express,Delivered,1.0,False,71.0,16.13,warehouse_congestion,6.0,4.0,Anytime,4.1639,True,0.886
HDEL000646,HORD000646,2018-06-17,2018-06-20,2018-06-19,DHL,Standard,Delivered,0.0,True,7.0,10.08,none,3.0,5.0,Afternoon,1.4273,True,0.375
HDEL000647,HORD000647,2018-09-09,2018-09-12,2018-09-10,DHL,Standard,Delivered,0.0,True,67.0,9.99,none,3.0,8.0,Afternoon,5.2894,True,0.445
HDEL000648,HORD000648,2018-02-14,2018-02-19,2018-02-18,Direct Freight,Standard,Delivered,0.0,True,55.0,9.03,none,5.0,7.0,Morning,5.8767,True,0.486
HDEL000649,HORD000649,2018-02-17,2018-02-21,2018-02-19,DHL,Standard,Delivered,0.0,True,45.0,7.03,none,4.0,4.0,Anytime,0.919,True,0.309
HDEL000650,HORD000650,2018-05-06,2018-05-13,2018-05-11,DHL,Standard,Delivered,0.0,True,42.0,5.18,none,7.0,7.0,Afternoon,0.6309,True,0.253
HDEL000651,HORD000651,2018-04-05,2018-04-09,2018-04-07,AusPost,Standard,Delivered,0.0,True,66.0,7.83,none,4.0,8.0,Morning,5.8755,False,0.383
HDEL000652,HORD000652,2018-05-24,2018-05-27,2018-05-27,DHL,Standard,Delivered,0.0,True,68.0,9.13,none,3.0,4.0,Morning,4.2688,True,0.43
HDEL000653,HORD000653,2018-06-02,2018-06-05,2018-06-05,StarTrack,Standard,Delivered,0.0,True,22.0,8.1,none,3.0,9.0,Afternoon,2.2204,True,1.149
HDEL000654,HORD000654,2018-12-19,2018-12-24,2018-12-24,StarTrack,Standard,Delivered,0.0,True,48.0,9.51,none,5.0,3.0,Morning,7.7113,False,0.402
HDEL000655,HORD000655,2018-06-11,2018-06-18,2018-06-18,StarTrack,Standard,Delivered,0.0,True,65.0,13.63,none,7.0,9.0,Anytime,9.2495,False,0.477
HDEL000656,HORD000656,2018-09-07,2018-09-12,2018-09-10,Direct Freight,Standard,Delivered,0.0,True,59.0,7.26,none,5.0,6.0,Anytime,4.9806,True,0.479
HDEL000657,HORD000657,2018-11-14,2018-11-21,2018-11-26,StarTrack,Standard,Delivered,5.0,False,51.0,9.0,weather,7.0,5.0,Anytime,8.088,True,0.991
HDEL000658,HORD000658,2018-06-25,2018-07-01,2018-06-29,DHL,Standard,Delivered,0.0,True,43.0,11.26,none,6.0,4.0,Afternoon,6.1569,True,0.503
HDEL000659,HORD000659,2018-01-15,2018-01-19,2018-01-18,Direct Freight,Express,Delivered,0.0,True,62.0,17.98,none,4.0,8.0,Afternoon,8.5082,True,0.535
HDEL000660,HORD000660,2018-09-29,2018-10-02,2018-10-02,AusPost,Standard,Delivered,0.0,True,64.0,9.41,none,3.0,9.0,Afternoon,7.7913,False,0.467
HDEL000661,HORD000661,2018-10-30,2018-11-02,2018-11-02,AusPost,Standard,Delivered,0.0,True,73.0,4.99,none,3.0,5.0,Morning,0.2025,True,0.456
HDEL000662,HORD000662,2018-02-23,2018-02-26,2018-02-24,StarTrack,Standard,Delivered,0.0,True,68.0,12.96,none,3.0,3.0,Anytime,8.7019,False,0.461
HDEL000663,HORD000663,2018-12-27,2018-12-31,2018-12-29,Direct Freight,Express,Delivered,0.0,True,28.0,16.87,none,4.0,9.0,Afternoon,4.9255,False,0.443
HDEL000664,HORD000664,2018-02-14,2018-02-19,2018-02-17,AusPost,Standard,Delivered,0.0,True,2.0,11.52,none,5.0,6.0,Anytime,7.0838,True,0.97
HDEL000665,HORD000665,2018-07-15,2018-07-18,2018-07-16,StarTrack,Standard,Delivered,0.0,True,5.0,8.79,none,3.0,3.0,Morning,3.3715,True,1.103
HDEL000666,HORD000666,2018-01-23,2018-01-28,2018-01-28,StarTrack,Standard,Delivered,0.0,True,54.0,7.39,none,5.0,5.0,Morning,1.2394,True,0.953
HDEL000667,HORD000667,2018-05-30,2018-06-06,2018-06-04,StarTrack,Standard,Delivered,0.0,True,20.0,8.68,none,7.0,8.0,Anytime,3.7986,True,0.407
HDEL000668,HORD000668,2018-04-30,2018-05-04,2018-05-03,Direct Freight,Express,Delivered,0.0,True,15.0,15.45,none,4.0,6.0,Morning,5.6443,True,0.991
HDEL000669,HORD000669,2018-01-24,2018-01-27,2018-01-27,DHL,Express,Delivered,0.0,True,61.0,14.57,none,3.0,7.0,Anytime,1.6889,False,0.234
HDEL000670,HORD000670,2018-07-15,2018-07-22,2018-07-22,DHL,Standard,Delivered,0.0,True,58.0,13.3,none,7.0,4.0,Morning,6.972,True,0.671
HDEL000671,HORD000671,2018-09-24,2018-09-30,2018-09-28,DHL,Standard,Delivered,0.0,True,2.0,8.36,none,6.0,8.0,Anytime,7.2366,True,0.506
HDEL000672,HORD000672,2018-08-07,2018-08-14,2018-08-12,Direct Freight,Standard,Delivered,0.0,True,43.0,10.18,none,7.0,9.0,Anytime,5.3937,False,0.357
HDEL000673,HORD000673,2018-12-02,2018-12-06,2018-12-04,StarTrack,Standard,Delivered,0.0,True,37.0,7.92,none,4.0,8.0,Morning,5.9319,False,0.369
HDEL000674,HORD000674,2018-02-07,2018-02-10,2018-02-10,DHL,Standard,Delivered,0.0,True,61.0,9.23,none,3.0,8.0,Morning,7.0833,False,0.469
HDEL000675,HORD000675,2018-07-20,2018-07-23,2018-07-21,Direct Freight,Standard,Delivered,0.0,True,47.0,11.77,none,3.0,8.0,Anytime,6.4246,True,0.626
HDEL000676,HORD000676,2018-12-14,2018-12-21,2018-12-20,Direct Freight,Standard,Delivered,0.0,True,61.0,8.2,none,7.0,6.0,Anytime,4.8747,True,1.899
HDEL000677,HORD000677,2018-04-21,2018-04-24,2018-04-22,StarTrack,Standard,Delivered,0.0,True,3.0,9.36,none,3.0,7.0,Morning,8.5082,True,1.611
HDEL000678,HORD000678,2018-02-24,2018-03-02,2018-03-02,StarTrack,Standard,Delivered,0.0,True,73.0,8.74,none,6.0,7.0,Afternoon,5.9357,True,0.512
HDEL000679,HORD000679,2018-08-29,2018-09-02,2018-09-01,Direct Freight,Standard,Delivered,0.0,True,6.0,12.62,none,4.0,3.0,Morning,6.0753,True,0.513
HDEL000680,HORD000680,2018-02-07,2018-02-13,2018-02-13,Direct Freight,Standard,Delivered,0.0,True,23.0,11.58,none,6.0,5.0,Anytime,6.7151,True,0.595
HDEL000681,HORD000681,2018-01-15,2018-01-20,2018-01-19,DHL,Standard,Delivered,0.0,True,31.0,8.23,none,5.0,5.0,Anytime,1.6352,True,0.268
HDEL000682,HORD000682,2018-12-14,2018-12-20,2018-12-19,DHL,Standard,Delivered,0.0,True,23.0,9.16,none,6.0,9.0,Anytime,5.4501,True,0.41
HDEL000683,HORD000683,2018-09-21,2018-09-26,2018-09-24,AusPost,Standard,Delivered,0.0,True,62.0,8.1,none,5.0,7.0,Anytime,5.9648,True,0.547
HDEL000684,HORD000684,2019-01-02,2019-01-08,2019-01-08,Direct Freight,Standard,Delivered,0.0,True,43.0,8.89,none,6.0,4.0,Morning,7.0838,True,0.427
HDEL000685,HORD000685,2018-09-22,2018-09-29,2018-09-27,StarTrack,Express,Delivered,0.0,True,56.0,17.84,none,7.0,9.0,Morning,5.4847,True,0.406
HDEL000686,HORD000686,2018-09-13,2018-09-19,2018-09-19,DHL,Express,Delivered,0.0,True,33.0,15.15,none,6.0,6.0,Anytime,7.2272,True,0.665
HDEL000687,HORD000687,2018-12-02,2018-12-05,2018-12-03,AusPost,Standard,Delivered,0.0,True,58.0,8.29,none,3.0,6.0,Afternoon,5.1246,True,0.439
HDEL000688,HORD000688,2018-07-06,2018-07-10,2018-07-08,Direct Freight,Standard,Delivered,0.0,True,49.0,13.79,none,4.0,6.0,Morning,6.2927,True,1.249
HDEL000689,HORD000689,2018-09-25,2018-10-02,2018-09-30,Direct Freight,Standard,Delivered,0.0,True,19.0,9.44,none,7.0,4.0,Morning,7.7742,True,0.488
HDEL000690,HORD000690,2018-09-22,2018-09-27,2018-09-25,AusPost,Standard,Delivered,0.0,True,62.0,8.01,none,5.0,3.0,Afternoon,6.163,True,0.443
HDEL000691,HORD000691,2018-10-25,2018-10-29,2018-11-01,DHL,Standard,Delivered,3.0,False,23.0,9.4,carrier_capacity,4.0,3.0,Anytime,3.7634,False,0.374
HDEL000692,HORD000692,2018-09-20,2018-09-26,2018-09-24,AusPost,Standard,Delivered,0.0,True,73.0,6.52,none,6.0,5.0,Afternoon,3.0748,True,0.419
HDEL000693,HORD000693,2018-06-12,2018-06-17,2018-06-15,AusPost,Standard,Delivered,0.0,True,49.0,12.41,none,5.0,6.0,Anytime,4.9255,True,0.696
HDEL000694,HORD000694,2018-09-04,2018-09-10,2018-09-08,StarTrack,Standard,Delivered,0.0,True,32.0,9.34,none,6.0,3.0,Morning,4.7826,True,0.332
HDEL000695,HORD000695,2018-11-04,2018-11-11,2018-11-10,DHL,Standard,Delivered,0.0,True,33.0,9.78,none,7.0,3.0,Afternoon,6.369,False,0.45
HDEL000696,HORD000696,2018-03-07,2018-03-11,2018-03-09,StarTrack,Standard,Delivered,0.0,True,14.0,10.01,none,4.0,9.0,Anytime,5.0681,False,0.35
HDEL000697,HORD000697,2018-09-27,2018-10-04,2018-10-09,Direct Freight,Standard,Delivered,5.0,False,30.0,10.82,warehouse_congestion,7.0,5.0,Morning,8.9244,False,0.412
HDEL000698,HORD000698,2018-12-13,2018-12-19,2018-12-17,Direct Freight,Standard,Delivered,0.0,True,18.0,9.01,none,6.0,7.0,Anytime,5.1031,True,0.519
HDEL000699,HORD000699,2018-08-07,2018-08-11,2018-08-10,AusPost,Standard,Delivered,0.0,True,52.0,8.82,none,4.0,7.0,Anytime,2.0865,True,1.631
HDEL000700,HORD000700,2018-08-31,2018-09-06,2018-09-05,DHL,Standard,Delivered,0.0,True,50.0,12.55,none,6.0,8.0,Morning,5.8138,True,0.512
HDEL000701,HORD000701,2018-08-27,2018-09-01,2018-08-30,Direct Freight,Express,Delivered,0.0,True,51.0,22.96,none,5.0,7.0,Afternoon,7.5171,False,0.48
HDEL000702,HORD000702,2018-04-14,2018-04-19,2018-04-18,StarTrack,Standard,Delivered,0.0,True,71.0,8.19,none,5.0,7.0,Morning,7.1535,True,0.531
HDEL000703,HORD000703,2018-11-23,2018-11-30,2018-11-29,DHL,Standard,Delivered,0.0,True,67.0,8.95,none,7.0,9.0,Afternoon,7.0172,False,0.408
HDEL000704,HORD000704,2018-07-14,2018-07-21,2018-07-19,DHL,Standard,Delivered,0.0,True,3.0,11.16,none,7.0,8.0,Morning,4.8578,False,0.325
HDEL000705,HORD000705,2018-12-04,2018-12-08,2018-12-10,AusPost,Standard,Delivered,2.0,False,32.0,10.46,warehouse_congestion,4.0,9.0,Anytime,6.7474,True,0.97
HDEL000706,HORD000706,2018-05-17,2018-05-21,2018-05-19,AusPost,Standard,Delivered,0.0,True,22.0,10.31,none,4.0,3.0,Anytime,6.2579,False,0.389
HDEL000707,HORD000707,2018-10-04,2018-10-09,2018-10-08,StarTrack,Standard,Delivered,0.0,True,11.0,11.52,none,5.0,5.0,Anytime,9.0951,True,0.493
HDEL000708,HORD000708,2018-08-19,2018-08-26,2018-08-26,AusPost,Standard,Delivered,0.0,True,47.0,10.94,none,7.0,9.0,Morning,6.3388,False,0.48
HDEL000709,HORD000709,2018-08-05,2018-08-08,2018-08-08,StarTrack,Standard,Delivered,0.0,True,19.0,13.76,none,3.0,6.0,Afternoon,8.088,True,0.985
HDEL000710,HORD000710,2018-06-19,2018-06-22,2018-06-22,DHL,Standard,Delivered,0.0,True,48.0,12.71,none,3.0,7.0,Afternoon,7.4907,False,0.455
HDEL000711,HORD000711,2018-10-21,2018-10-26,2018-10-25,Direct Freight,Standard,Delivered,0.0,True,6.0,6.27,none,5.0,8.0,Anytime,1.6352,True,0.303
HDEL000712,HORD000712,2018-09-10,2018-09-14,2018-09-12,DHL,Standard,Delivered,0.0,True,20.0,7.81,none,4.0,8.0,Afternoon,4.8491,False,0.38
HDEL000713,HORD000713,2018-01-17,2018-01-22,2018-01-20,AusPost,Standard,Delivered,0.0,True,15.0,8.29,none,5.0,4.0,Afternoon,5.0456,True,0.411
HDEL000714,HORD000714,2018-08-01,2018-08-06,2018-08-06,Direct Freight,Standard,Delivered,0.0,True,16.0,12.33,none,5.0,7.0,Morning,8.3268,False,0.453
HDEL000715,HORD000715,2018-05-06,2018-05-10,2018-05-08,Direct Freight,Standard,Delivered,0.0,True,65.0,9.84,none,4.0,9.0,Afternoon,7.0833,True,0.451
HDEL000716,HORD000716,2018-05-16,2018-05-23,2018-05-22,Direct Freight,Standard,Delivered,0.0,True,9.0,7.22,none,7.0,3.0,Anytime,3.7755,False,0.389
HDEL000717,HORD000717,2018-02-22,2018-03-01,2018-02-27,StarTrack,Standard,Delivered,0.0,True,5.0,9.95,none,7.0,8.0,Anytime,7.101,True,1.122
HDEL000718,HORD000718,2018-02-26,2018-03-04,2018-03-03,DHL,Standard,Delivered,0.0,True,24.0,9.85,none,6.0,3.0,Morning,3.967,True,1.136
HDEL000719,HORD000719,2018-01-08,2018-01-13,2018-01-16,StarTrack,Standard,Delivered,3.0,False,11.0,7.09,carrier_capacity,5.0,5.0,Anytime,0.243,True,0.372
HDEL000720,HORD000720,2018-04-15,2018-04-22,2018-04-23,DHL,Standard,Delivered,1.0,False,2.0,9.43,carrier_capacity,7.0,5.0,Morning,6.9714,True,0.509
HDEL000721,HORD000721,2018-11-17,2018-11-20,2018-11-18,StarTrack,Standard,Delivered,0.0,True,50.0,6.04,none,3.0,6.0,Anytime,1.9834,True,1.123
HDEL000722,HORD000722,2018-03-31,2018-04-03,2018-04-03,StarTrack,Standard,Delivered,0.0,True,69.0,7.09,none,3.0,7.0,Morning,3.6708,False,0.339
HDEL000723,HORD000723,2018-05-18,2018-05-25,2018-05-23,Direct Freight,Standard,Delivered,0.0,True,21.0,11.57,none,7.0,5.0,Anytime,9.2213,True,0.68
HDEL000724,HORD000724,2018-02-20,2018-02-27,2018-02-25,Direct Freight,Standard,Delivered,0.0,True,22.0,8.97,none,7.0,3.0,Morning,5.2041,True,0.558
HDEL000725,HORD000725,2018-05-05,2018-05-12,2018-05-11,DHL,Standard,Delivered,0.0,True,19.0,8.36,none,7.0,7.0,Afternoon,7.2272,True,0.508
HDEL000726,HORD000726,2018-04-07,2018-04-12,2018-04-10,Direct Freight,Express,Delivered,0.0,True,57.0,16.86,none,5.0,8.0,Anytime,1.131,False,0.296
HDEL000727,HORD000727,2018-07-15,2018-07-19,2018-07-18,AusPost,Standard,Delivered,0.0,True,39.0,13.51,none,4.0,3.0,Anytime,6.3092,False,0.415
HDEL000728,HORD000728,2018-03-28,2018-04-02,2018-04-01,AusPost,Standard,Delivered,0.0,True,72.0,7.9,none,5.0,9.0,Anytime,3.4729,True,0.358
HDEL000729,HORD000729,2018-11-24,2018-11-29,2018-11-28,AusPost,Standard,Delivered,0.0,True,38.0,7.75,none,5.0,3.0,Anytime,5.7397,False,0.353
HDEL000730,HORD000730,2018-02-01,2018-02-04,2018-02-03,DHL,Standard,Delivered,0.0,True,73.0,8.59,none,3.0,6.0,Anytime,4.1458,True,1.275
HDEL000731,HORD000731,2018-02-12,2018-02-18,2018-02-22,AusPost,Standard,Delivered,4.0,False,3.0,7.66,warehouse_congestion,6.0,7.0,Anytime,4.5274,True,1.28
HDEL000732,HORD000732,2018-06-14,2018-06-19,2018-06-18,Direct Freight,Standard,Delivered,0.0,True,52.0,14.59,none,5.0,7.0,Morning,7.8012,False,0.459
HDEL000733,HORD000733,2018-09-07,2018-09-11,2018-09-10,Direct Freight,Standard,Delivered,0.0,True,49.0,10.56,none,4.0,8.0,Morning,8.0082,False,0.544
HDEL000734,HORD000734,2018-11-23,2018-11-28,2018-11-28,AusPost,Express,Delivered,0.0,True,4.0,16.29,none,5.0,3.0,Morning,5.7397,False,0.435
HDEL000735,HORD000735,2018-09-27,2018-10-04,2018-10-02,AusPost,Standard,Delivered,0.0,True,58.0,9.4,none,7.0,9.0,Afternoon,6.3782,False,0.467
HDEL000736,HORD000736,2018-01-17,2018-01-22,2018-01-21,DHL,Standard,Delivered,0.0,True,73.0,7.68,none,5.0,6.0,Anytime,2.0865,True,0.435
HDEL000737,HORD000737,2018-01-18,2018-01-25,2018-01-23,DHL,Standard,Delivered,0.0,True,4.0,9.7,none,7.0,3.0,Anytime,5.672,True,0.439
HDEL000738,HORD000738,2018-03-30,2018-04-03,2018-04-03,Direct Freight,Standard,Delivered,0.0,True,68.0,11.62,none,4.0,4.0,Morning,8.3268,True,1.338
HDEL000739,HORD000739,2018-01-18,2018-01-22,2018-01-21,StarTrack,Express,Delivered,0.0,True,45.0,13.87,none,4.0,9.0,Morning,3.4729,True,0.356
HDEL000740,HORD000740,2018-11-28,2018-12-05,2018-12-08,DHL,Standard,Delivered,3.0,False,7.0,10.21,carrier_capacity,7.0,4.0,Anytime,5.7949,True,0.498
HDEL000741,HORD000741,2018-02-26,2018-03-05,2018-03-05,Direct Freight,Standard,Delivered,0.0,True,30.0,6.16,none,7.0,7.0,Anytime,0.134,True,0.31
HDEL000742,HORD000742,2018-04-15,2018-04-21,2018-04-20,AusPost,Standard,Delivered,0.0,True,52.0,7.16,none,6.0,7.0,Anytime,1.0328,False,0.272
HDEL000743,HORD000743,2018-11-24,2018-11-28,2018-11-26,Direct Freight,Express,Delivered,0.0,True,72.0,16.74,none,4.0,8.0,Afternoon,0.7974,True,0.397
HDEL000744,HORD000744,2018-02-21,2018-02-25,2018-02-23,DHL,Standard,Delivered,0.0,True,63.0,7.86,none,4.0,4.0,Morning,5.0798,True,0.573
HDEL000745,HORD000745,2018-06-04,2018-06-08,2018-06-06,DHL,Standard,Delivered,0.0,True,45.0,11.51,none,4.0,6.0,Afternoon,4.2331,True,0.491
HDEL000746,HORD000746,2018-05-20,2018-05-26,2018-05-25,AusPost,Standard,Delivered,0.0,True,67.0,10.61,none,6.0,6.0,Afternoon,7.4297,False,0.442
HDEL000747,HORD000747,2018-03-15,2018-03-20,2018-03-20,Direct Freight,Standard,Delivered,0.0,True,71.0,10.97,none,5.0,6.0,Anytime,7.1137,False,0.421
HDEL000748,HORD000748,2018-07-26,2018-08-02,2018-08-02,StarTrack,Standard,Delivered,0.0,True,70.0,7.66,none,7.0,8.0,Afternoon,1.013,False,0.869
HDEL000749,HORD000749,2018-04-02,2018-04-09,2018-04-07,Direct Freight,Standard,Delivered,0.0,True,59.0,7.34,none,7.0,6.0,Morning,1.5642,False,0.373
HDEL000750,HORD000750,2018-11-08,2018-11-11,2018-11-11,Direct Freight,Standard,Delivered,0.0,True,3.0,9.48,none,3.0,5.0,Anytime,6.3782,True,0.416
HDEL000751,HORD000751,2018-11-17,2018-11-20,2018-11-18,DHL,Standard,Delivered,0.0,True,70.0,7.82,none,3.0,8.0,Afternoon,3.7634,True,0.461
HDEL000752,HORD000752,2018-09-15,2018-09-18,2018-09-16,StarTrack,Standard,Delivered,0.0,True,32.0,9.49,none,3.0,4.0,Afternoon,7.0268,True,1.233
HDEL000753,HORD000753,2018-05-12,2018-05-15,2018-05-13,AusPost,Standard,Delivered,0.0,True,11.0,12.69,none,3.0,3.0,Anytime,9.2991,False,0.514
HDEL000754,HORD000754,2018-01-13,2018-01-18,2018-01-16,AusPost,Standard,Delivered,0.0,True,18.0,8.13,none,5.0,5.0,Anytime,3.843,True,1.287
HDEL000755,HORD000755,2018-07-28,2018-08-04,2018-08-03,DHL,Standard,Delivered,0.0,True,63.0,9.41,none,7.0,3.0,Anytime,2.8043,True,0.311
HDEL000756,HORD000756,2018-11-18,2018-11-24,2018-11-22,Direct Freight,Standard,Delivered,0.0,True,41.0,6.77,none,6.0,6.0,Afternoon,3.2287,False,0.275
HDEL000757,HORD000757,2018-07-01,2018-07-08,2018-07-07,StarTrack,Standard,Delivered,0.0,True,3.0,11.02,none,7.0,3.0,Anytime,8.088,True,0.497
HDEL000758,HORD000758,2018-04-11,2018-04-15,2018-04-13,AusPost,Standard,Delivered,0.0,True,59.0,8.31,none,4.0,3.0,Morning,5.6382,False,0.385
HDEL000759,HORD000759,2018-01-24,2018-01-29,2018-01-29,StarTrack,Standard,Delivered,0.0,True,71.0,11.79,none,5.0,8.0,Morning,7.2331,False,0.42
HDEL000760,HORD000760,2018-04-14,2018-04-19,2018-04-19,DHL,Express,Delivered,0.0,True,42.0,18.73,none,5.0,4.0,Anytime,4.3706,True,0.541
HDEL000761,HORD000761,2018-05-27,2018-06-02,2018-06-02,AusPost,Standard,Delivered,0.0,True,40.0,8.53,none,6.0,5.0,Anytime,5.5057,True,1.186
HDEL000762,HORD000762,2018-01-23,2018-01-30,2018-01-28,DHL,Standard,Delivered,0.0,True,61.0,8.29,none,7.0,3.0,Anytime,3.4729,True,0.405
HDEL000763,HORD000763,2018-03-22,2018-03-25,2018-03-24,DHL,Standard,Delivered,0.0,True,60.0,11.49,none,3.0,9.0,Morning,7.412,True,0.441
HDEL000764,HORD000764,2018-11-16,2018-11-21,2018-11-19,AusPost,Standard,Delivered,0.0,True,31.0,7.9,none,5.0,6.0,Afternoon,2.6716,False,0.261
HDEL000765,HORD000765,2018-05-31,2018-06-03,2018-06-02,Direct Freight,Standard,Delivered,0.0,True,35.0,10.28,none,3.0,6.0,Anytime,5.6896,True,0.474
HDEL000766,HORD000766,2018-09-11,2018-09-15,2018-09-14,AusPost,Standard,Delivered,0.0,True,52.0,9.55,none,4.0,6.0,Morning,5.938,True,0.534
HDEL000767,HORD000767,2018-06-24,2018-06-30,2018-06-28,StarTrack,Standard,Delivered,0.0,True,24.0,9.29,none,6.0,9.0,Afternoon,3.5747,False,0.474
HDEL000768,HORD000768,2018-10-18,2018-10-25,2018-10-23,AusPost,Express,Delivered,0.0,True,70.0,20.59,none,7.0,3.0,Morning,7.3718,False,0.485
HDEL000769,HORD000769,2018-05-08,2018-05-13,2018-05-12,Direct Freight,Standard,Delivered,0.0,True,45.0,9.38,none,5.0,3.0,Afternoon,6.867,False,0.506
HDEL000770,HORD000770,2018-12-30,2019-01-02,2019-01-02,Direct Freight,Standard,Delivered,0.0,True,39.0,7.27,none,3.0,5.0,Afternoon,1.5951,True,1.095
HDEL000771,HORD000771,2018-03-25,2018-03-29,2018-03-28,AusPost,Standard,Delivered,0.0,True,49.0,7.86,none,4.0,8.0,Afternoon,5.8767,False,1.166
HDEL000772,HORD000772,2018-07-10,2018-07-16,2018-07-14,DHL,Standard,Delivered,0.0,True,61.0,13.3,none,6.0,6.0,Morning,7.3951,False,0.416
HDEL000773,HORD000773,2018-05-22,2018-05-27,2018-05-30,Direct Freight,Standard,Delivered,3.0,False,15.0,8.59,weather,5.0,8.0,Anytime,5.2894,True,1.108
HDEL000774,HORD000774,2018-07-16,2018-07-23,2018-07-23,AusPost,Standard,Delivered,0.0,True,20.0,9.09,none,7.0,3.0,Morning,1.6376,True,0.389
HDEL000775,HORD000775,2018-04-17,2018-04-22,2018-04-22,StarTrack,Standard,Delivered,0.0,True,70.0,9.91,none,5.0,4.0,Anytime,5.2928,False,0.381
HDEL000776,HORD000776,2018-02-05,2018-02-10,2018-02-13,Direct Freight,Standard,Delivered,3.0,False,46.0,8.63,carrier_capacity,5.0,4.0,Afternoon,4.6342,False,0.419
HDEL000777,HORD000777,2018-07-14,2018-07-19,2018-07-19,AusPost,Standard,Delivered,0.0,True,13.0,11.2,none,5.0,6.0,Anytime,7.7742,False,0.532
HDEL000778,HORD000778,2018-08-14,2018-08-17,2018-08-16,DHL,Express,Delivered,0.0,True,68.0,19.44,none,3.0,6.0,Afternoon,1.2126,False,0.249
HDEL000779,HORD000779,2018-12-06,2018-12-12,2018-12-11,StarTrack,Standard,Delivered,0.0,True,37.0,7.04,none,6.0,8.0,Afternoon,2.4826,True,0.412
HDEL000780,HORD000780,2018-10-22,2018-10-28,2018-10-28,Direct Freight,Standard,Delivered,0.0,True,53.0,7.74,none,6.0,3.0,Morning,5.4787,True,0.401
HDEL000781,HORD000781,2018-02-03,2018-02-08,2018-02-07,Direct Freight,Express,Delivered,0.0,True,47.0,16.25,none,5.0,8.0,Anytime,8.8786,True,0.641
HDEL000782,HORD000782,2018-05-02,2018-05-07,2018-05-06,DHL,Standard,Delivered,0.0,True,8.0,10.41,none,5.0,9.0,Afternoon,7.1497,False,0.428
HDEL000783,HORD000783,2018-08-19,2018-08-25,2018-08-24,DHL,Standard,Delivered,0.0,True,50.0,12.32,none,6.0,6.0,Anytime,5.4847,True,0.575
HDEL000784,HORD000784,2018-06-08,2018-06-14,2018-06-13,DHL,Standard,Delivered,0.0,True,26.0,15.62,none,6.0,7.0,Anytime,8.8786,False,0.502
HDEL000785,HORD000785,2018-05-31,2018-06-03,2018-06-01,AusPost,Standard,Delivered,0.0,True,10.0,7.67,none,3.0,9.0,Anytime,2.1752,False,0.282
HDEL000786,HORD000786,2018-04-21,2018-04-26,2018-04-25,StarTrack,Standard,Delivered,0.0,True,44.0,9.22,none,5.0,8.0,Anytime,6.9753,True,1.726
HDEL000787,HORD000787,2018-06-04,2018-06-09,2018-06-07,AusPost,Standard,Delivered,0.0,True,24.0,13.97,none,5.0,8.0,Morning,6.1569,True,0.417
HDEL000788,HORD000788,2018-10-20,2018-10-24,2018-10-23,Direct Freight,Standard,Delivered,0.0,True,56.0,7.85,none,4.0,6.0,Morning,4.9641,False,0.436
HDEL000789,HORD000789,2018-05-30,2018-06-04,2018-06-03,DHL,Standard,Delivered,0.0,True,8.0,8.41,none,5.0,4.0,Anytime,5.115,True,0.458
HDEL000790,HORD000790,2018-01-15,2018-01-20,2018-01-20,Direct Freight,Standard,Delivered,0.0,True,28.0,6.43,none,5.0,3.0,Afternoon,1.6376,True,0.339
HDEL000791,HORD000791,2018-01-27,2018-02-03,2018-02-01,StarTrack,Standard,Delivered,0.0,True,41.0,9.31,none,7.0,9.0,Anytime,4.8422,True,1.116
HDEL000792,HORD000792,2018-11-29,2018-12-02,2018-12-07,AusPost,Standard,Delivered,5.0,False,62.0,6.19,weather,3.0,7.0,Morning,1.6352,True,0.518
HDEL000793,HORD000793,2018-04-26,2018-04-29,2018-04-28,StarTrack,Standard,Delivered,0.0,True,18.0,8.12,none,3.0,3.0,Anytime,4.2688,True,1.067
HDEL000794,HORD000794,2018-03-31,2018-04-03,2018-04-03,DHL,Standard,Delivered,0.0,True,70.0,8.45,none,3.0,8.0,Morning,3.6708,False,0.425
HDEL000795,HORD000795,2018-07-06,2018-07-10,2018-07-09,DHL,Standard,Delivered,0.0,True,57.0,10.57,none,4.0,4.0,Morning,5.8668,False,0.385
HDEL000796,HORD000796,2018-06-11,2018-06-18,2018-06-17,Direct Freight,Standard,Delivered,0.0,True,40.0,12.38,none,7.0,9.0,Anytime,7.1142,True,0.533
HDEL000797,HORD000797,2018-12-23,2018-12-28,2018-12-26,StarTrack,Standard,Delivered,0.0,True,70.0,8.15,none,5.0,4.0,Afternoon,4.9806,True,0.449
HDEL000798,HORD000798,2018-01-30,2018-02-06,2018-02-04,Direct Freight,Standard,Delivered,0.0,True,73.0,11.12,none,7.0,4.0,Afternoon,7.7528,False,0.485
HDEL000799,HORD000799,2018-11-11,2018-11-15,2018-11-18,AusPost,Standard,Delivered,3.0,False,54.0,11.02,carrier_capacity,4.0,8.0,Morning,8.7895,True,0.552
HDEL000800,HORD000800,2018-03-08,2018-03-15,2018-03-14,StarTrack,Express,Delivered,0.0,True,61.0,13.45,none,7.0,5.0,Afternoon,2.7779,True,0.408
HDEL000801,HORD000801,2018-05-07,2018-05-12,2018-05-12,Direct Freight,Standard,Delivered,0.0,True,18.0,8.38,none,5.0,5.0,Afternoon,6.4289,False,0.398
HDEL000802,HORD000802,2018-10-07,2018-10-12,2018-10-13,AusPost,Standard,Delivered,1.0,False,71.0,11.42,weather,5.0,9.0,Afternoon,7.8594,True,0.534
HDEL000803,HORD000803,2018-02-25,2018-03-04,2018-03-02,DHL,Standard,Delivered,0.0,True,6.0,9.69,none,7.0,9.0,Morning,7.6606,True,0.596
HDEL000804,HORD000804,2018-10-16,2018-10-19,2018-10-18,AusPost,Standard,Delivered,0.0,True,6.0,9.57,none,3.0,9.0,Afternoon,8.3002,True,0.511
HDEL000805,HORD000805,2018-12-21,2018-12-27,2018-12-25,DHL,Standard,Delivered,0.0,True,56.0,12.42,none,6.0,7.0,Anytime,8.1751,False,0.484
HDEL000806,HORD000806,2018-12-21,2018-12-26,2018-12-26,StarTrack,Standard,Delivered,0.0,True,10.0,7.52,none,5.0,5.0,Morning,4.6966,False,0.474
HDEL000807,HORD000807,2018-11-02,2018-11-08,2018-11-08,DHL,Standard,Delivered,0.0,True,42.0,11.02,none,6.0,4.0,Morning,6.4285,True,0.457
HDEL000808,HORD000808,2018-05-11,2018-05-14,2018-05-16,AusPost,Standard,Delivered,2.0,False,34.0,10.74,warehouse_congestion,3.0,7.0,Anytime,7.5354,False,1.093
HDEL000809,HORD000809,2018-03-26,2018-03-30,2018-03-30,Direct Freight,Standard,Delivered,0.0,True,12.0,10.63,none,4.0,8.0,Anytime,7.353,True,0.561
HDEL000810,HORD000810,2018-09-06,2018-09-12,2018-09-12,StarTrack,Standard,Delivered,0.0,True,60.0,9.41,none,6.0,3.0,Afternoon,7.8594,True,0.461
HDEL000811,HORD000811,2018-10-31,2018-11-04,2018-11-03,AusPost,Standard,Delivered,0.0,True,29.0,6.06,none,4.0,3.0,Morning,2.1106,False,0.307
HDEL000812,HORD000812,2018-07-01,2018-07-06,2018-07-05,AusPost,Standard,Delivered,0.0,True,51.0,12.27,none,5.0,6.0,Morning,4.8491,True,0.396
HDEL000813,HORD000813,2018-07-12,2018-07-17,2018-07-17,AusPost,Standard,Delivered,0.0,True,72.0,13.32,none,5.0,3.0,Morning,6.6818,False,0.424
HDEL000814,HORD000814,2018-04-17,2018-04-24,2018-04-28,DHL,Express,Delivered,4.0,False,58.0,14.49,warehouse_congestion,7.0,4.0,Morning,1.6639,False,0.248
HDEL000815,HORD000815,2018-10-07,2018-10-14,2018-10-14,AusPost,Standard,Delivered,0.0,True,41.0,8.8,none,7.0,8.0,Anytime,6.8779,True,0.523
HDEL000816,HORD000816,2018-04-29,2018-05-03,2018-05-01,AusPost,Standard,Delivered,0.0,True,54.0,8.07,none,4.0,4.0,Afternoon,4.1646,True,0.369
HDEL000817,HORD000817,2018-02-01,2018-02-04,2018-02-02,DHL,Express,Delivered,0.0,True,27.0,19.82,none,3.0,4.0,Morning,7.5354,True,0.54
HDEL000818,HORD000818,2018-03-13,2018-03-17,2018-03-22,Direct Freight,Standard,Delivered,5.0,False,42.0,7.22,weather,4.0,5.0,Morning,2.6716,True,0.313
HDEL000819,HORD000819,2018-10-23,2018-10-27,2018-10-26,StarTrack,Express,Delivered,0.0,True,40.0,17.37,none,4.0,6.0,Anytime,4.2176,True,0.476
HDEL000820,HORD000820,2018-09-12,2018-09-15,2018-09-14,AusPost,Standard,Delivered,0.0,True,28.0,9.55,none,3.0,9.0,Morning,7.2272,True,0.665
HDEL000821,HORD000821,2018-09-24,2018-09-30,2018-09-29,AusPost,Standard,Delivered,0.0,True,25.0,8.56,none,6.0,9.0,Morning,5.5221,False,0.386
HDEL000822,HORD000822,2018-12-11,2018-12-16,2018-12-15,StarTrack,Standard,Delivered,0.0,True,32.0,11.52,none,5.0,9.0,Anytime,7.6829,True,0.609
HDEL000823,HORD000823,2018-06-13,2018-06-19,2018-06-19,Direct Freight,Standard,Delivered,0.0,True,43.0,13.71,none,6.0,4.0,Afternoon,9.1432,True,1.012
HDEL000824,HORD000824,2018-09-05,2018-09-09,2018-09-09,AusPost,Express,Delivered,0.0,True,20.0,17.25,none,4.0,6.0,Morning,4.7826,True,0.489
HDEL000825,HORD000825,2018-08-13,2018-08-17,2018-08-15,DHL,Standard,Delivered,0.0,True,23.0,9.48,none,4.0,8.0,Anytime,2.9597,True,0.426
HDEL000826,HORD000826,2018-03-31,2018-04-05,2018-04-09,AusPost,Standard,Delivered,4.0,False,47.0,7.67,carrier_capacity,5.0,3.0,Morning,2.0865,True,0.256
HDEL000827,HORD000827,2018-08-31,2018-09-06,2018-09-06,StarTrack,Standard,Delivered,0.0,True,31.0,11.95,none,6.0,9.0,Afternoon,5.1246,True,0.472
HDEL000828,HORD000828,2018-04-06,2018-04-12,2018-04-11,Direct Freight,Standard,Delivered,0.0,True,12.0,8.36,none,6.0,9.0,Anytime,5.308,True,0.457
HDEL000829,HORD000829,2018-01-07,2018-01-14,2018-01-12,AusPost,Standard,Delivered,0.0,True,38.0,7.93,none,7.0,8.0,Afternoon,5.8767,False,0.338
HDEL000830,HORD000830,2018-01-31,2018-02-06,2018-02-06,StarTrack,Standard,Delivered,0.0,True,10.0,12.19,none,6.0,9.0,Afternoon,8.0803,True,0.518
HDEL000831,HORD000831,2018-01-18,2018-01-23,2018-01-22,DHL,Express,Delivered,0.0,True,57.0,22.23,none,5.0,9.0,Anytime,8.9305,True,0.492
HDEL000832,HORD000832,2018-01-13,2018-01-17,2018-01-15,Direct Freight,Standard,Delivered,0.0,True,49.0,6.66,none,4.0,9.0,Anytime,0.5058,True,1.035
HDEL000833,HORD000833,2018-11-04,2018-11-10,2018-11-09,AusPost,Standard,Delivered,0.0,True,68.0,9.05,none,6.0,7.0,Afternoon,5.2582,True,0.422
HDEL000834,HORD000834,2018-05-04,2018-05-11,2018-05-10,StarTrack,Standard,Delivered,0.0,True,70.0,6.44,none,7.0,8.0,Afternoon,1.8801,False,0.309
HDEL000835,HORD000835,2018-10-25,2018-11-01,2018-10-30,Direct Freight,Standard,Delivered,0.0,True,37.0,8.73,none,7.0,8.0,Morning,5.3787,True,1.284
HDEL000836,HORD000836,2018-05-17,2018-05-24,2018-05-24,AusPost,Standard,Delivered,0.0,True,15.0,11.2,none,7.0,7.0,Anytime,6.9946,True,0.502
HDEL000837,HORD000837,2018-08-29,2018-09-03,2018-09-02,StarTrack,Standard,Delivered,0.0,True,12.0,12.4,none,5.0,6.0,Afternoon,7.5164,False,0.434
HDEL000838,HORD000838,2018-02-19,2018-02-23,2018-02-21,DHL,Standard,Delivered,0.0,True,5.0,8.81,none,4.0,6.0,Afternoon,5.938,True,0.976
HDEL000839,HORD000839,2018-08-17,2018-08-21,2018-08-21,Direct Freight,Express,Delivered,0.0,True,60.0,17.55,none,4.0,7.0,Anytime,0.6309,True,0.353
HDEL000840,HORD000840,2018-04-03,2018-04-06,2018-04-04,StarTrack,Standard,Delivered,0.0,True,70.0,8.2,none,3.0,5.0,Morning,6.6114,False,0.489
HDEL000841,HORD000841,2018-09-06,2018-09-10,2018-09-14,AusPost,Standard,Delivered,4.0,False,21.0,9.41,carrier_capacity,4.0,3.0,Anytime,3.7986,True,0.345
HDEL000842,HORD000842,2018-06-19,2018-06-25,2018-06-28,StarTrack,Standard,Delivered,3.0,False,46.0,12.96,warehouse_congestion,6.0,9.0,Morning,8.3403,True,0.526
HDEL000843,HORD000843,2018-02-21,2018-02-26,2018-02-25,AusPost,Standard,Delivered,0.0,True,67.0,8.61,none,5.0,9.0,Afternoon,6.3105,True,0.452
HDEL000844,HORD000844,2018-08-02,2018-08-07,2018-08-08,StarTrack,Standard,Delivered,1.0,False,22.0,8.5,warehouse_congestion,5.0,9.0,Afternoon,0.4249,True,0.357
HDEL000845,HORD000845,2018-10-30,2018-11-05,2018-11-05,AusPost,Express,Delivered,0.0,True,70.0,15.5,none,6.0,6.0,Anytime,5.0303,False,0.351
HDEL000846,HORD000846,2018-12-24,2018-12-30,2018-12-30,StarTrack,Standard,Delivered,0.0,True,33.0,8.0,none,6.0,5.0,Anytime,2.2975,True,0.379
HDEL000847,HORD000847,2018-10-20,2018-10-23,2018-10-22,AusPost,Express,Delivered,0.0,True,70.0,19.38,none,3.0,9.0,Anytime,6.0446,True,1.183
HDEL000848,HORD000848,2018-05-16,2018-05-20,2018-05-18,StarTrack,Standard,Delivered,0.0,True,20.0,8.52,none,4.0,8.0,Afternoon,5.2894,True,0.508
HDEL000849,HORD000849,2018-12-19,2018-12-26,2018-12-24,DHL,Standard,Delivered,0.0,True,9.0,9.2,none,7.0,9.0,Anytime,7.8949,True,0.528
HDEL000850,HORD000850,2018-02-18,2018-02-24,2018-02-22,AusPost,Standard,Delivered,0.0,True,13.0,8.19,none,6.0,5.0,Morning,2.9597,True,0.4
HDEL000851,HORD000851,2018-07-08,2018-07-15,2018-07-15,StarTrack,Express,Delivered,0.0,True,2.0,21.92,none,7.0,4.0,Morning,9.1432,True,0.535
HDEL000852,HORD000852,2018-07-07,2018-07-12,2018-07-12,AusPost,Standard,Delivered,0.0,True,31.0,9.45,none,5.0,6.0,Anytime,5.0545,True,0.479
HDEL000853,HORD000853,2018-11-16,2018-11-22,2018-11-21,DHL,Express,Delivered,0.0,True,59.0,16.53,none,6.0,9.0,Anytime,5.7885,True,0.491
HDEL000854,HORD000854,2018-06-23,2018-06-26,2018-06-26,DHL,Standard,Delivered,0.0,True,36.0,14.92,none,3.0,7.0,Anytime,9.7077,False,0.496
HDEL000855,HORD000855,2018-01-13,2018-01-19,2018-01-18,DHL,Standard,Delivered,0.0,True,10.0,9.45,none,6.0,3.0,Afternoon,3.296,True,0.917
HDEL000856,HORD000856,2018-08-20,2018-08-23,2018-08-27,StarTrack,Standard,Delivered,4.0,False,63.0,12.11,warehouse_congestion,3.0,6.0,Morning,3.727,True,0.61
HDEL000857,HORD000857,2018-05-09,2018-05-13,2018-05-12,Direct Freight,Standard,Delivered,0.0,True,21.0,10.06,none,4.0,3.0,Afternoon,6.7151,True,0.599
HDEL000858,HORD000858,2018-07-12,2018-07-18,2018-07-18,AusPost,Standard,Delivered,0.0,True,3.0,10.4,none,6.0,6.0,Afternoon,5.3633,False,0.327
HDEL000859,HORD000859,2018-04-07,2018-04-13,2018-04-13,AusPost,Express,Delivered,0.0,True,30.0,18.03,none,6.0,6.0,Afternoon,3.2601,False,0.338
HDEL000860,HORD000860,2018-09-15,2018-09-20,2018-09-20,StarTrack,Standard,Delivered,0.0,True,36.0,9.63,none,5.0,7.0,Anytime,4.2176,True,0.441
HDEL000861,HORD000861,2018-08-11,2018-08-15,2018-08-15,Direct Freight,Express,Delivered,0.0,True,46.0,16.35,none,4.0,3.0,Anytime,0.7001,True,0.742
HDEL000862,HORD000862,2018-04-29,2018-05-02,2018-04-30,AusPost,Standard,Delivered,0.0,True,9.0,6.98,none,3.0,8.0,Anytime,4.2942,True,0.336
HDEL000863,HORD000863,2018-08-01,2018-08-07,2018-08-05,StarTrack,Express,Delivered,0.0,True,43.0,25.91,none,6.0,9.0,Anytime,7.1589,True,0.443
HDEL000864,HORD000864,2018-06-17,2018-06-24,2018-06-23,Direct Freight,Express,Delivered,0.0,True,46.0,24.06,none,7.0,6.0,Afternoon,8.0821,True,0.67
HDEL000865,HORD000865,2018-08-09,2018-08-14,2018-08-13,Direct Freight,Express,Delivered,0.0,True,56.0,24.76,none,5.0,7.0,Anytime,6.2579,True,0.488
HDEL000866,HORD000866,2018-02-11,2018-02-16,2018-02-15,AusPost,Express,Delivered,0.0,True,40.0,16.84,none,5.0,4.0,Afternoon,3.1061,True,0.416
HDEL000867,HORD000867,2018-06-05,2018-06-10,2018-06-09,DHL,Standard,Delivered,0.0,True,66.0,10.5,none,5.0,5.0,Morning,6.1816,False,0.365
HDEL000868,HORD000868,2018-06-16,2018-06-22,2018-06-21,AusPost,Standard,Delivered,0.0,True,58.0,7.18,none,6.0,6.0,Anytime,0.243,True,0.363
HDEL000869,HORD000869,2019-01-01,2019-01-07,2019-01-07,DHL,Standard,Delivered,0.0,True,17.0,11.12,none,6.0,8.0,Anytime,7.2272,True,0.944
HDEL000870,HORD000870,2018-06-11,2018-06-18,2018-06-17,Direct Freight,Standard,Delivered,0.0,True,69.0,10.21,none,7.0,6.0,Morning,5.9827,True,0.508
HDEL000871,HORD000871,2018-06-11,2018-06-17,2018-06-16,Direct Freight,Standard,Delivered,0.0,True,23.0,11.45,none,6.0,3.0,Morning,6.5932,False,0.467
HDEL000872,HORD000872,2018-01-15,2018-01-19,2018-01-18,AusPost,Standard,Delivered,0.0,True,58.0,7.59,none,4.0,3.0,Afternoon,5.1945,True,0.54
HDEL000873,HORD000873,2018-11-02,2018-11-05,2018-11-05,DHL,Standard,Delivered,0.0,True,71.0,9.01,none,3.0,4.0,Anytime,7.7035,False,0.427
HDEL000874,HORD000874,2018-12-01,2018-12-08,2018-12-06,Direct Freight,Standard,Delivered,0.0,True,56.0,9.46,none,7.0,6.0,Anytime,7.4924,True,1.027
HDEL000875,HORD000875,2018-06-12,2018-06-16,2018-06-16,Direct Freight,Standard,Delivered,0.0,True,36.0,13.97,none,4.0,8.0,Afternoon,7.2156,True,0.539
HDEL000876,HORD000876,2018-06-10,2018-06-16,2018-06-16,Direct Freight,Standard,Delivered,0.0,True,17.0,9.39,none,6.0,5.0,Anytime,3.89,True,0.436
HDEL000877,HORD000877,2018-03-02,2018-03-05,2018-03-03,AusPost,Standard,Delivered,0.0,True,25.0,11.26,none,3.0,3.0,Anytime,7.227,True,0.479
HDEL000878,HORD000878,2018-11-07,2018-11-11,2018-11-11,DHL,Standard,Delivered,0.0,True,20.0,7.46,none,4.0,7.0,Anytime,1.1841,True,0.45
HDEL000879,HORD000879,2018-11-20,2018-11-25,2018-11-29,DHL,Standard,Delivered,4.0,False,50.0,9.59,carrier_capacity,5.0,9.0,Morning,9.5775,True,0.973
HDEL000880,HORD000880,2018-07-12,2018-07-15,2018-07-14,StarTrack,Standard,Delivered,0.0,True,3.0,9.71,none,3.0,9.0,Afternoon,4.6266,False,0.333
HDEL000881,HORD000881,2018-05-22,2018-05-25,2018-05-25,Direct Freight,Standard,Delivered,0.0,True,3.0,10.21,none,3.0,4.0,Anytime,5.4688,True,1.787
HDEL000882,HORD000882,2018-03-18,2018-03-23,2018-03-23,DHL,Standard,Delivered,0.0,True,52.0,10.1,none,5.0,8.0,Afternoon,7.5338,False,0.378
HDEL000883,HORD000883,2018-04-20,2018-04-25,2018-04-24,AusPost,Standard,Delivered,0.0,True,50.0,6.74,none,5.0,5.0,Morning,2.3496,True,0.496
HDEL000884,HORD000884,2018-02-21,2018-02-25,2018-02-25,AusPost,Standard,Delivered,0.0,True,66.0,8.53,none,4.0,9.0,Afternoon,5.308,True,0.765
HDEL000885,HORD000885,2018-05-12,2018-05-19,2018-05-19,Direct Freight,Standard,Delivered,0.0,True,57.0,8.46,none,7.0,3.0,Anytime,2.9648,True,0.473
HDEL000886,HORD000886,2018-04-20,2018-04-27,2018-04-26,Direct Freight,Standard,Delivered,0.0,True,57.0,4.95,none,7.0,4.0,Morning,0.5058,True,1.134
HDEL000887,HORD000887,2018-04-17,2018-04-20,2018-04-19,DHL,Standard,Delivered,0.0,True,9.0,8.35,none,3.0,6.0,Morning,3.7703,True,0.331
HDEL000888,HORD000888,2018-08-19,2018-08-23,2018-08-24,AusPost,Standard,Delivered,1.0,False,63.0,12.57,carrier_capacity,4.0,3.0,Morning,6.5139,True,0.459
HDEL000889,HORD000889,2018-10-29,2018-11-04,2018-11-03,Direct Freight,Standard,Delivered,0.0,True,10.0,8.31,none,6.0,6.0,Anytime,3.7718,True,0.45
HDEL000890,HORD000890,2018-04-16,2018-04-19,2018-04-17,StarTrack,Standard,Delivered,0.0,True,50.0,8.35,none,3.0,5.0,Anytime,3.2287,True,0.461
HDEL000891,HORD000891,2018-12-20,2018-12-23,2018-12-25,DHL,Standard,Delivered,2.0,False,39.0,8.16,carrier_capacity,3.0,6.0,Afternoon,5.3161,False,0.341
HDEL000892,HORD000892,2018-09-12,2018-09-17,2018-09-15,StarTrack,Standard,Delivered,0.0,True,56.0,10.28,none,5.0,5.0,Morning,5.8668,False,0.493
HDEL000893,HORD000893,2018-05-05,2018-05-12,2018-05-11,StarTrack,Standard,Delivered,0.0,True,25.0,9.02,none,7.0,4.0,Afternoon,7.5554,True,0.48
HDEL000894,HORD000894,2018-06-12,2018-06-18,2018-06-17,Direct Freight,Standard,Delivered,0.0,True,17.0,12.56,none,6.0,5.0,Morning,6.8145,True,0.503
HDEL000895,HORD000895,2018-04-26,2018-05-03,2018-05-08,Direct Freight,Standard,Delivered,5.0,False,34.0,10.02,carrier_capacity,7.0,6.0,Afternoon,6.6114,True,1.248
HDEL000896,HORD000896,2018-05-15,2018-05-21,2018-05-21,DHL,Standard,Delivered,0.0,True,32.0,9.15,none,6.0,7.0,Anytime,5.7885,True,1.014
HDEL000897,HORD000897,2018-12-03,2018-12-08,2018-12-08,StarTrack,Standard,Delivered,0.0,True,27.0,7.77,none,5.0,7.0,Anytime,3.1885,True,0.401
HDEL000898,HORD000898,2018-05-16,2018-05-22,2018-05-22,StarTrack,Standard,Delivered,0.0,True,44.0,8.4,none,6.0,5.0,Afternoon,4.0031,False,0.369
HDEL000899,HORD000899,2018-02-08,2018-02-12,2018-02-11,AusPost,Standard,Delivered,0.0,True,64.0,10.74,none,4.0,7.0,Anytime,8.6104,True,0.498
HDEL000900,HORD000900,2018-12-18,2018-12-24,2018-12-23,StarTrack,Express,Delivered,0.0,True,8.0,19.57,none,6.0,4.0,Anytime,7.8474,True,0.629
HDEL000901,HORD000901,2018-02-23,2018-02-27,2018-02-26,StarTrack,Express,Delivered,0.0,True,24.0,16.22,none,4.0,6.0,Afternoon,1.6639,False,0.387
HDEL000902,HORD000902,2018-10-18,2018-10-24,2018-10-23,DHL,Standard,Delivered,0.0,True,12.0,9.24,none,6.0,3.0,Anytime,4.6342,False,0.986
HDEL000903,HORD000903,2018-07-27,2018-07-30,2018-07-29,Direct Freight,Standard,Delivered,0.0,True,70.0,9.9,none,3.0,4.0,Anytime,2.3095,True,0.493
HDEL000904,HORD000904,2018-12-12,2018-12-15,2018-12-14,Direct Freight,Standard,Delivered,0.0,True,29.0,10.08,none,3.0,9.0,Afternoon,4.6966,True,0.457
HDEL000905,HORD000905,2018-03-28,2018-04-02,2018-04-01,AusPost,Standard,Delivered,0.0,True,65.0,8.63,none,5.0,9.0,Anytime,5.0903,False,0.317
HDEL000906,HORD000906,2018-06-28,2018-07-02,2018-07-01,Direct Freight,Standard,Delivered,0.0,True,48.0,9.78,none,4.0,8.0,Anytime,3.9883,False,0.325
HDEL000907,HORD000907,2018-04-02,2018-04-07,2018-04-06,Direct Freight,Standard,Delivered,0.0,True,69.0,6.28,none,5.0,4.0,Morning,0.4902,True,0.393
HDEL000908,HORD000908,2018-12-22,2018-12-27,2018-12-25,AusPost,Express,Delivered,0.0,True,48.0,15.19,none,5.0,5.0,Morning,3.286,True,0.445
HDEL000909,HORD000909,2018-10-13,2018-10-19,2018-10-19,AusPost,Standard,Delivered,0.0,True,21.0,11.12,none,6.0,6.0,Morning,8.8063,True,0.57
HDEL000910,HORD000910,2018-06-17,2018-06-22,2018-06-21,DHL,Standard,Delivered,0.0,True,37.0,10.19,none,5.0,8.0,Afternoon,6.194,True,0.464
HDEL000911,HORD000911,2018-04-23,2018-04-29,2018-04-29,Direct Freight,Standard,Delivered,0.0,True,36.0,11.43,none,6.0,6.0,Anytime,9.9452,True,1.222
HDEL000912,HORD000912,2018-08-15,2018-08-21,2018-08-20,DHL,Standard,Delivered,0.0,True,55.0,13.54,none,6.0,3.0,Morning,7.0295,False,0.422
HDEL000913,HORD000913,2018-06-24,2018-06-27,2018-06-26,Direct Freight,Standard,Delivered,0.0,True,45.0,10.49,none,3.0,7.0,Anytime,3.4906,True,0.393
HDEL000914,HORD000914,2018-10-08,2018-10-12,2018-10-11,Direct Freight,Express,Delivered,0.0,True,23.0,20.82,none,4.0,6.0,Afternoon,8.8786,True,0.661
HDEL000915,HORD000915,2018-12-01,2018-12-04,2018-12-06,Direct Freight,Standard,Delivered,2.0,False,58.0,12.04,weather,3.0,4.0,Afternoon,8.5348,True,0.426
HDEL000916,HORD000916,2018-11-21,2018-11-27,2018-11-25,AusPost,Standard,Delivered,0.0,True,10.0,6.79,none,6.0,7.0,Anytime,2.9396,True,0.539
HDEL000917,HORD000917,2018-09-17,2018-09-23,2018-09-24,AusPost,Standard,Delivered,1.0,False,12.0,9.53,warehouse_congestion,6.0,6.0,Afternoon,5.0889,True,1.045
HDEL000918,HORD000918,2018-12-10,2018-12-13,2018-12-11,AusPost,Standard,Delivered,0.0,True,32.0,9.65,none,3.0,6.0,Anytime,6.653,True,0.443
HDEL000919,HORD000919,2018-03-17,2018-03-22,2018-03-23,Direct Freight,Standard,Delivered,1.0,False,9.0,8.33,carrier_capacity,5.0,6.0,Afternoon,6.5015,True,1.187
HDEL000920,HORD000920,2018-05-12,2018-05-15,2018-05-15,AusPost,Standard,Delivered,0.0,True,72.0,11.25,none,3.0,4.0,Morning,10.0361,False,0.592
HDEL000921,HORD000921,2018-09-09,2018-09-16,2018-09-17,AusPost,Express,Delivered,1.0,False,49.0,15.26,weather,7.0,5.0,Anytime,6.194,True,0.569
HDEL000922,HORD000922,2018-11-09,2018-11-12,2018-11-11,AusPost,Standard,Delivered,0.0,True,33.0,7.26,none,3.0,7.0,Morning,3.7002,True,0.447
HDEL000923,HORD000923,2018-04-04,2018-04-07,2018-04-06,AusPost,Standard,Delivered,0.0,True,27.0,6.48,none,3.0,8.0,Anytime,2.5674,True,0.49
HDEL000924,HORD000924,2018-07-15,2018-07-19,2018-07-23,Direct Freight,Standard,Delivered,4.0,False,52.0,11.78,warehouse_congestion,4.0,9.0,Afternoon,4.6266,True,0.894
HDEL000925,HORD000925,2018-12-01,2018-12-05,2018-12-03,DHL,Express,Delivered,0.0,True,55.0,16.07,none,4.0,7.0,Afternoon,5.1067,True,0.38
HDEL000926,HORD000926,2018-11-09,2018-11-13,2018-11-11,DHL,Standard,Delivered,0.0,True,8.0,6.24,none,4.0,3.0,Afternoon,1.6631,False,0.245
HDEL000927,HORD000927,2018-02-07,2018-02-13,2018-02-11,Direct Freight,Standard,Delivered,0.0,True,56.0,7.8,none,6.0,4.0,Morning,4.2688,True,1.319
HDEL000928,HORD000928,2018-09-23,2018-09-30,2018-09-30,DHL,Standard,Delivered,0.0,True,47.0,6.02,none,7.0,9.0,Morning,1.6639,False,0.389
HDEL000929,HORD000929,2018-10-24,2018-10-29,2018-10-29,Direct Freight,Standard,Delivered,0.0,True,36.0,7.88,none,5.0,3.0,Morning,5.3847,True,0.403
HDEL000930,HORD000930,2018-12-30,2019-01-06,2019-01-08,AusPost,Standard,Delivered,2.0,False,49.0,7.45,warehouse_congestion,7.0,7.0,Anytime,2.16,True,0.303
HDEL000931,HORD000931,2018-05-06,2018-05-13,2018-05-12,StarTrack,Standard,Delivered,0.0,True,39.0,10.04,none,7.0,7.0,Anytime,7.7045,True,1.566
HDEL000932,HORD000932,2018-11-30,2018-12-04,2018-12-03,AusPost,Express,Delivered,0.0,True,66.0,15.57,none,4.0,6.0,Morning,1.6337,False,0.297
HDEL000933,HORD000933,2018-04-26,2018-05-01,2018-04-30,DHL,Express,Delivered,0.0,True,28.0,18.3,none,5.0,4.0,Afternoon,6.5139,True,0.899
HDEL000934,HORD000934,2018-08-30,2018-09-02,2018-08-31,DHL,Standard,Delivered,0.0,True,7.0,11.11,none,3.0,5.0,Afternoon,3.94,False,0.328
HDEL000935,HORD000935,2018-03-27,2018-04-03,2018-04-01,StarTrack,Express,Delivered,0.0,True,66.0,18.08,none,7.0,4.0,Morning,8.3195,False,0.397
HDEL000936,HORD000936,2018-04-20,2018-04-23,2018-04-23,AusPost,Standard,Delivered,0.0,True,8.0,9.16,none,3.0,8.0,Anytime,5.0303,False,0.333
HDEL000937,HORD000937,2018-09-26,2018-10-02,2018-10-06,AusPost,Standard,Delivered,4.0,False,64.0,7.41,weather,6.0,8.0,Afternoon,4.2277,True,1.371
HDEL000938,HORD000938,2018-05-25,2018-05-31,2018-05-30,Direct Freight,Express,Delivered,0.0,True,61.0,18.62,none,6.0,6.0,Morning,2.9003,False,0.439
HDEL000939,HORD000939,2018-08-06,2018-08-13,2018-08-13,StarTrack,Standard,Delivered,0.0,True,57.0,9.53,none,7.0,8.0,Morning,2.9193,True,1.155
HDEL000940,HORD000940,2018-11-02,2018-11-08,2018-11-07,Direct Freight,Standard,Delivered,0.0,True,57.0,7.51,none,6.0,8.0,Anytime,3.9846,True,0.336
HDEL000941,HORD000941,2018-04-02,2018-04-05,2018-04-07,Direct Freight,Standard,Delivered,2.0,False,44.0,6.65,carrier_capacity,3.0,8.0,Morning,3.296,True,0.411
HDEL000942,HORD000942,2018-07-29,2018-08-01,2018-07-30,StarTrack,Express,Delivered,0.0,True,46.0,26.66,none,3.0,3.0,Morning,7.5354,False,0.484
HDEL000943,HORD000943,2018-07-25,2018-07-30,2018-07-30,StarTrack,Standard,Delivered,0.0,True,2.0,9.93,none,5.0,6.0,Morning,2.8302,True,0.39
HDEL000944,HORD000944,2018-05-03,2018-05-07,2018-05-09,StarTrack,Express,Delivered,2.0,False,51.0,16.43,weather,4.0,4.0,Morning,2.522,True,1.697
HDEL000945,HORD000945,2018-12-21,2018-12-28,2018-12-26,StarTrack,Standard,Delivered,0.0,True,23.0,8.21,none,7.0,6.0,Afternoon,4.8422,True,1.044
HDEL000946,HORD000946,2018-06-14,2018-06-17,2018-06-15,AusPost,Standard,Delivered,0.0,True,60.0,12.88,none,3.0,9.0,Morning,6.3782,True,1.269
HDEL000947,HORD000947,2018-08-05,2018-08-11,2018-08-11,Direct Freight,Standard,Delivered,0.0,True,17.0,12.73,none,6.0,4.0,Afternoon,6.4289,True,0.482
HDEL000948,HORD000948,2018-06-20,2018-06-23,2018-06-22,Direct Freight,Standard,Delivered,0.0,True,39.0,9.97,none,3.0,9.0,Anytime,4.1707,True,0.384
HDEL000949,HORD000949,2018-08-06,2018-08-12,2018-08-10,AusPost,Express,Delivered,0.0,True,61.0,25.45,none,6.0,4.0,Anytime,5.7809,True,0.48
HDEL000950,HORD000950,2018-08-29,2018-09-04,2018-09-02,StarTrack,Standard,Delivered,0.0,True,22.0,15.06,none,6.0,6.0,Morning,9.2991,True,0.527
HDEL000951,HORD000951,2018-03-15,2018-03-20,2018-03-20,Direct Freight,Express,Delivered,0.0,True,34.0,20.89,none,5.0,6.0,Anytime,6.3128,False,0.511
HDEL000952,HORD000952,2018-09-02,2018-09-09,2018-09-13,StarTrack,Standard,Delivered,4.0,False,31.0,8.44,carrier_capacity,7.0,7.0,Afternoon,0.5576,True,1.52
HDEL000953,HORD000953,2018-09-11,2018-09-16,2018-09-16,Direct Freight,Standard,Delivered,0.0,True,38.0,9.35,none,5.0,6.0,Morning,5.4847,False,0.366
HDEL000954,HORD000954,2018-08-29,2018-09-04,2018-09-04,AusPost,Standard,Delivered,0.0,True,40.0,10.61,none,6.0,8.0,Anytime,5.6443,True,0.965
HDEL000955,HORD000955,2018-10-03,2018-10-06,2018-10-05,StarTrack,Express,Delivered,0.0,True,55.0,15.35,none,3.0,3.0,Anytime,4.2942,True,0.466
HDEL000956,HORD000956,2018-04-12,2018-04-17,2018-04-22,Direct Freight,Standard,Delivered,5.0,False,36.0,10.73,weather,5.0,6.0,Afternoon,6.2579,True,0.421
HDEL000957,HORD000957,2018-05-01,2018-05-05,2018-05-10,Direct Freight,Standard,Delivered,5.0,False,18.0,7.39,carrier_capacity,4.0,8.0,Afternoon,3.025,True,0.307
HDEL000958,HORD000958,2018-02-05,2018-02-10,2018-02-12,DHL,Standard,Delivered,2.0,False,54.0,11.41,warehouse_congestion,5.0,6.0,Morning,8.9305,True,0.442
HDEL000959,HORD000959,2018-06-02,2018-06-07,2018-06-07,StarTrack,Standard,Delivered,0.0,True,34.0,9.28,none,5.0,3.0,Anytime,7.0172,True,0.516
HDEL000960,HORD000960,2018-03-24,2018-03-29,2018-03-29,DHL,Express,Delivered,0.0,True,59.0,19.73,none,5.0,5.0,Anytime,7.1859,False,0.467
HDEL000961,HORD000961,2018-10-07,2018-10-14,2018-10-14,AusPost,Express,Delivered,0.0,True,62.0,14.62,none,7.0,8.0,Anytime,4.6779,True,0.414
HDEL000962,HORD000962,2018-07-03,2018-07-10,2018-07-09,AusPost,Standard,Delivered,0.0,True,65.0,12.4,none,7.0,9.0,Afternoon,5.4408,True,0.444
HDEL000963,HORD000963,2018-04-11,2018-04-16,2018-04-16,DHL,Express,Delivered,0.0,True,20.0,15.23,none,5.0,3.0,Afternoon,2.9003,True,0.34
HDEL000964,HORD000964,2018-04-03,2018-04-06,2018-04-04,StarTrack,Standard,Delivered,0.0,True,23.0,8.84,none,3.0,3.0,Morning,4.2176,True,0.377
HDEL000965,HORD000965,2018-07-02,2018-07-08,2018-07-07,AusPost,Express,Delivered,0.0,True,24.0,20.07,none,6.0,8.0,Morning,8.8092,True,0.443
HDEL000966,HORD000966,2018-08-17,2018-08-22,2018-08-20,Direct Freight,Standard,Delivered,0.0,True,37.0,10.55,none,5.0,6.0,Morning,5.6803,True,0.402
HDEL000967,HORD000967,2018-09-04,2018-09-11,2018-09-12,StarTrack,Standard,Delivered,1.0,False,64.0,6.62,warehouse_congestion,7.0,5.0,Afternoon,3.6405,True,1.03
HDEL000968,HORD000968,2018-06-21,2018-06-28,2018-06-28,Direct Freight,Standard,Delivered,0.0,True,29.0,8.94,none,7.0,6.0,Anytime,2.9648,False,1.094
HDEL000969,HORD000969,2018-10-26,2018-11-01,2018-10-31,Direct Freight,Express,Delivered,0.0,True,42.0,18.99,none,6.0,9.0,Afternoon,5.6443,True,0.511
HDEL000970,HORD000970,2018-10-05,2018-10-12,2018-10-10,AusPost,Express,Delivered,0.0,True,14.0,15.4,none,7.0,6.0,Anytime,3.6202,True,0.485
HDEL000971,HORD000971,2018-10-19,2018-10-24,2018-10-22,StarTrack,Standard,Delivered,0.0,True,24.0,8.74,none,5.0,7.0,Anytime,5.6902,True,0.506
HDEL000972,HORD000972,2018-06-07,2018-06-14,2018-06-19,AusPost,Express,Delivered,5.0,False,67.0,18.68,warehouse_congestion,7.0,9.0,Anytime,1.1841,True,0.359
HDEL000973,HORD000973,2018-12-25,2018-12-29,2018-12-29,Direct Freight,Standard,Delivered,0.0,True,63.0,10.06,none,4.0,9.0,Morning,4.2277,True,0.326
HDEL000974,HORD000974,2018-03-31,2018-04-05,2018-04-06,StarTrack,Standard,Delivered,1.0,False,23.0,6.66,weather,5.0,3.0,Morning,3.94,True,0.458
HDEL000975,HORD000975,2018-12-07,2018-12-14,2018-12-13,StarTrack,Standard,Delivered,0.0,True,3.0,9.38,none,7.0,8.0,Morning,7.1393,False,0.448
HDEL000976,HORD000976,2018-09-14,2018-09-17,2018-09-20,Direct Freight,Express,Delivered,3.0,False,28.0,18.93,warehouse_congestion,3.0,3.0,Morning,4.2256,False,0.305
HDEL000977,HORD000977,2018-08-29,2018-09-03,2018-09-01,Direct Freight,Express,Delivered,0.0,True,22.0,19.52,none,5.0,7.0,Afternoon,6.0446,False,1.142
HDEL000978,HORD000978,2018-04-10,2018-04-16,2018-04-16,AusPost,Standard,Delivered,0.0,True,19.0,7.46,none,6.0,6.0,Afternoon,5.5057,False,0.371
HDEL000979,HORD000979,2018-10-14,2018-10-20,2018-10-19,AusPost,Standard,Delivered,0.0,True,31.0,11.1,none,6.0,9.0,Anytime,6.4246,False,0.38
HDEL000980,HORD000980,2018-03-08,2018-03-11,2018-03-11,AusPost,Standard,Delivered,0.0,True,22.0,6.75,none,3.0,4.0,Morning,3.0744,True,0.479
HDEL000981,HORD000981,2018-05-16,2018-05-19,2018-05-17,AusPost,Standard,Delivered,0.0,True,22.0,6.88,none,3.0,7.0,Afternoon,2.79,True,0.478
HDEL000982,HORD000982,2018-02-24,2018-03-02,2018-03-01,DHL,Standard,Delivered,0.0,True,52.0,11.74,none,6.0,7.0,Anytime,7.227,True,2.159
HDEL000983,HORD000983,2018-12-26,2019-01-01,2019-01-02,AusPost,Standard,Delivered,1.0,False,69.0,9.97,warehouse_congestion,6.0,8.0,Anytime,5.6649,True,0.968
HDEL000984,HORD000984,2018-12-23,2018-12-30,2018-12-30,StarTrack,Standard,Delivered,0.0,True,41.0,10.17,none,7.0,5.0,Afternoon,6.1048,True,0.588
HDEL000985,HORD000985,2018-09-23,2018-09-30,2018-09-30,StarTrack,Standard,Delivered,0.0,True,12.0,10.7,none,7.0,9.0,Anytime,5.6897,True,1.224
HDEL000986,HORD000986,2018-12-05,2018-12-12,2018-12-12,DHL,Standard,Delivered,0.0,True,60.0,10.15,none,7.0,9.0,Anytime,6.5607,False,0.403
HDEL000987,HORD000987,2018-12-19,2018-12-23,2018-12-21,AusPost,Standard,Delivered,0.0,True,21.0,9.84,none,4.0,4.0,Morning,9.2495,True,2.012
HDEL000988,HORD000988,2018-08-23,2018-08-29,2018-08-27,DHL,Standard,Delivered,0.0,True,35.0,13.43,none,6.0,7.0,Anytime,8.9244,True,1.152
HDEL000989,HORD000989,2018-08-08,2018-08-14,2018-08-14,StarTrack,Standard,Delivered,0.0,True,6.0,10.62,none,6.0,6.0,Anytime,6.6818,True,0.501
HDEL000990,HORD000990,2018-09-29,2018-10-06,2018-10-06,AusPost,Standard,Delivered,0.0,True,64.0,9.69,none,7.0,6.0,Afternoon,7.6829,True,1.448
HDEL000991,HORD000991,2018-03-15,2018-03-19,2018-03-18,DHL,Standard,Delivered,0.0,True,67.0,9.21,none,4.0,8.0,Anytime,7.1535,True,0.591
HDEL000992,HORD000992,2018-03-25,2018-03-31,2018-03-29,DHL,Standard,Delivered,0.0,True,50.0,13.12,none,6.0,3.0,Anytime,10.0361,True,0.465
HDEL000993,HORD000993,2018-02-08,2018-02-11,2018-02-10,AusPost,Standard,Delivered,0.0,True,7.0,9.84,none,3.0,8.0,Afternoon,5.1246,True,0.558
HDEL000994,HORD000994,2018-09-17,2018-09-22,2018-09-22,Direct Freight,Standard,Delivered,0.0,True,20.0,8.47,none,5.0,6.0,Anytime,6.2019,True,0.427
HDEL000995,HORD000995,2018-12-13,2018-12-19,2018-12-17,AusPost,Standard,Delivered,0.0,True,52.0,11.57,none,6.0,3.0,Afternoon,6.5741,False,0.381
HDEL000996,HORD000996,2018-12-29,2019-01-05,2019-01-04,DHL,Standard,Delivered,0.0,True,27.0,6.47,none,7.0,6.0,Anytime,2.0879,True,0.58
HDEL000997,HORD000997,2018-01-19,2018-01-22,2018-01-27,StarTrack,Standard,Delivered,5.0,False,34.0,9.45,weather,3.0,9.0,Anytime,5.1975,True,0.964
HDEL000998,HORD000998,2018-05-20,2018-05-25,2018-05-29,Direct Freight,Standard,Delivered,4.0,False,39.0,7.21,weather,5.0,6.0,Anytime,4.7792,True,0.446
HDEL000999,HORD000999,2018-06-01,2018-06-08,2018-06-06,Direct Freight,Standard,Delivered,0.0,True,22.0,10.36,none,7.0,5.0,Morning,8.5047,True,0.586
HDEL001000,HORD001000,2018-10-07,2018-10-11,2018-10-11,StarTrack,Standard,Delivered,0.0,True,34.0,8.93,none,4.0,8.0,Anytime,4.9806,True,0.879
HDEL001001,HORD001001,2018-11-10,2018-11-17,2018-11-17,Direct Freight,Standard,Delivered,0.0,True,12.0,7.18,none,7.0,8.0,Anytime,3.7044,True,0.805
HDEL001002,HORD001002,2018-10-05,2018-10-10,2018-10-08,DHL,Standard,Delivered,0.0,True,6.0,8.86,none,5.0,9.0,Anytime,4.175,True,0.622
HDEL001003,HORD001003,2018-10-24,2018-10-31,2018-11-01,Direct Freight,Standard,Delivered,1.0,False,16.0,9.4,carrier_capacity,7.0,3.0,Morning,3.9152,True,0.432
HDEL001004,HORD001004,2018-02-08,2018-02-14,2018-02-13,Direct Freight,Standard,Delivered,0.0,True,18.0,11.4,none,6.0,8.0,Morning,8.5452,True,0.571
HDEL001005,HORD001005,2018-06-03,2018-06-06,2018-06-04,StarTrack,Standard,Delivered,0.0,True,4.0,9.49,none,3.0,6.0,Afternoon,5.0889,False,0.373
HDEL001006,HORD001006,2018-06-16,2018-06-23,2018-06-22,Direct Freight,Standard,Delivered,0.0,True,19.0,12.47,none,7.0,3.0,Morning,7.7913,False,0.482
HDEL001007,HORD001007,2018-09-09,2018-09-13,2018-09-13,Direct Freight,Standard,Delivered,0.0,True,38.0,9.36,none,4.0,5.0,Anytime,3.9152,False,0.335
HDEL001008,HORD001008,2018-06-11,2018-06-16,2018-06-15,StarTrack,Standard,Delivered,0.0,True,57.0,10.87,none,5.0,3.0,Morning,5.9106,False,0.495
HDEL001009,HORD001009,2018-06-16,2018-06-19,2018-06-18,Direct Freight,Standard,Delivered,0.0,True,73.0,9.19,none,3.0,6.0,Morning,3.9846,True,1.756
HDEL001010,HORD001010,2018-02-21,2018-02-27,2018-02-25,Direct Freight,Express,Delivered,0.0,True,47.0,17.78,none,6.0,4.0,Anytime,6.3388,True,0.413
HDEL001011,HORD001011,2018-03-24,2018-03-29,2018-03-29,AusPost,Standard,Delivered,0.0,True,24.0,10.79,none,5.0,8.0,Afternoon,7.412,True,0.533
HDEL001012,HORD001012,2018-08-01,2018-08-06,2018-08-04,StarTrack,Standard,Delivered,0.0,True,38.0,8.35,none,5.0,9.0,Afternoon,1.9834,True,0.278
HDEL001013,HORD001013,2018-04-26,2018-05-01,2018-04-29,AusPost,Standard,Delivered,0.0,True,70.0,9.24,none,5.0,6.0,Morning,4.8578,True,1.026
HDEL001014,HORD001014,2018-03-02,2018-03-05,2018-03-04,Direct Freight,Express,Delivered,0.0,True,30.0,15.25,none,3.0,5.0,Morning,3.967,False,0.536
HDEL001015,HORD001015,2018-03-04,2018-03-10,2018-03-10,StarTrack,Standard,Delivered,0.0,True,2.0,8.87,none,6.0,3.0,Afternoon,5.4097,True,0.364
HDEL001016,HORD001016,2018-11-17,2018-11-24,2018-11-23,Direct Freight,Standard,Delivered,0.0,True,14.0,6.61,none,7.0,4.0,Morning,1.6376,True,0.354
HDEL001017,HORD001017,2018-09-27,2018-10-03,2018-10-03,DHL,Standard,Delivered,0.0,True,70.0,7.98,none,6.0,8.0,Anytime,1.6084,True,0.313
HDEL001018,HORD001018,2018-10-15,2018-10-19,2018-10-18,Direct Freight,Standard,Delivered,0.0,True,8.0,8.29,none,4.0,9.0,Afternoon,3.4906,False,0.437
HDEL001019,HORD001019,2018-03-31,2018-04-07,2018-04-07,AusPost,Standard,Delivered,0.0,True,52.0,6.36,none,7.0,5.0,Anytime,0.361,True,0.358
HDEL001020,HORD001020,2018-05-27,2018-05-30,2018-05-30,AusPost,Standard,Delivered,0.0,True,46.0,9.01,none,3.0,6.0,Afternoon,7.8474,True,0.482
HDEL001021,HORD001021,2018-05-22,2018-05-27,2018-05-26,Direct Freight,Standard,Delivered,0.0,True,16.0,8.94,none,5.0,4.0,Morning,7.0268,False,0.402
HDEL001022,HORD001022,2018-08-20,2018-08-24,2018-08-24,StarTrack,Standard,Delivered,0.0,True,73.0,11.13,none,4.0,3.0,Afternoon,5.4128,True,1.766
HDEL001023,HORD001023,2018-05-28,2018-06-01,2018-05-30,StarTrack,Standard,Delivered,0.0,True,44.0,8.61,none,4.0,4.0,Anytime,6.163,True,1.349
HDEL001024,HORD001024,2018-11-18,2018-11-25,2018-11-23,AusPost,Standard,Delivered,0.0,True,49.0,6.25,none,7.0,5.0,Morning,1.4273,True,0.403
HDEL001025,HORD001025,2018-05-17,2018-05-24,2018-05-23,Direct Freight,Express,Delivered,0.0,True,2.0,20.47,none,7.0,5.0,Afternoon,7.1497,True,0.499
HDEL001026,HORD001026,2018-10-02,2018-10-08,2018-10-08,Direct Freight,Standard,Delivered,0.0,True,63.0,8.27,none,6.0,4.0,Afternoon,6.6818,False,0.373
HDEL001027,HORD001027,2018-07-09,2018-07-15,2018-07-13,Direct Freight,Standard,Delivered,0.0,True,62.0,12.55,none,6.0,6.0,Afternoon,6.2917,True,0.513
HDEL001028,HORD001028,2018-08-14,2018-08-20,2018-08-19,Direct Freight,Standard,Delivered,0.0,True,44.0,12.52,none,6.0,5.0,Afternoon,5.3006,True,0.449
HDEL001029,HORD001029,2018-07-17,2018-07-24,2018-07-22,DHL,Standard,Delivered,0.0,True,15.0,11.1,none,7.0,7.0,Morning,7.8594,True,0.58
HDEL001030,HORD001030,2018-11-02,2018-11-07,2018-11-05,AusPost,Standard,Delivered,0.0,True,23.0,9.9,none,5.0,4.0,Afternoon,6.9799,True,0.858
HDEL001031,HORD001031,2018-05-31,2018-06-06,2018-06-06,AusPost,Standard,Delivered,0.0,True,72.0,6.82,none,6.0,5.0,Afternoon,4.2176,False,0.378
HDEL001032,HORD001032,2018-01-08,2018-01-14,2018-01-13,StarTrack,Standard,Delivered,0.0,True,73.0,8.18,none,6.0,4.0,Afternoon,5.6715,False,0.809
HDEL001033,HORD001033,2018-01-23,2018-01-27,2018-01-28,DHL,Standard,Delivered,1.0,False,54.0,11.91,weather,4.0,6.0,Afternoon,7.412,False,0.394
HDEL001034,HORD001034,2018-10-23,2018-10-30,2018-10-28,Direct Freight,Standard,Delivered,0.0,True,10.0,10.12,none,7.0,7.0,Anytime,6.5139,True,0.955
HDEL001035,HORD001035,2018-06-19,2018-06-26,2018-06-26,StarTrack,Standard,Delivered,0.0,True,22.0,14.12,none,7.0,8.0,Morning,7.1142,False,0.628
HDEL001036,HORD001036,2018-02-10,2018-02-14,2018-02-14,Direct Freight,Standard,Delivered,0.0,True,65.0,11.35,none,4.0,9.0,Anytime,9.7157,False,0.493
HDEL001037,HORD001037,2018-02-25,2018-03-01,2018-03-01,DHL,Standard,Delivered,0.0,True,45.0,6.44,none,4.0,9.0,Morning,0.7955,False,0.643
HDEL001038,HORD001038,2018-09-25,2018-10-01,2018-09-29,DHL,Standard,Delivered,0.0,True,18.0,10.56,none,6.0,9.0,Anytime,6.5212,False,0.361
HDEL001039,HORD001039,2018-01-19,2018-01-24,2018-01-23,DHL,Express,Delivered,0.0,True,41.0,17.03,none,5.0,5.0,Afternoon,5.8767,True,0.632
HDEL001040,HORD001040,2018-02-21,2018-02-24,2018-02-22,StarTrack,Express,Delivered,0.0,True,39.0,20.73,none,3.0,8.0,Anytime,6.972,False,0.439
HDEL001041,HORD001041,2018-05-22,2018-05-25,2018-05-24,DHL,Standard,Delivered,0.0,True,53.0,8.09,none,3.0,4.0,Morning,2.9648,False,0.34
HDEL001042,HORD001042,2018-12-14,2018-12-20,2018-12-18,Direct Freight,Standard,Delivered,0.0,True,40.0,11.24,none,6.0,7.0,Afternoon,7.38,False,0.386
HDEL001043,HORD001043,2018-07-23,2018-07-28,2018-07-27,StarTrack,Express,Delivered,0.0,True,18.0,23.86,none,5.0,4.0,Afternoon,7.0833,True,0.482
HDEL001044,HORD001044,2018-11-15,2018-11-22,2018-11-21,StarTrack,Standard,Delivered,0.0,True,71.0,7.28,none,7.0,5.0,Anytime,4.0307,True,0.522
HDEL001045,HORD001045,2018-06-08,2018-06-14,2018-06-13,DHL,Standard,Delivered,0.0,True,17.0,11.03,none,6.0,5.0,Afternoon,7.1859,True,1.23
HDEL001046,HORD001046,2018-02-03,2018-02-07,2018-02-06,DHL,Standard,Delivered,0.0,True,73.0,9.61,none,4.0,7.0,Morning,7.412,True,0.488
HDEL001047,HORD001047,2018-03-18,2018-03-23,2018-03-21,Direct Freight,Standard,Delivered,0.0,True,24.0,7.83,none,5.0,3.0,Anytime,3.286,True,0.893
HDEL001048,HORD001048,2018-05-05,2018-05-10,2018-05-09,StarTrack,Standard,Delivered,0.0,True,19.0,7.21,none,5.0,7.0,Morning,5.0798,True,0.786
HDEL001049,HORD001049,2018-05-30,2018-06-06,2018-06-07,DHL,Standard,Delivered,1.0,False,30.0,6.18,weather,7.0,4.0,Anytime,2.9193,False,0.348
HDEL001050,HORD001050,2018-07-30,2018-08-04,2018-08-04,StarTrack,Standard,Delivered,0.0,True,13.0,9.28,none,5.0,9.0,Anytime,4.2176,True,0.526
HDEL001051,HORD001051,2018-07-21,2018-07-25,2018-07-27,AusPost,Standard,Delivered,2.0,False,28.0,12.63,carrier_capacity,4.0,3.0,Afternoon,6.2927,True,1.107
HDEL001052,HORD001052,2018-08-15,2018-08-20,2018-08-24,AusPost,Standard,Delivered,4.0,False,4.0,14.54,weather,5.0,5.0,Anytime,7.2147,True,0.551
HDEL001053,HORD001053,2018-07-24,2018-07-28,2018-07-26,AusPost,Standard,Delivered,0.0,True,9.0,10.55,none,4.0,3.0,Morning,7.1137,False,0.388
HDEL001054,HORD001054,2018-02-05,2018-02-10,2018-02-09,AusPost,Standard,Delivered,0.0,True,71.0,8.7,none,5.0,8.0,Morning,4.3645,True,1.104
HDEL001055,HORD001055,2018-12-09,2018-12-14,2018-12-13,Direct Freight,Express,Delivered,0.0,True,29.0,18.76,none,5.0,5.0,Afternoon,6.2917,True,1.418
HDEL001056,HORD001056,2018-05-21,2018-05-27,2018-05-26,AusPost,Standard,Delivered,0.0,True,71.0,5.33,none,6.0,4.0,Morning,0.361,False,0.245
HDEL001057,HORD001057,2018-05-04,2018-05-10,2018-05-09,StarTrack,Standard,Delivered,0.0,True,43.0,9.31,none,6.0,9.0,Morning,8.9878,False,0.491
HDEL001058,HORD001058,2018-05-26,2018-05-29,2018-05-27,AusPost,Standard,Delivered,0.0,True,15.0,8.28,none,3.0,7.0,Anytime,5.4847,False,0.392
HDEL001059,HORD001059,2018-05-29,2018-06-01,2018-05-31,StarTrack,Standard,Delivered,0.0,True,9.0,10.23,none,3.0,9.0,Anytime,6.9753,False,0.538
HDEL001060,HORD001060,2018-11-04,2018-11-09,2018-11-08,AusPost,Standard,Delivered,0.0,True,5.0,8.8,none,5.0,7.0,Anytime,3.4729,True,1.086
HDEL001061,HORD001061,2018-01-30,2018-02-06,2018-02-04,AusPost,Standard,Delivered,0.0,True,72.0,10.22,none,7.0,7.0,Afternoon,5.7397,True,0.487
HDEL001062,HORD001062,2018-05-10,2018-05-13,2018-05-13,StarTrack,Standard,Delivered,0.0,True,33.0,11.67,none,3.0,7.0,Morning,8.3002,True,1.186
HDEL001063,HORD001063,2018-07-27,2018-07-30,2018-07-29,StarTrack,Standard,Delivered,0.0,True,40.0,12.52,none,3.0,3.0,Morning,6.5015,True,0.497
HDEL001064,HORD001064,2018-05-30,2018-06-05,2018-06-03,AusPost,Standard,Delivered,0.0,True,35.0,7.29,none,6.0,5.0,Afternoon,4.6204,True,0.984
HDEL001065,HORD001065,2018-01-12,2018-01-18,2018-01-17,AusPost,Express,Delivered,0.0,True,3.0,18.13,none,6.0,9.0,Afternoon,5.3787,True,1.046
HDEL001066,HORD001066,2018-03-26,2018-03-30,2018-03-28,AusPost,Express,Delivered,0.0,True,58.0,17.07,none,4.0,3.0,Anytime,3.967,False,0.444
HDEL001067,HORD001067,2018-05-03,2018-05-08,2018-05-06,Direct Freight,Standard,Delivered,0.0,True,9.0,7.64,none,5.0,3.0,Anytime,5.1815,True,1.103
HDEL001068,HORD001068,2018-08-05,2018-08-09,2018-08-12,AusPost,Standard,Delivered,3.0,False,26.0,10.75,warehouse_congestion,4.0,5.0,Anytime,3.727,True,0.308
HDEL001069,HORD001069,2018-05-15,2018-05-21,2018-05-20,AusPost,Standard,Delivered,0.0,True,9.0,11.41,none,6.0,9.0,Anytime,7.1859,True,0.421
HDEL001070,HORD001070,2018-01-16,2018-01-23,2018-01-22,StarTrack,Standard,Delivered,0.0,True,55.0,10.18,none,7.0,4.0,Anytime,4.7792,True,0.43
HDEL001071,HORD001071,2018-12-11,2018-12-15,2018-12-15,StarTrack,Standard,Delivered,0.0,True,38.0,7.39,none,4.0,9.0,Afternoon,1.0328,True,0.334
HDEL001072,HORD001072,2018-02-14,2018-02-17,2018-02-22,DHL,Standard,Delivered,5.0,False,51.0,5.51,warehouse_congestion,3.0,7.0,Morning,0.6309,False,0.324
HDEL001073,HORD001073,2018-08-21,2018-08-24,2018-08-23,Direct Freight,Standard,Delivered,0.0,True,68.0,13.42,none,3.0,7.0,Afternoon,5.7284,False,0.381
HDEL001074,HORD001074,2018-07-01,2018-07-07,2018-07-05,Direct Freight,Express,Delivered,0.0,True,9.0,24.2,none,6.0,3.0,Morning,5.5854,False,0.329
HDEL001075,HORD001075,2018-05-10,2018-05-17,2018-05-15,StarTrack,Standard,Delivered,0.0,True,42.0,8.42,none,7.0,4.0,Afternoon,4.5289,True,0.513
HDEL001076,HORD001076,2018-10-19,2018-10-22,2018-10-20,StarTrack,Standard,Delivered,0.0,True,21.0,9.99,none,3.0,6.0,Anytime,4.8578,True,0.507
HDEL001077,HORD001077,2018-01-28,2018-01-31,2018-01-29,StarTrack,Express,Delivered,0.0,True,48.0,19.94,none,3.0,5.0,Afternoon,9.7157,False,0.524
HDEL001078,HORD001078,2018-03-05,2018-03-12,2018-03-11,StarTrack,Standard,Delivered,0.0,True,66.0,4.92,none,7.0,3.0,Anytime,0.6581,False,0.331
HDEL001079,HORD001079,2018-03-13,2018-03-18,2018-03-18,StarTrack,Standard,Delivered,0.0,True,34.0,9.3,none,5.0,5.0,Morning,7.5171,True,0.933
HDEL001080,HORD001080,2018-01-06,2018-01-12,2018-01-10,DHL,Standard,Delivered,0.0,True,72.0,6.3,none,6.0,6.0,Afternoon,2.16,False,1.033
HDEL001081,HORD001081,2018-06-22,2018-06-25,2018-06-23,Direct Freight,Standard,Delivered,0.0,True,12.0,11.57,none,3.0,8.0,Anytime,3.727,True,0.285
HDEL001082,HORD001082,2018-09-25,2018-09-30,2018-09-29,AusPost,Standard,Delivered,0.0,True,10.0,9.82,none,5.0,7.0,Afternoon,5.8441,True,0.487
HDEL001083,HORD001083,2018-09-21,2018-09-25,2018-09-23,StarTrack,Standard,Delivered,0.0,True,33.0,6.48,none,4.0,9.0,Anytime,3.1885,True,1.121
HDEL001084,HORD001084,2018-12-11,2018-12-14,2018-12-18,DHL,Standard,Delivered,4.0,False,22.0,8.66,weather,3.0,5.0,Afternoon,6.4246,True,0.415
HDEL001085,HORD001085,2018-04-13,2018-04-17,2018-04-16,DHL,Standard,Delivered,0.0,True,52.0,11.91,none,4.0,7.0,Morning,9.458,False,0.451
HDEL001086,HORD001086,2018-09-06,2018-09-12,2018-09-11,AusPost,Standard,Delivered,0.0,True,25.0,7.52,none,6.0,8.0,Morning,2.3496,True,0.368
HDEL001087,HORD001087,2018-07-03,2018-07-07,2018-07-06,Direct Freight,Standard,Delivered,0.0,True,43.0,12.37,none,4.0,6.0,Anytime,5.3006,True,0.632
HDEL001088,HORD001088,2018-08-01,2018-08-05,2018-08-03,DHL,Standard,Delivered,0.0,True,66.0,11.54,none,4.0,4.0,Morning,6.4289,True,1.125
HDEL001089,HORD001089,2018-06-26,2018-07-03,2018-07-01,DHL,Standard,Delivered,0.0,True,38.0,10.05,none,7.0,6.0,Afternoon,5.8767,True,0.496
HDEL001090,HORD001090,2018-07-01,2018-07-04,2018-07-04,AusPost,Standard,Delivered,0.0,True,32.0,13.68,none,3.0,9.0,Afternoon,6.9714,True,1.224
HDEL001091,HORD001091,2018-08-05,2018-08-11,2018-08-11,StarTrack,Express,Delivered,0.0,True,21.0,21.62,none,6.0,5.0,Morning,9.2213,True,0.438
HDEL001092,HORD001092,2018-05-15,2018-05-21,2018-05-20,AusPost,Standard,Delivered,0.0,True,70.0,7.52,none,6.0,9.0,Afternoon,5.3461,True,0.49
HDEL001093,HORD001093,2018-11-14,2018-11-18,2018-11-18,AusPost,Standard,Delivered,0.0,True,53.0,10.16,none,4.0,6.0,Anytime,7.7528,True,0.413
HDEL001094,HORD001094,2018-11-26,2018-12-02,2018-11-30,DHL,Standard,Delivered,0.0,True,17.0,9.7,none,6.0,3.0,Afternoon,6.8779,True,0.502
HDEL001095,HORD001095,2018-02-16,2018-02-22,2018-02-22,Direct Freight,Standard,Delivered,0.0,True,19.0,10.99,none,6.0,3.0,Anytime,5.8366,False,0.408
HDEL001096,HORD001096,2018-04-08,2018-04-11,2018-04-15,DHL,Express,Delivered,4.0,False,71.0,16.8,carrier_capacity,3.0,3.0,Afternoon,2.6716,True,0.388
HDEL001097,HORD001097,2018-05-22,2018-05-27,2018-05-25,DHL,Standard,Delivered,0.0,True,36.0,10.31,none,5.0,9.0,Afternoon,5.6803,True,0.912
HDEL001098,HORD001098,2018-03-07,2018-03-13,2018-03-11,AusPost,Standard,Delivered,0.0,True,50.0,9.14,none,6.0,3.0,Morning,6.1296,True,0.515
HDEL001099,HORD001099,2018-02-13,2018-02-18,2018-02-20,AusPost,Standard,Delivered,2.0,False,2.0,9.06,weather,5.0,5.0,Morning,3.4729,True,0.48
HDEL001100,HORD001100,2018-11-02,2018-11-09,2018-11-07,StarTrack,Standard,Delivered,0.0,True,60.0,8.85,none,7.0,7.0,Anytime,7.2272,False,0.391
HDEL001101,HORD001101,2018-09-30,2018-10-07,2018-10-05,StarTrack,Standard,Delivered,0.0,True,16.0,9.42,none,7.0,7.0,Afternoon,4.7826,True,0.549
HDEL001102,HORD001102,2018-11-06,2018-11-13,2018-11-11,Direct Freight,Standard,Delivered,0.0,True,34.0,10.43,none,7.0,3.0,Morning,5.4734,False,0.391
HDEL001103,HORD001103,2018-12-24,2018-12-28,2018-12-27,DHL,Standard,Delivered,0.0,True,17.0,9.74,none,4.0,3.0,Morning,7.5354,False,0.434
HDEL001104,HORD001104,2018-08-22,2018-08-26,2018-08-26,AusPost,Standard,Delivered,0.0,True,65.0,9.26,none,4.0,7.0,Morning,4.1707,False,0.357
HDEL001105,HORD001105,2018-07-22,2018-07-29,2018-08-02,StarTrack,Standard,Delivered,4.0,False,55.0,9.63,carrier_capacity,7.0,4.0,Morning,4.3645,True,0.435
HDEL001106,HORD001106,2018-01-05,2018-01-09,2018-01-08,AusPost,Standard,Delivered,0.0,True,39.0,10.0,none,4.0,7.0,Morning,7.5171,False,0.44
HDEL001107,HORD001107,2018-08-19,2018-08-24,2018-08-23,DHL,Standard,Delivered,0.0,True,30.0,10.95,none,5.0,7.0,Anytime,6.0446,False,0.463
HDEL001108,HORD001108,2018-03-10,2018-03-16,2018-03-15,DHL,Standard,Delivered,0.0,True,40.0,9.71,none,6.0,9.0,Afternoon,8.3283,True,0.571
HDEL001109,HORD001109,2018-07-05,2018-07-10,2018-07-08,Direct Freight,Standard,Delivered,0.0,True,23.0,10.53,none,5.0,7.0,Morning,5.9319,True,0.476
HDEL001110,HORD001110,2018-04-12,2018-04-16,2018-04-16,DHL,Standard,Delivered,0.0,True,63.0,12.21,none,4.0,8.0,Anytime,9.2495,False,0.55
HDEL001111,HORD001111,2018-09-16,2018-09-19,2018-09-17,StarTrack,Express,Delivered,0.0,True,6.0,17.39,none,3.0,8.0,Anytime,2.5537,True,1.15
HDEL001112,HORD001112,2018-01-03,2018-01-09,2018-01-09,StarTrack,Standard,Delivered,0.0,True,26.0,8.41,none,6.0,3.0,Anytime,3.9152,False,0.43
HDEL001113,HORD001113,2018-07-25,2018-08-01,2018-07-30,AusPost,Standard,Delivered,0.0,True,21.0,12.12,none,7.0,3.0,Anytime,8.3283,True,0.646
HDEL001114,HORD001114,2018-06-20,2018-06-24,2018-06-24,DHL,Standard,Delivered,0.0,True,30.0,11.75,none,4.0,5.0,Morning,6.9718,True,0.538
HDEL001115,HORD001115,2018-06-22,2018-06-27,2018-06-26,Direct Freight,Standard,Delivered,0.0,True,54.0,10.31,none,5.0,3.0,Morning,5.2894,False,0.337
HDEL001116,HORD001116,2018-01-23,2018-01-27,2018-01-25,StarTrack,Standard,Delivered,0.0,True,67.0,7.4,none,4.0,5.0,Morning,2.2975,True,0.546
HDEL001117,HORD001117,2018-01-24,2018-01-29,2018-01-27,StarTrack,Standard,Delivered,0.0,True,59.0,11.16,none,5.0,3.0,Morning,6.5139,False,0.389
HDEL001118,HORD001118,2018-09-27,2018-10-04,2018-10-02,Direct Freight,Standard,Delivered,0.0,True,6.0,8.27,none,7.0,4.0,Anytime,5.1246,True,1.031
HDEL001119,HORD001119,2018-11-05,2018-11-10,2018-11-10,AusPost,Express,Delivered,0.0,True,27.0,21.67,none,5.0,9.0,Afternoon,9.2991,True,0.558
HDEL001120,HORD001120,2018-05-14,2018-05-20,2018-05-20,DHL,Standard,Delivered,0.0,True,6.0,6.47,none,6.0,6.0,Anytime,3.0683,True,0.96
HDEL001121,HORD001121,2018-05-28,2018-06-02,2018-06-05,DHL,Standard,Delivered,3.0,False,63.0,10.3,weather,5.0,9.0,Afternoon,6.9799,True,0.466
HDEL001122,HORD001122,2018-12-22,2018-12-25,2018-12-23,AusPost,Standard,Delivered,0.0,True,32.0,11.08,none,3.0,8.0,Morning,6.9423,True,0.409
HDEL001123,HORD001123,2018-02-07,2018-02-13,2018-02-11,DHL,Standard,Delivered,0.0,True,11.0,8.03,none,6.0,4.0,Afternoon,4.4985,True,0.855
HDEL001124,HORD001124,2018-09-01,2018-09-07,2018-09-06,AusPost,Standard,Delivered,0.0,True,24.0,13.19,none,6.0,6.0,Anytime,6.2778,True,0.504
HDEL001125,HORD001125,2018-08-15,2018-08-18,2018-08-17,DHL,Standard,Delivered,0.0,True,48.0,12.78,none,3.0,5.0,Anytime,8.1608,True,0.63
HDEL001126,HORD001126,2018-02-13,2018-02-16,2018-02-15,DHL,Standard,Delivered,0.0,True,40.0,7.07,none,3.0,8.0,Anytime,1.6337,True,0.426
HDEL001127,HORD001127,2018-08-11,2018-08-16,2018-08-17,DHL,Standard,Delivered,1.0,False,13.0,9.93,carrier_capacity,5.0,9.0,Afternoon,2.1106,True,0.468
HDEL001128,HORD001128,2018-09-02,2018-09-07,2018-09-07,AusPost,Standard,Delivered,0.0,True,8.0,9.07,none,5.0,4.0,Morning,5.2435,True,0.501
HDEL001129,HORD001129,2018-11-12,2018-11-16,2018-11-14,DHL,Standard,Delivered,0.0,True,64.0,7.66,none,4.0,7.0,Anytime,2.6944,False,0.293
HDEL001130,HORD001130,2018-04-18,2018-04-21,2018-04-19,AusPost,Standard,Delivered,0.0,True,7.0,10.15,none,3.0,8.0,Morning,7.2147,True,1.028
HDEL001131,HORD001131,2018-05-16,2018-05-22,2018-05-26,AusPost,Express,Delivered,4.0,False,51.0,13.64,weather,6.0,5.0,Anytime,2.8326,True,0.39
HDEL001132,HORD001132,2018-07-30,2018-08-04,2018-08-04,Direct Freight,Standard,Delivered,0.0,True,59.0,11.25,none,5.0,9.0,Morning,5.1975,False,0.427
HDEL001133,HORD001133,2018-09-23,2018-09-26,2018-09-25,AusPost,Standard,Delivered,0.0,True,61.0,7.52,none,3.0,6.0,Anytime,4.3025,True,1.018
HDEL001134,HORD001134,2018-08-02,2018-08-07,2018-08-06,StarTrack,Standard,Delivered,0.0,True,73.0,11.52,none,5.0,6.0,Anytime,5.9234,False,0.396
HDEL001135,HORD001135,2018-01-24,2018-01-28,2018-01-26,DHL,Standard,Delivered,0.0,True,67.0,9.69,none,4.0,7.0,Anytime,6.2778,False,0.394
HDEL001136,HORD001136,2018-03-29,2018-04-01,2018-04-01,StarTrack,Standard,Delivered,0.0,True,42.0,9.83,none,3.0,7.0,Anytime,7.3951,False,0.399
HDEL001137,HORD001137,2018-05-23,2018-05-27,2018-05-26,StarTrack,Standard,Delivered,0.0,True,11.0,9.39,none,4.0,6.0,Anytime,4.5274,True,0.384
HDEL001138,HORD001138,2018-03-05,2018-03-11,2018-03-10,Direct Freight,Standard,Delivered,0.0,True,72.0,6.62,none,6.0,4.0,Afternoon,2.79,True,0.371
HDEL001139,HORD001139,2018-03-08,2018-03-11,2018-03-10,DHL,Standard,Delivered,0.0,True,68.0,7.08,none,3.0,9.0,Anytime,3.94,True,0.329
HDEL001140,HORD001140,2018-12-15,2018-12-21,2018-12-21,StarTrack,Express,Delivered,0.0,True,23.0,19.08,none,6.0,5.0,Morning,6.9718,True,0.646
HDEL001141,HORD001141,2018-11-23,2018-11-28,2018-11-27,Direct Freight,Standard,Delivered,0.0,True,56.0,6.88,none,5.0,7.0,Anytime,3.7018,True,0.514
HDEL001142,HORD001142,2018-06-25,2018-06-30,2018-06-28,DHL,Standard,Delivered,0.0,True,21.0,13.42,none,5.0,5.0,Afternoon,6.5932,False,0.442
HDEL001143,HORD001143,2018-09-24,2018-10-01,2018-10-01,AusPost,Standard,Delivered,0.0,True,7.0,8.4,none,7.0,9.0,Afternoon,2.2644,True,0.372
HDEL001144,HORD001144,2018-06-15,2018-06-22,2018-06-20,AusPost,Standard,Delivered,0.0,True,47.0,10.18,none,7.0,5.0,Morning,1.9118,True,0.905
HDEL001145,HORD001145,2018-02-07,2018-02-13,2018-02-17,StarTrack,Standard,Delivered,4.0,False,58.0,10.84,warehouse_congestion,6.0,3.0,Anytime,5.5612,True,0.452
HDEL001146,HORD001146,2018-08-27,2018-09-01,2018-09-01,AusPost,Standard,Delivered,0.0,True,15.0,9.11,none,5.0,8.0,Morning,2.1289,True,0.302
HDEL001147,HORD001147,2018-07-05,2018-07-09,2018-07-08,AusPost,Standard,Delivered,0.0,True,71.0,15.59,none,4.0,8.0,Anytime,8.8786,True,1.281
HDEL001148,HORD001148,2018-05-22,2018-05-27,2018-05-27,Direct Freight,Standard,Delivered,0.0,True,24.0,7.51,none,5.0,6.0,Anytime,3.9471,False,0.32
HDEL001149,HORD001149,2018-08-08,2018-08-13,2018-08-12,AusPost,Standard,Delivered,0.0,True,41.0,9.91,none,5.0,6.0,Afternoon,1.6889,False,0.252
HDEL001150,HORD001150,2018-04-02,2018-04-09,2018-04-07,Direct Freight,Express,Delivered,0.0,True,21.0,16.84,none,7.0,7.0,Afternoon,3.1885,True,0.811
HDEL001151,HORD001151,2018-06-13,2018-06-16,2018-06-15,AusPost,Express,Delivered,0.0,True,25.0,19.19,none,3.0,8.0,Morning,5.8767,False,0.381
HDEL001152,HORD001152,2018-04-16,2018-04-19,2018-04-19,StarTrack,Standard,Delivered,0.0,True,64.0,9.33,none,3.0,8.0,Anytime,7.101,False,0.459
HDEL001153,HORD001153,2018-04-10,2018-04-14,2018-04-14,DHL,Express,Delivered,0.0,True,8.0,16.38,none,4.0,3.0,Anytime,0.5058,False,0.26
HDEL001154,HORD001154,2018-10-23,2018-10-30,2018-10-29,DHL,Standard,Delivered,0.0,True,51.0,10.57,none,7.0,7.0,Anytime,6.3652,False,0.35
HDEL001155,HORD001155,2018-05-08,2018-05-13,2018-05-16,StarTrack,Express,Delivered,3.0,False,70.0,16.28,carrier_capacity,5.0,9.0,Morning,1.8546,False,0.359
HDEL001156,HORD001156,2018-11-10,2018-11-13,2018-11-16,StarTrack,Standard,Delivered,3.0,False,55.0,5.93,carrier_capacity,3.0,9.0,Anytime,0.6581,False,0.29
HDEL001157,HORD001157,2018-07-27,2018-07-31,2018-07-30,StarTrack,Standard,Delivered,0.0,True,65.0,15.19,none,4.0,8.0,Anytime,8.5452,True,0.622
HDEL001158,HORD001158,2018-03-06,2018-03-10,2018-03-10,DHL,Standard,Delivered,0.0,True,53.0,7.66,none,4.0,8.0,Anytime,2.6716,False,0.289
HDEL001159,HORD001159,2018-08-23,2018-08-27,2018-08-27,DHL,Standard,Delivered,0.0,True,65.0,9.53,none,4.0,4.0,Anytime,5.066,True,0.427
HDEL001160,HORD001160,2018-06-04,2018-06-10,2018-06-09,Direct Freight,Standard,Delivered,0.0,True,53.0,14.88,none,6.0,4.0,Afternoon,8.4899,True,0.441
HDEL001161,HORD001161,2018-07-06,2018-07-09,2018-07-08,AusPost,Standard,Delivered,0.0,True,60.0,8.82,none,3.0,3.0,Morning,3.2287,True,0.435
HDEL001162,HORD001162,2018-07-25,2018-07-30,2018-07-29,DHL,Standard,Delivered,0.0,True,73.0,14.82,none,5.0,9.0,Morning,7.7742,True,0.52
HDEL001163,HORD001163,2018-04-27,2018-05-01,2018-05-06,AusPost,Standard,Delivered,5.0,False,26.0,9.85,weather,4.0,4.0,Morning,7.5054,False,0.38
HDEL001164,HORD001164,2018-11-07,2018-11-11,2018-11-10,DHL,Standard,Delivered,0.0,True,3.0,7.69,none,4.0,8.0,Afternoon,4.5289,True,0.514
HDEL001165,HORD001165,2018-02-14,2018-02-21,2018-02-19,StarTrack,Standard,Delivered,0.0,True,27.0,8.77,none,7.0,5.0,Morning,7.4249,False,0.524
HDEL001166,HORD001166,2018-07-14,2018-07-18,2018-07-17,DHL,Standard,Delivered,0.0,True,58.0,8.33,none,4.0,8.0,Morning,2.2204,False,0.32
HDEL001167,HORD001167,2018-08-29,2018-09-02,2018-09-01,DHL,Express,Delivered,0.0,True,63.0,18.43,none,4.0,7.0,Afternoon,6.2927,True,0.65
HDEL001168,HORD001168,2018-08-22,2018-08-26,2018-08-26,Direct Freight,Standard,Delivered,0.0,True,30.0,9.69,none,4.0,4.0,Afternoon,1.9834,False,0.27
HDEL001169,HORD001169,2018-09-26,2018-10-01,2018-09-29,AusPost,Express,Delivered,0.0,True,13.0,19.04,none,5.0,4.0,Afternoon,7.4162,False,0.372
HDEL001170,HORD001170,2018-04-04,2018-04-07,2018-04-06,Direct Freight,Standard,Delivered,0.0,True,13.0,9.76,none,3.0,5.0,Morning,5.268,False,0.37
HDEL001171,HORD001171,2018-10-03,2018-10-08,2018-10-12,StarTrack,Standard,Delivered,4.0,False,10.0,11.58,warehouse_congestion,5.0,5.0,Anytime,7.9077,True,0.562
HDEL001172,HORD001172,2018-03-15,2018-03-22,2018-03-21,Direct Freight,Standard,Delivered,0.0,True,34.0,7.49,none,7.0,3.0,Afternoon,5.6988,True,1.597
HDEL001173,HORD001173,2018-07-05,2018-07-11,2018-07-11,StarTrack,Express,Delivered,0.0,True,21.0,24.34,none,6.0,4.0,Anytime,8.5348,False,0.552
HDEL001174,HORD001174,2018-05-12,2018-05-17,2018-05-16,StarTrack,Standard,Delivered,0.0,True,5.0,10.73,none,5.0,8.0,Anytime,7.4295,True,1.292
HDEL001175,HORD001175,2018-12-29,2019-01-04,2019-01-02,AusPost,Express,Delivered,0.0,True,8.0,17.1,none,6.0,5.0,Afternoon,3.9883,True,0.346
HDEL001176,HORD001176,2018-02-04,2018-02-11,2018-02-10,Direct Freight,Standard,Delivered,0.0,True,13.0,7.93,none,7.0,3.0,Afternoon,5.6649,True,1.037
HDEL001177,HORD001177,2018-09-27,2018-10-04,2018-10-03,Direct Freight,Standard,Delivered,0.0,True,4.0,11.19,none,7.0,3.0,Afternoon,8.1783,True,0.565
HDEL001178,HORD001178,2018-06-04,2018-06-11,2018-06-11,AusPost,Express,Delivered,0.0,True,20.0,24.13,none,7.0,5.0,Morning,7.5171,False,0.428
HDEL001179,HORD001179,2018-07-26,2018-08-02,2018-08-02,Direct Freight,Standard,Delivered,0.0,True,9.0,10.46,none,7.0,5.0,Afternoon,2.8302,False,0.714
HDEL001180,HORD001180,2018-04-14,2018-04-18,2018-04-16,DHL,Standard,Delivered,0.0,True,9.0,6.03,none,4.0,4.0,Anytime,1.9834,True,0.405
HDEL001181,HORD001181,2018-06-26,2018-06-30,2018-07-04,DHL,Standard,Delivered,4.0,False,27.0,11.36,warehouse_congestion,4.0,7.0,Anytime,4.4985,False,0.356
HDEL001182,HORD001182,2018-08-09,2018-08-13,2018-08-12,DHL,Standard,Delivered,0.0,True,24.0,9.91,none,4.0,6.0,Afternoon,2.5537,True,1.069
HDEL001183,HORD001183,2018-08-15,2018-08-18,2018-08-16,AusPost,Standard,Delivered,0.0,True,51.0,12.85,none,3.0,6.0,Morning,7.468,True,0.594
HDEL001184,HORD001184,2018-08-02,2018-08-07,2018-08-07,Direct Freight,Standard,Delivered,0.0,True,28.0,11.41,none,5.0,6.0,Morning,7.468,False,0.603
HDEL001185,HORD001185,2018-06-16,2018-06-21,2018-06-19,AusPost,Standard,Delivered,0.0,True,68.0,12.28,none,5.0,9.0,Anytime,7.412,False,0.446
HDEL001186,HORD001186,2018-05-02,2018-05-08,2018-05-07,AusPost,Standard,Delivered,0.0,True,6.0,8.6,none,6.0,8.0,Anytime,5.4097,True,0.514
HDEL001187,HORD001187,2018-09-17,2018-09-20,2018-09-20,DHL,Express,Delivered,0.0,True,54.0,17.25,none,3.0,9.0,Anytime,5.1975,True,0.507
HDEL001188,HORD001188,2018-05-14,2018-05-21,2018-05-21,StarTrack,Standard,Delivered,0.0,True,27.0,7.92,none,7.0,4.0,Anytime,5.1067,True,0.448
HDEL001189,HORD001189,2018-05-27,2018-06-03,2018-06-01,Direct Freight,Standard,Delivered,0.0,True,17.0,8.64,none,7.0,9.0,Afternoon,6.6869,False,0.41
HDEL001190,HORD001190,2018-08-24,2018-08-29,2018-08-28,StarTrack,Standard,Delivered,0.0,True,62.0,11.94,none,5.0,4.0,Morning,6.1573,True,1.072
HDEL001191,HORD001191,2018-02-05,2018-02-08,2018-02-06,DHL,Standard,Delivered,0.0,True,17.0,10.81,none,3.0,4.0,Morning,6.9753,True,0.563
HDEL001192,HORD001192,2018-08-29,2018-09-03,2018-09-02,StarTrack,Standard,Delivered,0.0,True,21.0,11.06,none,5.0,3.0,Morning,3.968,True,0.377
HDEL001193,HORD001193,2018-04-13,2018-04-18,2018-04-18,StarTrack,Standard,Delivered,0.0,True,6.0,9.72,none,5.0,5.0,Anytime,4.8578,False,0.487
HDEL001194,HORD001194,2018-03-06,2018-03-11,2018-03-10,DHL,Express,Delivered,0.0,True,22.0,16.54,none,5.0,5.0,Morning,2.9003,True,0.354
HDEL001195,HORD001195,2018-11-24,2018-11-28,2018-11-28,DHL,Standard,Delivered,0.0,True,41.0,7.71,none,4.0,5.0,Afternoon,3.7755,True,1.0
HDEL001196,HORD001196,2018-08-24,2018-08-31,2018-08-31,AusPost,Standard,Delivered,0.0,True,43.0,11.54,none,7.0,3.0,Morning,7.0974,True,0.485
HDEL001197,HORD001197,2018-02-24,2018-03-03,2018-03-01,Direct Freight,Express,Delivered,0.0,True,45.0,16.45,none,7.0,6.0,Afternoon,7.7113,False,0.508
HDEL001198,HORD001198,2018-10-14,2018-10-18,2018-10-17,AusPost,Standard,Delivered,0.0,True,69.0,6.45,none,4.0,3.0,Anytime,2.2204,False,0.322
HDEL001199,HORD001199,2018-01-14,2018-01-20,2018-01-18,StarTrack,Standard,Delivered,0.0,True,38.0,11.35,none,6.0,7.0,Morning,8.5082,True,0.589
HDEL001200,HORD001200,2018-11-13,2018-11-17,2018-11-16,DHL,Standard,Delivered,0.0,True,33.0,5.72,none,4.0,8.0,Morning,0.361,True,0.275
HDEL001201,HORD001201,2018-02-05,2018-02-12,2018-02-10,Direct Freight,Standard,Delivered,0.0,True,2.0,9.2,none,7.0,3.0,Morning,3.7763,True,0.504
HDEL001202,HORD001202,2018-10-04,2018-10-08,2018-10-06,DHL,Standard,Delivered,0.0,True,64.0,8.89,none,4.0,7.0,Morning,3.3718,True,0.519
HDEL001203,HORD001203,2018-08-06,2018-08-11,2018-08-11,DHL,Standard,Delivered,0.0,True,63.0,15.76,none,5.0,4.0,Anytime,9.5775,True,0.471
HDEL001204,HORD001204,2018-09-12,2018-09-16,2018-09-15,StarTrack,Standard,Delivered,0.0,True,31.0,7.5,none,4.0,7.0,Morning,3.9335,True,0.49
HDEL001205,HORD001205,2018-10-27,2018-11-01,2018-10-31,StarTrack,Standard,Delivered,0.0,True,2.0,8.26,none,5.0,6.0,Morning,6.3128,False,0.436
HDEL001206,HORD001206,2018-07-16,2018-07-23,2018-07-22,StarTrack,Express,Delivered,0.0,True,14.0,20.46,none,7.0,3.0,Anytime,7.7113,True,0.447
HDEL001207,HORD001207,2018-11-18,2018-11-23,2018-11-23,StarTrack,Standard,Delivered,0.0,True,65.0,7.64,none,5.0,9.0,Morning,3.1885,False,0.394
HDEL001208,HORD001208,2018-05-30,2018-06-06,2018-06-04,DHL,Standard,Delivered,0.0,True,11.0,6.2,none,7.0,5.0,Morning,2.2644,False,0.268
HDEL001209,HORD001209,2018-12-14,2018-12-19,2018-12-19,Direct Freight,Express,Delivered,0.0,True,17.0,14.65,none,5.0,8.0,Afternoon,3.4906,False,0.442
HDEL001210,HORD001210,2018-01-20,2018-01-23,2018-01-21,DHL,Standard,Delivered,0.0,True,32.0,9.33,none,3.0,5.0,Morning,5.1841,True,0.429
HDEL001211,HORD001211,2018-06-20,2018-06-24,2018-06-24,Direct Freight,Standard,Delivered,0.0,True,46.0,9.41,none,4.0,3.0,Morning,0.7001,True,0.325
HDEL001212,HORD001212,2018-10-21,2018-10-24,2018-10-23,Direct Freight,Standard,Delivered,0.0,True,56.0,7.13,none,3.0,3.0,Afternoon,1.9834,True,0.399
HDEL001213,HORD001213,2018-05-04,2018-05-09,2018-05-07,StarTrack,Standard,Delivered,0.0,True,16.0,10.14,none,5.0,3.0,Afternoon,6.9753,True,1.157
HDEL001214,HORD001214,2018-10-27,2018-10-30,2018-10-30,DHL,Standard,Delivered,0.0,True,71.0,8.09,none,3.0,6.0,Anytime,3.7763,False,0.319
HDEL001215,HORD001215,2018-08-01,2018-08-05,2018-08-05,StarTrack,Standard,Delivered,0.0,True,18.0,8.22,none,4.0,8.0,Afternoon,2.16,True,0.974
HDEL001216,HORD001216,2018-06-03,2018-06-06,2018-06-06,Direct Freight,Express,Delivered,0.0,True,72.0,15.97,none,3.0,4.0,Morning,4.1707,True,0.475
HDEL001217,HORD001217,2018-05-14,2018-05-18,2018-05-16,DHL,Standard,Delivered,0.0,True,12.0,5.89,none,4.0,8.0,Morning,2.1374,False,0.42
HDEL001218,HORD001218,2018-06-03,2018-06-07,2018-06-05,AusPost,Express,Delivered,0.0,True,73.0,17.36,none,4.0,3.0,Morning,3.528,True,0.463
HDEL001219,HORD001219,2018-09-15,2018-09-20,2018-09-19,StarTrack,Standard,Delivered,0.0,True,10.0,6.91,none,5.0,7.0,Morning,4.0907,True,0.426
HDEL001220,HORD001220,2018-07-25,2018-07-31,2018-07-30,AusPost,Standard,Delivered,0.0,True,67.0,11.69,none,6.0,5.0,Morning,3.3663,False,0.381
HDEL001221,HORD001221,2018-03-12,2018-03-17,2018-03-15,AusPost,Express,Delivered,0.0,True,8.0,21.4,none,5.0,8.0,Afternoon,6.8779,True,1.224
HDEL001222,HORD001222,2018-02-14,2018-02-21,2018-02-19,DHL,Standard,Delivered,0.0,True,24.0,10.2,none,7.0,9.0,Afternoon,7.1859,False,0.368
HDEL001223,HORD001223,2018-12-19,2018-12-25,2018-12-25,StarTrack,Standard,Delivered,0.0,True,11.0,9.0,none,6.0,4.0,Morning,7.1589,False,0.433
HDEL001224,HORD001224,2018-08-09,2018-08-15,2018-08-14,AusPost,Standard,Delivered,0.0,True,35.0,13.5,none,6.0,8.0,Afternoon,6.9714,True,0.678
HDEL001225,HORD001225,2018-12-27,2019-01-03,2019-01-02,DHL,Standard,Delivered,0.0,True,23.0,9.68,none,7.0,9.0,Morning,6.1569,True,0.51
HDEL001226,HORD001226,2018-04-12,2018-04-19,2018-04-19,Direct Freight,Express,Delivered,0.0,True,3.0,21.86,none,7.0,3.0,Afternoon,7.5212,True,0.478
HDEL001227,HORD001227,2018-07-11,2018-07-18,2018-07-20,StarTrack,Standard,Delivered,2.0,False,21.0,14.5,carrier_capacity,7.0,4.0,Afternoon,8.8063,True,1.292
HDEL001228,HORD001228,2018-06-30,2018-07-05,2018-07-04,StarTrack,Standard,Delivered,0.0,True,35.0,11.86,none,5.0,7.0,Afternoon,5.607,True,0.521
HDEL001229,HORD001229,2018-01-30,2018-02-03,2018-02-02,DHL,Standard,Delivered,0.0,True,52.0,9.93,none,4.0,5.0,Morning,5.3787,True,1.336
HDEL001230,HORD001230,2018-09-17,2018-09-21,2018-09-20,StarTrack,Standard,Delivered,0.0,True,13.0,8.37,none,4.0,8.0,Morning,2.2644,True,0.406
HDEL001231,HORD001231,2018-06-11,2018-06-15,2018-06-13,AusPost,Standard,Delivered,0.0,True,7.0,10.04,none,4.0,6.0,Anytime,5.2041,True,0.814
HDEL001232,HORD001232,2018-06-20,2018-06-26,2018-06-25,DHL,Standard,Delivered,0.0,True,59.0,11.53,none,6.0,9.0,Afternoon,5.8668,False,0.578
HDEL001233,HORD001233,2018-02-01,2018-02-04,2018-02-04,AusPost,Standard,Delivered,0.0,True,4.0,8.18,none,3.0,5.0,Anytime,4.0037,False,0.328
HDEL001234,HORD001234,2018-02-25,2018-03-02,2018-03-05,StarTrack,Standard,Delivered,3.0,False,9.0,8.46,warehouse_congestion,5.0,4.0,Afternoon,4.3706,False,0.378
HDEL001235,HORD001235,2018-07-07,2018-07-13,2018-07-11,AusPost,Standard,Delivered,0.0,True,52.0,10.31,none,6.0,8.0,Afternoon,3.2601,False,0.271
HDEL001236,HORD001236,2018-06-15,2018-06-21,2018-06-19,AusPost,Standard,Delivered,0.0,True,57.0,11.07,none,6.0,4.0,Afternoon,6.063,True,1.091
HDEL001237,HORD001237,2018-12-04,2018-12-08,2018-12-08,StarTrack,Standard,Delivered,0.0,True,25.0,10.23,none,4.0,8.0,Morning,7.3453,False,0.49
HDEL001238,HORD001238,2018-01-05,2018-01-08,2018-01-07,StarTrack,Express,Delivered,0.0,True,39.0,18.75,none,3.0,5.0,Afternoon,4.0031,False,0.378
HDEL001239,HORD001239,2018-09-07,2018-09-14,2018-09-14,AusPost,Standard,Delivered,0.0,True,35.0,10.03,none,7.0,7.0,Anytime,5.4309,True,0.517
HDEL001240,HORD001240,2018-02-27,2018-03-04,2018-03-04,DHL,Standard,Delivered,0.0,True,58.0,8.92,none,5.0,7.0,Anytime,3.2601,True,0.34
HDEL001241,HORD001241,2018-06-02,2018-06-08,2018-06-08,Direct Freight,Standard,Delivered,0.0,True,5.0,13.59,none,6.0,9.0,Afternoon,5.6902,False,0.413
HDEL001242,HORD001242,2018-02-01,2018-02-08,2018-02-06,Direct Freight,Standard,Delivered,0.0,True,27.0,8.89,none,7.0,3.0,Afternoon,3.528,True,0.343
HDEL001243,HORD001243,2018-01-09,2018-01-14,2018-01-12,AusPost,Standard,Delivered,0.0,True,49.0,7.85,none,5.0,8.0,Afternoon,4.3706,False,0.354
HDEL001244,HORD001244,2018-08-04,2018-08-10,2018-08-08,DHL,Standard,Delivered,0.0,True,28.0,10.52,none,6.0,9.0,Anytime,5.2582,False,0.35
HDEL001245,HORD001245,2018-09-30,2018-10-04,2018-10-04,DHL,Standard,Delivered,0.0,True,4.0,6.24,none,4.0,9.0,Morning,1.6639,True,0.407
HDEL001246,HORD001246,2018-08-09,2018-08-14,2018-08-14,Direct Freight,Standard,Delivered,0.0,True,51.0,13.83,none,5.0,7.0,Morning,6.2019,False,0.447
HDEL001247,HORD001247,2018-12-26,2018-12-30,2018-12-30,Direct Freight,Express,Delivered,0.0,True,63.0,16.21,none,4.0,3.0,Anytime,7.4297,True,0.507
HDEL001248,HORD001248,2018-03-20,2018-03-23,2018-03-23,StarTrack,Standard,Delivered,0.0,True,30.0,9.18,none,3.0,9.0,Anytime,4.4785,True,0.812
HDEL001249,HORD001249,2018-04-26,2018-04-30,2018-04-29,StarTrack,Express,Delivered,0.0,True,22.0,18.59,none,4.0,7.0,Morning,6.163,True,1.088
HDEL001250,HORD001250,2018-02-08,2018-02-12,2018-02-12,DHL,Standard,Delivered,0.0,True,19.0,11.07,none,4.0,9.0,Anytime,5.9827,False,0.478
HDEL001251,HORD001251,2018-05-24,2018-05-31,2018-05-29,DHL,Express,Delivered,0.0,True,23.0,13.45,none,7.0,9.0,Anytime,1.6352,True,0.443
HDEL001252,HORD001252,2018-07-03,2018-07-08,2018-07-06,AusPost,Standard,Delivered,0.0,True,60.0,10.12,none,5.0,4.0,Anytime,3.9883,True,1.009
HDEL001253,HORD001253,2018-07-22,2018-07-27,2018-07-27,DHL,Standard,Delivered,0.0,True,28.0,10.1,none,5.0,6.0,Afternoon,6.4246,True,0.501
HDEL001254,HORD001254,2018-12-31,2019-01-03,2019-01-06,Direct Freight,Standard,Delivered,3.0,False,49.0,7.76,carrier_capacity,3.0,6.0,Afternoon,4.2331,False,0.414
HDEL001255,HORD001255,2018-09-07,2018-09-10,2018-09-08,AusPost,Standard,Delivered,0.0,True,12.0,6.63,none,3.0,8.0,Afternoon,2.1289,True,0.353
HDEL001256,HORD001256,2018-03-23,2018-03-28,2018-03-28,DHL,Express,Delivered,0.0,True,44.0,18.92,none,5.0,6.0,Morning,5.0303,True,0.419
HDEL001257,HORD001257,2018-04-28,2018-05-02,2018-05-01,StarTrack,Standard,Delivered,0.0,True,4.0,7.23,none,4.0,3.0,Anytime,3.843,True,0.47
HDEL001258,HORD001258,2018-12-02,2018-12-07,2018-12-07,AusPost,Standard,Delivered,0.0,True,38.0,9.68,none,5.0,4.0,Morning,7.1467,True,0.499
HDEL001259,HORD001259,2018-07-24,2018-07-28,2018-07-27,StarTrack,Standard,Delivered,0.0,True,53.0,10.28,none,4.0,9.0,Afternoon,4.1841,True,0.408
HDEL001260,HORD001260,2018-08-18,2018-08-22,2018-08-20,AusPost,Standard,Delivered,0.0,True,49.0,11.11,none,4.0,4.0,Anytime,3.1272,True,1.577
HDEL001261,HORD001261,2018-04-23,2018-04-27,2018-04-25,StarTrack,Standard,Delivered,0.0,True,41.0,7.11,none,4.0,6.0,Anytime,3.286,False,0.291
HDEL001262,HORD001262,2018-08-18,2018-08-21,2018-08-19,DHL,Standard,Delivered,0.0,True,50.0,10.17,none,3.0,4.0,Afternoon,5.5854,True,0.417
HDEL001263,HORD001263,2018-07-11,2018-07-16,2018-07-21,Direct Freight,Express,Delivered,5.0,False,25.0,20.21,carrier_capacity,5.0,5.0,Morning,4.4985,True,1.174
HDEL001264,HORD001264,2018-11-17,2018-11-22,2018-11-22,AusPost,Standard,Delivered,0.0,True,46.0,8.88,none,5.0,3.0,Afternoon,7.7128,True,0.496
HDEL001265,HORD001265,2018-01-26,2018-02-02,2018-02-03,DHL,Standard,Delivered,1.0,False,73.0,8.06,weather,7.0,6.0,Anytime,2.3052,True,0.899
HDEL001266,HORD001266,2018-05-09,2018-05-13,2018-05-11,Direct Freight,Standard,Delivered,0.0,True,13.0,9.42,none,4.0,4.0,Morning,5.5236,True,0.636
HDEL001267,HORD001267,2018-01-05,2018-01-12,2018-01-10,DHL,Standard,Delivered,0.0,True,67.0,7.82,none,7.0,5.0,Anytime,1.0859,True,1.188
HDEL001268,HORD001268,2018-08-02,2018-08-09,2018-08-07,Direct Freight,Standard,Delivered,0.0,True,49.0,8.76,none,7.0,7.0,Afternoon,0.7955,True,0.407
HDEL001269,HORD001269,2018-08-29,2018-09-03,2018-09-01,Direct Freight,Standard,Delivered,0.0,True,5.0,14.75,none,5.0,6.0,Afternoon,7.7395,True,1.292
HDEL001270,HORD001270,2018-04-08,2018-04-13,2018-04-12,StarTrack,Standard,Delivered,0.0,True,52.0,6.17,none,5.0,4.0,Anytime,2.1289,False,0.251
HDEL001271,HORD001271,2018-08-02,2018-08-08,2018-08-06,Direct Freight,Standard,Delivered,0.0,True,17.0,9.74,none,6.0,8.0,Morning,3.083,True,1.127
HDEL001272,HORD001272,2018-02-18,2018-02-24,2018-02-22,DHL,Standard,Delivered,0.0,True,32.0,11.49,none,6.0,7.0,Anytime,6.5932,True,1.038
HDEL001273,HORD001273,2018-01-10,2018-01-16,2018-01-20,DHL,Standard,Delivered,4.0,False,31.0,8.96,weather,6.0,9.0,Anytime,3.9471,True,0.394
HDEL001274,HORD001274,2018-11-15,2018-11-20,2018-11-18,Direct Freight,Standard,Delivered,0.0,True,72.0,11.02,none,5.0,8.0,Afternoon,8.6104,True,1.681
HDEL001275,HORD001275,2018-11-17,2018-11-22,2018-11-26,StarTrack,Standard,Delivered,4.0,False,62.0,7.68,weather,5.0,5.0,Morning,5.6803,False,0.377
HDEL001276,HORD001276,2018-09-22,2018-09-26,2018-09-24,Direct Freight,Standard,Delivered,0.0,True,73.0,9.63,none,4.0,3.0,Anytime,7.306,True,1.169
HDEL001277,HORD001277,2018-03-23,2018-03-28,2018-03-28,DHL,Standard,Delivered,0.0,True,10.0,5.41,none,5.0,8.0,Anytime,0.5217,True,0.302
HDEL001278,HORD001278,2018-05-30,2018-06-02,2018-06-01,AusPost,Standard,Delivered,0.0,True,7.0,8.95,none,3.0,4.0,Anytime,5.0614,False,0.399
HDEL001279,HORD001279,2018-08-05,2018-08-12,2018-08-10,AusPost,Standard,Delivered,0.0,True,53.0,8.35,none,7.0,6.0,Anytime,1.131,True,0.89
HDEL001280,HORD001280,2018-05-24,2018-05-29,2018-05-28,DHL,Standard,Delivered,0.0,True,71.0,8.49,none,5.0,4.0,Morning,6.3388,True,1.159
HDEL001281,HORD001281,2018-04-13,2018-04-18,2018-04-16,Direct Freight,Standard,Delivered,0.0,True,13.0,5.61,none,5.0,9.0,Morning,1.0315,True,0.301
HDEL001282,HORD001282,2018-10-01,2018-10-06,2018-10-06,AusPost,Standard,Delivered,0.0,True,58.0,9.83,none,5.0,3.0,Afternoon,4.8578,True,0.47
HDEL001283,HORD001283,2018-07-13,2018-07-16,2018-07-15,StarTrack,Express,Delivered,0.0,True,57.0,19.62,none,3.0,4.0,Afternoon,2.9193,True,1.036
HDEL001284,HORD001284,2018-12-01,2018-12-07,2018-12-05,StarTrack,Standard,Delivered,0.0,True,11.0,9.44,none,6.0,4.0,Morning,8.8063,True,0.597
HDEL001285,HORD001285,2018-10-03,2018-10-06,2018-10-06,AusPost,Standard,Delivered,0.0,True,71.0,9.47,none,3.0,8.0,Anytime,6.3782,False,0.497
HDEL001286,HORD001286,2018-12-24,2018-12-31,2019-01-01,DHL,Standard,Delivered,1.0,False,68.0,8.03,weather,7.0,4.0,Afternoon,3.9556,True,0.366
HDEL001287,HORD001287,2018-11-12,2018-11-18,2018-11-17,AusPost,Standard,Delivered,0.0,True,56.0,11.25,none,6.0,5.0,Afternoon,7.1722,True,0.562
HDEL001288,HORD001288,2018-06-19,2018-06-23,2018-06-23,AusPost,Standard,Delivered,0.0,True,13.0,11.34,none,4.0,7.0,Afternoon,4.573,True,0.446
HDEL001289,HORD001289,2018-12-15,2018-12-19,2018-12-19,DHL,Standard,Delivered,0.0,True,17.0,9.74,none,4.0,3.0,Morning,8.5452,True,0.611
HDEL001290,HORD001290,2018-01-29,2018-02-05,2018-02-05,AusPost,Express,Delivered,0.0,True,38.0,13.07,none,7.0,5.0,Afternoon,1.2394,True,0.41
HDEL001291,HORD001291,2018-12-08,2018-12-12,2018-12-11,AusPost,Standard,Delivered,0.0,True,3.0,8.82,none,4.0,4.0,Afternoon,4.0031,True,0.517
HDEL001292,HORD001292,2018-04-24,2018-04-30,2018-04-30,Direct Freight,Standard,Delivered,0.0,True,13.0,10.31,none,6.0,9.0,Anytime,5.9357,True,0.395
HDEL001293,HORD001293,2018-06-06,2018-06-10,2018-06-10,DHL,Express,Delivered,0.0,True,64.0,26.0,none,4.0,5.0,Anytime,8.7076,True,0.569
HDEL001294,HORD001294,2018-08-28,2018-09-01,2018-08-30,DHL,Standard,Delivered,0.0,True,8.0,11.34,none,4.0,8.0,Anytime,6.063,True,0.469
HDEL001295,HORD001295,2018-01-24,2018-01-29,2018-01-28,StarTrack,Express,Delivered,0.0,True,50.0,15.75,none,5.0,4.0,Morning,8.1012,True,0.515
HDEL001296,HORD001296,2018-01-26,2018-01-31,2018-01-31,AusPost,Standard,Delivered,0.0,True,49.0,8.43,none,5.0,9.0,Morning,6.4289,False,0.396
HDEL001297,HORD001297,2018-07-20,2018-07-24,2018-07-22,AusPost,Standard,Delivered,0.0,True,69.0,9.88,none,4.0,5.0,Morning,4.2331,True,0.993
HDEL001298,HORD001298,2018-09-29,2018-10-03,2018-10-03,AusPost,Standard,Delivered,0.0,True,63.0,7.68,none,4.0,3.0,Afternoon,3.6762,False,0.367
HDEL001299,HORD001299,2018-07-25,2018-07-30,2018-07-28,StarTrack,Standard,Delivered,0.0,True,16.0,12.94,none,5.0,5.0,Morning,6.6085,True,0.553
HDEL001300,HORD001300,2018-04-17,2018-04-21,2018-04-21,DHL,Standard,Delivered,0.0,True,41.0,8.45,none,4.0,7.0,Anytime,5.4352,True,0.55
HDEL001301,HORD001301,2018-08-01,2018-08-06,2018-08-06,Direct Freight,Standard,Delivered,0.0,True,42.0,9.12,none,5.0,4.0,Anytime,1.5951,True,0.496
HDEL001302,HORD001302,2018-08-12,2018-08-16,2018-08-15,Direct Freight,Standard,Delivered,0.0,True,58.0,11.5,none,4.0,8.0,Anytime,4.2688,True,0.494
HDEL001303,HORD001303,2018-01-14,2018-01-18,2018-01-16,DHL,Express,Delivered,0.0,True,70.0,16.99,none,4.0,8.0,Morning,6.0753,True,0.493
HDEL001304,HORD001304,2018-04-23,2018-04-26,2018-04-24,Direct Freight,Standard,Delivered,0.0,True,24.0,10.75,none,3.0,9.0,Morning,7.1722,True,1.012
HDEL001305,HORD001305,2018-01-15,2018-01-21,2018-01-25,DHL,Express,Delivered,4.0,False,15.0,19.75,carrier_capacity,6.0,9.0,Afternoon,6.6085,True,1.415
HDEL001306,HORD001306,2018-12-10,2018-12-14,2018-12-12,AusPost,Standard,Delivered,0.0,True,21.0,8.2,none,4.0,5.0,Afternoon,6.3128,True,1.221
HDEL001307,HORD001307,2018-11-16,2018-11-19,2018-11-17,Direct Freight,Standard,Delivered,0.0,True,46.0,12.14,none,3.0,4.0,Afternoon,8.0082,True,1.205
HDEL001308,HORD001308,2018-10-10,2018-10-13,2018-10-11,AusPost,Express,Delivered,0.0,True,51.0,16.87,none,3.0,5.0,Anytime,5.3787,True,1.054
HDEL001309,HORD001309,2018-01-23,2018-01-28,2018-01-27,StarTrack,Standard,Delivered,0.0,True,72.0,10.14,none,5.0,7.0,Afternoon,6.7151,True,0.452
HDEL001310,HORD001310,2018-07-19,2018-07-25,2018-07-24,Direct Freight,Standard,Delivered,0.0,True,71.0,12.26,none,6.0,9.0,Anytime,8.1751,False,0.445
HDEL001311,HORD001311,2018-01-08,2018-01-14,2018-01-12,DHL,Standard,Delivered,0.0,True,62.0,8.67,none,6.0,8.0,Morning,6.2095,True,0.472
HDEL001312,HORD001312,2018-04-17,2018-04-23,2018-04-21,StarTrack,Standard,Delivered,0.0,True,48.0,10.85,none,6.0,7.0,Anytime,9.458,False,0.468
HDEL001313,HORD001313,2018-09-09,2018-09-13,2018-09-13,StarTrack,Standard,Delivered,0.0,True,58.0,8.12,none,4.0,5.0,Anytime,2.522,False,0.303
HDEL001314,HORD001314,2018-08-17,2018-08-20,2018-08-19,AusPost,Standard,Delivered,0.0,True,55.0,10.42,none,3.0,4.0,Anytime,4.2256,True,0.596
HDEL001315,HORD001315,2018-08-25,2018-08-30,2018-08-29,StarTrack,Standard,Delivered,0.0,True,22.0,11.93,none,5.0,5.0,Afternoon,8.0821,True,0.487
HDEL001316,HORD001316,2018-12-01,2018-12-04,2018-12-04,DHL,Standard,Delivered,0.0,True,69.0,8.92,none,3.0,8.0,Morning,7.5164,False,1.07
HDEL001317,HORD001317,2018-05-30,2018-06-03,2018-06-04,Direct Freight,Standard,Delivered,1.0,False,5.0,8.1,carrier_capacity,4.0,3.0,Morning,5.0889,True,1.14
HDEL001318,HORD001318,2018-02-21,2018-02-24,2018-02-24,AusPost,Standard,Delivered,0.0,True,10.0,9.41,none,3.0,6.0,Anytime,6.6114,False,0.41
HDEL001319,HORD001319,2018-10-28,2018-11-02,2018-10-31,Direct Freight,Standard,Delivered,0.0,True,30.0,5.59,none,5.0,9.0,Morning,0.5576,False,0.213
HDEL001320,HORD001320,2018-09-19,2018-09-25,2018-09-23,AusPost,Standard,Delivered,0.0,True,30.0,9.33,none,6.0,7.0,Anytime,6.5391,False,0.812
HDEL001321,HORD001321,2018-06-11,2018-06-18,2018-06-17,StarTrack,Express,Delivered,0.0,True,32.0,21.46,none,7.0,4.0,Morning,7.353,True,0.458
HDEL001322,HORD001322,2019-01-01,2019-01-05,2019-01-03,Direct Freight,Standard,Delivered,0.0,True,44.0,7.68,none,4.0,9.0,Afternoon,4.573,False,0.329
HDEL001323,HORD001323,2018-02-04,2018-02-08,2018-02-06,StarTrack,Standard,Delivered,0.0,True,64.0,10.76,none,4.0,3.0,Morning,5.8441,False,0.357
HDEL001324,HORD001324,2018-07-21,2018-07-28,2018-08-01,StarTrack,Standard,Delivered,4.0,False,69.0,14.04,warehouse_congestion,7.0,6.0,Anytime,6.4285,True,1.547
HDEL001325,HORD001325,2018-06-13,2018-06-16,2018-06-15,Direct Freight,Standard,Delivered,0.0,True,23.0,11.89,none,3.0,8.0,Anytime,7.0295,True,0.486
HDEL001326,HORD001326,2018-03-01,2018-03-06,2018-03-04,AusPost,Express,Delivered,0.0,True,61.0,18.54,none,5.0,8.0,Anytime,6.5212,False,0.435
HDEL001327,HORD001327,2018-08-03,2018-08-10,2018-08-08,Direct Freight,Express,Delivered,0.0,True,9.0,21.57,none,7.0,7.0,Morning,7.6606,True,0.492
HDEL001328,HORD001328,2018-08-23,2018-08-28,2018-08-27,AusPost,Standard,Delivered,0.0,True,44.0,14.11,none,5.0,7.0,Afternoon,9.8879,True,0.556
HDEL001329,HORD001329,2018-09-18,2018-09-24,2018-09-24,StarTrack,Standard,Delivered,0.0,True,12.0,9.26,none,6.0,3.0,Morning,9.2213,True,0.573
HDEL001330,HORD001330,2018-03-13,2018-03-17,2018-03-16,Direct Freight,Standard,Delivered,0.0,True,37.0,6.87,none,4.0,3.0,Afternoon,1.2126,True,0.362
HDEL001331,HORD001331,2018-10-31,2018-11-04,2018-11-04,Direct Freight,Standard,Delivered,0.0,True,19.0,9.73,none,4.0,3.0,Morning,4.3804,True,0.384
HDEL001332,HORD001332,2018-09-14,2018-09-18,2018-09-20,StarTrack,Standard,Delivered,2.0,False,62.0,12.35,carrier_capacity,4.0,9.0,Morning,8.5047,True,0.907
HDEL001333,HORD001333,2018-12-12,2018-12-19,2018-12-18,DHL,Standard,Delivered,0.0,True,26.0,8.9,none,7.0,9.0,Anytime,6.972,True,1.26
HDEL001334,HORD001334,2018-05-27,2018-06-02,2018-06-01,AusPost,Standard,Delivered,0.0,True,55.0,8.45,none,6.0,5.0,Anytime,5.5854,False,0.399
HDEL001335,HORD001335,2018-07-16,2018-07-21,2018-07-23,DHL,Express,Delivered,2.0,False,20.0,24.72,carrier_capacity,5.0,5.0,Anytime,7.4297,True,0.473
HDEL001336,HORD001336,2018-08-25,2018-08-31,2018-09-04,AusPost,Express,Delivered,4.0,False,38.0,19.34,warehouse_congestion,6.0,8.0,Anytime,1.6352,False,0.261
HDEL001337,HORD001337,2018-11-08,2018-11-15,2018-11-15,StarTrack,Standard,Delivered,0.0,True,36.0,8.83,none,7.0,6.0,Afternoon,5.9106,False,1.128
HDEL001338,HORD001338,2018-03-10,2018-03-16,2018-03-16,DHL,Standard,Delivered,0.0,True,43.0,13.0,none,6.0,9.0,Morning,10.0462,True,0.59
HDEL001339,HORD001339,2018-10-24,2018-10-29,2018-11-01,AusPost,Standard,Delivered,3.0,False,9.0,8.19,carrier_capacity,5.0,7.0,Anytime,5.0262,True,0.333
HDEL001340,HORD001340,2018-03-02,2018-03-08,2018-03-07,Direct Freight,Standard,Delivered,0.0,True,14.0,6.88,none,6.0,4.0,Afternoon,4.2688,True,0.6
HDEL001341,HORD001341,2018-08-21,2018-08-25,2018-08-23,DHL,Express,Delivered,0.0,True,21.0,20.24,none,4.0,9.0,Anytime,4.5274,False,0.324
HDEL001342,HORD001342,2018-07-10,2018-07-16,2018-07-14,DHL,Standard,Delivered,0.0,True,16.0,11.62,none,6.0,4.0,Anytime,5.6649,True,0.566
HDEL001343,HORD001343,2018-08-09,2018-08-13,2018-08-12,DHL,Standard,Delivered,0.0,True,34.0,11.13,none,4.0,8.0,Afternoon,4.3706,False,0.312
HDEL001344,HORD001344,2018-01-15,2018-01-21,2018-01-24,DHL,Standard,Delivered,3.0,False,73.0,7.29,warehouse_congestion,6.0,6.0,Afternoon,1.6376,True,0.747
HDEL001345,HORD001345,2018-04-30,2018-05-07,2018-05-06,AusPost,Standard,Delivered,0.0,True,11.0,6.38,none,7.0,7.0,Morning,0.7974,True,0.346
HDEL001346,HORD001346,2018-09-25,2018-09-29,2018-09-29,Direct Freight,Standard,Delivered,0.0,True,33.0,11.45,none,4.0,3.0,Anytime,7.4295,False,0.474
HDEL001347,HORD001347,2018-01-27,2018-02-02,2018-01-31,AusPost,Express,Delivered,0.0,True,18.0,16.03,none,6.0,4.0,Afternoon,2.1106,True,0.302
HDEL001348,HORD001348,2018-08-14,2018-08-18,2018-08-17,Direct Freight,Standard,Delivered,0.0,True,67.0,11.94,none,4.0,7.0,Anytime,4.2176,True,0.754
HDEL001349,HORD001349,2019-01-01,2019-01-04,2019-01-02,StarTrack,Standard,Delivered,0.0,True,28.0,7.92,none,3.0,4.0,Morning,3.968,True,0.475
HDEL001350,HORD001350,2018-08-14,2018-08-20,2018-08-19,DHL,Standard,Delivered,0.0,True,23.0,12.0,none,6.0,3.0,Anytime,4.1646,True,0.46
HDEL001351,HORD001351,2018-04-11,2018-04-14,2018-04-12,StarTrack,Standard,Delivered,0.0,True,63.0,7.37,none,3.0,4.0,Afternoon,5.1273,True,0.428
HDEL001352,HORD001352,2018-04-22,2018-04-28,2018-04-26,Direct Freight,Standard,Delivered,0.0,True,15.0,7.37,none,6.0,8.0,Morning,1.5241,False,0.278
HDEL001353,HORD001353,2018-10-26,2018-10-29,2018-10-27,StarTrack,Standard,Delivered,0.0,True,34.0,10.14,none,3.0,8.0,Anytime,5.0545,True,0.86
HDEL001354,HORD001354,2018-09-29,2018-10-06,2018-10-06,StarTrack,Standard,Delivered,0.0,True,40.0,10.43,none,7.0,4.0,Afternoon,6.275,True,0.372
HDEL001355,HORD001355,2018-12-14,2018-12-20,2018-12-19,AusPost,Standard,Delivered,0.0,True,60.0,10.2,none,6.0,4.0,Morning,9.9452,True,0.606
HDEL001356,HORD001356,2018-10-01,2018-10-05,2018-10-04,Direct Freight,Standard,Delivered,0.0,True,34.0,10.67,none,4.0,8.0,Morning,5.6528,True,0.481
HDEL001357,HORD001357,2018-07-09,2018-07-15,2018-07-18,Direct Freight,Standard,Delivered,3.0,False,60.0,9.5,warehouse_congestion,6.0,9.0,Anytime,1.5642,True,1.636
HDEL001358,HORD001358,2018-09-23,2018-09-29,2018-09-29,AusPost,Express,Delivered,0.0,True,31.0,17.21,none,6.0,9.0,Morning,2.9597,True,0.369
HDEL001359,HORD001359,2018-12-10,2018-12-15,2018-12-15,StarTrack,Standard,Delivered,0.0,True,68.0,8.64,none,5.0,4.0,Anytime,6.1878,True,0.506
HDEL001360,HORD001360,2018-02-12,2018-02-19,2018-02-18,StarTrack,Standard,Delivered,0.0,True,63.0,9.26,none,7.0,8.0,Afternoon,3.7755,True,0.393
HDEL001361,HORD001361,2018-06-04,2018-06-09,2018-06-11,Direct Freight,Standard,Delivered,2.0,False,50.0,8.9,carrier_capacity,5.0,3.0,Afternoon,2.6944,True,0.295
HDEL001362,HORD001362,2018-08-28,2018-09-04,2018-09-04,StarTrack,Standard,Delivered,0.0,True,37.0,12.22,none,7.0,5.0,Morning,5.115,False,0.474
HDEL001363,HORD001363,2018-09-22,2018-09-27,2018-09-26,StarTrack,Standard,Delivered,0.0,True,58.0,8.41,none,5.0,9.0,Afternoon,5.1815,True,0.484
HDEL001364,HORD001364,2018-01-04,2018-01-09,2018-01-08,StarTrack,Express,Delivered,0.0,True,30.0,16.84,none,5.0,9.0,Anytime,5.9827,True,0.641
HDEL001365,HORD001365,2018-11-01,2018-11-06,2018-11-06,StarTrack,Standard,Delivered,0.0,True,56.0,8.06,none,5.0,6.0,Anytime,4.2942,False,0.404
HDEL001366,HORD001366,2018-09-04,2018-09-11,2018-09-11,StarTrack,Express,Delivered,0.0,True,32.0,19.49,none,7.0,3.0,Anytime,7.7113,True,1.036
HDEL001367,HORD001367,2018-05-19,2018-05-24,2018-05-24,DHL,Standard,Delivered,0.0,True,66.0,10.67,none,5.0,7.0,Afternoon,8.5318,True,0.451
HDEL001368,HORD001368,2018-05-07,2018-05-12,2018-05-10,Direct Freight,Standard,Delivered,0.0,True,50.0,8.26,none,5.0,4.0,Anytime,3.7018,False,0.321
HDEL001369,HORD001369,2018-09-11,2018-09-16,2018-09-14,StarTrack,Standard,Delivered,0.0,True,71.0,9.48,none,5.0,7.0,Morning,5.0456,True,1.629
HDEL001370,HORD001370,2018-03-04,2018-03-07,2018-03-07,Direct Freight,Standard,Delivered,0.0,True,40.0,8.71,none,3.0,8.0,Anytime,3.9335,True,0.437
HDEL001371,HORD001371,2018-03-21,2018-03-26,2018-03-26,AusPost,Standard,Delivered,0.0,True,16.0,8.66,none,5.0,4.0,Morning,7.6027,True,0.514
HDEL001372,HORD001372,2018-08-17,2018-08-21,2018-08-20,DHL,Standard,Delivered,0.0,True,65.0,9.51,none,4.0,4.0,Morning,4.3706,True,1.091
HDEL001373,HORD001373,2018-05-14,2018-05-19,2018-05-18,AusPost,Standard,Delivered,0.0,True,10.0,9.61,none,5.0,4.0,Anytime,9.5775,True,0.706
HDEL001374,HORD001374,2018-07-18,2018-07-24,2018-07-24,AusPost,Standard,Delivered,0.0,True,73.0,13.24,none,6.0,3.0,Anytime,7.7913,True,1.272
HDEL001375,HORD001375,2018-03-10,2018-03-13,2018-03-13,StarTrack,Standard,Delivered,0.0,True,31.0,9.78,none,3.0,7.0,Morning,5.5854,True,0.511
HDEL001376,HORD001376,2018-11-12,2018-11-17,2018-11-16,StarTrack,Standard,Delivered,0.0,True,31.0,6.47,none,5.0,8.0,Afternoon,0.316,True,0.522
HDEL001377,HORD001377,2018-01-15,2018-01-22,2018-01-27,Direct Freight,Standard,Delivered,5.0,False,18.0,11.04,warehouse_congestion,7.0,4.0,Morning,6.9744,True,0.477
HDEL001378,HORD001378,2018-09-20,2018-09-26,2018-09-26,StarTrack,Standard,Delivered,0.0,True,44.0,10.17,none,6.0,3.0,Anytime,7.6261,True,0.607
HDEL001379,HORD001379,2018-05-19,2018-05-25,2018-05-25,StarTrack,Express,Delivered,0.0,True,39.0,17.23,none,6.0,6.0,Afternoon,8.7478,False,0.485
HDEL001380,HORD001380,2018-01-17,2018-01-24,2018-01-22,Direct Freight,Standard,Delivered,0.0,True,64.0,8.03,none,7.0,7.0,Morning,2.9396,True,0.478
HDEL001381,HORD001381,2018-05-28,2018-06-03,2018-06-03,AusPost,Standard,Delivered,0.0,True,44.0,9.63,none,6.0,4.0,Morning,6.9714,True,0.666
HDEL001382,HORD001382,2018-06-27,2018-07-04,2018-07-04,DHL,Standard,Delivered,0.0,True,62.0,10.28,none,7.0,8.0,Anytime,5.6715,True,1.275
HDEL001383,HORD001383,2018-05-01,2018-05-07,2018-05-07,Direct Freight,Standard,Delivered,0.0,True,33.0,6.04,none,6.0,8.0,Morning,1.6889,True,0.364
HDEL001384,HORD001384,2018-08-26,2018-08-31,2018-08-31,DHL,Standard,Delivered,0.0,True,50.0,13.09,none,5.0,5.0,Morning,7.1276,True,0.585
HDEL001385,HORD001385,2018-03-12,2018-03-15,2018-03-15,Direct Freight,Standard,Delivered,0.0,True,14.0,5.84,none,3.0,4.0,Morning,1.0859,False,0.651
HDEL001386,HORD001386,2018-01-10,2018-01-14,2018-01-14,Direct Freight,Standard,Delivered,0.0,True,58.0,7.0,none,4.0,9.0,Anytime,3.7634,False,0.348
HDEL001387,HORD001387,2018-02-04,2018-02-08,2018-02-08,StarTrack,Standard,Delivered,0.0,True,63.0,7.98,none,4.0,7.0,Morning,4.0721,True,0.454
HDEL001388,HORD001388,2018-10-15,2018-10-22,2018-10-21,DHL,Standard,Delivered,0.0,True,60.0,9.41,none,7.0,7.0,Anytime,7.8594,True,0.603
HDEL001389,HORD001389,2018-11-22,2018-11-28,2018-11-27,AusPost,Standard,Delivered,0.0,True,71.0,6.88,none,6.0,3.0,Anytime,0.6613,False,0.26
HDEL001390,HORD001390,2018-05-22,2018-05-27,2018-05-27,DHL,Standard,Delivered,0.0,True,42.0,7.4,none,5.0,4.0,Afternoon,2.79,True,0.349
HDEL001391,HORD001391,2018-02-23,2018-02-28,2018-02-27,AusPost,Standard,Delivered,0.0,True,21.0,9.39,none,5.0,8.0,Morning,3.5071,True,0.984
HDEL001392,HORD001392,2018-05-23,2018-05-27,2018-05-26,StarTrack,Standard,Delivered,0.0,True,42.0,9.61,none,4.0,4.0,Afternoon,4.573,False,0.31
HDEL001393,HORD001393,2018-04-03,2018-04-09,2018-04-07,Direct Freight,Standard,Delivered,0.0,True,56.0,8.95,none,6.0,8.0,Morning,5.3461,False,0.331
HDEL001394,HORD001394,2018-03-11,2018-03-18,2018-03-17,DHL,Standard,Delivered,0.0,True,53.0,9.9,none,7.0,4.0,Afternoon,9.7484,False,0.431
HDEL001395,HORD001395,2018-05-02,2018-05-09,2018-05-12,DHL,Standard,Delivered,3.0,False,34.0,9.83,warehouse_congestion,7.0,8.0,Morning,7.6027,True,1.294
HDEL001396,HORD001396,2018-12-20,2018-12-24,2018-12-22,StarTrack,Standard,Delivered,0.0,True,18.0,9.0,none,4.0,6.0,Afternoon,3.083,True,0.322
HDEL001397,HORD001397,2018-03-09,2018-03-16,2018-03-17,AusPost,Standard,Delivered,1.0,False,69.0,10.41,weather,7.0,5.0,Morning,5.5898,True,1.245
HDEL001398,HORD001398,2018-07-03,2018-07-09,2018-07-09,StarTrack,Standard,Delivered,0.0,True,60.0,10.17,none,6.0,6.0,Morning,3.7634,False,0.358
HDEL001399,HORD001399,2018-11-26,2018-12-02,2018-12-02,StarTrack,Standard,Delivered,0.0,True,68.0,8.01,none,6.0,3.0,Morning,2.1752,False,0.274
HDEL001400,HORD001400,2018-05-31,2018-06-07,2018-06-07,AusPost,Express,Delivered,0.0,True,18.0,21.24,none,7.0,3.0,Morning,8.1012,True,0.462
HDEL001401,HORD001401,2018-06-01,2018-06-08,2018-06-06,StarTrack,Standard,Delivered,0.0,True,55.0,7.39,none,7.0,8.0,Morning,5.1975,False,0.359
HDEL001402,HORD001402,2018-10-12,2018-10-18,2018-10-17,DHL,Standard,Delivered,0.0,True,69.0,7.88,none,6.0,9.0,Anytime,5.8755,True,0.436
HDEL001403,HORD001403,2018-05-21,2018-05-26,2018-05-25,AusPost,Standard,Delivered,0.0,True,23.0,7.82,none,5.0,3.0,Afternoon,3.9846,True,1.225
HDEL001404,HORD001404,2018-10-29,2018-11-01,2018-10-30,DHL,Standard,Delivered,0.0,True,22.0,10.45,none,3.0,8.0,Afternoon,5.8284,True,0.406
HDEL001405,HORD001405,2018-12-01,2018-12-08,2018-12-06,DHL,Standard,Delivered,0.0,True,57.0,7.77,none,7.0,4.0,Anytime,5.7397,True,0.432
HDEL001406,HORD001406,2018-06-05,2018-06-08,2018-06-06,Direct Freight,Standard,Delivered,0.0,True,43.0,11.5,none,3.0,8.0,Morning,6.16,True,1.268
HDEL001407,HORD001407,2018-06-26,2018-07-03,2018-07-03,Direct Freight,Standard,Delivered,0.0,True,40.0,13.55,none,7.0,4.0,Anytime,6.194,True,0.466
HDEL001408,HORD001408,2018-07-19,2018-07-22,2018-07-20,Direct Freight,Standard,Delivered,0.0,True,57.0,8.98,none,3.0,6.0,Morning,3.3715,False,0.357
HDEL001409,HORD001409,2018-12-18,2018-12-25,2018-12-28,AusPost,Standard,Delivered,3.0,False,47.0,7.57,carrier_capacity,7.0,6.0,Anytime,3.7951,False,0.356
HDEL001410,HORD001410,2018-10-07,2018-10-10,2018-10-08,StarTrack,Standard,Delivered,0.0,True,36.0,10.05,none,3.0,8.0,Anytime,6.063,True,1.198
HDEL001411,HORD001411,2018-12-09,2018-12-14,2018-12-13,DHL,Standard,Delivered,0.0,True,68.0,8.57,none,5.0,9.0,Morning,3.5444,False,1.167
HDEL001412,HORD001412,2018-02-25,2018-03-01,2018-03-01,DHL,Express,Delivered,0.0,True,67.0,19.16,none,4.0,7.0,Morning,6.16,False,0.424
HDEL001413,HORD001413,2018-03-12,2018-03-17,2018-03-17,Direct Freight,Standard,Delivered,0.0,True,73.0,10.06,none,5.0,9.0,Afternoon,6.2815,True,0.606
HDEL001414,HORD001414,2018-11-11,2018-11-16,2018-11-14,Direct Freight,Standard,Delivered,0.0,True,25.0,8.61,none,5.0,8.0,Anytime,5.9648,True,0.533
HDEL001415,HORD001415,2018-09-04,2018-09-10,2018-09-08,Direct Freight,Express,Delivered,0.0,True,27.0,17.68,none,6.0,8.0,Afternoon,3.5444,False,0.391
HDEL001416,HORD001416,2018-02-19,2018-02-24,2018-03-01,Direct Freight,Standard,Delivered,5.0,False,54.0,9.67,weather,5.0,7.0,Morning,6.2917,True,0.428
HDEL001417,HORD001417,2018-03-19,2018-03-24,2018-03-22,Direct Freight,Standard,Delivered,0.0,True,59.0,9.74,none,5.0,4.0,Anytime,6.2558,False,0.399
HDEL001418,HORD001418,2018-04-17,2018-04-22,2018-04-20,StarTrack,Express,Delivered,0.0,True,4.0,15.2,none,5.0,3.0,Morning,1.4385,True,0.81
HDEL001419,HORD001419,2018-07-30,2018-08-03,2018-08-03,StarTrack,Standard,Delivered,0.0,True,28.0,8.25,none,4.0,5.0,Afternoon,2.1752,True,0.423
HDEL001420,HORD001420,2018-10-27,2018-10-31,2018-10-31,AusPost,Standard,Delivered,0.0,True,54.0,9.7,none,4.0,5.0,Anytime,5.0683,False,0.41
HDEL001421,HORD001421,2018-10-31,2018-11-06,2018-11-04,Direct Freight,Standard,Delivered,0.0,True,4.0,11.98,none,6.0,5.0,Afternoon,8.3002,False,0.46
HDEL001422,HORD001422,2018-05-09,2018-05-12,2018-05-10,Direct Freight,Express,Delivered,0.0,True,59.0,15.18,none,3.0,5.0,Afternoon,6.1296,True,1.059
HDEL001423,HORD001423,2018-07-25,2018-08-01,2018-07-30,StarTrack,Standard,Delivered,0.0,True,45.0,8.22,none,7.0,3.0,Morning,2.16,True,0.476
HDEL001424,HORD001424,2018-09-15,2018-09-21,2018-09-21,Direct Freight,Standard,Delivered,0.0,True,25.0,7.98,none,6.0,4.0,Morning,3.0499,True,0.488
HDEL001425,HORD001425,2018-10-25,2018-11-01,2018-11-06,Direct Freight,Standard,Delivered,5.0,False,53.0,7.8,warehouse_congestion,7.0,7.0,Anytime,3.286,True,0.996
HDEL001426,HORD001426,2018-06-05,2018-06-11,2018-06-09,Direct Freight,Standard,Delivered,0.0,True,40.0,10.12,none,6.0,6.0,Morning,5.0798,True,0.468
HDEL001427,HORD001427,2018-09-23,2018-09-27,2018-09-26,StarTrack,Standard,Delivered,0.0,True,5.0,7.74,none,4.0,9.0,Afternoon,2.9193,True,1.065
HDEL001428,HORD001428,2018-09-16,2018-09-21,2018-09-21,Direct Freight,Standard,Delivered,0.0,True,16.0,10.97,none,5.0,5.0,Morning,6.275,True,0.455
HDEL001429,HORD001429,2018-06-05,2018-06-11,2018-06-10,AusPost,Standard,Delivered,0.0,True,3.0,10.47,none,6.0,4.0,Anytime,1.6376,True,0.397
HDEL001430,HORD001430,2018-11-12,2018-11-15,2018-11-13,DHL,Standard,Delivered,0.0,True,7.0,8.66,none,3.0,3.0,Morning,5.066,True,0.497
HDEL001431,HORD001431,2018-04-07,2018-04-11,2018-04-10,StarTrack,Standard,Delivered,0.0,True,56.0,9.65,none,4.0,3.0,Anytime,8.1608,False,0.478
HDEL001432,HORD001432,2018-07-12,2018-07-15,2018-07-14,StarTrack,Standard,Delivered,0.0,True,39.0,10.41,none,3.0,5.0,Afternoon,4.8491,True,0.387
HDEL001433,HORD001433,2018-02-05,2018-02-12,2018-02-10,Direct Freight,Standard,Delivered,0.0,True,6.0,5.96,none,7.0,8.0,Anytime,1.6352,True,0.306
HDEL001434,HORD001434,2018-06-10,2018-06-13,2018-06-11,DHL,Standard,Delivered,0.0,True,15.0,9.83,none,3.0,6.0,Afternoon,1.0315,False,0.246
HDEL001435,HORD001435,2018-04-23,2018-04-27,2018-04-27,StarTrack,Standard,Delivered,0.0,True,70.0,6.81,none,4.0,4.0,Morning,3.0683,True,0.337
HDEL001436,HORD001436,2018-05-31,2018-06-05,2018-06-04,StarTrack,Standard,Delivered,0.0,True,28.0,7.79,none,5.0,5.0,Morning,3.2601,True,0.799
HDEL001437,HORD001437,2018-06-15,2018-06-22,2018-06-22,Direct Freight,Standard,Delivered,0.0,True,50.0,10.37,none,7.0,8.0,Afternoon,2.3095,True,0.87
HDEL001438,HORD001438,2018-08-26,2018-09-02,2018-09-02,AusPost,Standard,Delivered,0.0,True,55.0,11.18,none,7.0,7.0,Afternoon,5.2435,True,1.291
HDEL001439,HORD001439,2018-04-23,2018-04-29,2018-04-29,StarTrack,Standard,Delivered,0.0,True,22.0,7.92,none,6.0,9.0,Anytime,3.7044,True,0.321
HDEL001440,HORD001440,2018-07-11,2018-07-17,2018-07-15,StarTrack,Standard,Delivered,0.0,True,64.0,13.82,none,6.0,5.0,Anytime,8.1012,True,0.625
HDEL001441,HORD001441,2018-01-30,2018-02-06,2018-02-05,AusPost,Express,Delivered,0.0,True,3.0,19.21,none,7.0,3.0,Morning,5.8629,True,0.537
HDEL001442,HORD001442,2018-07-24,2018-07-27,2018-07-27,StarTrack,Standard,Delivered,0.0,True,47.0,10.53,none,3.0,9.0,Anytime,6.2558,False,0.368
HDEL001443,HORD001443,2018-12-04,2018-12-08,2018-12-06,AusPost,Standard,Delivered,0.0,True,8.0,7.22,none,4.0,9.0,Afternoon,4.3807,True,1.593
HDEL001444,HORD001444,2018-05-19,2018-05-26,2018-05-24,Direct Freight,Standard,Delivered,0.0,True,59.0,7.67,none,7.0,4.0,Morning,3.6708,False,0.35
HDEL001445,HORD001445,2018-09-08,2018-09-12,2018-09-10,AusPost,Standard,Delivered,0.0,True,47.0,7.2,none,4.0,5.0,Anytime,4.6779,False,0.306
HDEL001446,HORD001446,2018-03-14,2018-03-21,2018-03-19,DHL,Standard,Delivered,0.0,True,3.0,8.95,none,7.0,7.0,Morning,8.1608,False,0.407
HDEL001447,HORD001447,2018-10-17,2018-10-22,2018-10-21,Direct Freight,Standard,Delivered,0.0,True,2.0,10.32,none,5.0,9.0,Afternoon,5.2435,True,0.415
HDEL001448,HORD001448,2018-04-18,2018-04-21,2018-04-21,StarTrack,Express,Delivered,0.0,True,48.0,15.02,none,3.0,8.0,Morning,5.9673,True,0.43
HDEL001449,HORD001449,2018-11-17,2018-11-24,2018-11-23,StarTrack,Standard,Delivered,0.0,True,51.0,9.75,none,7.0,4.0,Morning,5.3006,False,0.387
HDEL001450,HORD001450,2018-12-18,2018-12-23,2018-12-23,DHL,Standard,Delivered,0.0,True,41.0,7.0,none,5.0,6.0,Afternoon,3.6762,True,0.576
HDEL001451,HORD001451,2018-04-05,2018-04-12,2018-04-11,AusPost,Standard,Delivered,0.0,True,36.0,9.74,none,7.0,9.0,Anytime,5.1031,False,0.394
HDEL001452,HORD001452,2018-03-14,2018-03-20,2018-03-19,StarTrack,Express,Delivered,0.0,True,57.0,17.17,none,6.0,4.0,Morning,4.2772,False,0.361
HDEL001453,HORD001453,2018-06-02,2018-06-07,2018-06-06,Direct Freight,Standard,Delivered,0.0,True,49.0,8.25,none,5.0,8.0,Morning,4.0037,True,1.002
HDEL001454,HORD001454,2018-01-10,2018-01-13,2018-01-11,DHL,Standard,Delivered,0.0,True,27.0,12.81,none,3.0,7.0,Morning,9.1432,True,1.419
HDEL001455,HORD001455,2018-07-02,2018-07-09,2018-07-08,Direct Freight,Express,Delivered,0.0,True,26.0,18.6,none,7.0,6.0,Morning,3.7755,True,0.419
HDEL001456,HORD001456,2018-08-10,2018-08-17,2018-08-15,AusPost,Standard,Delivered,0.0,True,56.0,12.96,none,7.0,4.0,Anytime,8.5341,True,1.232
HDEL001457,HORD001457,2018-12-18,2018-12-22,2018-12-21,AusPost,Standard,Delivered,0.0,True,66.0,6.72,none,4.0,7.0,Anytime,1.9834,False,0.258
HDEL001458,HORD001458,2018-11-27,2018-12-01,2018-11-30,StarTrack,Standard,Delivered,0.0,True,13.0,8.88,none,4.0,3.0,Morning,6.1573,True,0.584
HDEL001459,HORD001459,2018-06-26,2018-06-29,2018-06-28,Direct Freight,Standard,Delivered,0.0,True,10.0,9.85,none,3.0,5.0,Morning,5.9319,False,0.385
HDEL001460,HORD001460,2018-05-21,2018-05-28,2018-05-28,AusPost,Standard,Delivered,0.0,True,58.0,8.87,none,7.0,9.0,Afternoon,5.0614,False,0.344
HDEL001461,HORD001461,2018-08-10,2018-08-17,2018-08-15,DHL,Express,Delivered,0.0,True,11.0,24.08,none,7.0,6.0,Afternoon,5.0681,False,0.404
HDEL001462,HORD001462,2018-02-09,2018-02-13,2018-02-12,AusPost,Standard,Delivered,0.0,True,71.0,9.71,none,4.0,4.0,Morning,3.9131,False,0.4
HDEL001463,HORD001463,2018-03-31,2018-04-05,2018-04-04,Direct Freight,Standard,Delivered,0.0,True,23.0,8.89,none,5.0,9.0,Anytime,5.9503,False,0.411
HDEL001464,HORD001464,2018-01-19,2018-01-26,2018-01-25,StarTrack,Standard,Delivered,0.0,True,58.0,7.68,none,7.0,8.0,Morning,4.4985,True,0.599
HDEL001465,HORD001465,2018-04-06,2018-04-13,2018-04-11,Direct Freight,Express,Delivered,0.0,True,7.0,16.52,none,7.0,4.0,Anytime,6.7474,True,1.631
HDEL001466,HORD001466,2018-06-30,2018-07-07,2018-07-05,StarTrack,Standard,Delivered,0.0,True,45.0,14.31,none,7.0,7.0,Anytime,7.1393,True,0.486
HDEL001467,HORD001467,2018-02-20,2018-02-25,2018-02-23,AusPost,Standard,Delivered,0.0,True,13.0,8.3,none,5.0,5.0,Morning,4.1841,False,0.359
HDEL001468,HORD001468,2018-05-22,2018-05-27,2018-05-30,StarTrack,Express,Delivered,3.0,False,57.0,15.86,weather,5.0,7.0,Anytime,4.1639,True,0.446
HDEL001469,HORD001469,2018-01-13,2018-01-17,2018-01-15,DHL,Express,Delivered,0.0,True,57.0,13.65,none,4.0,6.0,Anytime,1.3091,True,0.379
HDEL001470,HORD001470,2018-03-19,2018-03-23,2018-03-22,DHL,Standard,Delivered,0.0,True,12.0,11.22,none,4.0,3.0,Anytime,6.7869,False,0.417
HDEL001471,HORD001471,2018-08-22,2018-08-29,2018-08-27,DHL,Standard,Delivered,0.0,True,71.0,11.31,none,7.0,9.0,Afternoon,7.5164,False,0.493
HDEL001472,HORD001472,2018-11-05,2018-11-08,2018-11-07,Direct Freight,Standard,Delivered,0.0,True,67.0,9.97,none,3.0,4.0,Anytime,5.1975,False,0.344
HDEL001473,HORD001473,2018-07-27,2018-08-01,2018-07-31,DHL,Standard,Delivered,0.0,True,33.0,12.15,none,5.0,9.0,Morning,6.1296,False,0.404
HDEL001474,HORD001474,2018-06-02,2018-06-07,2018-06-07,DHL,Express,Delivered,0.0,True,19.0,25.01,none,5.0,7.0,Afternoon,4.9255,True,0.427
HDEL001475,HORD001475,2018-06-03,2018-06-08,2018-06-08,Direct Freight,Standard,Delivered,0.0,True,69.0,7.14,none,5.0,7.0,Anytime,2.0879,True,0.368
HDEL001476,HORD001476,2018-09-25,2018-09-29,2018-09-28,Direct Freight,Standard,Delivered,0.0,True,32.0,6.22,none,4.0,3.0,Anytime,2.5674,False,0.359
HDEL001477,HORD001477,2018-03-27,2018-04-01,2018-03-31,StarTrack,Standard,Delivered,0.0,True,18.0,7.19,none,5.0,9.0,Morning,4.8578,False,0.477
HDEL001478,HORD001478,2018-12-08,2018-12-12,2018-12-10,AusPost,Express,Delivered,0.0,True,61.0,21.24,none,4.0,5.0,Anytime,8.8063,False,0.526
HDEL001479,HORD001479,2018-02-04,2018-02-11,2018-02-13,Direct Freight,Standard,Delivered,2.0,False,19.0,7.63,warehouse_congestion,7.0,5.0,Morning,3.6202,True,1.164
HDEL001480,HORD001480,2018-12-18,2018-12-21,2018-12-21,StarTrack,Standard,Delivered,0.0,True,70.0,8.96,none,3.0,3.0,Afternoon,6.9753,True,0.514
HDEL001481,HORD001481,2018-01-14,2018-01-17,2018-01-16,AusPost,Express,Delivered,0.0,True,13.0,16.53,none,3.0,9.0,Anytime,4.2429,False,0.301
HDEL001482,HORD001482,2018-01-22,2018-01-28,2018-02-01,AusPost,Express,Delivered,4.0,False,68.0,14.49,carrier_capacity,6.0,6.0,Anytime,5.907,True,0.518
HDEL001483,HORD001483,2018-07-21,2018-07-28,2018-07-28,Direct Freight,Standard,Delivered,0.0,True,5.0,9.59,none,7.0,4.0,Morning,5.5236,True,1.144
HDEL001484,HORD001484,2018-01-05,2018-01-12,2018-01-11,DHL,Standard,Delivered,0.0,True,22.0,8.33,none,7.0,6.0,Afternoon,3.7434,True,0.442
HDEL001485,HORD001485,2018-07-30,2018-08-05,2018-08-04,StarTrack,Standard,Delivered,0.0,True,11.0,15.14,none,6.0,3.0,Morning,8.6104,False,0.471
HDEL001486,HORD001486,2018-10-04,2018-10-10,2018-10-09,AusPost,Standard,Delivered,0.0,True,31.0,9.83,none,6.0,8.0,Afternoon,5.938,True,0.703
HDEL001487,HORD001487,2018-09-23,2018-09-30,2018-09-30,DHL,Express,Delivered,0.0,True,7.0,15.27,none,7.0,8.0,Afternoon,6.063,False,0.358
HDEL001488,HORD001488,2018-01-03,2018-01-09,2018-01-07,DHL,Express,Delivered,0.0,True,59.0,17.07,none,6.0,6.0,Afternoon,4.9641,True,0.498
HDEL001489,HORD001489,2018-06-23,2018-06-30,2018-06-28,DHL,Standard,Delivered,0.0,True,43.0,10.49,none,7.0,7.0,Anytime,3.9719,True,0.497
HDEL001490,HORD001490,2018-12-15,2018-12-20,2018-12-19,Direct Freight,Express,Delivered,0.0,True,32.0,15.25,none,5.0,8.0,Afternoon,6.2095,False,0.385
HDEL001491,HORD001491,2018-07-16,2018-07-19,2018-07-23,Direct Freight,Standard,Delivered,4.0,False,7.0,11.72,carrier_capacity,3.0,9.0,Anytime,3.7755,True,0.403
HDEL001492,HORD001492,2018-05-10,2018-05-13,2018-05-12,Direct Freight,Standard,Delivered,0.0,True,65.0,8.99,none,3.0,3.0,Afternoon,5.0681,True,0.409
HDEL001493,HORD001493,2018-08-25,2018-08-29,2018-08-27,Direct Freight,Standard,Delivered,0.0,True,2.0,9.7,none,4.0,9.0,Afternoon,2.3496,True,0.397
HDEL001494,HORD001494,2018-07-03,2018-07-06,2018-07-04,DHL,Standard,Delivered,0.0,True,23.0,13.18,none,3.0,3.0,Morning,5.2894,True,0.392
HDEL001495,HORD001495,2018-04-10,2018-04-14,2018-04-13,StarTrack,Standard,Delivered,0.0,True,42.0,11.62,none,4.0,9.0,Afternoon,8.5348,False,0.552
HDEL001496,HORD001496,2018-03-23,2018-03-30,2018-03-30,DHL,Standard,Delivered,0.0,True,12.0,8.28,none,7.0,3.0,Anytime,3.2287,False,0.298
HDEL001497,HORD001497,2018-08-12,2018-08-15,2018-08-13,Direct Freight,Standard,Delivered,0.0,True,32.0,10.14,none,3.0,7.0,Anytime,5.5236,True,0.978
HDEL001498,HORD001498,2018-03-04,2018-03-09,2018-03-07,StarTrack,Standard,Delivered,0.0,True,66.0,7.52,none,5.0,6.0,Afternoon,2.8326,True,0.366
HDEL001499,HORD001499,2018-06-13,2018-06-17,2018-06-16,Direct Freight,Standard,Delivered,0.0,True,3.0,8.05,none,4.0,3.0,Anytime,1.6889,True,0.347
HDEL001500,HORD001500,2018-01-19,2018-01-26,2018-01-26,AusPost,Standard,Delivered,0.0,True,28.0,10.57,none,7.0,4.0,Morning,5.9319,True,0.445
HDEL001501,HORD001501,2018-12-10,2018-12-15,2018-12-15,StarTrack,Express,Delivered,0.0,True,68.0,20.75,none,5.0,5.0,Morning,6.9718,True,0.629
HDEL001502,HORD001502,2018-07-27,2018-08-02,2018-07-31,AusPost,Standard,Delivered,0.0,True,27.0,14.62,none,6.0,7.0,Afternoon,8.7018,True,1.076
HDEL001503,HORD001503,2018-08-06,2018-08-11,2018-08-11,Direct Freight,Standard,Delivered,0.0,True,54.0,10.64,none,5.0,5.0,Morning,7.353,False,0.441
HDEL001504,HORD001504,2018-10-08,2018-10-14,2018-10-17,AusPost,Standard,Delivered,3.0,False,45.0,9.53,carrier_capacity,6.0,4.0,Anytime,5.8138,True,0.586
HDEL001505,HORD001505,2018-10-26,2018-11-02,2018-11-02,StarTrack,Standard,Delivered,0.0,True,30.0,5.68,none,7.0,4.0,Morning,0.4249,True,0.293
HDEL001506,HORD001506,2018-08-17,2018-08-21,2018-08-21,Direct Freight,Standard,Delivered,0.0,True,41.0,15.16,none,4.0,9.0,Afternoon,9.7077,False,0.53
HDEL001507,HORD001507,2018-06-02,2018-06-07,2018-06-07,AusPost,Standard,Delivered,0.0,True,37.0,6.81,none,5.0,9.0,Morning,3.2287,True,0.366
HDEL001508,HORD001508,2018-12-03,2018-12-06,2018-12-09,StarTrack,Standard,Delivered,3.0,False,15.0,9.23,weather,3.0,9.0,Morning,4.4985,True,1.097
HDEL001509,HORD001509,2018-09-11,2018-09-16,2018-09-14,AusPost,Standard,Delivered,0.0,True,38.0,10.8,none,5.0,3.0,Anytime,6.1816,False,0.414
HDEL001510,HORD001510,2018-01-24,2018-01-28,2018-01-26,Direct Freight,Standard,Delivered,0.0,True,30.0,6.46,none,4.0,5.0,Morning,0.6309,True,0.459
HDEL001511,HORD001511,2019-01-01,2019-01-06,2019-01-06,DHL,Standard,Delivered,0.0,True,19.0,10.6,none,5.0,3.0,Morning,5.8366,True,0.484
HDEL001512,HORD001512,2018-09-29,2018-10-05,2018-10-10,Direct Freight,Standard,Delivered,5.0,False,67.0,9.03,warehouse_congestion,6.0,8.0,Anytime,3.7951,True,1.16
HDEL001513,HORD001513,2018-01-07,2018-01-13,2018-01-12,StarTrack,Standard,Delivered,0.0,True,40.0,9.33,none,6.0,3.0,Morning,5.3633,True,0.62
HDEL001514,HORD001514,2018-01-30,2018-02-04,2018-02-04,Direct Freight,Express,Delivered,0.0,True,40.0,16.92,none,5.0,9.0,Anytime,6.3128,False,0.413
HDEL001515,HORD001515,2019-01-02,2019-01-09,2019-01-09,AusPost,Express,Delivered,0.0,True,44.0,21.36,none,7.0,3.0,Morning,8.8063,True,0.607
HDEL001516,HORD001516,2018-12-27,2018-12-31,2018-12-30,AusPost,Standard,Delivered,0.0,True,36.0,8.57,none,4.0,4.0,Afternoon,3.1885,True,0.29
HDEL001517,HORD001517,2018-11-22,2018-11-27,2018-11-26,AusPost,Standard,Delivered,0.0,True,73.0,9.95,none,5.0,9.0,Afternoon,5.6902,False,0.458
HDEL001518,HORD001518,2018-04-11,2018-04-14,2018-04-13,StarTrack,Standard,Delivered,0.0,True,68.0,13.05,none,3.0,4.0,Morning,9.458,False,0.489
HDEL001519,HORD001519,2018-10-16,2018-10-21,2018-10-20,AusPost,Standard,Delivered,0.0,True,72.0,7.2,none,5.0,3.0,Afternoon,2.0865,True,0.338
HDEL001520,HORD001520,2018-08-28,2018-09-02,2018-08-31,StarTrack,Standard,Delivered,0.0,True,56.0,9.61,none,5.0,7.0,Morning,3.0683,True,0.493
HDEL001521,HORD001521,2018-01-20,2018-01-23,2018-01-22,StarTrack,Standard,Delivered,0.0,True,58.0,10.44,none,3.0,8.0,Afternoon,5.2582,True,0.566
HDEL001522,HORD001522,2018-01-13,2018-01-16,2018-01-15,AusPost,Standard,Delivered,0.0,True,45.0,7.5,none,3.0,7.0,Morning,4.932,True,0.504
HDEL001523,HORD001523,2018-05-21,2018-05-26,2018-05-24,DHL,Standard,Delivered,0.0,True,6.0,8.97,none,5.0,7.0,Afternoon,5.7949,True,0.386
HDEL001524,HORD001524,2018-09-30,2018-10-07,2018-10-06,Direct Freight,Standard,Delivered,0.0,True,63.0,10.52,none,7.0,8.0,Afternoon,7.7381,True,0.481
HDEL001525,HORD001525,2018-06-17,2018-06-20,2018-06-20,DHL,Standard,Delivered,0.0,True,48.0,10.01,none,3.0,6.0,Morning,1.1842,True,0.318
HDEL001526,HORD001526,2018-10-20,2018-10-24,2018-10-23,DHL,Standard,Delivered,0.0,True,34.0,7.56,none,4.0,8.0,Anytime,1.6639,True,0.427
HDEL001527,HORD001527,2018-12-31,2019-01-07,2019-01-05,DHL,Standard,Delivered,0.0,True,58.0,8.81,none,7.0,7.0,Morning,4.2429,False,0.326
HDEL001528,HORD001528,2018-06-20,2018-06-26,2018-06-25,StarTrack,Standard,Delivered,0.0,True,43.0,12.13,none,6.0,3.0,Morning,6.1048,True,0.455
HDEL001529,HORD001529,2018-10-12,2018-10-18,2018-10-16,StarTrack,Standard,Delivered,0.0,True,70.0,7.98,none,6.0,8.0,Anytime,4.5274,False,0.331
HDEL001530,HORD001530,2018-08-12,2018-08-16,2018-08-14,StarTrack,Standard,Delivered,0.0,True,55.0,11.36,none,4.0,6.0,Afternoon,4.0721,False,0.517
HDEL001531,HORD001531,2018-05-14,2018-05-20,2018-05-19,StarTrack,Express,Delivered,0.0,True,56.0,16.19,none,6.0,6.0,Anytime,4.2256,False,0.308
HDEL001532,HORD001532,2018-12-21,2018-12-28,2019-01-02,StarTrack,Standard,Delivered,5.0,False,57.0,8.05,carrier_capacity,7.0,7.0,Afternoon,5.9106,False,0.447
HDEL001533,HORD001533,2018-03-28,2018-04-01,2018-03-31,Direct Freight,Standard,Delivered,0.0,True,2.0,8.25,none,4.0,5.0,Afternoon,3.9846,False,0.323
HDEL001534,HORD001534,2018-01-28,2018-02-03,2018-02-03,AusPost,Express,Delivered,0.0,True,65.0,16.33,none,6.0,6.0,Afternoon,9.2991,False,0.43
HDEL001535,HORD001535,2018-05-09,2018-05-16,2018-05-15,Direct Freight,Standard,Delivered,0.0,True,51.0,9.51,none,7.0,3.0,Morning,7.0202,False,0.397
HDEL001536,HORD001536,2018-08-24,2018-08-30,2018-09-04,Direct Freight,Standard,Delivered,5.0,False,3.0,12.18,carrier_capacity,6.0,6.0,Afternoon,6.1573,True,0.424
HDEL001537,HORD001537,2018-12-04,2018-12-07,2018-12-06,DHL,Standard,Delivered,0.0,True,48.0,8.77,none,3.0,6.0,Anytime,7.6261,False,0.399
HDEL001538,HORD001538,2018-01-09,2018-01-13,2018-01-16,Direct Freight,Standard,Delivered,3.0,False,39.0,5.84,weather,4.0,4.0,Afternoon,0.4249,True,0.368
HDEL001539,HORD001539,2018-06-06,2018-06-13,2018-06-11,AusPost,Standard,Delivered,0.0,True,3.0,9.93,none,7.0,5.0,Anytime,2.3496,True,0.852
HDEL001540,HORD001540,2018-06-21,2018-06-27,2018-06-26,Direct Freight,Standard,Delivered,0.0,True,5.0,11.0,none,6.0,5.0,Morning,3.286,True,1.067
HDEL001541,HORD001541,2018-05-14,2018-05-21,2018-05-19,Direct Freight,Standard,Delivered,0.0,True,32.0,7.95,none,7.0,5.0,Anytime,5.3787,False,0.46
HDEL001542,HORD001542,2018-11-17,2018-11-21,2018-11-21,DHL,Standard,Delivered,0.0,True,65.0,7.18,none,4.0,4.0,Morning,4.6919,True,0.411
HDEL001543,HORD001543,2018-08-06,2018-08-10,2018-08-09,DHL,Express,Delivered,0.0,True,61.0,20.46,none,4.0,8.0,Afternoon,9.1432,True,0.474
HDEL001544,HORD001544,2018-05-27,2018-06-02,2018-06-02,AusPost,Standard,Delivered,0.0,True,62.0,8.91,none,6.0,7.0,Afternoon,7.8949,False,0.441
HDEL001545,HORD001545,2018-03-06,2018-03-13,2018-03-13,Direct Freight,Standard,Delivered,0.0,True,3.0,6.67,none,7.0,8.0,Afternoon,1.5951,False,0.347
HDEL001546,HORD001546,2018-08-11,2018-08-15,2018-08-15,AusPost,Standard,Delivered,0.0,True,38.0,10.96,none,4.0,5.0,Afternoon,5.5396,True,0.425
HDEL001547,HORD001547,2018-03-26,2018-03-31,2018-03-31,DHL,Standard,Delivered,0.0,True,33.0,9.61,none,5.0,8.0,Morning,8.1751,False,0.418
HDEL001548,HORD001548,2018-12-09,2018-12-13,2018-12-11,DHL,Standard,Delivered,0.0,True,42.0,7.97,none,4.0,4.0,Anytime,3.7002,True,0.384
HDEL001549,HORD001549,2018-08-16,2018-08-23,2018-08-21,AusPost,Standard,Delivered,0.0,True,10.0,14.48,none,7.0,3.0,Anytime,7.5164,True,0.632
HDEL001550,HORD001550,2018-01-16,2018-01-20,2018-01-19,DHL,Standard,Delivered,0.0,True,5.0,9.84,none,4.0,7.0,Afternoon,5.1246,True,0.487
HDEL001551,HORD001551,2018-08-18,2018-08-24,2018-08-24,Direct Freight,Standard,Delivered,0.0,True,15.0,13.11,none,6.0,6.0,Morning,5.3354,True,0.503
HDEL001552,HORD001552,2018-10-13,2018-10-16,2018-10-16,StarTrack,Standard,Delivered,0.0,True,70.0,8.37,none,3.0,4.0,Anytime,6.3105,False,0.399
HDEL001553,HORD001553,2018-04-15,2018-04-20,2018-04-20,DHL,Standard,Delivered,0.0,True,36.0,9.56,none,5.0,4.0,Anytime,6.972,False,0.4
HDEL001554,HORD001554,2019-01-01,2019-01-06,2019-01-04,StarTrack,Standard,Delivered,0.0,True,40.0,7.12,none,5.0,3.0,Morning,3.0683,True,0.378
HDEL001555,HORD001555,2018-12-13,2018-12-17,2018-12-15,DHL,Standard,Delivered,0.0,True,17.0,6.75,none,4.0,5.0,Anytime,2.7425,True,0.298
HDEL001556,HORD001556,2018-09-17,2018-09-20,2018-09-25,DHL,Standard,Delivered,5.0,False,58.0,8.0,warehouse_congestion,3.0,5.0,Morning,4.1231,True,0.465
HDEL001557,HORD001557,2018-11-15,2018-11-19,2018-11-18,Direct Freight,Standard,Delivered,0.0,True,22.0,9.58,none,4.0,6.0,Anytime,7.7381,False,0.391
HDEL001558,HORD001558,2018-08-21,2018-08-26,2018-08-29,Direct Freight,Standard,Delivered,3.0,False,27.0,9.52,warehouse_congestion,5.0,6.0,Anytime,1.3091,False,0.282
HDEL001559,HORD001559,2018-02-08,2018-02-11,2018-02-09,StarTrack,Standard,Delivered,0.0,True,50.0,11.16,none,3.0,3.0,Anytime,6.0905,True,0.525
HDEL001560,HORD001560,2018-05-18,2018-05-21,2018-05-19,DHL,Standard,Delivered,0.0,True,10.0,12.07,none,3.0,7.0,Anytime,8.088,True,0.501
HDEL001561,HORD001561,2018-11-23,2018-11-29,2018-11-28,StarTrack,Standard,Delivered,0.0,True,9.0,5.75,none,6.0,6.0,Morning,1.0859,False,0.278
HDEL001562,HORD001562,2018-11-01,2018-11-06,2018-11-05,StarTrack,Express,Delivered,0.0,True,24.0,14.37,none,5.0,8.0,Morning,4.3807,True,0.963
HDEL001563,HORD001563,2018-11-23,2018-11-29,2018-11-27,AusPost,Standard,Delivered,0.0,True,66.0,9.23,none,6.0,9.0,Anytime,6.2917,True,0.359
HDEL001564,HORD001564,2018-02-24,2018-02-27,2018-02-27,AusPost,Standard,Delivered,0.0,True,54.0,7.87,none,3.0,6.0,Afternoon,2.9699,False,0.323
HDEL001565,HORD001565,2018-12-21,2018-12-26,2018-12-24,Direct Freight,Standard,Delivered,0.0,True,64.0,8.46,none,5.0,6.0,Afternoon,6.2579,True,1.057
HDEL001566,HORD001566,2018-01-12,2018-01-18,2018-01-16,StarTrack,Express,Delivered,0.0,True,51.0,16.22,none,6.0,9.0,Morning,7.8012,True,0.44
HDEL001567,HORD001567,2018-05-02,2018-05-09,2018-05-08,Direct Freight,Standard,Delivered,0.0,True,56.0,6.66,none,7.0,7.0,Afternoon,3.3663,False,0.358
HDEL001568,HORD001568,2018-05-04,2018-05-10,2018-05-09,Direct Freight,Standard,Delivered,0.0,True,63.0,7.23,none,6.0,5.0,Morning,4.573,True,1.633
HDEL001569,HORD001569,2018-05-03,2018-05-10,2018-05-10,AusPost,Standard,Delivered,0.0,True,36.0,7.97,none,7.0,6.0,Anytime,5.1204,False,0.333
HDEL001570,HORD001570,2018-06-15,2018-06-21,2018-06-19,Direct Freight,Standard,Delivered,0.0,True,48.0,6.99,none,6.0,4.0,Morning,0.316,False,0.239
HDEL001571,HORD001571,2018-10-15,2018-10-22,2018-10-22,Direct Freight,Standard,Delivered,0.0,True,12.0,7.81,none,7.0,4.0,Afternoon,2.79,False,0.282
HDEL001572,HORD001572,2018-04-13,2018-04-17,2018-04-17,Direct Freight,Standard,Delivered,0.0,True,66.0,10.2,none,4.0,4.0,Anytime,5.6897,True,1.082
HDEL001573,HORD001573,2018-03-10,2018-03-14,2018-03-13,StarTrack,Standard,Delivered,0.0,True,73.0,7.58,none,4.0,8.0,Afternoon,1.8546,False,0.327
HDEL001574,HORD001574,2018-03-31,2018-04-03,2018-04-02,StarTrack,Express,Delivered,0.0,True,5.0,15.77,none,3.0,4.0,Afternoon,6.3092,True,0.541
HDEL001575,HORD001575,2018-12-21,2018-12-24,2018-12-27,AusPost,Standard,Delivered,3.0,False,14.0,10.39,carrier_capacity,3.0,9.0,Anytime,5.5236,True,0.471
HDEL001576,HORD001576,2018-07-27,2018-08-03,2018-08-02,Direct Freight,Standard,Delivered,0.0,True,52.0,8.69,none,7.0,8.0,Morning,2.4826,True,0.34
HDEL001577,HORD001577,2018-09-24,2018-10-01,2018-09-30,AusPost,Standard,Delivered,0.0,True,58.0,9.18,none,7.0,7.0,Afternoon,5.6902,False,0.425
HDEL001578,HORD001578,2018-04-09,2018-04-14,2018-04-14,StarTrack,Standard,Delivered,0.0,True,37.0,8.67,none,5.0,5.0,Afternoon,5.0903,True,0.497
HDEL001579,HORD001579,2018-12-28,2019-01-04,2019-01-04,AusPost,Standard,Delivered,0.0,True,18.0,8.27,none,7.0,4.0,Anytime,2.3052,True,0.305
HDEL001580,HORD001580,2018-08-11,2018-08-15,2018-08-18,DHL,Standard,Delivered,3.0,False,19.0,9.82,carrier_capacity,4.0,5.0,Anytime,1.0328,True,0.328
HDEL001581,HORD001581,2018-04-19,2018-04-26,2018-04-25,Direct Freight,Standard,Delivered,0.0,True,20.0,8.05,none,7.0,9.0,Afternoon,4.5274,True,0.42
HDEL001582,HORD001582,2018-04-21,2018-04-25,2018-04-25,DHL,Express,Delivered,0.0,True,15.0,16.42,none,4.0,5.0,Afternoon,4.3706,True,0.484
HDEL001583,HORD001583,2018-08-05,2018-08-10,2018-08-08,DHL,Standard,Delivered,0.0,True,6.0,10.51,none,5.0,3.0,Anytime,3.528,True,0.348
HDEL001584,HORD001584,2018-05-09,2018-05-15,2018-05-13,Direct Freight,Express,Delivered,0.0,True,26.0,16.69,none,6.0,7.0,Morning,4.1458,True,0.348
HDEL001585,HORD001585,2018-07-11,2018-07-17,2018-07-17,AusPost,Standard,Delivered,0.0,True,17.0,9.04,none,6.0,8.0,Anytime,3.967,True,0.434
HDEL001586,HORD001586,2018-05-02,2018-05-06,2018-05-04,AusPost,Standard,Delivered,0.0,True,35.0,10.46,none,4.0,3.0,Morning,7.1137,False,0.415
HDEL001587,HORD001587,2018-07-30,2018-08-04,2018-08-02,DHL,Express,Delivered,0.0,True,45.0,19.83,none,5.0,3.0,Afternoon,6.3128,True,0.514
HDEL001588,HORD001588,2018-05-18,2018-05-25,2018-05-25,Direct Freight,Standard,Delivered,0.0,True,45.0,8.95,none,7.0,9.0,Afternoon,5.3787,True,1.228
HDEL001589,HORD001589,2018-04-13,2018-04-19,2018-04-17,AusPost,Standard,Delivered,0.0,True,16.0,8.99,none,6.0,9.0,Morning,6.9656,True,0.677
HDEL001590,HORD001590,2018-03-20,2018-03-27,2018-04-01,AusPost,Express,Delivered,5.0,False,25.0,20.48,weather,7.0,9.0,Anytime,7.7528,True,0.593
HDEL001591,HORD001591,2018-08-21,2018-08-28,2018-08-28,AusPost,Standard,Delivered,0.0,True,41.0,13.97,none,7.0,9.0,Morning,7.6829,True,0.884
HDEL001592,HORD001592,2018-12-05,2018-12-08,2018-12-06,DHL,Standard,Delivered,0.0,True,39.0,10.1,none,3.0,5.0,Morning,7.3453,False,0.421
HDEL001593,HORD001593,2018-08-08,2018-08-13,2018-08-11,AusPost,Standard,Delivered,0.0,True,16.0,8.08,none,5.0,3.0,Morning,2.1106,True,0.454
HDEL001594,HORD001594,2018-11-18,2018-11-23,2018-11-23,DHL,Standard,Delivered,0.0,True,51.0,7.14,none,5.0,4.0,Morning,1.4259,False,0.337
HDEL001595,HORD001595,2018-03-22,2018-03-25,2018-03-23,AusPost,Express,Delivered,0.0,True,21.0,16.46,none,3.0,5.0,Afternoon,2.0865,True,0.795
HDEL001596,HORD001596,2018-10-27,2018-11-01,2018-10-30,Direct Freight,Standard,Delivered,0.0,True,10.0,7.16,none,5.0,3.0,Anytime,3.4729,True,1.075
HDEL001597,HORD001597,2018-07-19,2018-07-22,2018-07-23,Direct Freight,Standard,Delivered,1.0,False,44.0,12.56,weather,3.0,4.0,Morning,5.1841,True,0.418
HDEL001598,HORD001598,2018-03-27,2018-03-31,2018-03-31,DHL,Standard,Delivered,0.0,True,12.0,9.2,none,4.0,9.0,Anytime,4.6966,True,0.384
HDEL001599,HORD001599,2018-02-12,2018-02-18,2018-02-22,StarTrack,Standard,Delivered,4.0,False,43.0,8.26,warehouse_congestion,6.0,3.0,Anytime,2.9396,True,0.863
HDEL001600,HORD001600,2018-03-07,2018-03-12,2018-03-11,Direct Freight,Standard,Delivered,0.0,True,42.0,7.8,none,5.0,4.0,Afternoon,4.8422,False,0.33
HDEL001601,HORD001601,2018-08-05,2018-08-09,2018-08-07,StarTrack,Standard,Delivered,0.0,True,68.0,7.64,none,4.0,8.0,Afternoon,0.5058,True,0.838
HDEL001602,HORD001602,2018-08-01,2018-08-08,2018-08-08,StarTrack,Standard,Delivered,0.0,True,3.0,7.94,none,7.0,3.0,Morning,2.3052,False,0.344
HDEL001603,HORD001603,2018-04-05,2018-04-08,2018-04-08,DHL,Standard,Delivered,0.0,True,70.0,10.01,none,3.0,5.0,Morning,8.3195,False,0.435
HDEL001604,HORD001604,2018-11-06,2018-11-09,2018-11-07,AusPost,Express,Delivered,0.0,True,35.0,19.9,none,3.0,8.0,Anytime,7.0202,False,0.44
HDEL001605,HORD001605,2018-11-21,2018-11-25,2018-11-23,StarTrack,Express,Delivered,0.0,True,52.0,18.62,none,4.0,6.0,Morning,6.7869,True,0.448
HDEL001606,HORD001606,2018-01-14,2018-01-20,2018-01-21,StarTrack,Standard,Delivered,1.0,False,45.0,11.72,weather,6.0,9.0,Anytime,9.1432,True,0.589
HDEL001607,HORD001607,2018-05-01,2018-05-07,2018-05-07,DHL,Express,Delivered,0.0,True,26.0,20.2,none,6.0,5.0,Anytime,5.9582,False,0.394
HDEL001608,HORD001608,2018-04-13,2018-04-16,2018-04-16,StarTrack,Standard,Delivered,0.0,True,44.0,11.43,none,3.0,7.0,Afternoon,7.2366,True,0.516
HDEL001609,HORD001609,2018-09-02,2018-09-09,2018-09-09,Direct Freight,Standard,Delivered,0.0,True,15.0,11.7,none,7.0,6.0,Afternoon,7.4924,True,0.487
HDEL001610,HORD001610,2018-11-27,2018-12-03,2018-12-02,DHL,Standard,Delivered,0.0,True,49.0,7.65,none,6.0,7.0,Afternoon,4.1841,True,0.498
HDEL001611,HORD001611,2018-08-20,2018-08-27,2018-08-26,Direct Freight,Standard,Delivered,0.0,True,34.0,10.92,none,7.0,3.0,Morning,6.5212,True,0.578
HDEL001612,HORD001612,2018-04-08,2018-04-12,2018-04-10,DHL,Express,Delivered,0.0,True,6.0,13.48,none,4.0,9.0,Anytime,2.2204,True,0.987
HDEL001613,HORD001613,2018-12-21,2018-12-28,2018-12-27,StarTrack,Standard,Delivered,0.0,True,35.0,10.91,none,7.0,5.0,Anytime,7.1137,True,0.52
HDEL001614,HORD001614,2018-09-05,2018-09-10,2018-09-10,AusPost,Standard,Delivered,0.0,True,32.0,10.13,none,5.0,3.0,Afternoon,7.0268,False,0.442
HDEL001615,HORD001615,2018-11-30,2018-12-07,2018-12-05,AusPost,Express,Delivered,0.0,True,36.0,15.96,none,7.0,5.0,Afternoon,6.0658,True,0.471
HDEL001616,HORD001616,2018-07-27,2018-07-30,2018-07-30,Direct Freight,Standard,Delivered,0.0,True,61.0,7.89,none,3.0,6.0,Anytime,2.0879,False,0.268
HDEL001617,HORD001617,2018-05-01,2018-05-07,2018-05-07,AusPost,Standard,Delivered,0.0,True,20.0,7.25,none,6.0,9.0,Morning,2.522,False,0.389
HDEL001618,HORD001618,2018-08-18,2018-08-24,2018-08-23,Direct Freight,Standard,Delivered,0.0,True,14.0,12.88,none,6.0,4.0,Anytime,5.3461,False,0.508
HDEL001619,HORD001619,2018-07-16,2018-07-23,2018-07-22,Direct Freight,Standard,Delivered,0.0,True,37.0,11.9,none,7.0,9.0,Anytime,3.7755,True,1.223
HDEL001620,HORD001620,2018-04-10,2018-04-16,2018-04-15,StarTrack,Express,Delivered,0.0,True,67.0,14.0,none,6.0,7.0,Morning,3.5747,True,0.416
HDEL001621,HORD001621,2018-04-28,2018-05-03,2018-05-03,AusPost,Standard,Delivered,0.0,True,43.0,10.82,none,5.0,3.0,Morning,7.2366,True,1.146
HDEL001622,HORD001622,2018-03-15,2018-03-19,2018-03-18,AusPost,Standard,Delivered,0.0,True,57.0,8.64,none,4.0,6.0,Morning,6.2927,True,0.531
HDEL001623,HORD001623,2018-12-11,2018-12-16,2018-12-21,DHL,Express,Delivered,5.0,False,30.0,20.38,weather,5.0,9.0,Afternoon,6.063,True,0.403
HDEL001624,HORD001624,2018-02-27,2018-03-04,2018-03-04,Direct Freight,Express,Delivered,0.0,True,52.0,14.42,none,5.0,8.0,Morning,4.1639,True,0.816
HDEL001625,HORD001625,2018-01-24,2018-01-31,2018-02-02,DHL,Standard,Delivered,2.0,False,48.0,7.3,carrier_capacity,7.0,3.0,Anytime,4.2688,True,0.446
HDEL001626,HORD001626,2018-11-02,2018-11-06,2018-11-09,Direct Freight,Standard,Delivered,3.0,False,29.0,7.56,warehouse_congestion,4.0,4.0,Afternoon,5.1031,True,0.377
HDEL001627,HORD001627,2018-04-09,2018-04-14,2018-04-14,StarTrack,Express,Delivered,0.0,True,70.0,18.13,none,5.0,4.0,Anytime,8.9244,False,0.459
HDEL001628,HORD001628,2018-02-02,2018-02-08,2018-02-07,Direct Freight,Express,Delivered,0.0,True,32.0,14.6,none,6.0,8.0,Morning,1.6889,True,0.261
HDEL001629,HORD001629,2018-06-15,2018-06-21,2018-06-21,Direct Freight,Express,Delivered,0.0,True,51.0,17.86,none,6.0,7.0,Afternoon,3.9846,False,0.444
HDEL001630,HORD001630,2018-07-09,2018-07-13,2018-07-13,DHL,Standard,Delivered,0.0,True,12.0,13.02,none,4.0,4.0,Afternoon,6.5139,True,0.671
HDEL001631,HORD001631,2018-02-05,2018-02-12,2018-02-11,Direct Freight,Standard,Delivered,0.0,True,7.0,10.09,none,7.0,6.0,Afternoon,5.6382,False,0.355
HDEL001632,HORD001632,2018-05-20,2018-05-27,2018-05-26,DHL,Standard,Delivered,0.0,True,68.0,7.77,none,7.0,6.0,Anytime,3.528,True,1.132
HDEL001633,HORD001633,2018-06-12,2018-06-18,2018-06-20,DHL,Express,Delivered,2.0,False,7.0,19.1,weather,6.0,8.0,Anytime,1.6352,False,0.459
HDEL001634,HORD001634,2018-11-20,2018-11-23,2018-11-23,StarTrack,Express,Delivered,0.0,True,29.0,21.05,none,3.0,7.0,Anytime,9.7484,True,0.625
HDEL001635,HORD001635,2018-01-21,2018-01-24,2018-01-24,StarTrack,Standard,Delivered,0.0,True,63.0,8.25,none,3.0,9.0,Anytime,1.4457,True,0.399
HDEL001636,HORD001636,2018-05-15,2018-05-21,2018-05-26,AusPost,Standard,Delivered,5.0,False,50.0,10.64,carrier_capacity,6.0,9.0,Afternoon,8.8063,True,0.505
HDEL001637,HORD001637,2018-08-25,2018-08-30,2018-08-28,AusPost,Standard,Delivered,0.0,True,25.0,9.9,none,5.0,4.0,Afternoon,5.5612,True,0.496
HDEL001638,HORD001638,2018-06-17,2018-06-22,2018-06-21,DHL,Standard,Delivered,0.0,True,54.0,13.19,none,5.0,3.0,Anytime,7.1137,True,0.701
HDEL001639,HORD001639,2018-06-02,2018-06-06,2018-06-06,StarTrack,Standard,Delivered,0.0,True,67.0,8.98,none,4.0,3.0,Afternoon,8.5348,True,0.512
HDEL001640,HORD001640,2018-07-03,2018-07-08,2018-07-06,StarTrack,Standard,Delivered,0.0,True,34.0,14.72,none,5.0,9.0,Afternoon,7.7381,True,0.526
HDEL001641,HORD001641,2018-07-05,2018-07-09,2018-07-09,StarTrack,Standard,Delivered,0.0,True,37.0,12.62,none,4.0,8.0,Afternoon,7.7381,False,0.562
HDEL001642,HORD001642,2018-03-25,2018-04-01,2018-03-30,StarTrack,Standard,Delivered,0.0,True,22.0,7.95,none,7.0,4.0,Afternoon,6.4552,False,0.466
HDEL001643,HORD001643,2018-12-29,2019-01-05,2019-01-05,DHL,Standard,Delivered,0.0,True,65.0,6.0,none,7.0,6.0,Anytime,1.4385,False,0.344
HDEL001644,HORD001644,2018-05-03,2018-05-07,2018-05-11,StarTrack,Express,Delivered,4.0,False,27.0,18.57,warehouse_congestion,4.0,5.0,Morning,6.3105,True,1.164
HDEL001645,HORD001645,2018-12-23,2018-12-26,2018-12-24,AusPost,Standard,Delivered,0.0,True,59.0,8.95,none,3.0,9.0,Anytime,7.0268,False,0.413
HDEL001646,HORD001646,2018-04-10,2018-04-16,2018-04-14,Direct Freight,Standard,Delivered,0.0,True,26.0,11.68,none,6.0,6.0,Afternoon,8.1012,True,0.485
HDEL001647,HORD001647,2018-11-05,2018-11-12,2018-11-10,AusPost,Standard,Delivered,0.0,True,29.0,10.23,none,7.0,5.0,Morning,7.1589,True,0.499
HDEL001648,HORD001648,2018-06-01,2018-06-07,2018-06-05,Direct Freight,Standard,Delivered,0.0,True,7.0,13.2,none,6.0,9.0,Anytime,9.7484,False,0.556
HDEL001649,HORD001649,2018-08-10,2018-08-17,2018-08-17,StarTrack,Express,Delivered,0.0,True,35.0,23.12,none,7.0,9.0,Afternoon,5.8138,True,1.225
HDEL001650,HORD001650,2018-05-01,2018-05-05,2018-05-05,AusPost,Standard,Delivered,0.0,True,17.0,9.29,none,4.0,3.0,Afternoon,5.6183,True,0.65
HDEL001651,HORD001651,2018-12-19,2018-12-24,2018-12-24,Direct Freight,Standard,Delivered,0.0,True,69.0,9.94,none,5.0,4.0,Afternoon,5.0303,False,0.394
HDEL001652,HORD001652,2018-04-01,2018-04-08,2018-04-08,DHL,Standard,Delivered,0.0,True,4.0,10.94,none,7.0,4.0,Anytime,6.7869,True,0.914
HDEL001653,HORD001653,2018-06-14,2018-06-19,2018-06-18,Direct Freight,Express,Delivered,0.0,True,67.0,17.29,none,5.0,6.0,Afternoon,3.0513,False,0.423
HDEL001654,HORD001654,2018-11-09,2018-11-14,2018-11-12,DHL,Standard,Delivered,0.0,True,7.0,8.65,none,5.0,7.0,Afternoon,7.101,True,0.457
HDEL001655,HORD001655,2018-04-06,2018-04-11,2018-04-11,DHL,Standard,Delivered,0.0,True,5.0,9.83,none,5.0,5.0,Afternoon,8.5452,True,0.618
HDEL001656,HORD001656,2018-04-11,2018-04-14,2018-04-13,DHL,Standard,Delivered,0.0,True,45.0,5.06,none,3.0,3.0,Afternoon,0.7974,False,0.317
HDEL001657,HORD001657,2018-10-02,2018-10-09,2018-10-09,StarTrack,Standard,Delivered,0.0,True,68.0,9.49,none,7.0,4.0,Afternoon,7.3951,True,0.617
HDEL001658,HORD001658,2018-08-30,2018-09-02,2018-09-02,AusPost,Express,Delivered,0.0,True,37.0,20.09,none,3.0,3.0,Afternoon,1.6631,True,0.941
HDEL001659,HORD001659,2018-11-13,2018-11-16,2018-11-15,Direct Freight,Standard,Delivered,0.0,True,27.0,9.23,none,3.0,6.0,Morning,5.1815,False,0.338
HDEL001660,HORD001660,2018-04-16,2018-04-23,2018-04-23,AusPost,Standard,Delivered,0.0,True,72.0,7.99,none,7.0,5.0,Afternoon,2.7779,False,0.39
HDEL001661,HORD001661,2018-05-26,2018-05-29,2018-05-27,Direct Freight,Standard,Delivered,0.0,True,35.0,8.23,none,3.0,5.0,Morning,6.6869,True,0.686
HDEL001662,HORD001662,2018-09-29,2018-10-03,2018-10-01,DHL,Express,Delivered,0.0,True,14.0,17.17,none,4.0,7.0,Anytime,5.9234,True,1.234
HDEL001663,HORD001663,2018-07-03,2018-07-08,2018-07-08,DHL,Standard,Delivered,0.0,True,24.0,13.17,none,5.0,5.0,Morning,7.306,True,0.702
HDEL001664,HORD001664,2018-10-19,2018-10-26,2018-10-25,AusPost,Standard,Delivered,0.0,True,65.0,11.18,none,7.0,8.0,Morning,6.8145,True,0.547
HDEL001665,HORD001665,2018-12-16,2018-12-22,2018-12-27,Direct Freight,Standard,Delivered,5.0,False,4.0,7.9,warehouse_congestion,6.0,6.0,Morning,5.4408,False,0.39
HDEL001666,HORD001666,2018-04-24,2018-04-28,2018-04-26,AusPost,Standard,Delivered,0.0,True,33.0,11.29,none,4.0,6.0,Afternoon,8.8786,True,0.533
HDEL001667,HORD001667,2018-01-08,2018-01-13,2018-01-15,Direct Freight,Standard,Delivered,2.0,False,72.0,11.62,warehouse_congestion,5.0,7.0,Anytime,8.7149,False,0.414
HDEL001668,HORD001668,2018-11-18,2018-11-21,2018-11-19,Direct Freight,Standard,Delivered,0.0,True,71.0,9.56,none,3.0,8.0,Afternoon,5.6528,True,1.075
HDEL001669,HORD001669,2018-01-11,2018-01-14,2018-01-13,DHL,Standard,Delivered,0.0,True,40.0,9.5,none,3.0,9.0,Afternoon,5.0456,False,0.379
HDEL001670,HORD001670,2018-03-02,2018-03-08,2018-03-12,DHL,Standard,Delivered,4.0,False,41.0,7.94,weather,6.0,4.0,Anytime,4.3645,False,0.452
HDEL001671,HORD001671,2018-11-09,2018-11-15,2018-11-13,AusPost,Express,Delivered,0.0,True,40.0,17.9,none,6.0,9.0,Anytime,3.7986,True,0.505
HDEL001672,HORD001672,2018-11-24,2018-11-30,2018-11-28,DHL,Standard,Delivered,0.0,True,67.0,9.48,none,6.0,8.0,Anytime,6.1048,False,0.445
HDEL001673,HORD001673,2018-03-22,2018-03-26,2018-03-25,DHL,Standard,Delivered,0.0,True,73.0,6.88,none,4.0,5.0,Anytime,2.8334,False,0.411
HDEL001674,HORD001674,2018-10-08,2018-10-12,2018-10-10,AusPost,Express,Delivered,0.0,True,36.0,16.22,none,4.0,8.0,Morning,5.0681,True,0.986
HDEL001675,HORD001675,2018-08-20,2018-08-27,2018-08-27,AusPost,Standard,Delivered,0.0,True,59.0,10.7,none,7.0,7.0,Anytime,5.5898,True,0.544
HDEL001676,HORD001676,2018-04-04,2018-04-11,2018-04-09,Direct Freight,Express,Delivered,0.0,True,59.0,16.74,none,7.0,8.0,Afternoon,2.7425,True,0.395
HDEL001677,HORD001677,2018-03-09,2018-03-15,2018-03-14,DHL,Standard,Delivered,0.0,True,54.0,9.12,none,6.0,9.0,Anytime,4.8747,True,1.285
HDEL001678,HORD001678,2018-06-11,2018-06-14,2018-06-13,StarTrack,Express,Delivered,0.0,True,43.0,23.08,none,3.0,8.0,Morning,4.3706,True,0.456
HDEL001679,HORD001679,2018-04-05,2018-04-09,2018-04-09,Direct Freight,Standard,Delivered,0.0,True,32.0,8.63,none,4.0,5.0,Anytime,5.6715,False,0.339
HDEL001680,HORD001680,2018-01-22,2018-01-26,2018-01-25,StarTrack,Standard,Delivered,0.0,True,70.0,8.83,none,4.0,5.0,Afternoon,2.9193,True,0.565
HDEL001681,HORD001681,2018-08-24,2018-08-31,2018-08-30,Direct Freight,Express,Delivered,0.0,True,41.0,24.57,none,7.0,6.0,Morning,6.8495,False,0.376
HDEL001682,HORD001682,2018-07-30,2018-08-02,2018-07-31,StarTrack,Standard,Delivered,0.0,True,3.0,9.97,none,3.0,3.0,Morning,5.3354,True,0.536
HDEL001683,HORD001683,2018-11-21,2018-11-27,2018-11-27,DHL,Express,Delivered,0.0,True,27.0,18.26,none,6.0,9.0,Anytime,7.9613,False,0.49
HDEL001684,HORD001684,2018-03-08,2018-03-14,2018-03-14,DHL,Standard,Delivered,0.0,True,34.0,7.54,none,6.0,6.0,Morning,1.9118,True,0.474
HDEL001685,HORD001685,2018-10-01,2018-10-04,2018-10-05,Direct Freight,Express,Delivered,1.0,False,13.0,17.24,warehouse_congestion,3.0,9.0,Anytime,8.3283,False,0.435
HDEL001686,HORD001686,2018-09-22,2018-09-25,2018-09-25,Direct Freight,Standard,Delivered,0.0,True,16.0,10.65,none,3.0,7.0,Anytime,7.0974,True,0.518
HDEL001687,HORD001687,2018-02-27,2018-03-02,2018-03-02,DHL,Standard,Delivered,0.0,True,57.0,9.51,none,3.0,8.0,Anytime,8.3283,True,0.493
HDEL001688,HORD001688,2018-04-27,2018-05-04,2018-05-03,StarTrack,Standard,Delivered,0.0,True,18.0,7.81,none,7.0,6.0,Morning,2.2204,True,0.328
HDEL001689,HORD001689,2018-07-23,2018-07-27,2018-07-26,AusPost,Standard,Delivered,0.0,True,18.0,14.05,none,4.0,7.0,Morning,8.5348,True,0.51
HDEL001690,HORD001690,2018-09-27,2018-10-02,2018-10-07,AusPost,Standard,Delivered,5.0,False,65.0,7.31,carrier_capacity,5.0,5.0,Morning,3.5444,False,1.134
HDEL001691,HORD001691,2018-10-09,2018-10-15,2018-10-13,StarTrack,Standard,Delivered,0.0,True,38.0,7.47,none,6.0,9.0,Anytime,1.4827,True,0.325
HDEL001692,HORD001692,2018-08-02,2018-08-08,2018-08-08,DHL,Standard,Delivered,0.0,True,12.0,14.19,none,6.0,4.0,Anytime,7.6606,True,0.571
HDEL001693,HORD001693,2018-01-13,2018-01-19,2018-01-17,AusPost,Standard,Delivered,0.0,True,70.0,6.5,none,6.0,6.0,Afternoon,2.216,True,0.321
HDEL001694,HORD001694,2018-12-17,2018-12-21,2018-12-19,StarTrack,Standard,Delivered,0.0,True,10.0,9.32,none,4.0,6.0,Anytime,7.1589,True,0.423
HDEL001695,HORD001695,2018-12-02,2018-12-05,2018-12-05,StarTrack,Express,Delivered,0.0,True,34.0,16.29,none,3.0,5.0,Afternoon,5.6443,True,0.573
HDEL001696,HORD001696,2018-05-27,2018-05-31,2018-05-29,AusPost,Standard,Delivered,0.0,True,42.0,8.69,none,4.0,9.0,Anytime,6.9946,False,0.459
HDEL001697,HORD001697,2018-03-04,2018-03-10,2018-03-09,AusPost,Standard,Delivered,0.0,True,62.0,10.16,none,6.0,4.0,Anytime,5.3461,True,0.415
HDEL001698,HORD001698,2018-10-07,2018-10-12,2018-10-11,StarTrack,Standard,Delivered,0.0,True,59.0,8.01,none,5.0,5.0,Morning,2.6944,False,0.353
HDEL001699,HORD001699,2018-08-14,2018-08-21,2018-08-21,AusPost,Express,Delivered,0.0,True,41.0,16.9,none,7.0,5.0,Afternoon,1.131,False,0.248
HDEL001700,HORD001700,2018-10-13,2018-10-17,2018-10-15,AusPost,Standard,Delivered,0.0,True,23.0,6.52,none,4.0,7.0,Morning,1.2394,False,0.27
HDEL001701,HORD001701,2018-02-15,2018-02-22,2018-02-22,StarTrack,Standard,Delivered,0.0,True,62.0,9.52,none,7.0,7.0,Anytime,7.2366,True,1.183
HDEL001702,HORD001702,2018-12-15,2018-12-18,2018-12-18,Direct Freight,Standard,Delivered,0.0,True,20.0,6.93,none,3.0,4.0,Anytime,3.0748,True,1.046
HDEL001703,HORD001703,2018-12-10,2018-12-17,2018-12-16,StarTrack,Standard,Delivered,0.0,True,61.0,6.14,none,7.0,7.0,Morning,1.8801,True,0.614
HDEL001704,HORD001704,2018-02-20,2018-02-24,2018-02-23,AusPost,Standard,Delivered,0.0,True,29.0,6.93,none,4.0,8.0,Afternoon,3.15,True,1.654
HDEL001705,HORD001705,2018-05-07,2018-05-13,2018-05-12,StarTrack,Standard,Delivered,0.0,True,40.0,6.39,none,6.0,4.0,Morning,3.286,True,0.646
HDEL001706,HORD001706,2018-04-24,2018-05-01,2018-04-30,StarTrack,Standard,Delivered,0.0,True,21.0,8.31,none,7.0,3.0,Morning,4.8422,False,0.413
HDEL001707,HORD001707,2018-06-12,2018-06-19,2018-06-18,DHL,Standard,Delivered,0.0,True,52.0,13.59,none,7.0,5.0,Afternoon,6.5932,True,0.455
HDEL001708,HORD001708,2018-11-20,2018-11-24,2018-11-23,DHL,Standard,Delivered,0.0,True,12.0,7.33,none,4.0,5.0,Morning,2.8302,True,0.378
HDEL001709,HORD001709,2018-03-26,2018-03-29,2018-03-27,AusPost,Express,Delivered,0.0,True,2.0,14.06,none,3.0,4.0,Afternoon,0.5217,True,0.368
HDEL001710,HORD001710,2018-03-22,2018-03-28,2018-03-28,StarTrack,Standard,Delivered,0.0,True,73.0,6.42,none,6.0,9.0,Morning,1.2497,True,0.356
HDEL001711,HORD001711,2018-09-10,2018-09-16,2018-09-16,StarTrack,Standard,Delivered,0.0,True,65.0,11.09,none,6.0,3.0,Anytime,6.6818,True,0.428
HDEL001712,HORD001712,2018-08-17,2018-08-21,2018-08-22,DHL,Standard,Delivered,1.0,False,34.0,12.52,warehouse_congestion,4.0,9.0,Afternoon,6.6869,True,0.901
HDEL001713,HORD001713,2018-09-28,2018-10-04,2018-10-04,Direct Freight,Standard,Delivered,0.0,True,43.0,10.6,none,6.0,8.0,Afternoon,7.996,True,0.471
HDEL001714,HORD001714,2018-08-09,2018-08-12,2018-08-10,Direct Freight,Express,Delivered,0.0,True,68.0,23.53,none,3.0,7.0,Anytime,7.7275,True,0.619
HDEL001715,HORD001715,2018-01-09,2018-01-15,2018-01-13,StarTrack,Standard,Delivered,0.0,True,66.0,8.63,none,6.0,8.0,Anytime,2.3496,False,1.017
HDEL001716,HORD001716,2018-07-23,2018-07-27,2018-07-25,StarTrack,Standard,Delivered,0.0,True,53.0,10.87,none,4.0,3.0,Anytime,4.2429,False,0.377
HDEL001717,HORD001717,2018-02-08,2018-02-15,2018-02-16,Direct Freight,Standard,Delivered,1.0,False,15.0,7.97,warehouse_congestion,7.0,5.0,Anytime,5.8668,True,0.539
HDEL001718,HORD001718,2018-08-18,2018-08-23,2018-08-21,Direct Freight,Standard,Delivered,0.0,True,69.0,14.09,none,5.0,3.0,Afternoon,8.9244,False,0.451
HDEL001719,HORD001719,2018-11-02,2018-11-07,2018-11-05,StarTrack,Express,Delivered,0.0,True,62.0,17.54,none,5.0,8.0,Afternoon,7.7961,True,0.58
HDEL001720,HORD001720,2018-08-02,2018-08-05,2018-08-03,Direct Freight,Standard,Delivered,0.0,True,32.0,13.01,none,3.0,8.0,Morning,6.1878,True,0.515
HDEL001721,HORD001721,2018-05-23,2018-05-30,2018-05-29,StarTrack,Standard,Delivered,0.0,True,35.0,10.57,none,7.0,5.0,Afternoon,6.2579,True,0.487
HDEL001722,HORD001722,2018-07-15,2018-07-22,2018-07-20,AusPost,Standard,Delivered,0.0,True,62.0,10.63,none,7.0,7.0,Anytime,6.867,True,0.516
HDEL001723,HORD001723,2018-01-23,2018-01-29,2018-02-03,Direct Freight,Express,Delivered,5.0,False,66.0,17.64,weather,6.0,4.0,Anytime,7.1276,False,0.419
HDEL001724,HORD001724,2018-02-18,2018-02-25,2018-02-23,DHL,Standard,Delivered,0.0,True,60.0,10.32,none,7.0,7.0,Morning,5.6902,True,0.477
HDEL001725,HORD001725,2018-03-26,2018-03-29,2018-03-28,AusPost,Standard,Delivered,0.0,True,12.0,7.97,none,3.0,3.0,Afternoon,5.6649,True,0.485
HDEL001726,HORD001726,2018-06-30,2018-07-03,2018-07-03,StarTrack,Standard,Delivered,0.0,True,50.0,8.54,none,3.0,4.0,Afternoon,1.5741,True,0.995
HDEL001727,HORD001727,2018-04-05,2018-04-09,2018-04-08,DHL,Standard,Delivered,0.0,True,2.0,10.24,none,4.0,7.0,Afternoon,8.3195,True,0.491
HDEL001728,HORD001728,2018-03-10,2018-03-16,2018-03-16,DHL,Standard,Delivered,0.0,True,23.0,10.5,none,6.0,8.0,Afternoon,7.7045,True,0.611
HDEL001729,HORD001729,2018-11-28,2018-12-05,2018-12-10,StarTrack,Standard,Delivered,5.0,False,26.0,9.72,carrier_capacity,7.0,7.0,Afternoon,6.9407,True,0.565
HDEL001730,HORD001730,2018-08-20,2018-08-25,2018-08-25,DHL,Standard,Delivered,0.0,True,18.0,10.85,none,5.0,8.0,Morning,4.4785,True,0.402
HDEL001731,HORD001731,2018-08-29,2018-09-01,2018-09-01,Direct Freight,Standard,Delivered,0.0,True,28.0,10.82,none,3.0,5.0,Anytime,3.528,True,0.363
HDEL001732,HORD001732,2018-04-12,2018-04-17,2018-04-15,DHL,Standard,Delivered,0.0,True,57.0,8.46,none,5.0,4.0,Anytime,7.6606,False,0.423
HDEL001733,HORD001733,2018-04-07,2018-04-10,2018-04-10,Direct Freight,Standard,Delivered,0.0,True,71.0,10.11,none,3.0,9.0,Afternoon,8.8063,True,0.594
HDEL001734,HORD001734,2018-01-17,2018-01-20,2018-01-24,StarTrack,Standard,Delivered,4.0,False,54.0,7.48,weather,3.0,5.0,Anytime,4.8747,True,0.481
HDEL001735,HORD001735,2018-01-10,2018-01-17,2018-01-16,StarTrack,Standard,Delivered,0.0,True,3.0,10.04,none,7.0,5.0,Morning,6.0658,True,0.407
HDEL001736,HORD001736,2018-12-14,2018-12-21,2018-12-20,StarTrack,Standard,Delivered,0.0,True,62.0,10.64,none,7.0,5.0,Morning,6.7474,True,0.474
HDEL001737,HORD001737,2018-03-14,2018-03-21,2018-03-23,StarTrack,Standard,Delivered,2.0,False,73.0,6.69,carrier_capacity,7.0,8.0,Morning,3.7951,True,0.48
HDEL001738,HORD001738,2018-09-24,2018-09-28,2018-10-02,DHL,Standard,Delivered,4.0,False,67.0,10.04,weather,4.0,7.0,Afternoon,7.5212,True,0.475
HDEL001739,HORD001739,2018-08-31,2018-09-03,2018-09-03,DHL,Express,Delivered,0.0,True,30.0,21.75,none,3.0,7.0,Afternoon,3.0499,False,0.338
HDEL001740,HORD001740,2018-05-14,2018-05-17,2018-05-16,StarTrack,Standard,Delivered,0.0,True,30.0,5.7,none,3.0,3.0,Afternoon,1.3091,True,0.371
HDEL001741,HORD001741,2018-01-11,2018-01-15,2018-01-15,Direct Freight,Standard,Delivered,0.0,True,28.0,8.93,none,4.0,3.0,Anytime,5.839,False,0.369
HDEL001742,HORD001742,2018-12-01,2018-12-07,2018-12-05,AusPost,Standard,Delivered,0.0,True,33.0,10.79,none,6.0,6.0,Morning,5.9106,True,0.47
HDEL001743,HORD001743,2018-04-04,2018-04-11,2018-04-10,StarTrack,Standard,Delivered,0.0,True,72.0,10.04,none,7.0,5.0,Morning,7.468,True,0.496
HDEL001744,HORD001744,2018-07-05,2018-07-08,2018-07-08,StarTrack,Standard,Delivered,0.0,True,72.0,12.62,none,3.0,5.0,Anytime,6.4285,False,0.392
HDEL001745,HORD001745,2018-07-17,2018-07-22,2018-07-23,Direct Freight,Standard,Delivered,1.0,False,64.0,11.21,warehouse_congestion,5.0,9.0,Afternoon,4.1707,False,0.991
HDEL001746,HORD001746,2018-02-02,2018-02-05,2018-02-05,StarTrack,Express,Delivered,0.0,True,58.0,17.62,none,3.0,3.0,Anytime,3.6202,False,0.316
HDEL001747,HORD001747,2018-02-15,2018-02-19,2018-02-19,Direct Freight,Standard,Delivered,0.0,True,67.0,8.8,none,4.0,5.0,Morning,3.528,True,1.064
HDEL001748,HORD001748,2018-10-31,2018-11-03,2018-11-02,DHL,Standard,Delivered,0.0,True,64.0,11.48,none,3.0,9.0,Anytime,6.9799,False,0.47
HDEL001749,HORD001749,2018-04-24,2018-04-29,2018-04-27,AusPost,Express,Delivered,0.0,True,11.0,16.68,none,5.0,5.0,Anytime,4.2014,True,0.399
HDEL001750,HORD001750,2018-12-21,2018-12-24,2018-12-22,StarTrack,Standard,Delivered,0.0,True,44.0,7.81,none,3.0,8.0,Afternoon,3.7986,False,0.378
HDEL001751,HORD001751,2018-03-31,2018-04-06,2018-04-06,Direct Freight,Standard,Delivered,0.0,True,4.0,7.14,none,6.0,3.0,Anytime,4.2014,True,0.451
HDEL001752,HORD001752,2018-12-31,2019-01-04,2019-01-03,Direct Freight,Standard,Delivered,0.0,True,58.0,10.03,none,4.0,6.0,Morning,7.7913,True,0.602
HDEL001753,HORD001753,2018-11-20,2018-11-23,2018-11-21,StarTrack,Standard,Delivered,0.0,True,54.0,9.89,none,3.0,3.0,Anytime,6.3128,True,0.925
HDEL001754,HORD001754,2018-03-03,2018-03-07,2018-03-07,Direct Freight,Standard,Delivered,0.0,True,62.0,6.18,none,4.0,5.0,Afternoon,1.8801,False,0.429
HDEL001755,HORD001755,2018-04-09,2018-04-12,2018-04-10,Direct Freight,Standard,Delivered,0.0,True,59.0,8.92,none,3.0,9.0,Anytime,4.895,True,0.474
HDEL001756,HORD001756,2018-07-18,2018-07-25,2018-07-25,DHL,Standard,Delivered,0.0,True,51.0,12.32,none,7.0,3.0,Morning,8.9878,True,0.479
HDEL001757,HORD001757,2018-06-04,2018-06-10,2018-06-15,Direct Freight,Standard,Delivered,5.0,False,68.0,12.43,warehouse_congestion,6.0,4.0,Afternoon,6.6114,False,0.515
HDEL001758,HORD001758,2018-04-20,2018-04-27,2018-04-27,AusPost,Express,Delivered,0.0,True,69.0,19.47,none,7.0,9.0,Afternoon,6.9271,True,1.149
HDEL001759,HORD001759,2018-02-09,2018-02-13,2018-02-11,Direct Freight,Standard,Delivered,0.0,True,39.0,8.64,none,4.0,4.0,Anytime,5.7284,True,1.157
HDEL001760,HORD001760,2018-03-05,2018-03-11,2018-03-13,StarTrack,Standard,Delivered,2.0,False,35.0,11.73,carrier_capacity,6.0,3.0,Morning,8.6104,False,0.432
HDEL001761,HORD001761,2018-07-26,2018-07-30,2018-07-29,Direct Freight,Standard,Delivered,0.0,True,28.0,9.43,none,4.0,8.0,Afternoon,4.4985,False,0.359
HDEL001762,HORD001762,2018-05-05,2018-05-10,2018-05-10,AusPost,Standard,Delivered,0.0,True,39.0,8.09,none,5.0,7.0,Afternoon,5.7885,False,0.409
HDEL001763,HORD001763,2018-08-30,2018-09-03,2018-09-01,AusPost,Standard,Delivered,0.0,True,56.0,8.38,none,4.0,4.0,Anytime,0.134,True,1.037
HDEL001764,HORD001764,2018-08-14,2018-08-17,2018-08-15,AusPost,Express,Delivered,0.0,True,27.0,19.02,none,3.0,3.0,Morning,1.4385,True,1.063
HDEL001765,HORD001765,2018-02-05,2018-02-09,2018-02-07,Direct Freight,Standard,Delivered,0.0,True,55.0,10.01,none,4.0,9.0,Afternoon,7.4907,True,0.456
HDEL001766,HORD001766,2018-02-18,2018-02-22,2018-02-20,Direct Freight,Standard,Delivered,0.0,True,20.0,12.28,none,4.0,9.0,Morning,7.691,True,0.622
HDEL001767,HORD001767,2018-10-18,2018-10-24,2018-10-22,DHL,Standard,Delivered,0.0,True,30.0,7.35,none,6.0,6.0,Anytime,1.4115,False,0.284
HDEL001768,HORD001768,2018-07-22,2018-07-27,2018-07-26,AusPost,Standard,Delivered,0.0,True,68.0,14.93,none,5.0,4.0,Anytime,8.0803,False,0.438
HDEL001769,HORD001769,2018-06-02,2018-06-09,2018-06-08,AusPost,Standard,Delivered,0.0,True,12.0,14.72,none,7.0,3.0,Afternoon,8.1012,True,0.525
HDEL001770,HORD001770,2018-04-04,2018-04-10,2018-04-08,AusPost,Standard,Delivered,0.0,True,15.0,6.74,none,6.0,9.0,Afternoon,2.9003,True,0.379
HDEL001771,HORD001771,2018-09-02,2018-09-06,2018-09-06,StarTrack,Standard,Delivered,0.0,True,51.0,8.42,none,4.0,6.0,Afternoon,3.0513,False,0.326
HDEL001772,HORD001772,2018-10-15,2018-10-20,2018-10-20,StarTrack,Express,Delivered,0.0,True,62.0,16.38,none,5.0,7.0,Morning,7.7528,True,0.543
HDEL001773,HORD001773,2018-03-18,2018-03-23,2018-03-22,DHL,Standard,Delivered,0.0,True,44.0,9.36,none,5.0,8.0,Morning,5.8668,True,1.14
HDEL001774,HORD001774,2018-12-07,2018-12-13,2018-12-13,Direct Freight,Express,Delivered,0.0,True,62.0,14.07,none,6.0,7.0,Morning,4.2699,True,0.538
HDEL001775,HORD001775,2018-01-05,2018-01-12,2018-01-12,StarTrack,Standard,Delivered,0.0,True,57.0,8.51,none,7.0,3.0,Morning,4.932,True,0.495
HDEL001776,HORD001776,2018-01-02,2018-01-06,2018-01-04,StarTrack,Standard,Delivered,0.0,True,19.0,7.72,none,4.0,8.0,Afternoon,3.5747,True,0.303
HDEL001777,HORD001777,2018-06-15,2018-06-22,2018-06-20,Direct Freight,Standard,Delivered,0.0,True,25.0,10.52,none,7.0,3.0,Afternoon,5.115,True,0.923
HDEL001778,HORD001778,2018-01-28,2018-01-31,2018-01-29,DHL,Standard,Delivered,0.0,True,49.0,8.36,none,3.0,8.0,Anytime,5.9319,False,0.391
HDEL001779,HORD001779,2018-01-29,2018-02-01,2018-01-31,AusPost,Standard,Delivered,0.0,True,51.0,8.4,none,3.0,8.0,Anytime,5.7397,True,0.4
HDEL001780,HORD001780,2018-02-02,2018-02-06,2018-02-06,StarTrack,Standard,Delivered,0.0,True,6.0,12.18,none,4.0,7.0,Morning,8.8092,True,0.662
HDEL001781,HORD001781,2018-02-28,2018-03-07,2018-03-07,StarTrack,Standard,Delivered,0.0,True,45.0,11.66,none,7.0,5.0,Afternoon,8.1608,True,0.545
HDEL001782,HORD001782,2018-12-02,2018-12-07,2018-12-07,AusPost,Standard,Delivered,0.0,True,10.0,9.14,none,5.0,9.0,Anytime,6.7474,True,1.261
HDEL001783,HORD001783,2018-01-09,2018-01-16,2018-01-16,Direct Freight,Standard,Delivered,0.0,True,20.0,11.48,none,7.0,5.0,Anytime,8.5348,False,0.581
HDEL001784,HORD001784,2018-05-10,2018-05-14,2018-05-17,StarTrack,Standard,Delivered,3.0,False,53.0,9.73,weather,4.0,9.0,Morning,6.7151,True,0.952
HDEL001785,HORD001785,2018-03-14,2018-03-21,2018-03-19,StarTrack,Standard,Delivered,0.0,True,41.0,8.01,none,7.0,7.0,Anytime,4.4785,False,0.42
HDEL001786,HORD001786,2018-09-23,2018-09-27,2018-09-26,StarTrack,Standard,Delivered,0.0,True,39.0,12.32,none,4.0,6.0,Morning,10.0462,True,0.512
HDEL001787,HORD001787,2018-07-16,2018-07-21,2018-07-20,Direct Freight,Express,Delivered,0.0,True,41.0,24.45,none,5.0,6.0,Anytime,6.7869,True,0.441
HDEL001788,HORD001788,2018-03-31,2018-04-05,2018-04-03,DHL,Standard,Delivered,0.0,True,28.0,5.84,none,5.0,9.0,Morning,1.0328,True,1.027
HDEL001789,HORD001789,2018-03-18,2018-03-21,2018-03-26,DHL,Standard,Delivered,5.0,False,40.0,7.85,warehouse_congestion,3.0,8.0,Morning,3.6762,True,0.315
HDEL001790,HORD001790,2018-10-06,2018-10-12,2018-10-12,Direct Freight,Standard,Delivered,0.0,True,57.0,6.92,none,6.0,8.0,Morning,1.2126,True,0.307
HDEL001791,HORD001791,2018-10-25,2018-10-31,2018-10-29,AusPost,Express,Delivered,0.0,True,31.0,17.25,none,6.0,8.0,Morning,5.5221,True,0.478
HDEL001792,HORD001792,2018-01-22,2018-01-27,2018-01-27,AusPost,Standard,Delivered,0.0,True,21.0,8.09,none,5.0,6.0,Morning,1.5642,False,0.259
HDEL001793,HORD001793,2018-02-23,2018-02-26,2018-02-25,AusPost,Standard,Delivered,0.0,True,34.0,7.27,none,3.0,3.0,Morning,2.8326,True,0.455
HDEL001794,HORD001794,2018-08-22,2018-08-29,2018-08-29,AusPost,Standard,Delivered,0.0,True,8.0,14.47,none,7.0,7.0,Afternoon,7.6606,True,0.648
HDEL001795,HORD001795,2018-05-25,2018-05-30,2018-05-28,Direct Freight,Express,Delivered,0.0,True,42.0,20.27,none,5.0,3.0,Morning,6.9714,True,0.5
HDEL001796,HORD001796,2018-10-03,2018-10-09,2018-10-07,AusPost,Standard,Delivered,0.0,True,37.0,8.3,none,6.0,4.0,Afternoon,4.0031,True,0.48
HDEL001797,HORD001797,2018-07-10,2018-07-17,2018-07-15,AusPost,Standard,Delivered,0.0,True,47.0,8.94,none,7.0,4.0,Anytime,1.9834,True,0.449
HDEL001798,HORD001798,2018-11-07,2018-11-14,2018-11-13,DHL,Standard,Delivered,0.0,True,34.0,10.13,none,7.0,4.0,Afternoon,4.932,True,0.5
HDEL001799,HORD001799,2018-07-05,2018-07-12,2018-07-11,Direct Freight,Standard,Delivered,0.0,True,50.0,11.23,none,7.0,9.0,Anytime,7.0974,True,0.405
HDEL001800,HORD001800,2018-03-14,2018-03-19,2018-03-19,DHL,Standard,Delivered,0.0,True,22.0,6.92,none,5.0,5.0,Afternoon,2.3496,True,0.327
HDEL001801,HORD001801,2018-11-29,2018-12-05,2018-12-03,DHL,Standard,Delivered,0.0,True,29.0,10.96,none,6.0,4.0,Afternoon,7.3951,True,0.54
HDEL001802,HORD001802,2018-03-08,2018-03-14,2018-03-14,AusPost,Express,Delivered,0.0,True,32.0,16.37,none,6.0,6.0,Anytime,6.9744,False,0.373
HDEL001803,HORD001803,2018-08-18,2018-08-23,2018-08-23,DHL,Standard,Delivered,0.0,True,58.0,10.83,none,5.0,7.0,Anytime,7.6027,False,0.47
HDEL001804,HORD001804,2018-06-18,2018-06-25,2018-06-24,AusPost,Standard,Delivered,0.0,True,5.0,14.03,none,7.0,6.0,Morning,7.2147,False,0.376
HDEL001805,HORD001805,2018-10-31,2018-11-07,2018-11-05,StarTrack,Standard,Delivered,0.0,True,46.0,7.24,none,7.0,6.0,Afternoon,3.0066,True,0.417
HDEL001806,HORD001806,2018-12-17,2018-12-20,2018-12-20,AusPost,Standard,Delivered,0.0,True,36.0,10.32,none,3.0,6.0,Morning,8.8063,True,0.961
HDEL001807,HORD001807,2018-02-22,2018-02-28,2018-02-26,AusPost,Standard,Delivered,0.0,True,44.0,7.83,none,6.0,7.0,Morning,1.0328,False,0.297
HDEL001808,HORD001808,2018-06-08,2018-06-12,2018-06-10,AusPost,Standard,Delivered,0.0,True,23.0,12.41,none,4.0,8.0,Anytime,7.8594,True,0.479
HDEL001809,HORD001809,2018-08-08,2018-08-15,2018-08-13,StarTrack,Standard,Delivered,0.0,True,53.0,8.79,none,7.0,3.0,Anytime,3.2601,True,0.429
HDEL001810,HORD001810,2018-05-15,2018-05-22,2018-05-22,DHL,Standard,Delivered,0.0,True,14.0,10.79,none,7.0,9.0,Morning,6.3652,True,0.506
HDEL001811,HORD001811,2018-02-11,2018-02-15,2018-02-17,StarTrack,Express,Delivered,2.0,False,59.0,16.42,weather,4.0,9.0,Anytime,5.8666,True,0.588
HDEL001812,HORD001812,2018-01-08,2018-01-15,2018-01-14,AusPost,Standard,Delivered,0.0,True,51.0,8.96,none,7.0,9.0,Afternoon,3.4729,True,0.399
HDEL001813,HORD001813,2018-06-26,2018-07-02,2018-07-01,DHL,Express,Delivered,0.0,True,14.0,23.1,none,6.0,8.0,Afternoon,9.458,False,0.548
HDEL001814,HORD001814,2018-11-15,2018-11-18,2018-11-21,DHL,Standard,Delivered,3.0,False,59.0,10.66,warehouse_congestion,3.0,9.0,Anytime,6.6818,False,0.439
HDEL001815,HORD001815,2018-06-16,2018-06-23,2018-06-22,DHL,Standard,Delivered,0.0,True,17.0,8.9,none,7.0,6.0,Morning,1.8546,False,1.024
HDEL001816,HORD001816,2018-11-17,2018-11-21,2018-11-19,StarTrack,Standard,Delivered,0.0,True,37.0,6.55,none,4.0,3.0,Morning,3.0683,True,1.174
HDEL001817,HORD001817,2018-06-25,2018-06-30,2018-06-28,AusPost,Express,Delivered,0.0,True,14.0,24.03,none,5.0,6.0,Afternoon,5.6803,True,1.127
HDEL001818,HORD001818,2018-08-25,2018-08-31,2018-08-29,AusPost,Express,Delivered,0.0,True,13.0,27.52,none,6.0,8.0,Afternoon,9.2213,False,0.434
HDEL001819,HORD001819,2018-10-30,2018-11-04,2018-11-09,AusPost,Standard,Delivered,5.0,False,48.0,8.55,carrier_capacity,5.0,8.0,Anytime,6.9029,False,0.458
HDEL001820,HORD001820,2018-09-16,2018-09-23,2018-09-23,Direct Freight,Standard,Delivered,0.0,True,53.0,8.0,none,7.0,6.0,Anytime,5.1273,True,1.192
HDEL001821,HORD001821,2018-02-20,2018-02-25,2018-02-25,Direct Freight,Standard,Delivered,0.0,True,63.0,12.95,none,5.0,5.0,Anytime,8.8778,True,0.603
HDEL001822,HORD001822,2018-05-05,2018-05-12,2018-05-17,AusPost,Standard,Delivered,5.0,False,2.0,8.74,carrier_capacity,7.0,5.0,Anytime,5.4128,True,0.564
HDEL001823,HORD001823,2018-04-09,2018-04-14,2018-04-12,AusPost,Standard,Delivered,0.0,True,47.0,8.76,none,5.0,6.0,Morning,6.6085,False,0.399
HDEL001824,HORD001824,2018-12-05,2018-12-09,2018-12-09,AusPost,Standard,Delivered,0.0,True,24.0,11.69,none,4.0,5.0,Morning,7.1467,True,0.915
HDEL001825,HORD001825,2018-12-02,2018-12-05,2018-12-03,DHL,Express,Delivered,0.0,True,45.0,15.27,none,3.0,7.0,Morning,1.6332,True,0.94
HDEL001826,HORD001826,2018-10-08,2018-10-11,2018-10-09,Direct Freight,Standard,Delivered,0.0,True,73.0,5.48,none,3.0,7.0,Morning,1.1842,True,0.343
HDEL001827,HORD001827,2018-01-03,2018-01-06,2018-01-05,DHL,Standard,Delivered,0.0,True,10.0,6.82,none,3.0,9.0,Morning,2.7779,True,0.368
HDEL001828,HORD001828,2018-11-17,2018-11-21,2018-11-20,DHL,Express,Delivered,0.0,True,46.0,16.8,none,4.0,9.0,Anytime,8.5348,True,0.517
HDEL001829,HORD001829,2018-12-30,2019-01-02,2019-01-04,DHL,Standard,Delivered,2.0,False,51.0,8.49,weather,3.0,8.0,Anytime,6.7151,True,0.998
HDEL001830,HORD001830,2018-09-27,2018-10-04,2018-10-02,Direct Freight,Standard,Delivered,0.0,True,48.0,6.78,none,7.0,7.0,Anytime,1.9834,False,0.286
HDEL001831,HORD001831,2018-02-28,2018-03-03,2018-03-01,StarTrack,Standard,Delivered,0.0,True,34.0,10.7,none,3.0,9.0,Anytime,5.1945,False,0.385
HDEL001832,HORD001832,2018-10-30,2018-11-03,2018-11-01,AusPost,Express,Delivered,0.0,True,65.0,17.42,none,4.0,7.0,Afternoon,3.5321,False,0.297
HDEL001833,HORD001833,2018-05-12,2018-05-16,2018-05-14,StarTrack,Standard,Delivered,0.0,True,64.0,9.49,none,4.0,3.0,Afternoon,6.9029,False,0.396
HDEL001834,HORD001834,2018-11-09,2018-11-13,2018-11-11,DHL,Standard,Delivered,0.0,True,37.0,10.42,none,4.0,7.0,Morning,5.4128,False,0.444
HDEL001835,HORD001835,2018-12-24,2018-12-30,2018-12-28,StarTrack,Standard,Delivered,0.0,True,57.0,6.4,none,6.0,3.0,Anytime,0.316,True,1.522
HDEL001836,HORD001836,2018-11-28,2018-12-01,2018-11-30,AusPost,Standard,Delivered,0.0,True,46.0,8.38,none,3.0,9.0,Afternoon,3.241,True,0.952
HDEL001837,HORD001837,2018-04-17,2018-04-20,2018-04-19,DHL,Express,Delivered,0.0,True,12.0,13.33,none,3.0,3.0,Morning,2.1289,False,0.302
HDEL001838,HORD001838,2018-03-09,2018-03-15,2018-03-16,DHL,Standard,Delivered,1.0,False,68.0,9.34,warehouse_congestion,6.0,7.0,Anytime,7.1467,True,0.445
HDEL001839,HORD001839,2018-02-07,2018-02-13,2018-02-11,Direct Freight,Standard,Delivered,0.0,True,47.0,12.67,none,6.0,3.0,Afternoon,9.458,True,0.629
HDEL001840,HORD001840,2018-09-02,2018-09-05,2018-09-10,DHL,Express,Delivered,5.0,False,3.0,20.4,warehouse_congestion,3.0,7.0,Morning,5.9582,False,0.417
HDEL001841,HORD001841,2018-03-12,2018-03-16,2018-03-16,Direct Freight,Standard,Delivered,0.0,True,46.0,6.96,none,4.0,3.0,Afternoon,3.0066,False,0.396
HDEL001842,HORD001842,2018-04-09,2018-04-12,2018-04-11,Direct Freight,Standard,Delivered,0.0,True,28.0,8.11,none,3.0,3.0,Afternoon,6.2917,True,0.49
HDEL001843,HORD001843,2018-03-27,2018-04-02,2018-03-31,Direct Freight,Express,Delivered,0.0,True,68.0,18.61,none,6.0,9.0,Afternoon,5.5471,False,0.382
HDEL001844,HORD001844,2018-09-23,2018-09-26,2018-09-24,StarTrack,Standard,Delivered,0.0,True,15.0,8.4,none,3.0,6.0,Afternoon,3.1272,True,0.532
HDEL001845,HORD001845,2018-04-17,2018-04-20,2018-04-19,DHL,Express,Delivered,0.0,True,28.0,17.29,none,3.0,9.0,Morning,6.4289,True,0.414
HDEL001846,HORD001846,2018-12-20,2018-12-26,2018-12-25,DHL,Standard,Delivered,0.0,True,10.0,11.61,none,6.0,9.0,Afternoon,8.7149,False,0.414
HDEL001847,HORD001847,2018-11-25,2018-11-30,2018-11-30,AusPost,Standard,Delivered,0.0,True,44.0,9.52,none,5.0,5.0,Morning,5.607,True,0.958
HDEL001848,HORD001848,2018-07-18,2018-07-25,2018-07-23,AusPost,Standard,Delivered,0.0,True,18.0,10.44,none,7.0,6.0,Afternoon,5.9582,True,0.41
HDEL001849,HORD001849,2018-09-21,2018-09-24,2018-09-22,Direct Freight,Standard,Delivered,0.0,True,48.0,11.29,none,3.0,4.0,Anytime,7.7742,True,0.501
HDEL001850,HORD001850,2018-03-17,2018-03-22,2018-03-22,AusPost,Standard,Delivered,0.0,True,11.0,10.96,none,5.0,6.0,Afternoon,8.7019,True,0.485
HDEL001851,HORD001851,2018-03-18,2018-03-23,2018-03-21,StarTrack,Standard,Delivered,0.0,True,63.0,7.14,none,5.0,7.0,Anytime,1.5241,True,0.424
HDEL001852,HORD001852,2018-06-03,2018-06-09,2018-06-09,AusPost,Express,Delivered,0.0,True,60.0,19.89,none,6.0,7.0,Afternoon,2.1752,True,0.37
HDEL001853,HORD001853,2018-04-09,2018-04-14,2018-04-12,StarTrack,Standard,Delivered,0.0,True,68.0,9.57,none,5.0,4.0,Anytime,6.2019,True,0.354
HDEL001854,HORD001854,2018-05-31,2018-06-07,2018-06-06,Direct Freight,Express,Delivered,0.0,True,45.0,15.9,none,7.0,3.0,Morning,6.7869,True,0.52
HDEL001855,HORD001855,2018-08-27,2018-09-03,2018-09-04,AusPost,Standard,Delivered,1.0,False,53.0,11.6,carrier_capacity,7.0,3.0,Anytime,9.2213,True,0.917
HDEL001856,HORD001856,2018-10-25,2018-10-29,2018-10-29,AusPost,Standard,Delivered,0.0,True,8.0,7.45,none,4.0,3.0,Anytime,5.066,True,0.532
HDEL001857,HORD001857,2018-08-23,2018-08-29,2018-08-27,Direct Freight,Standard,Delivered,0.0,True,33.0,11.14,none,6.0,8.0,Anytime,5.1945,False,1.115
HDEL001858,HORD001858,2018-10-28,2018-11-04,2018-11-03,Direct Freight,Standard,Delivered,0.0,True,33.0,8.69,none,7.0,9.0,Anytime,6.9718,False,1.146
HDEL001859,HORD001859,2018-12-22,2018-12-25,2018-12-25,AusPost,Express,Delivered,0.0,True,3.0,19.18,none,3.0,8.0,Afternoon,5.6649,True,0.505
HDEL001860,HORD001860,2018-02-11,2018-02-18,2018-02-17,StarTrack,Standard,Delivered,0.0,True,44.0,10.21,none,7.0,5.0,Morning,7.4249,True,1.393
HDEL001861,HORD001861,2018-05-07,2018-05-12,2018-05-12,Direct Freight,Standard,Delivered,0.0,True,11.0,10.47,none,5.0,8.0,Afternoon,5.6988,False,0.343
HDEL001862,HORD001862,2018-10-01,2018-10-04,2018-10-06,AusPost,Standard,Delivered,2.0,False,49.0,9.25,carrier_capacity,3.0,6.0,Anytime,7.74,True,0.558
HDEL001863,HORD001863,2018-10-07,2018-10-11,2018-10-09,StarTrack,Standard,Delivered,0.0,True,51.0,10.04,none,4.0,7.0,Anytime,7.2156,True,0.565
HDEL001864,HORD001864,2018-02-12,2018-02-15,2018-02-13,StarTrack,Standard,Delivered,0.0,True,67.0,10.46,none,3.0,6.0,Morning,5.3847,True,0.531
HDEL001865,HORD001865,2018-06-28,2018-07-05,2018-07-04,Direct Freight,Standard,Delivered,0.0,True,57.0,16.04,none,7.0,7.0,Anytime,9.7077,False,0.44
HDEL001866,HORD001866,2018-10-23,2018-10-27,2018-10-27,Direct Freight,Standard,Delivered,0.0,True,43.0,7.02,none,4.0,9.0,Afternoon,1.4457,True,1.242
HDEL001867,HORD001867,2018-06-06,2018-06-10,2018-06-09,AusPost,Standard,Delivered,0.0,True,15.0,10.63,none,4.0,8.0,Morning,3.2287,False,0.321
HDEL001868,HORD001868,2018-08-29,2018-09-03,2018-09-08,StarTrack,Standard,Delivered,5.0,False,30.0,13.49,carrier_capacity,5.0,5.0,Anytime,7.2156,False,0.594
HDEL001869,HORD001869,2018-07-25,2018-07-28,2018-07-31,StarTrack,Standard,Delivered,3.0,False,68.0,12.11,carrier_capacity,3.0,5.0,Anytime,7.0202,True,0.653
HDEL001870,HORD001870,2018-02-25,2018-03-01,2018-02-27,DHL,Standard,Delivered,0.0,True,13.0,8.72,none,4.0,5.0,Afternoon,4.0721,False,0.363
HDEL001871,HORD001871,2018-12-31,2019-01-04,2019-01-04,StarTrack,Standard,Delivered,0.0,True,32.0,9.74,none,4.0,8.0,Morning,4.6266,True,0.845
HDEL001872,HORD001872,2018-04-13,2018-04-17,2018-04-17,AusPost,Standard,Delivered,0.0,True,38.0,8.21,none,4.0,9.0,Morning,6.972,False,0.567
HDEL001873,HORD001873,2018-06-02,2018-06-08,2018-06-06,AusPost,Express,Delivered,0.0,True,42.0,17.73,none,6.0,5.0,Anytime,7.8594,True,0.621
HDEL001874,HORD001874,2018-12-21,2018-12-26,2018-12-25,Direct Freight,Standard,Delivered,0.0,True,72.0,8.72,none,5.0,5.0,Morning,3.0499,True,0.298
HDEL001875,HORD001875,2018-09-22,2018-09-26,2018-09-25,AusPost,Standard,Delivered,0.0,True,15.0,10.13,none,4.0,8.0,Anytime,7.5354,False,0.413
HDEL001876,HORD001876,2018-08-05,2018-08-09,2018-08-08,AusPost,Standard,Delivered,0.0,True,47.0,8.39,none,4.0,6.0,Morning,1.8546,True,0.323
HDEL001877,HORD001877,2018-12-25,2018-12-31,2018-12-31,Direct Freight,Standard,Delivered,0.0,True,32.0,8.32,none,6.0,4.0,Afternoon,5.7397,False,0.382
HDEL001878,HORD001878,2018-02-26,2018-03-02,2018-03-02,Direct Freight,Express,Delivered,0.0,True,59.0,12.27,none,4.0,6.0,Anytime,0.919,True,0.318
HDEL001879,HORD001879,2018-06-05,2018-06-11,2018-06-11,AusPost,Standard,Delivered,0.0,True,34.0,13.85,none,6.0,5.0,Morning,6.5607,False,1.166
HDEL001880,HORD001880,2018-08-07,2018-08-10,2018-08-08,DHL,Standard,Delivered,0.0,True,34.0,11.12,none,3.0,5.0,Morning,6.8495,True,0.551
HDEL001881,HORD001881,2018-07-18,2018-07-22,2018-07-21,StarTrack,Standard,Delivered,0.0,True,18.0,13.71,none,4.0,4.0,Morning,6.16,False,0.458
HDEL001882,HORD001882,2018-01-12,2018-01-18,2018-01-18,StarTrack,Standard,Delivered,0.0,True,41.0,7.06,none,6.0,7.0,Morning,1.8105,False,0.291
HDEL001883,HORD001883,2018-02-27,2018-03-03,2018-03-03,StarTrack,Standard,Delivered,0.0,True,14.0,8.8,none,4.0,6.0,Morning,6.0753,True,0.448
HDEL001884,HORD001884,2018-12-03,2018-12-09,2018-12-08,Direct Freight,Express,Delivered,0.0,True,42.0,15.83,none,6.0,9.0,Morning,1.9834,True,0.388
HDEL001885,HORD001885,2018-02-20,2018-02-27,2018-02-25,Direct Freight,Express,Delivered,0.0,True,50.0,20.12,none,7.0,9.0,Anytime,7.1467,True,0.534
HDEL001886,HORD001886,2018-09-05,2018-09-08,2018-09-06,StarTrack,Standard,Delivered,0.0,True,55.0,9.67,none,3.0,3.0,Afternoon,7.5054,True,1.346
HDEL001887,HORD001887,2018-09-19,2018-09-22,2018-09-20,Direct Freight,Express,Delivered,0.0,True,40.0,18.74,none,3.0,9.0,Afternoon,4.9255,True,1.297
HDEL001888,HORD001888,2018-01-10,2018-01-14,2018-01-14,AusPost,Standard,Delivered,0.0,True,43.0,10.31,none,4.0,3.0,Anytime,6.8779,False,0.444
HDEL001889,HORD001889,2018-12-18,2018-12-22,2018-12-22,DHL,Express,Delivered,0.0,True,32.0,17.48,none,4.0,9.0,Afternoon,5.0545,True,1.133
HDEL001890,HORD001890,2018-11-12,2018-11-18,2018-11-18,Direct Freight,Standard,Delivered,0.0,True,27.0,6.37,none,6.0,5.0,Morning,1.0315,True,0.52
HDEL001891,HORD001891,2018-08-03,2018-08-09,2018-08-08,AusPost,Standard,Delivered,0.0,True,30.0,13.47,none,6.0,5.0,Afternoon,5.8755,True,0.608
HDEL001892,HORD001892,2018-06-23,2018-06-26,2018-06-25,DHL,Express,Delivered,0.0,True,4.0,19.06,none,3.0,6.0,Anytime,1.2126,True,0.401
HDEL001893,HORD001893,2018-08-21,2018-08-27,2018-09-01,DHL,Standard,Delivered,5.0,False,73.0,11.11,weather,6.0,4.0,Morning,4.8747,True,0.33
HDEL001894,HORD001894,2018-10-26,2018-10-30,2018-10-29,Direct Freight,Standard,Delivered,0.0,True,55.0,8.29,none,4.0,9.0,Afternoon,3.9264,True,1.605
HDEL001895,HORD001895,2018-03-28,2018-03-31,2018-03-29,Direct Freight,Express,Delivered,0.0,True,14.0,17.57,none,3.0,5.0,Morning,4.175,True,0.437
HDEL001896,HORD001896,2018-09-23,2018-09-28,2018-09-26,AusPost,Standard,Delivered,0.0,True,38.0,8.33,none,5.0,7.0,Afternoon,4.9806,False,0.32
HDEL001897,HORD001897,2018-10-22,2018-10-25,2018-10-25,AusPost,Standard,Delivered,0.0,True,57.0,9.72,none,3.0,3.0,Anytime,4.5289,False,0.343
HDEL001898,HORD001898,2018-04-03,2018-04-06,2018-04-06,Direct Freight,Standard,Delivered,0.0,True,40.0,8.83,none,3.0,4.0,Afternoon,4.6919,True,0.426
HDEL001899,HORD001899,2018-09-03,2018-09-06,2018-09-06,DHL,Express,Delivered,0.0,True,56.0,15.5,none,3.0,4.0,Afternoon,1.5642,False,0.278
HDEL001900,HORD001900,2018-09-21,2018-09-25,2018-09-23,Direct Freight,Standard,Delivered,0.0,True,20.0,8.4,none,4.0,8.0,Morning,3.2287,False,0.364
HDEL001901,HORD001901,2018-12-17,2018-12-23,2018-12-23,Direct Freight,Standard,Delivered,0.0,True,31.0,8.94,none,6.0,6.0,Afternoon,2.9396,False,0.279
HDEL001902,HORD001902,2018-11-07,2018-11-12,2018-11-16,StarTrack,Express,Delivered,4.0,False,37.0,14.02,weather,5.0,8.0,Morning,2.1374,False,0.262
HDEL001903,HORD001903,2018-04-17,2018-04-24,2018-04-22,DHL,Standard,Delivered,0.0,True,49.0,9.53,none,7.0,4.0,Anytime,7.1276,False,0.554
HDEL001904,HORD001904,2018-06-09,2018-06-14,2018-06-13,Direct Freight,Express,Delivered,0.0,True,59.0,20.49,none,5.0,5.0,Afternoon,6.2579,True,0.499
HDEL001905,HORD001905,2018-08-09,2018-08-12,2018-08-10,StarTrack,Standard,Delivered,0.0,True,4.0,13.25,none,3.0,7.0,Morning,7.7035,False,0.45
HDEL001906,HORD001906,2018-04-25,2018-04-30,2018-04-28,AusPost,Standard,Delivered,0.0,True,12.0,7.81,none,5.0,4.0,Morning,4.5289,True,0.61
HDEL001907,HORD001907,2019-01-01,2019-01-08,2019-01-08,StarTrack,Standard,Delivered,0.0,True,71.0,8.75,none,7.0,7.0,Afternoon,4.5274,True,0.418
HDEL001908,HORD001908,2018-08-28,2018-09-03,2018-09-03,DHL,Standard,Delivered,0.0,True,9.0,10.98,none,6.0,7.0,Afternoon,7.2272,True,0.836
HDEL001909,HORD001909,2018-05-22,2018-05-27,2018-05-27,DHL,Standard,Delivered,0.0,True,6.0,6.92,none,5.0,5.0,Afternoon,4.0307,True,0.397
HDEL001910,HORD001910,2018-06-16,2018-06-23,2018-06-23,AusPost,Standard,Delivered,0.0,True,69.0,12.72,none,7.0,6.0,Anytime,4.895,False,0.365
HDEL001911,HORD001911,2018-06-16,2018-06-20,2018-06-19,DHL,Standard,Delivered,0.0,True,71.0,10.84,none,4.0,8.0,Morning,5.907,True,0.487
HDEL001912,HORD001912,2018-04-30,2018-05-07,2018-05-07,StarTrack,Standard,Delivered,0.0,True,20.0,8.19,none,7.0,9.0,Afternoon,5.6902,True,0.428
HDEL001913,HORD001913,2018-12-28,2019-01-01,2019-01-01,StarTrack,Standard,Delivered,0.0,True,51.0,8.66,none,4.0,5.0,Morning,7.5171,True,1.065
HDEL001914,HORD001914,2018-10-02,2018-10-05,2018-10-06,DHL,Standard,Delivered,1.0,False,35.0,10.02,carrier_capacity,3.0,5.0,Afternoon,6.3128,True,0.408
HDEL001915,HORD001915,2018-12-10,2018-12-13,2018-12-12,DHL,Standard,Delivered,0.0,True,58.0,11.55,none,3.0,9.0,Morning,9.2991,False,0.432
HDEL001916,HORD001916,2018-12-10,2018-12-17,2018-12-15,AusPost,Standard,Delivered,0.0,True,30.0,7.08,none,7.0,3.0,Anytime,0.6613,True,0.488
HDEL001917,HORD001917,2018-08-11,2018-08-16,2018-08-20,StarTrack,Standard,Delivered,4.0,False,9.0,11.15,weather,5.0,8.0,Morning,5.1067,True,0.884
HDEL001918,HORD001918,2018-10-07,2018-10-10,2018-10-10,DHL,Standard,Delivered,0.0,True,17.0,9.4,none,3.0,4.0,Afternoon,5.1815,False,0.36
HDEL001919,HORD001919,2018-09-17,2018-09-22,2018-09-25,AusPost,Standard,Delivered,3.0,False,35.0,9.1,warehouse_congestion,5.0,3.0,Anytime,3.9131,False,0.316
HDEL001920,HORD001920,2018-10-05,2018-10-09,2018-10-09,AusPost,Express,Delivered,0.0,True,27.0,18.98,none,4.0,6.0,Anytime,6.9799,True,0.404
HDEL001921,HORD001921,2018-02-17,2018-02-22,2018-02-22,Direct Freight,Standard,Delivered,0.0,True,49.0,12.0,none,5.0,9.0,Anytime,7.5354,True,0.921
HDEL001922,HORD001922,2018-10-13,2018-10-20,2018-10-19,AusPost,Standard,Delivered,0.0,True,64.0,9.89,none,7.0,9.0,Afternoon,7.0838,True,0.946
HDEL001923,HORD001923,2018-11-06,2018-11-10,2018-11-09,StarTrack,Standard,Delivered,0.0,True,52.0,7.64,none,4.0,5.0,Afternoon,2.1106,False,0.389
HDEL001924,HORD001924,2018-05-11,2018-05-15,2018-05-14,Direct Freight,Express,Delivered,0.0,True,56.0,17.46,none,4.0,5.0,Afternoon,7.8594,True,1.274
HDEL001925,HORD001925,2019-01-03,2019-01-07,2019-01-05,DHL,Standard,Delivered,0.0,True,67.0,9.72,none,4.0,9.0,Morning,3.7434,True,0.899
HDEL001926,HORD001926,2018-07-27,2018-08-03,2018-08-06,DHL,Standard,Delivered,3.0,False,70.0,11.28,warehouse_congestion,7.0,8.0,Anytime,5.9673,False,0.416
HDEL001927,HORD001927,2018-02-13,2018-02-18,2018-02-17,DHL,Standard,Delivered,0.0,True,51.0,11.36,none,5.0,5.0,Morning,8.0082,True,0.587
HDEL001928,HORD001928,2018-01-16,2018-01-22,2018-01-22,StarTrack,Express,Delivered,0.0,True,39.0,12.71,none,6.0,3.0,Anytime,2.16,True,0.34
HDEL001929,HORD001929,2018-10-08,2018-10-15,2018-10-15,DHL,Standard,Delivered,0.0,True,32.0,5.28,none,7.0,7.0,Anytime,0.4249,False,0.228
HDEL001930,HORD001930,2018-08-04,2018-08-10,2018-08-10,AusPost,Standard,Delivered,0.0,True,60.0,12.0,none,6.0,9.0,Anytime,5.6528,True,0.783
HDEL001931,HORD001931,2018-11-10,2018-11-16,2018-11-21,DHL,Standard,Delivered,5.0,False,11.0,8.83,carrier_capacity,6.0,7.0,Afternoon,5.9294,True,0.489
HDEL001932,HORD001932,2018-05-10,2018-05-15,2018-05-14,Direct Freight,Standard,Delivered,0.0,True,52.0,8.21,none,5.0,7.0,Anytime,4.6966,True,0.384
HDEL001933,HORD001933,2018-02-28,2018-03-03,2018-03-01,Direct Freight,Standard,Delivered,0.0,True,43.0,9.01,none,3.0,3.0,Anytime,4.573,True,0.503
HDEL001934,HORD001934,2018-01-16,2018-01-19,2018-01-19,AusPost,Standard,Delivered,0.0,True,58.0,8.4,none,3.0,3.0,Anytime,6.8779,True,0.424
HDEL001935,HORD001935,2018-06-05,2018-06-11,2018-06-09,DHL,Standard,Delivered,0.0,True,39.0,14.03,none,6.0,3.0,Anytime,6.6553,True,1.751
HDEL001936,HORD001936,2018-11-28,2018-12-03,2018-12-03,DHL,Standard,Delivered,0.0,True,44.0,7.0,none,5.0,7.0,Afternoon,3.15,True,0.838
HDEL001937,HORD001937,2018-07-04,2018-07-09,2018-07-09,StarTrack,Standard,Delivered,0.0,True,20.0,10.16,none,5.0,4.0,Anytime,3.528,True,0.372
HDEL001938,HORD001938,2018-08-08,2018-08-14,2018-08-12,DHL,Standard,Delivered,0.0,True,73.0,9.18,none,6.0,5.0,Morning,2.8043,True,0.358
HDEL001939,HORD001939,2018-02-07,2018-02-10,2018-02-10,AusPost,Standard,Delivered,0.0,True,22.0,9.25,none,3.0,6.0,Afternoon,3.6405,True,0.804
HDEL001940,HORD001940,2018-08-31,2018-09-04,2018-09-02,AusPost,Standard,Delivered,0.0,True,37.0,12.41,none,4.0,9.0,Anytime,6.3652,True,0.44
HDEL001941,HORD001941,2018-10-05,2018-10-09,2018-10-08,AusPost,Standard,Delivered,0.0,True,24.0,10.01,none,4.0,5.0,Anytime,5.0798,True,0.411
HDEL001942,HORD001942,2018-12-22,2018-12-26,2018-12-29,DHL,Standard,Delivered,3.0,False,69.0,11.21,warehouse_congestion,4.0,8.0,Anytime,7.7128,True,0.499
HDEL001943,HORD001943,2019-01-01,2019-01-04,2019-01-04,AusPost,Standard,Delivered,0.0,True,46.0,7.3,none,3.0,6.0,Morning,2.3445,True,0.99
HDEL001944,HORD001944,2018-03-06,2018-03-12,2018-03-11,DHL,Standard,Delivered,0.0,True,38.0,8.43,none,6.0,4.0,Anytime,5.8767,True,1.232
HDEL001945,HORD001945,2018-12-20,2018-12-27,2018-12-26,Direct Freight,Standard,Delivered,0.0,True,24.0,10.88,none,7.0,9.0,Anytime,5.7397,True,0.518
HDEL001946,HORD001946,2018-10-20,2018-10-24,2018-10-24,DHL,Express,Delivered,0.0,True,15.0,15.92,none,4.0,5.0,Morning,1.6889,True,0.815
HDEL001947,HORD001947,2018-01-08,2018-01-11,2018-01-13,AusPost,Standard,Delivered,2.0,False,45.0,9.53,weather,3.0,3.0,Anytime,4.2176,False,0.388
HDEL001948,HORD001948,2018-08-20,2018-08-27,2018-08-26,AusPost,Standard,Delivered,0.0,True,47.0,9.04,none,7.0,9.0,Afternoon,3.528,False,0.344
HDEL001949,HORD001949,2018-05-09,2018-05-15,2018-05-15,DHL,Express,Delivered,0.0,True,66.0,16.12,none,6.0,4.0,Afternoon,7.6692,False,0.386
HDEL001950,HORD001950,2018-04-19,2018-04-26,2018-04-24,StarTrack,Standard,Delivered,0.0,True,64.0,7.97,none,7.0,9.0,Anytime,5.4097,False,0.435
HDEL001951,HORD001951,2018-12-12,2018-12-16,2018-12-16,StarTrack,Standard,Delivered,0.0,True,9.0,7.0,none,4.0,8.0,Afternoon,1.4115,True,0.961
HDEL001952,HORD001952,2018-03-22,2018-03-25,2018-03-25,DHL,Express,Delivered,0.0,True,40.0,14.33,none,3.0,4.0,Anytime,3.9335,True,0.446
HDEL001953,HORD001953,2018-03-29,2018-04-02,2018-04-02,Direct Freight,Standard,Delivered,0.0,True,13.0,8.82,none,4.0,6.0,Morning,5.8767,False,0.487
HDEL001954,HORD001954,2018-02-10,2018-02-17,2018-02-17,StarTrack,Standard,Delivered,0.0,True,27.0,10.52,none,7.0,4.0,Anytime,7.3718,False,0.391
HDEL001955,HORD001955,2018-09-21,2018-09-28,2018-09-28,AusPost,Standard,Delivered,0.0,True,46.0,5.32,none,7.0,4.0,Anytime,0.4902,False,0.242
HDEL001956,HORD001956,2018-12-05,2018-12-11,2018-12-09,AusPost,Standard,Delivered,0.0,True,20.0,8.57,none,6.0,4.0,Anytime,5.9294,True,1.156
HDEL001957,HORD001957,2018-12-08,2018-12-15,2018-12-13,StarTrack,Standard,Delivered,0.0,True,41.0,9.34,none,7.0,7.0,Morning,8.0082,False,0.388
HDEL001958,HORD001958,2018-08-18,2018-08-25,2018-08-28,Direct Freight,Standard,Delivered,3.0,False,49.0,10.57,weather,7.0,7.0,Anytime,6.7151,True,1.104
HDEL001959,HORD001959,2018-12-03,2018-12-10,2018-12-09,DHL,Standard,Delivered,0.0,True,41.0,10.14,none,7.0,9.0,Morning,6.5932,False,0.432
HDEL001960,HORD001960,2018-08-09,2018-08-16,2018-08-16,DHL,Standard,Delivered,0.0,True,41.0,10.85,none,7.0,6.0,Morning,3.025,True,0.378
HDEL001961,HORD001961,2018-01-25,2018-01-28,2018-01-26,AusPost,Standard,Delivered,0.0,True,44.0,10.98,none,3.0,6.0,Anytime,6.5391,False,0.355
HDEL001962,HORD001962,2018-04-22,2018-04-28,2018-04-28,DHL,Express,Delivered,0.0,True,67.0,16.86,none,6.0,8.0,Morning,6.6114,False,0.47
HDEL001963,HORD001963,2018-07-05,2018-07-08,2018-07-07,StarTrack,Standard,Delivered,0.0,True,17.0,11.31,none,3.0,6.0,Anytime,3.7718,True,0.87
HDEL001964,HORD001964,2018-11-22,2018-11-29,2018-11-29,StarTrack,Standard,Delivered,0.0,True,37.0,10.29,none,7.0,6.0,Afternoon,7.6027,True,1.048
HDEL001965,HORD001965,2018-02-01,2018-02-05,2018-02-03,DHL,Express,Delivered,0.0,True,28.0,15.63,none,4.0,6.0,Anytime,7.8949,True,1.037
HDEL001966,HORD001966,2018-04-14,2018-04-20,2018-04-18,Direct Freight,Standard,Delivered,0.0,True,14.0,6.38,none,6.0,5.0,Morning,2.1374,True,0.352
HDEL001967,HORD001967,2018-05-23,2018-05-27,2018-05-26,AusPost,Standard,Delivered,0.0,True,39.0,11.9,none,4.0,6.0,Anytime,7.8474,True,1.977
HDEL001968,HORD001968,2018-02-15,2018-02-22,2018-02-22,DHL,Standard,Delivered,0.0,True,38.0,12.31,none,7.0,5.0,Morning,9.4002,False,0.44
HDEL001969,HORD001969,2018-05-26,2018-06-01,2018-05-31,AusPost,Standard,Delivered,0.0,True,61.0,8.32,none,6.0,5.0,Morning,7.1859,True,0.513
HDEL001970,HORD001970,2018-11-09,2018-11-15,2018-11-14,Direct Freight,Standard,Delivered,0.0,True,64.0,7.76,none,6.0,8.0,Anytime,5.0262,True,0.413
HDEL001971,HORD001971,2018-05-31,2018-06-05,2018-06-07,DHL,Standard,Delivered,2.0,False,3.0,11.98,weather,5.0,9.0,Anytime,7.7275,True,1.048
HDEL001972,HORD001972,2018-08-26,2018-09-02,2018-09-02,Direct Freight,Standard,Delivered,0.0,True,4.0,10.25,none,7.0,9.0,Afternoon,6.4289,True,0.55
HDEL001973,HORD001973,2018-11-08,2018-11-15,2018-11-14,Direct Freight,Standard,Delivered,0.0,True,22.0,8.8,none,7.0,5.0,Anytime,5.7284,False,0.436
HDEL001974,HORD001974,2018-11-12,2018-11-16,2018-11-14,Direct Freight,Express,Delivered,0.0,True,42.0,19.15,none,4.0,6.0,Anytime,3.94,True,0.554
HDEL001975,HORD001975,2018-06-19,2018-06-26,2018-06-26,StarTrack,Standard,Delivered,0.0,True,16.0,12.53,none,7.0,9.0,Afternoon,4.3807,True,0.478
HDEL001976,HORD001976,2018-03-20,2018-03-24,2018-03-28,AusPost,Express,Delivered,4.0,False,29.0,16.3,carrier_capacity,4.0,9.0,Morning,7.7113,True,1.41
HDEL001977,HORD001977,2018-01-21,2018-01-27,2018-01-27,AusPost,Standard,Delivered,0.0,True,52.0,6.92,none,6.0,6.0,Anytime,1.4457,True,0.516
HDEL001978,HORD001978,2018-05-24,2018-05-30,2018-05-29,StarTrack,Standard,Delivered,0.0,True,23.0,6.57,none,6.0,9.0,Afternoon,2.3445,True,0.365
HDEL001979,HORD001979,2018-08-08,2018-08-14,2018-08-18,StarTrack,Standard,Delivered,4.0,False,13.0,11.36,carrier_capacity,6.0,8.0,Anytime,4.1841,False,0.359
HDEL001980,HORD001980,2018-12-16,2018-12-20,2018-12-19,DHL,Standard,Delivered,0.0,True,59.0,9.89,none,4.0,7.0,Afternoon,7.101,True,0.575
HDEL001981,HORD001981,2018-05-31,2018-06-07,2018-06-05,Direct Freight,Standard,Delivered,0.0,True,43.0,8.09,none,7.0,3.0,Morning,5.8284,True,1.033
HDEL001982,HORD001982,2018-08-12,2018-08-16,2018-08-16,StarTrack,Standard,Delivered,0.0,True,20.0,9.92,none,4.0,5.0,Afternoon,3.7002,False,1.054
HDEL001983,HORD001983,2018-08-14,2018-08-21,2018-08-26,Direct Freight,Standard,Delivered,5.0,False,14.0,12.42,carrier_capacity,7.0,6.0,Afternoon,6.0905,False,1.134
HDEL001984,HORD001984,2018-08-17,2018-08-22,2018-08-25,StarTrack,Standard,Delivered,3.0,False,54.0,11.51,warehouse_congestion,5.0,3.0,Afternoon,3.4906,True,0.374
HDEL001985,HORD001985,2018-04-29,2018-05-05,2018-05-08,DHL,Standard,Delivered,3.0,False,40.0,10.02,warehouse_congestion,6.0,9.0,Anytime,7.2366,False,0.455
HDEL001986,HORD001986,2018-11-05,2018-11-09,2018-11-09,AusPost,Standard,Delivered,0.0,True,50.0,12.54,none,4.0,7.0,Morning,8.7149,True,1.178
HDEL001987,HORD001987,2018-09-11,2018-09-15,2018-09-16,Direct Freight,Standard,Delivered,1.0,False,12.0,11.61,carrier_capacity,4.0,3.0,Morning,9.7077,False,0.55
HDEL001988,HORD001988,2018-11-03,2018-11-08,2018-11-08,DHL,Standard,Delivered,0.0,True,36.0,6.92,none,5.0,3.0,Anytime,3.94,True,0.391
HDEL001989,HORD001989,2018-12-26,2018-12-29,2018-12-27,StarTrack,Standard,Delivered,0.0,True,46.0,10.48,none,3.0,6.0,Anytime,7.5554,False,0.609
HDEL001990,HORD001990,2018-08-16,2018-08-20,2018-08-18,StarTrack,Standard,Delivered,0.0,True,13.0,15.01,none,4.0,4.0,Anytime,9.5775,False,0.494
HDEL001991,HORD001991,2018-10-07,2018-10-13,2018-10-13,StarTrack,Express,Delivered,0.0,True,73.0,16.37,none,6.0,7.0,Afternoon,1.013,True,0.313
HDEL001992,HORD001992,2018-02-01,2018-02-04,2018-02-03,DHL,Standard,Delivered,0.0,True,61.0,9.2,none,3.0,4.0,Morning,6.6114,True,0.503
HDEL001993,HORD001993,2018-10-04,2018-10-10,2018-10-10,Direct Freight,Express,Delivered,0.0,True,38.0,16.64,none,6.0,8.0,Anytime,5.0889,True,0.479
HDEL001994,HORD001994,2018-02-21,2018-02-25,2018-02-23,StarTrack,Express,Delivered,0.0,True,24.0,14.67,none,4.0,3.0,Anytime,4.8491,False,0.402
HDEL001995,HORD001995,2018-02-15,2018-02-19,2018-02-17,DHL,Express,Delivered,0.0,True,42.0,15.78,none,4.0,4.0,Morning,2.5674,True,1.271
HDEL001996,HORD001996,2018-02-19,2018-02-22,2018-02-22,StarTrack,Standard,Delivered,0.0,True,3.0,8.7,none,3.0,3.0,Afternoon,2.1289,True,0.737
HDEL001997,HORD001997,2018-12-13,2018-12-18,2018-12-18,StarTrack,Standard,Delivered,0.0,True,69.0,9.77,none,5.0,5.0,Afternoon,4.1231,True,0.712
HDEL001998,HORD001998,2018-05-01,2018-05-07,2018-05-09,StarTrack,Standard,Delivered,2.0,False,14.0,10.34,carrier_capacity,6.0,7.0,Anytime,7.4924,False,0.392
HDEL001999,HORD001999,2018-04-08,2018-04-13,2018-04-11,AusPost,Standard,Delivered,0.0,True,66.0,9.03,none,5.0,9.0,Afternoon,5.4128,True,0.971
HDEL002000,HORD002000,2018-06-08,2018-06-13,2018-06-11,Direct Freight,Standard,Delivered,0.0,True,64.0,9.08,none,5.0,4.0,Morning,0.5576,True,0.37
HDEL002001,HORD002001,2018-04-11,2018-04-15,2018-04-20,AusPost,Standard,Delivered,5.0,False,70.0,7.9,weather,4.0,7.0,Afternoon,3.5071,True,0.379
HDEL002002,HORD002002,2018-05-05,2018-05-08,2018-05-07,DHL,Standard,Delivered,0.0,True,35.0,9.36,none,3.0,5.0,Afternoon,9.2991,True,1.209
HDEL002003,HORD002003,2018-08-06,2018-08-13,2018-08-11,AusPost,Standard,Delivered,0.0,True,4.0,10.41,none,7.0,7.0,Morning,5.308,True,0.505
HDEL002004,HORD002004,2018-12-10,2018-12-16,2018-12-15,StarTrack,Express,Delivered,0.0,True,17.0,18.87,none,6.0,3.0,Anytime,4.9641,False,0.321
HDEL002005,HORD002005,2018-12-11,2018-12-18,2018-12-18,DHL,Standard,Delivered,0.0,True,23.0,8.61,none,7.0,4.0,Anytime,4.6919,True,1.164
HDEL002006,HORD002006,2018-10-05,2018-10-08,2018-10-07,Direct Freight,Standard,Delivered,0.0,True,36.0,9.89,none,3.0,6.0,Anytime,9.2495,True,0.565
HDEL002007,HORD002007,2018-11-19,2018-11-26,2018-11-25,DHL,Standard,Delivered,0.0,True,22.0,10.29,none,7.0,7.0,Morning,7.2331,True,1.252
HDEL002008,HORD002008,2018-09-14,2018-09-19,2018-09-19,StarTrack,Standard,Delivered,0.0,True,66.0,6.91,none,5.0,8.0,Morning,0.4902,False,0.287
HDEL002009,HORD002009,2018-12-24,2018-12-30,2018-12-28,StarTrack,Express,Delivered,0.0,True,52.0,19.25,none,6.0,9.0,Anytime,8.8063,True,0.489
HDEL002010,HORD002010,2018-10-30,2018-11-03,2018-11-03,DHL,Standard,Delivered,0.0,True,21.0,10.32,none,4.0,6.0,Anytime,6.3388,False,0.489
HDEL002011,HORD002011,2018-03-01,2018-03-06,2018-03-04,Direct Freight,Standard,Delivered,0.0,True,24.0,11.29,none,5.0,4.0,Anytime,6.1569,True,0.378
HDEL002012,HORD002012,2018-10-19,2018-10-25,2018-10-29,StarTrack,Standard,Delivered,4.0,False,15.0,8.93,carrier_capacity,6.0,5.0,Afternoon,4.1231,True,0.48
HDEL002013,HORD002013,2018-09-10,2018-09-17,2018-09-17,DHL,Standard,Delivered,0.0,True,72.0,8.19,none,7.0,6.0,Morning,6.0446,True,0.514
HDEL002014,HORD002014,2018-08-23,2018-08-30,2018-08-30,AusPost,Standard,Delivered,0.0,True,37.0,9.86,none,7.0,7.0,Afternoon,3.1885,True,1.181
HDEL002015,HORD002015,2018-05-31,2018-06-05,2018-06-04,DHL,Standard,Delivered,0.0,True,3.0,5.11,none,5.0,7.0,Anytime,0.134,True,0.416
HDEL002016,HORD002016,2018-07-12,2018-07-15,2018-07-14,Direct Freight,Standard,Delivered,0.0,True,45.0,9.85,none,3.0,3.0,Afternoon,4.4785,False,0.359
HDEL002017,HORD002017,2018-03-04,2018-03-10,2018-03-10,AusPost,Standard,Delivered,0.0,True,40.0,9.03,none,6.0,3.0,Anytime,5.672,True,0.43
HDEL002018,HORD002018,2018-11-24,2018-11-28,2018-11-27,AusPost,Standard,Delivered,0.0,True,62.0,7.74,none,4.0,6.0,Afternoon,2.0879,False,0.363
HDEL002019,HORD002019,2018-12-05,2018-12-09,2018-12-08,DHL,Express,Delivered,0.0,True,58.0,16.23,none,4.0,7.0,Anytime,6.9407,False,0.401
HDEL002020,HORD002020,2018-05-13,2018-05-20,2018-05-18,AusPost,Standard,Delivered,0.0,True,50.0,9.87,none,7.0,9.0,Morning,6.9718,False,0.433
HDEL002021,HORD002021,2018-09-24,2018-09-28,2018-09-28,Direct Freight,Standard,Delivered,0.0,True,30.0,9.92,none,4.0,5.0,Morning,7.7113,True,0.715
HDEL002022,HORD002022,2018-06-15,2018-06-20,2018-06-18,AusPost,Standard,Delivered,0.0,True,28.0,9.47,none,5.0,7.0,Afternoon,2.8326,True,0.381
HDEL002023,HORD002023,2018-08-02,2018-08-08,2018-08-08,DHL,Standard,Delivered,0.0,True,43.0,10.32,none,6.0,9.0,Afternoon,5.4688,True,0.388
HDEL002024,HORD002024,2018-07-09,2018-07-12,2018-07-11,Direct Freight,Standard,Delivered,0.0,True,15.0,8.61,none,3.0,6.0,Morning,2.8334,True,0.473
HDEL002025,HORD002025,2018-03-29,2018-04-03,2018-04-01,StarTrack,Standard,Delivered,0.0,True,44.0,10.49,none,5.0,6.0,Afternoon,6.5801,False,0.456
HDEL002026,HORD002026,2018-07-16,2018-07-19,2018-07-22,AusPost,Standard,Delivered,3.0,False,30.0,13.36,weather,3.0,3.0,Afternoon,5.3633,True,0.445
HDEL002027,HORD002027,2018-12-14,2018-12-21,2018-12-26,AusPost,Standard,Delivered,5.0,False,6.0,7.69,weather,7.0,7.0,Afternoon,2.3095,True,0.289
HDEL002028,HORD002028,2018-11-21,2018-11-26,2018-11-26,Direct Freight,Standard,Delivered,0.0,True,32.0,12.15,none,5.0,6.0,Morning,8.7149,True,0.584
HDEL002029,HORD002029,2018-10-08,2018-10-13,2018-10-11,StarTrack,Standard,Delivered,0.0,True,19.0,8.37,none,5.0,4.0,Afternoon,3.0683,True,0.34
HDEL002030,HORD002030,2018-07-02,2018-07-08,2018-07-06,DHL,Standard,Delivered,0.0,True,40.0,9.36,none,6.0,6.0,Morning,4.3645,True,0.573
HDEL002031,HORD002031,2018-03-27,2018-04-01,2018-03-31,AusPost,Standard,Delivered,0.0,True,38.0,7.39,none,5.0,4.0,Afternoon,5.0303,True,0.975
HDEL002032,HORD002032,2018-09-08,2018-09-14,2018-09-13,DHL,Standard,Delivered,0.0,True,35.0,8.95,none,6.0,8.0,Afternoon,5.0683,False,0.349
HDEL002033,HORD002033,2018-06-15,2018-06-21,2018-06-22,DHL,Express,Delivered,1.0,False,39.0,23.71,weather,6.0,8.0,Afternoon,4.175,False,0.393
HDEL002034,HORD002034,2018-07-02,2018-07-07,2018-07-06,AusPost,Standard,Delivered,0.0,True,5.0,9.96,none,5.0,5.0,Anytime,2.9396,True,0.454
HDEL002035,HORD002035,2018-02-24,2018-03-02,2018-02-28,Direct Freight,Express,Delivered,0.0,True,32.0,17.23,none,6.0,7.0,Morning,2.1289,True,0.361
HDEL002036,HORD002036,2018-07-08,2018-07-15,2018-07-15,AusPost,Standard,Delivered,0.0,True,56.0,13.79,none,7.0,6.0,Anytime,6.9744,False,0.493
HDEL002037,HORD002037,2018-04-19,2018-04-26,2018-04-26,Direct Freight,Standard,Delivered,0.0,True,27.0,7.06,none,7.0,9.0,Morning,1.9466,True,0.507
HDEL002038,HORD002038,2018-01-14,2018-01-20,2018-01-19,DHL,Standard,Delivered,0.0,True,11.0,10.96,none,6.0,3.0,Anytime,7.2331,True,0.389
HDEL002039,HORD002039,2018-08-15,2018-08-18,2018-08-18,Direct Freight,Express,Delivered,0.0,True,20.0,20.27,none,3.0,3.0,Afternoon,2.3052,True,0.358
HDEL002040,HORD002040,2018-06-15,2018-06-19,2018-06-17,AusPost,Standard,Delivered,0.0,True,2.0,13.29,none,4.0,3.0,Morning,5.4309,False,0.332
HDEL002041,HORD002041,2018-04-28,2018-05-02,2018-04-30,Direct Freight,Standard,Delivered,0.0,True,37.0,9.82,none,4.0,5.0,Afternoon,7.2366,True,0.518
HDEL002042,HORD002042,2018-02-03,2018-02-08,2018-02-07,AusPost,Standard,Delivered,0.0,True,21.0,12.92,none,5.0,3.0,Afternoon,8.8778,True,0.554
HDEL002043,HORD002043,2018-01-02,2018-01-07,2018-01-06,Direct Freight,Standard,Delivered,0.0,True,33.0,8.93,none,5.0,6.0,Afternoon,6.1878,True,0.502
HDEL002044,HORD002044,2018-04-01,2018-04-05,2018-04-04,StarTrack,Express,Delivered,0.0,True,42.0,16.75,none,4.0,7.0,Anytime,4.6342,True,0.488
HDEL002045,HORD002045,2018-03-19,2018-03-26,2018-03-24,Direct Freight,Standard,Delivered,0.0,True,53.0,7.35,none,7.0,6.0,Afternoon,1.5741,True,0.372
HDEL002046,HORD002046,2018-08-17,2018-08-23,2018-08-28,Direct Freight,Standard,Delivered,5.0,False,29.0,9.66,weather,6.0,5.0,Morning,5.4501,False,0.335
HDEL002047,HORD002047,2018-08-05,2018-08-08,2018-08-06,StarTrack,Standard,Delivered,0.0,True,42.0,11.79,none,3.0,7.0,Afternoon,3.9152,False,0.374
HDEL002048,HORD002048,2018-08-31,2018-09-05,2018-09-03,Direct Freight,Standard,Delivered,0.0,True,47.0,13.78,none,5.0,8.0,Morning,6.6214,True,0.563
HDEL002049,HORD002049,2018-06-29,2018-07-06,2018-07-04,StarTrack,Standard,Delivered,0.0,True,24.0,15.7,none,7.0,8.0,Afternoon,8.3268,False,0.475
HDEL002050,HORD002050,2018-03-15,2018-03-22,2018-03-22,Direct Freight,Standard,Delivered,0.0,True,5.0,8.2,none,7.0,6.0,Morning,2.5674,True,0.932
HDEL002051,HORD002051,2018-02-03,2018-02-08,2018-02-06,DHL,Standard,Delivered,0.0,True,52.0,9.54,none,5.0,8.0,Morning,5.7809,True,0.414
HDEL002052,HORD002052,2018-05-23,2018-05-28,2018-05-31,Direct Freight,Standard,Delivered,3.0,False,20.0,6.61,warehouse_congestion,5.0,9.0,Anytime,2.5674,True,0.882
HDEL002053,HORD002053,2018-01-14,2018-01-19,2018-01-18,AusPost,Standard,Delivered,0.0,True,69.0,7.39,none,5.0,3.0,Afternoon,3.0744,True,0.346
HDEL002054,HORD002054,2018-12-22,2018-12-26,2018-12-31,AusPost,Standard,Delivered,5.0,False,50.0,10.39,carrier_capacity,4.0,6.0,Anytime,5.1246,False,0.468
HDEL002055,HORD002055,2018-02-02,2018-02-05,2018-02-03,StarTrack,Express,Delivered,0.0,True,65.0,17.97,none,3.0,8.0,Afternoon,3.7018,True,0.425
HDEL002056,HORD002056,2018-02-16,2018-02-20,2018-02-18,AusPost,Standard,Delivered,0.0,True,51.0,12.19,none,4.0,8.0,Anytime,8.9878,True,0.493
HDEL002057,HORD002057,2018-09-14,2018-09-20,2018-09-19,AusPost,Standard,Delivered,0.0,True,68.0,10.25,none,6.0,8.0,Afternoon,7.1722,False,0.377
HDEL002058,HORD002058,2018-03-21,2018-03-27,2018-03-25,DHL,Standard,Delivered,0.0,True,6.0,5.7,none,6.0,9.0,Anytime,0.6613,True,0.518
HDEL002059,HORD002059,2018-08-20,2018-08-27,2018-08-26,DHL,Standard,Delivered,0.0,True,47.0,12.97,none,7.0,9.0,Anytime,6.2917,False,0.366
HDEL002060,HORD002060,2018-06-30,2018-07-05,2018-07-03,AusPost,Standard,Delivered,0.0,True,25.0,10.12,none,5.0,8.0,Afternoon,4.2772,True,1.159
HDEL002061,HORD002061,2018-03-17,2018-03-21,2018-03-24,StarTrack,Standard,Delivered,3.0,False,22.0,8.33,weather,4.0,7.0,Morning,5.7949,True,0.452
HDEL002062,HORD002062,2018-09-24,2018-09-28,2018-09-28,AusPost,Standard,Delivered,0.0,True,57.0,9.77,none,4.0,4.0,Morning,7.0838,False,0.378
HDEL002063,HORD002063,2018-02-12,2018-02-18,2018-02-17,DHL,Standard,Delivered,0.0,True,68.0,9.56,none,6.0,8.0,Afternoon,7.2272,True,1.07
HDEL002064,HORD002064,2018-06-09,2018-06-14,2018-06-14,Direct Freight,Standard,Delivered,0.0,True,42.0,13.64,none,5.0,5.0,Morning,6.5015,True,0.411
HDEL002065,HORD002065,2018-01-24,2018-01-30,2018-01-30,StarTrack,Standard,Delivered,0.0,True,21.0,10.0,none,6.0,9.0,Morning,4.932,False,0.442
HDEL002066,HORD002066,2018-09-27,2018-10-01,2018-09-30,AusPost,Standard,Delivered,0.0,True,47.0,6.46,none,4.0,4.0,Afternoon,0.316,True,0.288
HDEL002067,HORD002067,2018-07-05,2018-07-10,2018-07-08,AusPost,Standard,Delivered,0.0,True,38.0,10.91,none,5.0,5.0,Morning,3.6405,False,0.309
HDEL002068,HORD002068,2018-05-17,2018-05-23,2018-05-21,DHL,Standard,Delivered,0.0,True,44.0,7.13,none,6.0,3.0,Afternoon,5.0681,False,0.489
HDEL002069,HORD002069,2018-06-11,2018-06-18,2018-06-17,Direct Freight,Standard,Delivered,0.0,True,38.0,9.76,none,7.0,7.0,Morning,2.7779,False,0.317
HDEL002070,HORD002070,2018-11-02,2018-11-06,2018-11-06,Direct Freight,Standard,Delivered,0.0,True,42.0,11.24,none,4.0,7.0,Morning,6.9946,True,1.247
HDEL002071,HORD002071,2018-03-08,2018-03-13,2018-03-13,Direct Freight,Standard,Delivered,0.0,True,17.0,8.9,none,5.0,8.0,Afternoon,3.7434,False,0.378
HDEL002072,HORD002072,2018-02-17,2018-02-24,2018-02-24,AusPost,Standard,Delivered,0.0,True,22.0,6.35,none,7.0,9.0,Afternoon,0.919,True,0.35
HDEL002073,HORD002073,2018-09-21,2018-09-24,2018-09-23,DHL,Standard,Delivered,0.0,True,15.0,7.1,none,3.0,9.0,Morning,1.6352,False,0.368
HDEL002074,HORD002074,2018-05-07,2018-05-11,2018-05-10,StarTrack,Standard,Delivered,0.0,True,31.0,12.62,none,4.0,7.0,Anytime,10.0361,True,0.613
HDEL002075,HORD002075,2018-01-11,2018-01-16,2018-01-14,StarTrack,Express,Delivered,0.0,True,18.0,15.19,none,5.0,6.0,Anytime,6.194,False,0.352
HDEL002076,HORD002076,2018-12-30,2019-01-06,2019-01-09,StarTrack,Standard,Delivered,3.0,False,7.0,10.83,carrier_capacity,7.0,6.0,Afternoon,7.353,False,0.507
HDEL002077,HORD002077,2018-01-14,2018-01-19,2018-01-17,DHL,Standard,Delivered,0.0,True,24.0,8.74,none,5.0,6.0,Anytime,6.1296,True,0.655
HDEL002078,HORD002078,2018-12-25,2018-12-28,2018-12-26,AusPost,Standard,Delivered,0.0,True,54.0,11.13,none,3.0,4.0,Afternoon,5.8668,True,0.422
HDEL002079,HORD002079,2018-12-01,2018-12-08,2018-12-06,AusPost,Express,Delivered,0.0,True,38.0,19.74,none,7.0,9.0,Afternoon,6.9744,False,0.423
HDEL002080,HORD002080,2018-05-26,2018-05-30,2018-05-30,StarTrack,Standard,Delivered,0.0,True,46.0,10.31,none,4.0,9.0,Morning,5.4847,False,0.369
HDEL002081,HORD002081,2018-12-01,2018-12-07,2018-12-05,StarTrack,Express,Delivered,0.0,True,71.0,16.08,none,6.0,7.0,Anytime,4.3807,True,0.927
HDEL002082,HORD002082,2018-04-16,2018-04-21,2018-04-20,AusPost,Express,Delivered,0.0,True,56.0,14.93,none,5.0,5.0,Anytime,2.1752,True,0.416
HDEL002083,HORD002083,2018-11-23,2018-11-26,2018-11-26,AusPost,Standard,Delivered,0.0,True,15.0,8.87,none,3.0,6.0,Afternoon,5.9827,True,1.169
HDEL002084,HORD002084,2018-03-09,2018-03-15,2018-03-15,AusPost,Standard,Delivered,0.0,True,71.0,8.75,none,6.0,9.0,Morning,5.5057,True,0.567
HDEL002085,HORD002085,2018-07-10,2018-07-15,2018-07-19,StarTrack,Express,Delivered,4.0,False,22.0,19.89,warehouse_congestion,5.0,8.0,Anytime,6.5607,False,0.513
HDEL002086,HORD002086,2018-05-14,2018-05-20,2018-05-19,AusPost,Standard,Delivered,0.0,True,24.0,7.73,none,6.0,4.0,Afternoon,5.9294,False,0.419
HDEL002087,HORD002087,2018-01-27,2018-02-01,2018-02-01,StarTrack,Standard,Delivered,0.0,True,63.0,6.18,none,5.0,6.0,Anytime,1.2394,True,0.395
HDEL002088,HORD002088,2018-05-06,2018-05-12,2018-05-10,StarTrack,Standard,Delivered,0.0,True,33.0,5.72,none,6.0,4.0,Afternoon,1.6639,False,0.246
HDEL002089,HORD002089,2018-06-06,2018-06-10,2018-06-09,Direct Freight,Standard,Delivered,0.0,True,33.0,9.8,none,4.0,6.0,Morning,5.5854,True,0.534
HDEL002090,HORD002090,2018-07-15,2018-07-20,2018-07-19,AusPost,Standard,Delivered,0.0,True,46.0,10.7,none,5.0,4.0,Anytime,5.6528,False,0.458
HDEL002091,HORD002091,2018-04-17,2018-04-23,2018-04-21,DHL,Express,Delivered,0.0,True,36.0,16.27,none,6.0,9.0,Afternoon,5.5396,True,0.384
HDEL002092,HORD002092,2018-02-04,2018-02-09,2018-02-07,Direct Freight,Standard,Delivered,0.0,True,15.0,6.64,none,5.0,3.0,Anytime,2.9396,False,0.34
HDEL002093,HORD002093,2018-02-20,2018-02-27,2018-02-26,AusPost,Standard,Delivered,0.0,True,8.0,9.78,none,7.0,9.0,Anytime,7.4162,True,1.194
HDEL002094,HORD002094,2018-11-28,2018-12-02,2018-11-30,DHL,Standard,Delivered,0.0,True,23.0,11.04,none,4.0,4.0,Afternoon,6.9946,True,0.427
HDEL002095,HORD002095,2018-11-28,2018-12-03,2018-12-01,Direct Freight,Standard,Delivered,0.0,True,58.0,11.67,none,5.0,3.0,Afternoon,7.7035,False,0.414
HDEL002096,HORD002096,2018-10-20,2018-10-27,2018-10-27,Direct Freight,Standard,Delivered,0.0,True,27.0,10.16,none,7.0,6.0,Morning,5.9234,True,0.593
HDEL002097,HORD002097,2018-01-16,2018-01-23,2018-01-23,AusPost,Standard,Delivered,0.0,True,17.0,9.63,none,7.0,9.0,Afternoon,5.268,True,0.422
HDEL002098,HORD002098,2018-11-02,2018-11-06,2018-11-04,AusPost,Standard,Delivered,0.0,True,22.0,13.34,none,4.0,3.0,Anytime,10.0462,True,1.048
HDEL002099,HORD002099,2018-02-11,2018-02-15,2018-02-14,AusPost,Express,Delivered,0.0,True,36.0,18.12,none,4.0,7.0,Morning,7.1276,False,0.381
HDEL002100,HORD002100,2018-05-22,2018-05-27,2018-05-26,AusPost,Standard,Delivered,0.0,True,67.0,5.34,none,5.0,6.0,Anytime,0.5576,True,1.08
HDEL002101,HORD002101,2018-11-01,2018-11-04,2018-11-04,DHL,Express,Delivered,0.0,True,49.0,19.09,none,3.0,8.0,Morning,7.7128,False,0.484
HDEL002102,HORD002102,2018-01-23,2018-01-27,2018-01-25,AusPost,Standard,Delivered,0.0,True,35.0,9.26,none,4.0,4.0,Afternoon,4.573,True,0.558
HDEL002103,HORD002103,2018-12-20,2018-12-24,2018-12-22,StarTrack,Standard,Delivered,0.0,True,38.0,7.87,none,4.0,4.0,Anytime,1.5741,True,0.436
HDEL002104,HORD002104,2018-03-16,2018-03-20,2018-03-20,StarTrack,Standard,Delivered,0.0,True,11.0,6.04,none,4.0,8.0,Anytime,2.5674,True,0.346
HDEL002105,HORD002105,2018-12-29,2019-01-01,2018-12-30,DHL,Standard,Delivered,0.0,True,15.0,11.53,none,3.0,8.0,Morning,9.0951,False,0.541
HDEL002106,HORD002106,2018-07-13,2018-07-19,2018-07-19,DHL,Standard,Delivered,0.0,True,22.0,11.64,none,6.0,8.0,Morning,6.8779,False,0.408
HDEL002107,HORD002107,2018-10-29,2018-11-05,2018-11-04,Direct Freight,Express,Delivered,0.0,True,10.0,14.66,none,7.0,9.0,Afternoon,3.6762,True,1.794
HDEL002108,HORD002108,2018-10-15,2018-10-19,2018-10-17,StarTrack,Express,Delivered,0.0,True,52.0,14.16,none,4.0,8.0,Afternoon,2.9396,True,0.504
HDEL002109,HORD002109,2018-09-07,2018-09-14,2018-09-14,DHL,Standard,Delivered,0.0,True,46.0,8.78,none,7.0,6.0,Anytime,6.7474,True,0.464
HDEL002110,HORD002110,2018-11-07,2018-11-11,2018-11-10,StarTrack,Standard,Delivered,0.0,True,17.0,8.23,none,4.0,4.0,Anytime,4.4563,False,0.326
HDEL002111,HORD002111,2018-07-20,2018-07-26,2018-07-28,AusPost,Standard,Delivered,2.0,False,37.0,10.0,weather,6.0,8.0,Anytime,1.0315,True,0.471
HDEL002112,HORD002112,2018-12-10,2018-12-15,2018-12-14,AusPost,Standard,Delivered,0.0,True,54.0,8.77,none,5.0,8.0,Morning,5.5471,False,0.435
HDEL002113,HORD002113,2019-01-01,2019-01-08,2019-01-07,AusPost,Standard,Delivered,0.0,True,23.0,8.57,none,7.0,3.0,Afternoon,6.1679,True,0.43
HDEL002114,HORD002114,2018-05-12,2018-05-17,2018-05-18,DHL,Standard,Delivered,1.0,False,5.0,9.61,weather,5.0,5.0,Afternoon,7.4924,True,0.606
HDEL002115,HORD002115,2018-11-01,2018-11-05,2018-11-04,StarTrack,Standard,Delivered,0.0,True,11.0,10.92,none,4.0,3.0,Afternoon,8.088,True,1.285
HDEL002116,HORD002116,2018-10-29,2018-11-01,2018-11-06,DHL,Standard,Delivered,5.0,False,71.0,6.95,carrier_capacity,3.0,6.0,Anytime,3.0513,True,0.439
HDEL002117,HORD002117,2018-04-01,2018-04-08,2018-04-08,DHL,Express,Delivered,0.0,True,44.0,15.34,none,7.0,3.0,Afternoon,7.0974,True,0.479
HDEL002118,HORD002118,2018-10-17,2018-10-23,2018-10-22,DHL,Standard,Delivered,0.0,True,42.0,8.76,none,6.0,8.0,Afternoon,2.8334,False,1.032
HDEL002119,HORD002119,2018-05-10,2018-05-15,2018-05-13,StarTrack,Express,Delivered,0.0,True,64.0,18.93,none,5.0,3.0,Anytime,6.9719,False,0.519
HDEL002120,HORD002120,2018-11-21,2018-11-27,2018-11-26,AusPost,Standard,Delivered,0.0,True,2.0,8.1,none,6.0,4.0,Anytime,6.7811,False,0.407
HDEL002121,HORD002121,2018-01-03,2018-01-06,2018-01-04,DHL,Standard,Delivered,0.0,True,41.0,9.07,none,3.0,6.0,Afternoon,7.2331,True,0.587
HDEL002122,HORD002122,2018-06-23,2018-06-27,2018-06-26,DHL,Standard,Delivered,0.0,True,34.0,15.51,none,4.0,6.0,Morning,9.7077,True,0.596
HDEL002123,HORD002123,2018-08-07,2018-08-11,2018-08-09,Direct Freight,Express,Delivered,0.0,True,20.0,26.76,none,4.0,4.0,Morning,7.7961,True,2.192
HDEL002124,HORD002124,2018-01-21,2018-01-24,2018-01-22,AusPost,Standard,Delivered,0.0,True,4.0,11.7,none,3.0,3.0,Afternoon,7.5054,False,0.463
HDEL002125,HORD002125,2018-05-01,2018-05-06,2018-05-04,DHL,Standard,Delivered,0.0,True,72.0,10.63,none,5.0,5.0,Morning,8.9878,False,0.458
HDEL002126,HORD002126,2018-01-13,2018-01-18,2018-01-16,AusPost,Standard,Delivered,0.0,True,23.0,9.68,none,5.0,6.0,Anytime,8.5341,True,0.925
HDEL002127,HORD002127,2018-03-08,2018-03-14,2018-03-13,AusPost,Standard,Delivered,0.0,True,68.0,6.94,none,6.0,4.0,Afternoon,2.7425,False,0.264
HDEL002128,HORD002128,2018-04-20,2018-04-24,2018-04-23,Direct Freight,Standard,Delivered,0.0,True,41.0,8.05,none,4.0,9.0,Anytime,5.5917,True,0.484
HDEL002129,HORD002129,2018-03-18,2018-03-22,2018-03-20,AusPost,Standard,Delivered,0.0,True,44.0,8.28,none,4.0,7.0,Morning,3.843,False,0.366
HDEL002130,HORD002130,2018-12-20,2018-12-24,2018-12-24,AusPost,Standard,Delivered,0.0,True,22.0,8.34,none,4.0,3.0,Morning,6.0658,False,0.378
HDEL002131,HORD002131,2018-07-23,2018-07-26,2018-07-24,Direct Freight,Standard,Delivered,0.0,True,36.0,9.2,none,3.0,6.0,Afternoon,2.9193,True,0.407
HDEL002132,HORD002132,2018-07-20,2018-07-23,2018-07-23,AusPost,Express,Delivered,0.0,True,30.0,19.76,none,3.0,5.0,Morning,5.1246,True,0.462
HDEL002133,HORD002133,2018-03-13,2018-03-16,2018-03-14,Direct Freight,Express,Delivered,0.0,True,30.0,18.22,none,3.0,8.0,Morning,4.932,True,0.385
HDEL002134,HORD002134,2018-06-14,2018-06-19,2018-06-18,Direct Freight,Express,Delivered,0.0,True,69.0,18.02,none,5.0,6.0,Anytime,4.932,True,0.514
HDEL002135,HORD002135,2018-06-22,2018-06-27,2018-06-26,Direct Freight,Express,Delivered,0.0,True,15.0,15.68,none,5.0,8.0,Morning,1.0315,False,0.271
HDEL002136,HORD002136,2018-03-07,2018-03-11,2018-03-10,DHL,Standard,Delivered,0.0,True,38.0,7.98,none,4.0,5.0,Afternoon,2.2975,False,0.322
HDEL002137,HORD002137,2018-03-04,2018-03-11,2018-03-10,Direct Freight,Express,Delivered,0.0,True,26.0,17.91,none,7.0,8.0,Afternoon,4.895,False,0.961
HDEL002138,HORD002138,2018-04-05,2018-04-12,2018-04-10,AusPost,Standard,Delivered,0.0,True,55.0,8.66,none,7.0,7.0,Anytime,4.8889,False,0.334
HDEL002139,HORD002139,2018-12-07,2018-12-10,2018-12-09,Direct Freight,Standard,Delivered,0.0,True,72.0,6.12,none,3.0,8.0,Afternoon,0.5217,True,0.464
HDEL002140,HORD002140,2018-05-19,2018-05-22,2018-05-21,StarTrack,Standard,Delivered,0.0,True,38.0,8.87,none,3.0,8.0,Afternoon,4.6266,False,0.316
HDEL002141,HORD002141,2018-07-26,2018-08-01,2018-07-30,AusPost,Standard,Delivered,0.0,True,34.0,13.08,none,6.0,9.0,Anytime,7.1722,False,0.448
HDEL002142,HORD002142,2018-01-03,2018-01-10,2018-01-08,DHL,Standard,Delivered,0.0,True,16.0,8.28,none,7.0,4.0,Anytime,6.1569,False,0.36
HDEL002143,HORD002143,2018-03-08,2018-03-15,2018-03-14,AusPost,Standard,Delivered,0.0,True,23.0,9.86,none,7.0,9.0,Anytime,5.4352,True,0.498
HDEL002144,HORD002144,2018-04-15,2018-04-22,2018-04-22,StarTrack,Standard,Delivered,0.0,True,52.0,5.59,none,7.0,5.0,Morning,0.134,True,0.485
HDEL002145,HORD002145,2018-07-11,2018-07-14,2018-07-13,AusPost,Express,Delivered,0.0,True,36.0,26.54,none,3.0,6.0,Anytime,7.7961,True,0.662
HDEL002146,HORD002146,2018-07-19,2018-07-23,2018-07-22,AusPost,Standard,Delivered,0.0,True,72.0,15.23,none,4.0,3.0,Morning,8.7076,False,0.551
HDEL002147,HORD002147,2018-07-24,2018-07-31,2018-07-29,AusPost,Standard,Delivered,0.0,True,11.0,9.26,none,7.0,6.0,Afternoon,4.7826,True,0.514
HDEL002148,HORD002148,2018-03-17,2018-03-21,2018-03-19,DHL,Standard,Delivered,0.0,True,43.0,9.29,none,4.0,6.0,Anytime,7.0202,True,0.488
HDEL002149,HORD002149,2018-05-09,2018-05-13,2018-05-12,Direct Freight,Standard,Delivered,0.0,True,69.0,9.46,none,4.0,8.0,Afternoon,6.9799,False,0.461
HDEL002150,HORD002150,2018-04-04,2018-04-09,2018-04-07,DHL,Standard,Delivered,0.0,True,62.0,12.8,none,5.0,4.0,Anytime,8.9244,False,0.428
HDEL002151,HORD002151,2018-05-25,2018-05-30,2018-05-28,Direct Freight,Standard,Delivered,0.0,True,14.0,5.54,none,5.0,6.0,Morning,0.134,True,0.434
HDEL002152,HORD002152,2018-02-10,2018-02-16,2018-02-14,AusPost,Express,Delivered,0.0,True,55.0,17.62,none,6.0,3.0,Afternoon,7.2366,True,0.56
HDEL002153,HORD002153,2018-12-10,2018-12-15,2018-12-13,DHL,Standard,Delivered,0.0,True,67.0,7.48,none,5.0,6.0,Afternoon,4.0721,True,0.44
HDEL002154,HORD002154,2018-12-06,2018-12-10,2018-12-09,Direct Freight,Standard,Delivered,0.0,True,56.0,8.29,none,4.0,6.0,Anytime,1.6376,False,0.294
HDEL002155,HORD002155,2018-11-08,2018-11-12,2018-11-12,AusPost,Standard,Delivered,0.0,True,4.0,10.15,none,4.0,3.0,Morning,7.3951,True,0.525
HDEL002156,HORD002156,2018-02-22,2018-02-26,2018-02-24,Direct Freight,Standard,Delivered,0.0,True,73.0,8.9,none,4.0,3.0,Afternoon,6.9714,True,1.164
HDEL002157,HORD002157,2018-05-04,2018-05-11,2018-05-10,StarTrack,Standard,Delivered,0.0,True,37.0,8.02,none,7.0,7.0,Anytime,4.4985,True,0.914
HDEL002158,HORD002158,2018-03-27,2018-03-30,2018-03-30,Direct Freight,Standard,Delivered,0.0,True,24.0,7.42,none,3.0,9.0,Afternoon,1.9834,False,0.326
HDEL002159,HORD002159,2018-01-13,2018-01-19,2018-01-21,StarTrack,Express,Delivered,2.0,False,7.0,19.17,warehouse_congestion,6.0,8.0,Anytime,7.7381,True,0.562
HDEL002160,HORD002160,2018-06-09,2018-06-16,2018-06-15,AusPost,Standard,Delivered,0.0,True,37.0,13.07,none,7.0,9.0,Afternoon,7.2147,True,0.438
HDEL002161,HORD002161,2018-08-18,2018-08-24,2018-08-24,Direct Freight,Standard,Delivered,0.0,True,25.0,12.73,none,6.0,9.0,Afternoon,6.7869,True,0.388
HDEL002162,HORD002162,2018-05-25,2018-05-28,2018-05-28,StarTrack,Standard,Delivered,0.0,True,22.0,6.59,none,3.0,4.0,Afternoon,2.2975,False,0.322
HDEL002163,HORD002163,2018-11-20,2018-11-27,2018-11-25,Direct Freight,Express,Delivered,0.0,True,56.0,20.33,none,7.0,8.0,Morning,8.5341,True,0.614
HDEL002164,HORD002164,2018-02-23,2018-02-28,2018-02-27,Direct Freight,Standard,Delivered,0.0,True,7.0,10.44,none,5.0,7.0,Morning,6.3105,True,1.062
HDEL002165,HORD002165,2018-06-07,2018-06-11,2018-06-11,StarTrack,Standard,Delivered,0.0,True,36.0,12.86,none,4.0,4.0,Anytime,7.7528,True,1.057
HDEL002166,HORD002166,2018-03-12,2018-03-18,2018-03-18,DHL,Standard,Delivered,0.0,True,12.0,7.51,none,6.0,4.0,Afternoon,5.0798,True,1.157
HDEL002167,HORD002167,2018-11-16,2018-11-23,2018-11-23,StarTrack,Express,Delivered,0.0,True,28.0,17.32,none,7.0,3.0,Afternoon,6.9656,True,1.258
HDEL002168,HORD002168,2018-01-18,2018-01-24,2018-01-24,Direct Freight,Express,Delivered,0.0,True,67.0,18.15,none,6.0,3.0,Morning,9.5775,True,0.484
HDEL002169,HORD002169,2018-10-01,2018-10-04,2018-10-03,AusPost,Standard,Delivered,0.0,True,43.0,9.25,none,3.0,7.0,Morning,6.5607,True,0.513
HDEL002170,HORD002170,2018-08-31,2018-09-07,2018-09-06,DHL,Standard,Delivered,0.0,True,25.0,9.36,none,7.0,4.0,Afternoon,1.6631,True,0.461
HDEL002171,HORD002171,2018-04-06,2018-04-12,2018-04-12,DHL,Standard,Delivered,0.0,True,22.0,8.11,none,6.0,3.0,Morning,2.522,False,0.26
HDEL002172,HORD002172,2018-11-30,2018-12-03,2018-12-03,Direct Freight,Standard,Delivered,0.0,True,11.0,9.22,none,3.0,5.0,Afternoon,7.7961,True,1.059
HDEL002173,HORD002173,2018-10-21,2018-10-26,2018-10-25,StarTrack,Standard,Delivered,0.0,True,65.0,10.39,none,5.0,9.0,Afternoon,5.4847,True,0.375
HDEL002174,HORD002174,2018-10-30,2018-11-06,2018-11-11,AusPost,Standard,Delivered,5.0,False,10.0,8.96,carrier_capacity,7.0,9.0,Morning,6.2917,True,0.475
HDEL002175,HORD002175,2018-05-12,2018-05-17,2018-05-17,AusPost,Express,Delivered,0.0,True,8.0,18.41,none,5.0,7.0,Anytime,5.3937,True,0.515
HDEL002176,HORD002176,2018-05-23,2018-05-29,2018-05-27,AusPost,Express,Delivered,0.0,True,44.0,16.34,none,6.0,8.0,Afternoon,5.268,False,0.503
HDEL002177,HORD002177,2018-11-28,2018-12-03,2018-12-01,StarTrack,Standard,Delivered,0.0,True,26.0,8.16,none,5.0,8.0,Morning,5.672,True,0.441
HDEL002178,HORD002178,2018-02-15,2018-02-18,2018-02-17,DHL,Express,Delivered,0.0,True,36.0,17.66,none,3.0,3.0,Afternoon,5.4352,True,0.531
HDEL002179,HORD002179,2018-06-22,2018-06-25,2018-06-24,AusPost,Standard,Delivered,0.0,True,71.0,12.06,none,3.0,8.0,Anytime,6.9718,True,1.324
HDEL002180,HORD002180,2018-02-18,2018-02-21,2018-02-19,Direct Freight,Standard,Delivered,0.0,True,73.0,8.37,none,3.0,7.0,Afternoon,1.6631,True,0.445
HDEL002181,HORD002181,2018-09-27,2018-09-30,2018-09-29,AusPost,Standard,Delivered,0.0,True,52.0,8.75,none,3.0,4.0,Morning,6.7151,True,0.534
HDEL002182,HORD002182,2018-01-18,2018-01-24,2018-01-23,StarTrack,Standard,Delivered,0.0,True,13.0,7.43,none,6.0,5.0,Morning,0.243,True,0.365
HDEL002183,HORD002183,2018-06-18,2018-06-24,2018-06-23,Direct Freight,Standard,Delivered,0.0,True,35.0,9.13,none,6.0,7.0,Afternoon,2.9193,False,0.275
HDEL002184,HORD002184,2018-02-05,2018-02-09,2018-02-07,StarTrack,Standard,Delivered,0.0,True,70.0,10.07,none,4.0,3.0,Morning,5.2894,True,0.397
HDEL002185,HORD002185,2018-09-23,2018-09-26,2018-09-25,StarTrack,Standard,Delivered,0.0,True,24.0,8.4,none,3.0,6.0,Afternoon,7.353,True,0.476
HDEL002186,HORD002186,2018-09-11,2018-09-14,2018-09-18,Direct Freight,Standard,Delivered,4.0,False,17.0,9.52,weather,3.0,3.0,Afternoon,4.3807,True,0.495
HDEL002187,HORD002187,2018-03-08,2018-03-15,2018-03-14,Direct Freight,Standard,Delivered,0.0,True,45.0,10.26,none,7.0,7.0,Morning,5.8138,True,0.388
HDEL002188,HORD002188,2018-04-12,2018-04-16,2018-04-15,Direct Freight,Standard,Delivered,0.0,True,43.0,7.83,none,4.0,6.0,Anytime,6.4552,False,0.432
HDEL002189,HORD002189,2018-07-19,2018-07-26,2018-07-27,Direct Freight,Standard,Delivered,1.0,False,21.0,10.17,carrier_capacity,7.0,3.0,Morning,3.7434,False,0.488
HDEL002190,HORD002190,2018-01-25,2018-02-01,2018-01-30,Direct Freight,Standard,Delivered,0.0,True,3.0,10.53,none,7.0,7.0,Anytime,7.8012,False,0.393
HDEL002191,HORD002191,2018-06-18,2018-06-24,2018-06-23,Direct Freight,Standard,Delivered,0.0,True,6.0,12.21,none,6.0,6.0,Anytime,7.7128,True,0.581
HDEL002192,HORD002192,2018-10-08,2018-10-12,2018-10-10,DHL,Standard,Delivered,0.0,True,66.0,8.12,none,4.0,8.0,Afternoon,4.0037,False,0.378
HDEL002193,HORD002193,2018-11-27,2018-11-30,2018-11-29,StarTrack,Standard,Delivered,0.0,True,58.0,7.75,none,3.0,7.0,Anytime,1.6376,False,0.333
HDEL002194,HORD002194,2018-01-20,2018-01-27,2018-01-26,AusPost,Standard,Delivered,0.0,True,56.0,8.11,none,7.0,5.0,Afternoon,3.0066,False,0.348
HDEL002195,HORD002195,2018-03-14,2018-03-20,2018-03-18,StarTrack,Standard,Delivered,0.0,True,36.0,10.42,none,6.0,8.0,Anytime,7.1393,False,0.44
HDEL002196,HORD002196,2018-01-17,2018-01-21,2018-01-21,DHL,Standard,Delivered,0.0,True,60.0,9.6,none,4.0,4.0,Afternoon,3.9556,False,1.089
HDEL002197,HORD002197,2018-01-15,2018-01-19,2018-01-18,DHL,Standard,Delivered,0.0,True,55.0,12.41,none,4.0,4.0,Anytime,9.7484,True,0.58
HDEL002198,HORD002198,2018-03-01,2018-03-05,2018-03-03,AusPost,Standard,Delivered,0.0,True,14.0,11.16,none,4.0,5.0,Afternoon,6.1569,True,0.471
HDEL002199,HORD002199,2018-08-10,2018-08-16,2018-08-16,StarTrack,Standard,Delivered,0.0,True,36.0,10.34,none,6.0,4.0,Anytime,3.5321,False,0.42
HDEL002200,HORD002200,2018-12-02,2018-12-07,2018-12-07,DHL,Standard,Delivered,0.0,True,52.0,10.55,none,5.0,5.0,Afternoon,7.8949,True,1.236
HDEL002201,HORD002201,2018-06-08,2018-06-11,2018-06-10,Direct Freight,Standard,Delivered,0.0,True,34.0,11.33,none,3.0,7.0,Anytime,6.1296,True,0.556
HDEL002202,HORD002202,2018-05-19,2018-05-22,2018-05-22,StarTrack,Standard,Delivered,0.0,True,21.0,7.67,none,3.0,5.0,Morning,5.3006,True,1.04
HDEL002203,HORD002203,2018-11-24,2018-12-01,2018-12-01,StarTrack,Express,Delivered,0.0,True,71.0,17.88,none,7.0,7.0,Afternoon,2.6716,False,0.379
HDEL002204,HORD002204,2018-10-22,2018-10-26,2018-10-26,AusPost,Standard,Delivered,0.0,True,2.0,8.34,none,4.0,8.0,Anytime,3.0683,False,0.323
HDEL002205,HORD002205,2018-12-23,2018-12-28,2018-12-26,StarTrack,Standard,Delivered,0.0,True,13.0,9.79,none,5.0,3.0,Morning,6.6114,True,0.424
HDEL002206,HORD002206,2018-07-25,2018-07-29,2018-07-28,AusPost,Standard,Delivered,0.0,True,20.0,13.44,none,4.0,5.0,Afternoon,8.6104,True,0.457
HDEL002207,HORD002207,2018-02-12,2018-02-15,2018-02-15,DHL,Standard,Delivered,0.0,True,26.0,8.91,none,3.0,6.0,Afternoon,2.6944,True,0.353
HDEL002208,HORD002208,2018-12-11,2018-12-18,2018-12-17,Direct Freight,Express,Delivered,0.0,True,21.0,16.98,none,7.0,7.0,Anytime,2.6716,True,0.332
HDEL002209,HORD002209,2018-03-23,2018-03-26,2018-03-25,DHL,Standard,Delivered,0.0,True,33.0,6.37,none,3.0,5.0,Morning,0.7974,True,0.277
HDEL002210,HORD002210,2018-09-16,2018-09-23,2018-09-23,AusPost,Standard,Delivered,0.0,True,20.0,11.72,none,7.0,9.0,Morning,8.3195,True,0.504
HDEL002211,HORD002211,2018-01-12,2018-01-19,2018-01-18,Direct Freight,Standard,Delivered,0.0,True,33.0,11.63,none,7.0,6.0,Anytime,7.1137,False,0.407
HDEL002212,HORD002212,2018-08-18,2018-08-22,2018-08-22,StarTrack,Standard,Delivered,0.0,True,48.0,14.22,none,4.0,7.0,Afternoon,6.7869,True,0.582
HDEL002213,HORD002213,2018-07-22,2018-07-28,2018-07-27,AusPost,Express,Delivered,0.0,True,32.0,20.27,none,6.0,4.0,Anytime,6.3652,True,0.553
HDEL002214,HORD002214,2018-07-17,2018-07-23,2018-07-23,StarTrack,Standard,Delivered,0.0,True,65.0,9.49,none,6.0,5.0,Afternoon,5.4128,True,0.486
HDEL002215,HORD002215,2018-01-08,2018-01-13,2018-01-12,AusPost,Standard,Delivered,0.0,True,22.0,10.11,none,5.0,6.0,Afternoon,5.9503,False,0.409
HDEL002216,HORD002216,2018-09-21,2018-09-25,2018-09-23,DHL,Standard,Delivered,0.0,True,45.0,9.01,none,4.0,4.0,Morning,7.2156,True,1.094
HDEL002217,HORD002217,2018-04-03,2018-04-10,2018-04-10,AusPost,Standard,Delivered,0.0,True,24.0,10.31,none,7.0,9.0,Anytime,5.4128,False,0.394
HDEL002218,HORD002218,2018-11-20,2018-11-27,2018-11-26,StarTrack,Standard,Delivered,0.0,True,29.0,8.42,none,7.0,3.0,Afternoon,3.968,False,0.292
HDEL002219,HORD002219,2018-05-21,2018-05-24,2018-05-24,Direct Freight,Express,Delivered,0.0,True,6.0,17.01,none,3.0,9.0,Morning,2.9003,True,0.988
HDEL002220,HORD002220,2018-05-04,2018-05-09,2018-05-09,DHL,Standard,Delivered,0.0,True,34.0,8.48,none,5.0,8.0,Afternoon,4.0037,False,0.416
HDEL002221,HORD002221,2018-07-05,2018-07-11,2018-07-11,StarTrack,Standard,Delivered,0.0,True,19.0,10.99,none,6.0,5.0,Anytime,7.5354,True,0.643
HDEL002222,HORD002222,2018-10-29,2018-11-03,2018-11-03,DHL,Standard,Delivered,0.0,True,3.0,7.72,none,5.0,7.0,Afternoon,2.522,False,0.299
HDEL002223,HORD002223,2018-05-26,2018-05-29,2018-05-31,Direct Freight,Standard,Delivered,2.0,False,27.0,8.21,weather,3.0,9.0,Afternoon,2.8326,True,0.903
HDEL002224,HORD002224,2018-07-10,2018-07-16,2018-07-14,DHL,Standard,Delivered,0.0,True,7.0,12.48,none,6.0,6.0,Afternoon,6.2558,False,1.2
HDEL002225,HORD002225,2018-09-05,2018-09-12,2018-09-14,AusPost,Standard,Delivered,2.0,False,19.0,10.14,warehouse_congestion,7.0,3.0,Morning,7.996,True,0.478
HDEL002226,HORD002226,2018-12-28,2018-12-31,2018-12-30,StarTrack,Standard,Delivered,0.0,True,45.0,10.52,none,3.0,8.0,Afternoon,8.7895,False,0.41
HDEL002227,HORD002227,2018-05-15,2018-05-21,2018-05-19,DHL,Standard,Delivered,0.0,True,36.0,10.18,none,6.0,5.0,Anytime,7.412,True,0.421
HDEL002228,HORD002228,2018-09-14,2018-09-18,2018-09-18,AusPost,Standard,Delivered,0.0,True,39.0,8.89,none,4.0,9.0,Anytime,3.7718,False,0.404
HDEL002229,HORD002229,2018-06-22,2018-06-25,2018-06-25,DHL,Express,Delivered,0.0,True,68.0,22.94,none,3.0,7.0,Anytime,4.1639,True,0.323
HDEL002230,HORD002230,2018-06-29,2018-07-04,2018-07-04,StarTrack,Express,Delivered,0.0,True,17.0,23.37,none,5.0,8.0,Morning,5.1031,False,0.388
HDEL002231,HORD002231,2018-12-20,2018-12-23,2018-12-22,StarTrack,Express,Delivered,0.0,True,46.0,18.31,none,3.0,5.0,Afternoon,7.468,True,0.469
HDEL002232,HORD002232,2018-08-27,2018-08-30,2018-08-29,StarTrack,Standard,Delivered,0.0,True,21.0,11.91,none,3.0,6.0,Anytime,5.1815,False,0.405
HDEL002233,HORD002233,2018-12-23,2018-12-26,2018-12-24,AusPost,Standard,Delivered,0.0,True,32.0,9.73,none,3.0,4.0,Morning,8.3283,True,1.326
HDEL002234,HORD002234,2018-09-06,2018-09-10,2018-09-08,AusPost,Standard,Delivered,0.0,True,54.0,8.95,none,4.0,8.0,Afternoon,4.8747,True,1.037
HDEL002235,HORD002235,2018-04-05,2018-04-08,2018-04-07,StarTrack,Standard,Delivered,0.0,True,36.0,6.12,none,3.0,5.0,Anytime,3.1061,False,0.322
HDEL002236,HORD002236,2018-03-13,2018-03-16,2018-03-15,AusPost,Standard,Delivered,0.0,True,31.0,7.52,none,3.0,3.0,Anytime,4.3804,True,1.094
HDEL002237,HORD002237,2018-11-24,2018-11-30,2018-11-30,DHL,Standard,Delivered,0.0,True,22.0,8.41,none,6.0,7.0,Afternoon,2.3496,False,0.25
HDEL002238,HORD002238,2018-04-26,2018-05-01,2018-05-01,AusPost,Express,Delivered,0.0,True,8.0,14.49,none,5.0,5.0,Afternoon,3.7018,True,0.551
HDEL002239,HORD002239,2018-01-26,2018-01-31,2018-01-30,Direct Freight,Standard,Delivered,0.0,True,37.0,11.06,none,5.0,4.0,Afternoon,8.7895,False,0.425
HDEL002240,HORD002240,2018-08-03,2018-08-08,2018-08-08,StarTrack,Standard,Delivered,0.0,True,42.0,11.66,none,5.0,5.0,Anytime,3.9335,True,0.443
HDEL002241,HORD002241,2018-03-31,2018-04-03,2018-04-03,StarTrack,Standard,Delivered,0.0,True,29.0,5.64,none,3.0,7.0,Afternoon,0.919,True,0.399
HDEL002242,HORD002242,2018-11-13,2018-11-20,2018-11-22,DHL,Standard,Delivered,2.0,False,8.0,8.05,weather,7.0,8.0,Morning,1.8801,True,0.452
HDEL002243,HORD002243,2018-03-24,2018-03-31,2018-03-31,Direct Freight,Standard,Delivered,0.0,True,71.0,6.58,none,7.0,7.0,Anytime,2.1106,False,0.325
HDEL002244,HORD002244,2018-08-18,2018-08-24,2018-08-22,AusPost,Standard,Delivered,0.0,True,32.0,12.56,none,6.0,6.0,Anytime,4.9806,True,0.811
HDEL002245,HORD002245,2018-10-01,2018-10-08,2018-10-06,StarTrack,Express,Delivered,0.0,True,65.0,15.69,none,7.0,4.0,Anytime,2.2204,True,0.415
HDEL002246,HORD002246,2018-11-14,2018-11-18,2018-11-18,DHL,Standard,Delivered,0.0,True,10.0,10.11,none,4.0,7.0,Afternoon,7.1393,False,0.465
HDEL002247,HORD002247,2018-02-18,2018-02-22,2018-02-20,AusPost,Standard,Delivered,0.0,True,17.0,9.88,none,4.0,6.0,Morning,7.1137,True,1.264
HDEL002248,HORD002248,2018-12-17,2018-12-21,2018-12-22,Direct Freight,Standard,Delivered,1.0,False,16.0,9.87,carrier_capacity,4.0,9.0,Morning,8.7018,True,0.525
HDEL002249,HORD002249,2018-12-03,2018-12-10,2018-12-10,AusPost,Standard,Delivered,0.0,True,64.0,8.96,none,7.0,6.0,Afternoon,4.1841,True,0.303
HDEL002250,HORD002250,2018-11-19,2018-11-22,2018-11-22,AusPost,Standard,Delivered,0.0,True,23.0,7.03,none,3.0,4.0,Anytime,3.7703,True,0.311
HDEL002251,HORD002251,2018-10-29,2018-11-03,2018-11-02,AusPost,Standard,Delivered,0.0,True,69.0,8.92,none,5.0,6.0,Anytime,6.5139,False,0.365
HDEL002252,HORD002252,2018-04-26,2018-05-01,2018-04-29,StarTrack,Standard,Delivered,0.0,True,66.0,9.53,none,5.0,3.0,Morning,7.1467,True,0.535
HDEL002253,HORD002253,2018-09-06,2018-09-09,2018-09-11,AusPost,Standard,Delivered,2.0,False,58.0,8.78,warehouse_congestion,3.0,4.0,Anytime,3.727,False,0.35
HDEL002254,HORD002254,2018-09-14,2018-09-19,2018-09-21,Direct Freight,Standard,Delivered,2.0,False,28.0,6.47,weather,5.0,3.0,Anytime,2.4826,False,0.305
HDEL002255,HORD002255,2018-05-27,2018-05-31,2018-05-29,DHL,Standard,Delivered,0.0,True,32.0,8.81,none,4.0,3.0,Anytime,5.1945,True,0.585
HDEL002256,HORD002256,2018-07-28,2018-08-02,2018-08-02,Direct Freight,Express,Delivered,0.0,True,24.0,19.83,none,5.0,8.0,Afternoon,6.2917,True,0.48
HDEL002257,HORD002257,2018-05-03,2018-05-09,2018-05-09,AusPost,Standard,Delivered,0.0,True,62.0,11.81,none,6.0,3.0,Anytime,7.7275,False,0.402
HDEL002258,HORD002258,2018-07-19,2018-07-23,2018-07-25,DHL,Standard,Delivered,2.0,False,19.0,12.1,weather,4.0,6.0,Afternoon,8.088,True,0.568
HDEL002259,HORD002259,2018-08-12,2018-08-17,2018-08-16,Direct Freight,Express,Delivered,0.0,True,6.0,21.72,none,5.0,8.0,Morning,5.9827,True,0.41
HDEL002260,HORD002260,2018-06-05,2018-06-08,2018-06-07,StarTrack,Standard,Delivered,0.0,True,55.0,11.47,none,3.0,4.0,Anytime,3.89,True,0.938
HDEL002261,HORD002261,2018-11-03,2018-11-10,2018-11-09,DHL,Standard,Delivered,0.0,True,13.0,8.64,none,7.0,7.0,Morning,3.7986,True,0.396
HDEL002262,HORD002262,2018-09-25,2018-09-30,2018-09-29,StarTrack,Standard,Delivered,0.0,True,41.0,8.34,none,5.0,4.0,Morning,2.3445,True,0.335
HDEL002263,HORD002263,2018-06-25,2018-07-02,2018-07-02,StarTrack,Standard,Delivered,0.0,True,41.0,16.05,none,7.0,9.0,Morning,9.7484,True,0.609
HDEL002264,HORD002264,2018-01-06,2018-01-13,2018-01-13,AusPost,Express,Delivered,0.0,True,40.0,14.49,none,7.0,4.0,Afternoon,2.7425,True,0.503
HDEL002265,HORD002265,2018-05-01,2018-05-06,2018-05-05,DHL,Standard,Delivered,0.0,True,50.0,9.99,none,5.0,5.0,Anytime,7.2147,True,0.438
HDEL002266,HORD002266,2018-07-17,2018-07-23,2018-07-23,StarTrack,Standard,Delivered,0.0,True,10.0,12.94,none,6.0,9.0,Afternoon,5.6896,True,0.476
HDEL002267,HORD002267,2018-12-09,2018-12-15,2018-12-15,StarTrack,Standard,Delivered,0.0,True,5.0,11.64,none,6.0,3.0,Anytime,6.867,True,1.127
HDEL002268,HORD002268,2018-07-26,2018-07-29,2018-07-28,Direct Freight,Standard,Delivered,0.0,True,18.0,8.32,none,3.0,8.0,Anytime,2.9193,True,1.108
HDEL002269,HORD002269,2018-02-03,2018-02-08,2018-02-08,Direct Freight,Standard,Delivered,0.0,True,29.0,9.25,none,5.0,9.0,Morning,6.1287,True,0.489
HDEL002270,HORD002270,2018-07-19,2018-07-23,2018-07-27,AusPost,Express,Delivered,4.0,False,26.0,22.29,weather,4.0,8.0,Morning,4.7549,False,0.37
HDEL002271,HORD002271,2018-12-25,2018-12-31,2018-12-29,Direct Freight,Express,Delivered,0.0,True,49.0,20.93,none,6.0,8.0,Anytime,8.8092,False,0.474
HDEL002272,HORD002272,2018-11-21,2018-11-24,2018-11-24,StarTrack,Standard,Delivered,0.0,True,27.0,9.66,none,3.0,7.0,Morning,4.2331,True,1.182
HDEL002273,HORD002273,2018-12-22,2018-12-26,2018-12-26,StarTrack,Standard,Delivered,0.0,True,33.0,9.28,none,4.0,7.0,Morning,5.839,False,0.424
HDEL002274,HORD002274,2018-12-26,2018-12-29,2018-12-27,AusPost,Standard,Delivered,0.0,True,28.0,7.79,none,3.0,3.0,Anytime,5.0889,True,0.401
HDEL002275,HORD002275,2018-11-10,2018-11-13,2018-11-18,StarTrack,Standard,Delivered,5.0,False,16.0,9.97,weather,3.0,9.0,Morning,5.9827,False,1.082
HDEL002276,HORD002276,2018-02-22,2018-02-26,2018-02-25,StarTrack,Standard,Delivered,0.0,True,22.0,8.66,none,4.0,3.0,Anytime,5.0262,True,0.484
HDEL002277,HORD002277,2018-12-02,2018-12-08,2018-12-07,Direct Freight,Standard,Delivered,0.0,True,7.0,6.82,none,6.0,6.0,Anytime,3.5444,True,0.315
HDEL002278,HORD002278,2018-04-18,2018-04-25,2018-04-23,DHL,Standard,Delivered,0.0,True,66.0,7.62,none,7.0,8.0,Afternoon,5.0681,False,0.344
HDEL002279,HORD002279,2018-11-20,2018-11-26,2018-11-24,StarTrack,Express,Delivered,0.0,True,3.0,17.54,none,6.0,5.0,Morning,4.7826,True,0.582
HDEL002280,HORD002280,2018-02-08,2018-02-15,2018-02-13,DHL,Standard,Delivered,0.0,True,45.0,7.48,none,7.0,7.0,Afternoon,3.9152,True,0.493
HDEL002281,HORD002281,2018-01-23,2018-01-29,2018-01-29,DHL,Standard,Delivered,0.0,True,45.0,10.5,none,6.0,4.0,Morning,5.066,True,0.388
HDEL002282,HORD002282,2018-07-29,2018-08-03,2018-08-02,Direct Freight,Standard,Delivered,0.0,True,48.0,13.52,none,5.0,7.0,Anytime,6.5607,True,0.621
HDEL002283,HORD002283,2018-09-21,2018-09-24,2018-09-27,DHL,Standard,Delivered,3.0,False,47.0,10.5,carrier_capacity,3.0,3.0,Anytime,8.008,True,0.524
HDEL002284,HORD002284,2018-03-18,2018-03-22,2018-03-20,StarTrack,Express,Delivered,0.0,True,65.0,13.71,none,4.0,7.0,Afternoon,3.3663,False,0.285
HDEL002285,HORD002285,2018-08-15,2018-08-22,2018-08-21,AusPost,Standard,Delivered,0.0,True,14.0,13.65,none,7.0,6.0,Afternoon,8.3002,True,1.16
HDEL002286,HORD002286,2018-08-04,2018-08-09,2018-08-07,DHL,Standard,Delivered,0.0,True,71.0,7.15,none,5.0,5.0,Afternoon,0.316,True,0.448
HDEL002287,HORD002287,2018-12-27,2019-01-02,2019-01-02,AusPost,Standard,Delivered,0.0,True,63.0,8.55,none,6.0,5.0,Morning,2.5537,True,0.529
HDEL002288,HORD002288,2018-05-15,2018-05-19,2018-05-19,AusPost,Standard,Delivered,0.0,True,59.0,9.53,none,4.0,8.0,Afternoon,7.0974,False,1.255
HDEL002289,HORD002289,2018-01-19,2018-01-23,2018-01-22,Direct Freight,Standard,Delivered,0.0,True,70.0,9.73,none,4.0,9.0,Afternoon,4.6342,False,0.373
HDEL002290,HORD002290,2019-01-02,2019-01-08,2019-01-07,Direct Freight,Standard,Delivered,0.0,True,38.0,7.93,none,6.0,5.0,Morning,3.0748,True,0.54
HDEL002291,HORD002291,2018-01-15,2018-01-20,2018-01-20,DHL,Standard,Delivered,0.0,True,15.0,8.52,none,5.0,7.0,Morning,7.1276,True,1.048
HDEL002292,HORD002292,2018-03-26,2018-03-30,2018-03-29,DHL,Standard,Delivered,0.0,True,23.0,9.63,none,4.0,5.0,Morning,5.1067,True,0.566
HDEL002293,HORD002293,2018-11-07,2018-11-10,2018-11-10,AusPost,Express,Delivered,0.0,True,42.0,17.61,none,3.0,5.0,Morning,9.1432,False,0.476
HDEL002294,HORD002294,2018-06-27,2018-07-03,2018-07-03,AusPost,Express,Delivered,0.0,True,10.0,22.0,none,6.0,5.0,Afternoon,3.9719,True,0.792
HDEL002295,HORD002295,2018-10-22,2018-10-28,2018-10-28,Direct Freight,Express,Delivered,0.0,True,31.0,14.93,none,6.0,9.0,Morning,5.672,False,0.333
HDEL002296,HORD002296,2018-03-13,2018-03-17,2018-03-17,StarTrack,Standard,Delivered,0.0,True,58.0,7.47,none,4.0,3.0,Afternoon,5.6443,False,0.5
HDEL002297,HORD002297,2018-02-18,2018-02-22,2018-02-21,Direct Freight,Standard,Delivered,0.0,True,57.0,8.62,none,4.0,8.0,Morning,7.306,True,0.614
HDEL002298,HORD002298,2018-03-16,2018-03-22,2018-03-22,Direct Freight,Standard,Delivered,0.0,True,36.0,8.93,none,6.0,6.0,Afternoon,5.0262,False,0.445
HDEL002299,HORD002299,2018-11-19,2018-11-24,2018-11-24,Direct Freight,Standard,Delivered,0.0,True,9.0,9.77,none,5.0,5.0,Anytime,8.7018,True,0.624
HDEL002300,HORD002300,2018-07-03,2018-07-06,2018-07-09,DHL,Standard,Delivered,3.0,False,16.0,14.95,weather,3.0,7.0,Anytime,7.7128,False,0.383
HDEL002301,HORD002301,2018-05-20,2018-05-26,2018-05-25,Direct Freight,Standard,Delivered,0.0,True,60.0,10.21,none,6.0,3.0,Anytime,7.3951,False,0.452
HDEL002302,HORD002302,2018-07-15,2018-07-19,2018-07-18,DHL,Standard,Delivered,0.0,True,57.0,9.54,none,4.0,7.0,Afternoon,4.0721,True,0.401
HDEL002303,HORD002303,2018-03-12,2018-03-19,2018-03-19,Direct Freight,Standard,Delivered,0.0,True,35.0,6.32,none,7.0,6.0,Anytime,0.316,True,0.28
HDEL002304,HORD002304,2018-07-27,2018-08-02,2018-08-02,Direct Freight,Standard,Delivered,0.0,True,28.0,8.37,none,6.0,9.0,Afternoon,3.025,True,0.346
HDEL002305,HORD002305,2018-04-03,2018-04-09,2018-04-12,DHL,Standard,Delivered,3.0,False,41.0,9.23,carrier_capacity,6.0,8.0,Afternoon,7.412,True,0.461
HDEL002306,HORD002306,2018-02-02,2018-02-05,2018-02-05,Direct Freight,Standard,Delivered,0.0,True,59.0,8.82,none,3.0,7.0,Morning,5.6443,True,0.423
HDEL002307,HORD002307,2018-11-22,2018-11-28,2018-11-28,DHL,Standard,Delivered,0.0,True,34.0,8.9,none,6.0,3.0,Afternoon,6.4289,False,0.38
HDEL002308,HORD002308,2018-08-05,2018-08-08,2018-08-10,AusPost,Standard,Delivered,2.0,False,72.0,10.7,carrier_capacity,3.0,8.0,Afternoon,7.4297,True,0.522
HDEL002309,HORD002309,2018-06-25,2018-06-30,2018-06-30,StarTrack,Standard,Delivered,0.0,True,70.0,13.43,none,5.0,9.0,Anytime,5.938,False,0.369
HDEL002310,HORD002310,2018-07-07,2018-07-12,2018-07-10,DHL,Standard,Delivered,0.0,True,42.0,9.96,none,5.0,6.0,Anytime,4.4785,True,1.184
HDEL002311,HORD002311,2018-05-06,2018-05-09,2018-05-07,DHL,Standard,Delivered,0.0,True,22.0,7.56,none,3.0,6.0,Afternoon,4.4822,True,0.468
HDEL002312,HORD002312,2018-03-16,2018-03-19,2018-03-18,Direct Freight,Express,Delivered,0.0,True,7.0,16.53,none,3.0,7.0,Morning,2.1289,True,0.317
HDEL002313,HORD002313,2018-06-10,2018-06-14,2018-06-13,DHL,Standard,Delivered,0.0,True,25.0,10.37,none,4.0,3.0,Morning,6.5015,False,0.409
HDEL002314,HORD002314,2018-11-14,2018-11-17,2018-11-15,AusPost,Standard,Delivered,0.0,True,32.0,9.51,none,3.0,6.0,Afternoon,5.9319,False,0.362
HDEL002315,HORD002315,2018-12-25,2018-12-28,2018-12-26,Direct Freight,Standard,Delivered,0.0,True,32.0,9.72,none,3.0,6.0,Anytime,6.9744,True,0.496
HDEL002316,HORD002316,2018-02-22,2018-02-28,2018-02-27,StarTrack,Standard,Delivered,0.0,True,43.0,11.58,none,6.0,3.0,Morning,7.3718,True,0.521
HDEL002317,HORD002317,2018-09-16,2018-09-20,2018-09-20,DHL,Standard,Delivered,0.0,True,38.0,8.8,none,4.0,4.0,Afternoon,3.296,True,0.469
HDEL002318,HORD002318,2018-08-08,2018-08-12,2018-08-12,StarTrack,Standard,Delivered,0.0,True,29.0,11.44,none,4.0,8.0,Anytime,6.369,True,0.517
HDEL002319,HORD002319,2018-05-14,2018-05-18,2018-05-16,Direct Freight,Standard,Delivered,0.0,True,57.0,8.96,none,4.0,4.0,Morning,4.0907,True,0.765
HDEL002320,HORD002320,2018-09-06,2018-09-11,2018-09-10,StarTrack,Standard,Delivered,0.0,True,27.0,10.62,none,5.0,8.0,Anytime,7.5164,True,0.6
HDEL002321,HORD002321,2018-01-27,2018-02-02,2018-01-31,Direct Freight,Express,Delivered,0.0,True,45.0,14.77,none,6.0,7.0,Afternoon,4.0907,True,0.491
HDEL002322,HORD002322,2018-05-26,2018-06-01,2018-06-01,AusPost,Express,Delivered,0.0,True,3.0,17.31,none,6.0,6.0,Afternoon,5.9357,True,0.516
HDEL002323,HORD002323,2018-04-27,2018-05-03,2018-05-02,DHL,Standard,Delivered,0.0,True,54.0,9.0,none,6.0,8.0,Anytime,4.8491,True,0.886
HDEL002324,HORD002324,2018-09-03,2018-09-09,2018-09-07,Direct Freight,Standard,Delivered,0.0,True,62.0,10.57,none,6.0,8.0,Afternoon,7.1276,True,0.533
HDEL002325,HORD002325,2018-01-13,2018-01-16,2018-01-16,DHL,Standard,Delivered,0.0,True,33.0,9.51,none,3.0,3.0,Morning,8.5082,True,0.774
HDEL002326,HORD002326,2018-04-17,2018-04-20,2018-04-18,StarTrack,Standard,Delivered,0.0,True,39.0,9.48,none,3.0,9.0,Anytime,5.0545,True,0.54
HDEL002327,HORD002327,2018-06-16,2018-06-20,2018-06-18,AusPost,Standard,Delivered,0.0,True,64.0,12.9,none,4.0,7.0,Anytime,6.7151,True,0.499
HDEL002328,HORD002328,2018-09-15,2018-09-22,2018-09-21,StarTrack,Standard,Delivered,0.0,True,43.0,8.68,none,7.0,4.0,Afternoon,6.1296,True,0.437
HDEL002329,HORD002329,2018-10-29,2018-11-03,2018-11-01,Direct Freight,Standard,Delivered,0.0,True,7.0,11.16,none,5.0,5.0,Morning,8.7895,False,1.19
HDEL002330,HORD002330,2018-04-14,2018-04-20,2018-04-18,AusPost,Standard,Delivered,0.0,True,45.0,10.8,none,6.0,8.0,Afternoon,8.7149,False,0.496
HDEL002331,HORD002331,2018-07-09,2018-07-13,2018-07-14,Direct Freight,Standard,Delivered,1.0,False,31.0,11.75,warehouse_congestion,4.0,6.0,Anytime,7.8474,True,0.986
HDEL002332,HORD002332,2018-04-10,2018-04-13,2018-04-13,StarTrack,Standard,Delivered,0.0,True,42.0,9.54,none,3.0,8.0,Morning,7.2147,False,0.421
HDEL002333,HORD002333,2018-11-28,2018-12-05,2018-12-03,AusPost,Standard,Delivered,0.0,True,27.0,9.86,none,7.0,3.0,Morning,6.194,True,0.461
HDEL002334,HORD002334,2018-08-01,2018-08-08,2018-08-06,AusPost,Standard,Delivered,0.0,True,14.0,10.91,none,7.0,6.0,Anytime,5.0303,True,0.853
HDEL002335,HORD002335,2018-09-12,2018-09-18,2018-09-16,Direct Freight,Standard,Delivered,0.0,True,19.0,7.87,none,6.0,9.0,Afternoon,1.5642,False,0.308
HDEL002336,HORD002336,2018-12-22,2018-12-25,2018-12-25,DHL,Standard,Delivered,0.0,True,27.0,6.73,none,3.0,5.0,Afternoon,3.241,True,1.629
HDEL002337,HORD002337,2018-02-21,2018-02-27,2018-02-27,StarTrack,Standard,Delivered,0.0,True,53.0,8.27,none,6.0,3.0,Morning,2.9648,True,1.27
HDEL002338,HORD002338,2018-07-12,2018-07-19,2018-07-18,StarTrack,Standard,Delivered,0.0,True,62.0,9.83,none,7.0,6.0,Anytime,5.1815,True,0.469
HDEL002339,HORD002339,2018-02-23,2018-03-02,2018-03-02,DHL,Standard,Delivered,0.0,True,9.0,7.91,none,7.0,9.0,Anytime,3.9335,True,1.213
HDEL002340,HORD002340,2018-02-19,2018-02-23,2018-02-21,AusPost,Standard,Delivered,0.0,True,44.0,9.48,none,4.0,4.0,Morning,5.6382,True,0.402
HDEL002341,HORD002341,2018-07-02,2018-07-06,2018-07-09,Direct Freight,Standard,Delivered,3.0,False,57.0,8.08,warehouse_congestion,4.0,8.0,Anytime,1.5241,False,0.331
HDEL002342,HORD002342,2018-02-26,2018-03-03,2018-03-01,Direct Freight,Standard,Delivered,0.0,True,16.0,9.63,none,5.0,5.0,Morning,6.163,True,1.887
HDEL002343,HORD002343,2018-04-11,2018-04-17,2018-04-16,StarTrack,Standard,Delivered,0.0,True,25.0,11.03,none,6.0,9.0,Afternoon,7.2366,True,0.432
HDEL002344,HORD002344,2018-12-27,2018-12-31,2018-12-29,DHL,Standard,Delivered,0.0,True,12.0,8.84,none,4.0,8.0,Anytime,7.4924,True,0.543
HDEL002345,HORD002345,2018-07-18,2018-07-25,2018-07-23,DHL,Standard,Delivered,0.0,True,37.0,11.37,none,7.0,9.0,Morning,4.1707,False,0.435
HDEL002346,HORD002346,2018-09-13,2018-09-16,2018-09-15,Direct Freight,Standard,Delivered,0.0,True,23.0,8.52,none,3.0,6.0,Afternoon,2.6944,True,0.36
HDEL002347,HORD002347,2018-03-27,2018-04-02,2018-04-01,StarTrack,Standard,Delivered,0.0,True,27.0,9.44,none,6.0,9.0,Afternoon,5.839,True,1.108
HDEL002348,HORD002348,2018-08-31,2018-09-07,2018-09-07,DHL,Standard,Delivered,0.0,True,34.0,10.47,none,7.0,9.0,Anytime,1.9834,False,0.266
HDEL002349,HORD002349,2018-05-22,2018-05-27,2018-05-27,Direct Freight,Standard,Delivered,0.0,True,47.0,10.99,none,5.0,7.0,Morning,7.0202,True,0.995
HDEL002350,HORD002350,2018-05-06,2018-05-12,2018-05-10,DHL,Express,Delivered,0.0,True,52.0,17.21,none,6.0,8.0,Morning,7.6829,True,1.078
HDEL002351,HORD002351,2018-10-19,2018-10-24,2018-10-22,AusPost,Standard,Delivered,0.0,True,44.0,11.61,none,5.0,8.0,Afternoon,7.468,False,0.395
HDEL002352,HORD002352,2018-05-25,2018-06-01,2018-05-30,AusPost,Standard,Delivered,0.0,True,29.0,6.39,none,7.0,9.0,Afternoon,0.134,True,0.869
HDEL002353,HORD002353,2018-09-20,2018-09-24,2018-09-24,Direct Freight,Express,Delivered,0.0,True,72.0,14.88,none,4.0,3.0,Morning,3.0513,True,0.391
HDEL002354,HORD002354,2018-07-16,2018-07-21,2018-07-20,StarTrack,Standard,Delivered,0.0,True,19.0,10.76,none,5.0,3.0,Morning,6.9744,True,0.493
HDEL002355,HORD002355,2018-02-01,2018-02-07,2018-02-07,DHL,Standard,Delivered,0.0,True,64.0,11.41,none,6.0,6.0,Anytime,9.5775,True,0.679
HDEL002356,HORD002356,2018-06-29,2018-07-06,2018-07-04,AusPost,Express,Delivered,0.0,True,16.0,23.95,none,7.0,4.0,Anytime,9.2213,True,0.544
HDEL002357,HORD002357,2018-10-03,2018-10-07,2018-10-05,AusPost,Standard,Delivered,0.0,True,18.0,11.28,none,4.0,5.0,Morning,8.5452,True,0.487
HDEL002358,HORD002358,2018-09-09,2018-09-15,2018-09-13,DHL,Express,Delivered,0.0,True,28.0,18.67,none,6.0,3.0,Morning,3.7718,True,0.368
HDEL002359,HORD002359,2018-06-25,2018-06-28,2018-06-28,AusPost,Standard,Delivered,0.0,True,52.0,12.39,none,3.0,9.0,Morning,5.4734,True,0.901
HDEL002360,HORD002360,2018-07-01,2018-07-07,2018-07-07,DHL,Standard,Delivered,0.0,True,50.0,11.75,none,6.0,9.0,Anytime,7.1535,True,1.001
HDEL002361,HORD002361,2018-01-27,2018-01-31,2018-01-31,DHL,Standard,Delivered,0.0,True,67.0,7.76,none,4.0,6.0,Morning,1.0315,True,0.377
HDEL002362,HORD002362,2018-02-25,2018-02-28,2018-02-26,Direct Freight,Standard,Delivered,0.0,True,22.0,8.84,none,3.0,4.0,Afternoon,4.932,False,0.394
HDEL002363,HORD002363,2018-02-11,2018-02-17,2018-02-16,AusPost,Express,Delivered,0.0,True,6.0,20.2,none,6.0,6.0,Anytime,6.1296,False,0.473
HDEL002364,HORD002364,2018-02-08,2018-02-14,2018-02-14,DHL,Standard,Delivered,0.0,True,38.0,9.71,none,6.0,4.0,Morning,9.8879,True,0.598
HDEL002365,HORD002365,2018-04-10,2018-04-14,2018-04-13,StarTrack,Standard,Delivered,0.0,True,68.0,9.81,none,4.0,9.0,Anytime,6.1048,False,0.383
HDEL002366,HORD002366,2018-04-23,2018-04-27,2018-04-25,AusPost,Standard,Delivered,0.0,True,65.0,10.25,none,4.0,7.0,Afternoon,5.5854,False,0.386
HDEL002367,HORD002367,2018-11-19,2018-11-26,2018-11-24,DHL,Standard,Delivered,0.0,True,25.0,8.96,none,7.0,3.0,Afternoon,4.0907,True,0.377
HDEL002368,HORD002368,2018-06-21,2018-06-26,2018-06-24,Direct Freight,Standard,Delivered,0.0,True,4.0,13.59,none,5.0,9.0,Anytime,8.0821,False,0.499
HDEL002369,HORD002369,2018-12-09,2018-12-14,2018-12-16,DHL,Standard,Delivered,2.0,False,71.0,12.41,weather,5.0,3.0,Anytime,7.8594,True,0.511
HDEL002370,HORD002370,2018-06-09,2018-06-12,2018-06-10,DHL,Express,Delivered,0.0,True,28.0,22.41,none,3.0,4.0,Afternoon,4.5274,True,0.513
HDEL002371,HORD002371,2018-11-10,2018-11-14,2018-11-14,AusPost,Standard,Delivered,0.0,True,70.0,9.47,none,4.0,4.0,Anytime,5.7949,True,1.073
HDEL002372,HORD002372,2018-12-20,2018-12-24,2018-12-29,AusPost,Standard,Delivered,5.0,False,63.0,10.28,carrier_capacity,4.0,3.0,Morning,4.8889,True,0.968
HDEL002373,HORD002373,2018-07-21,2018-07-24,2018-07-24,Direct Freight,Express,Delivered,0.0,True,34.0,17.04,none,3.0,8.0,Morning,3.528,False,0.278
HDEL002374,HORD002374,2018-08-04,2018-08-08,2018-08-09,AusPost,Express,Delivered,1.0,False,40.0,20.97,carrier_capacity,4.0,9.0,Anytime,3.968,True,0.499
HDEL002375,HORD002375,2018-09-12,2018-09-18,2018-09-16,StarTrack,Standard,Delivered,0.0,True,21.0,6.9,none,6.0,5.0,Morning,3.3621,True,0.33
HDEL002376,HORD002376,2018-03-24,2018-03-30,2018-03-29,StarTrack,Standard,Delivered,0.0,True,43.0,7.63,none,6.0,6.0,Anytime,4.6966,True,0.467
HDEL002377,HORD002377,2018-08-18,2018-08-23,2018-08-21,AusPost,Express,Delivered,0.0,True,46.0,22.83,none,5.0,8.0,Anytime,3.968,True,1.152
HDEL002378,HORD002378,2018-08-05,2018-08-08,2018-08-08,StarTrack,Standard,Delivered,0.0,True,40.0,10.63,none,3.0,8.0,Anytime,4.1231,False,0.41
HDEL002379,HORD002379,2018-02-02,2018-02-08,2018-02-06,DHL,Standard,Delivered,0.0,True,35.0,11.42,none,6.0,6.0,Anytime,7.4295,False,0.492
HDEL002380,HORD002380,2018-04-06,2018-04-12,2018-04-11,AusPost,Standard,Delivered,0.0,True,19.0,5.82,none,6.0,9.0,Afternoon,0.6309,True,0.365
HDEL002381,HORD002381,2018-01-17,2018-01-24,2018-01-23,StarTrack,Standard,Delivered,0.0,True,71.0,7.59,none,7.0,4.0,Anytime,4.4785,True,0.378
HDEL002382,HORD002382,2018-08-30,2018-09-06,2018-09-05,DHL,Standard,Delivered,0.0,True,30.0,13.59,none,7.0,9.0,Morning,7.1276,True,0.993
HDEL002383,HORD002383,2018-05-25,2018-05-29,2018-05-30,StarTrack,Standard,Delivered,1.0,False,32.0,10.15,warehouse_congestion,4.0,3.0,Morning,7.7913,True,0.67
HDEL002384,HORD002384,2018-10-10,2018-10-16,2018-10-15,Direct Freight,Standard,Delivered,0.0,True,20.0,12.34,none,6.0,5.0,Afternoon,10.0361,True,1.359
HDEL002385,HORD002385,2018-06-04,2018-06-11,2018-06-10,Direct Freight,Express,Delivered,0.0,True,24.0,21.51,none,7.0,4.0,Afternoon,2.8334,False,0.269
HDEL002386,HORD002386,2018-11-17,2018-11-20,2018-11-24,Direct Freight,Standard,Delivered,4.0,False,72.0,7.93,warehouse_congestion,3.0,8.0,Anytime,4.2942,True,0.605
HDEL002387,HORD002387,2018-01-07,2018-01-13,2018-01-12,AusPost,Standard,Delivered,0.0,True,28.0,7.62,none,6.0,3.0,Afternoon,3.89,True,0.366
HDEL002388,HORD002388,2018-11-29,2018-12-05,2018-12-03,AusPost,Express,Delivered,0.0,True,4.0,15.05,none,6.0,5.0,Afternoon,1.9118,False,0.302
HDEL002389,HORD002389,2018-10-17,2018-10-23,2018-10-22,AusPost,Standard,Delivered,0.0,True,61.0,6.13,none,6.0,8.0,Morning,2.4826,True,0.818
HDEL002390,HORD002390,2018-12-03,2018-12-07,2018-12-05,Direct Freight,Standard,Delivered,0.0,True,10.0,8.92,none,4.0,4.0,Anytime,6.5139,False,0.419
HDEL002391,HORD002391,2018-01-26,2018-01-29,2018-01-28,StarTrack,Standard,Delivered,0.0,True,38.0,6.64,none,3.0,9.0,Anytime,1.2126,True,0.362
HDEL002392,HORD002392,2018-03-18,2018-03-25,2018-03-23,DHL,Standard,Delivered,0.0,True,36.0,9.95,none,7.0,3.0,Anytime,5.5236,True,0.584
HDEL002393,HORD002393,2018-12-18,2018-12-24,2018-12-23,AusPost,Standard,Delivered,0.0,True,16.0,9.86,none,6.0,8.0,Afternoon,5.1945,True,0.46
HDEL002394,HORD002394,2018-11-19,2018-11-22,2018-11-22,Direct Freight,Express,Delivered,0.0,True,33.0,16.89,none,3.0,7.0,Anytime,8.1012,False,0.521
HDEL002395,HORD002395,2018-05-29,2018-06-05,2018-06-03,StarTrack,Standard,Delivered,0.0,True,43.0,9.86,none,7.0,6.0,Morning,7.5054,False,0.399
HDEL002396,HORD002396,2018-04-11,2018-04-15,2018-04-17,DHL,Standard,Delivered,2.0,False,10.0,9.95,weather,4.0,8.0,Afternoon,7.4249,True,0.463
HDEL002397,HORD002397,2018-11-26,2018-11-29,2018-11-29,DHL,Standard,Delivered,0.0,True,19.0,6.25,none,3.0,9.0,Anytime,1.9466,False,0.331
HDEL002398,HORD002398,2018-07-05,2018-07-09,2018-07-07,AusPost,Standard,Delivered,0.0,True,18.0,9.55,none,4.0,5.0,Afternoon,5.3847,True,1.158
HDEL002399,HORD002399,2018-01-31,2018-02-05,2018-02-03,DHL,Standard,Delivered,0.0,True,14.0,8.93,none,5.0,3.0,Morning,3.89,False,0.387
HDEL002400,HORD002400,2018-10-22,2018-10-26,2018-10-24,AusPost,Standard,Delivered,0.0,True,38.0,10.91,none,4.0,6.0,Morning,6.5015,True,0.432
HDEL002401,HORD002401,2018-12-24,2018-12-28,2018-12-31,Direct Freight,Standard,Delivered,3.0,False,17.0,11.41,carrier_capacity,4.0,6.0,Anytime,8.0803,True,0.555
HDEL002402,HORD002402,2018-02-17,2018-02-24,2018-02-22,StarTrack,Standard,Delivered,0.0,True,16.0,7.42,none,7.0,9.0,Anytime,1.0328,True,0.33
HDEL002403,HORD002403,2018-04-18,2018-04-22,2018-04-21,StarTrack,Standard,Delivered,0.0,True,41.0,8.73,none,4.0,4.0,Morning,4.1231,True,0.502
HDEL002404,HORD002404,2018-07-15,2018-07-20,2018-07-19,Direct Freight,Express,Delivered,0.0,True,10.0,21.78,none,5.0,7.0,Anytime,4.4985,True,0.47
HDEL002405,HORD002405,2018-06-18,2018-06-24,2018-06-23,DHL,Standard,Delivered,0.0,True,41.0,12.57,none,6.0,9.0,Anytime,5.4128,True,0.522
HDEL002406,HORD002406,2018-09-03,2018-09-09,2018-09-09,Direct Freight,Standard,Delivered,0.0,True,36.0,8.2,none,6.0,6.0,Morning,4.175,True,0.353
HDEL002407,HORD002407,2018-10-17,2018-10-21,2018-10-26,Direct Freight,Standard,Delivered,5.0,False,16.0,7.88,carrier_capacity,4.0,4.0,Anytime,5.1273,True,0.595
HDEL002408,HORD002408,2018-02-06,2018-02-11,2018-02-11,Direct Freight,Standard,Delivered,0.0,True,34.0,5.88,none,5.0,7.0,Afternoon,1.2394,True,0.219
HDEL002409,HORD002409,2018-12-27,2018-12-31,2018-12-31,StarTrack,Standard,Delivered,0.0,True,49.0,10.53,none,4.0,9.0,Morning,7.1722,False,0.447
HDEL002410,HORD002410,2018-06-24,2018-06-27,2018-06-27,Direct Freight,Standard,Delivered,0.0,True,63.0,13.71,none,3.0,3.0,Anytime,7.7961,True,0.496
HDEL002411,HORD002411,2018-04-13,2018-04-16,2018-04-15,Direct Freight,Standard,Delivered,0.0,True,9.0,9.69,none,3.0,4.0,Morning,4.8747,False,0.323
HDEL002412,HORD002412,2018-02-05,2018-02-11,2018-02-09,Direct Freight,Standard,Delivered,0.0,True,68.0,9.42,none,6.0,5.0,Morning,8.008,True,0.554
HDEL002413,HORD002413,2018-09-13,2018-09-16,2018-09-17,AusPost,Standard,Delivered,1.0,False,70.0,10.1,carrier_capacity,3.0,5.0,Afternoon,6.2917,False,0.426
HDEL002414,HORD002414,2018-02-10,2018-02-15,2018-02-15,StarTrack,Standard,Delivered,0.0,True,13.0,6.46,none,5.0,5.0,Anytime,1.5741,True,1.077
HDEL002415,HORD002415,2018-03-08,2018-03-14,2018-03-12,Direct Freight,Standard,Delivered,0.0,True,42.0,10.76,none,6.0,9.0,Afternoon,7.996,True,0.621
HDEL002416,HORD002416,2018-08-08,2018-08-11,2018-08-10,AusPost,Standard,Delivered,0.0,True,57.0,8.88,none,3.0,6.0,Afternoon,4.1707,True,0.458
HDEL002417,HORD002417,2018-01-08,2018-01-14,2018-01-18,Direct Freight,Standard,Delivered,4.0,False,13.0,7.64,warehouse_congestion,6.0,9.0,Afternoon,5.3354,True,1.048
HDEL002418,HORD002418,2018-03-03,2018-03-08,2018-03-11,AusPost,Standard,Delivered,3.0,False,26.0,7.21,warehouse_congestion,5.0,6.0,Morning,1.1842,False,0.375
HDEL002419,HORD002419,2018-01-06,2018-01-09,2018-01-07,Direct Freight,Standard,Delivered,0.0,True,61.0,8.85,none,3.0,7.0,Anytime,6.6214,True,0.451
HDEL002420,HORD002420,2018-08-29,2018-09-03,2018-09-03,AusPost,Standard,Delivered,0.0,True,39.0,10.37,none,5.0,9.0,Morning,3.7434,True,1.122
HDEL002421,HORD002421,2018-05-12,2018-05-15,2018-05-13,DHL,Standard,Delivered,0.0,True,22.0,8.1,none,3.0,3.0,Afternoon,6.5139,True,1.669
HDEL002422,HORD002422,2018-01-12,2018-01-18,2018-01-21,DHL,Standard,Delivered,3.0,False,18.0,8.03,carrier_capacity,6.0,4.0,Afternoon,5.5057,True,0.864
HDEL002423,HORD002423,2018-03-03,2018-03-09,2018-03-10,AusPost,Standard,Delivered,1.0,False,69.0,7.44,weather,6.0,9.0,Afternoon,3.9883,True,0.87
HDEL002424,HORD002424,2018-05-01,2018-05-08,2018-05-07,StarTrack,Standard,Delivered,0.0,True,51.0,9.04,none,7.0,5.0,Morning,7.3951,True,0.536
HDEL002425,HORD002425,2018-02-26,2018-03-04,2018-03-04,Direct Freight,Standard,Delivered,0.0,True,64.0,8.04,none,6.0,9.0,Anytime,2.0879,False,1.021
HDEL002426,HORD002426,2018-06-29,2018-07-05,2018-07-04,AusPost,Standard,Delivered,0.0,True,65.0,14.34,none,6.0,9.0,Morning,7.2147,True,1.316
HDEL002427,HORD002427,2018-07-05,2018-07-08,2018-07-08,Direct Freight,Standard,Delivered,0.0,True,72.0,12.99,none,3.0,4.0,Afternoon,5.9106,True,0.565
HDEL002428,HORD002428,2018-09-20,2018-09-25,2018-09-23,StarTrack,Express,Delivered,0.0,True,42.0,18.2,none,5.0,8.0,Morning,8.7478,False,0.442
HDEL002429,HORD002429,2018-08-31,2018-09-04,2018-09-03,AusPost,Standard,Delivered,0.0,True,9.0,9.98,none,4.0,7.0,Anytime,3.0499,True,0.388
HDEL002430,HORD002430,2018-12-29,2019-01-05,2019-01-04,StarTrack,Standard,Delivered,0.0,True,22.0,11.8,none,7.0,8.0,Anytime,7.2272,True,0.549
HDEL002431,HORD002431,2018-12-30,2019-01-03,2019-01-02,StarTrack,Standard,Delivered,0.0,True,58.0,6.85,none,4.0,5.0,Anytime,2.9699,True,0.573
HDEL002432,HORD002432,2018-12-10,2018-12-17,2018-12-18,StarTrack,Standard,Delivered,1.0,False,38.0,10.01,carrier_capacity,7.0,6.0,Afternoon,5.7885,True,0.453
HDEL002433,HORD002433,2018-10-16,2018-10-20,2018-10-20,DHL,Standard,Delivered,0.0,True,44.0,10.88,none,4.0,8.0,Morning,6.4246,True,0.467
HDEL002434,HORD002434,2018-09-20,2018-09-26,2018-09-25,DHL,Standard,Delivered,0.0,True,25.0,10.11,none,6.0,3.0,Afternoon,7.7128,True,1.243
HDEL002435,HORD002435,2018-05-02,2018-05-07,2018-05-06,DHL,Standard,Delivered,0.0,True,33.0,8.47,none,5.0,8.0,Anytime,4.7826,False,0.456
HDEL002436,HORD002436,2018-01-06,2018-01-13,2018-01-13,Direct Freight,Express,Delivered,0.0,True,2.0,20.16,none,7.0,7.0,Anytime,5.672,False,0.429
HDEL002437,HORD002437,2018-06-18,2018-06-23,2018-06-22,StarTrack,Standard,Delivered,0.0,True,21.0,12.1,none,5.0,9.0,Morning,4.573,True,0.676
HDEL002438,HORD002438,2018-12-23,2018-12-30,2018-12-28,Direct Freight,Standard,Delivered,0.0,True,69.0,10.3,none,7.0,6.0,Anytime,5.839,True,0.36
HDEL002439,HORD002439,2018-10-25,2018-10-28,2018-10-26,DHL,Standard,Delivered,0.0,True,29.0,12.19,none,3.0,7.0,Morning,8.8786,True,0.973
HDEL002440,HORD002440,2018-10-05,2018-10-09,2018-10-09,AusPost,Standard,Delivered,0.0,True,21.0,9.72,none,4.0,8.0,Anytime,5.8767,True,0.449
HDEL002441,HORD002441,2018-10-28,2018-10-31,2018-10-31,DHL,Standard,Delivered,0.0,True,40.0,8.69,none,3.0,6.0,Anytime,6.1816,True,0.559
HDEL002442,HORD002442,2018-05-03,2018-05-08,2018-05-07,Direct Freight,Standard,Delivered,0.0,True,4.0,8.22,none,5.0,4.0,Afternoon,7.1859,False,0.416
HDEL002443,HORD002443,2018-12-07,2018-12-13,2018-12-12,AusPost,Standard,Delivered,0.0,True,17.0,10.02,none,6.0,5.0,Afternoon,5.2435,True,1.01
HDEL002444,HORD002444,2018-02-17,2018-02-24,2018-02-22,DHL,Express,Delivered,0.0,True,72.0,17.74,none,7.0,3.0,Morning,5.4787,False,0.378
HDEL002445,HORD002445,2018-09-13,2018-09-19,2018-09-18,StarTrack,Express,Delivered,0.0,True,72.0,16.03,none,6.0,7.0,Afternoon,4.4695,True,1.191
HDEL002446,HORD002446,2018-07-13,2018-07-17,2018-07-17,Direct Freight,Express,Delivered,0.0,True,49.0,23.79,none,4.0,6.0,Afternoon,5.5854,True,0.951
HDEL002447,HORD002447,2018-03-13,2018-03-17,2018-03-15,AusPost,Standard,Delivered,0.0,True,14.0,7.85,none,4.0,9.0,Afternoon,4.1231,True,0.586
HDEL002448,HORD002448,2018-01-13,2018-01-17,2018-01-15,StarTrack,Standard,Delivered,0.0,True,33.0,6.77,none,4.0,5.0,Morning,2.4826,False,0.337
HDEL002449,HORD002449,2018-04-22,2018-04-25,2018-04-23,AusPost,Standard,Delivered,0.0,True,31.0,8.22,none,3.0,4.0,Anytime,7.2331,False,0.399
HDEL002450,HORD002450,2018-11-29,2018-12-04,2018-12-03,StarTrack,Standard,Delivered,0.0,True,12.0,10.29,none,5.0,3.0,Afternoon,6.5139,True,0.546
HDEL002451,HORD002451,2018-06-23,2018-06-29,2018-06-29,StarTrack,Standard,Delivered,0.0,True,64.0,12.16,none,6.0,6.0,Anytime,5.3633,False,0.344
HDEL002452,HORD002452,2018-11-28,2018-12-01,2018-11-30,StarTrack,Standard,Delivered,0.0,True,60.0,7.0,none,3.0,9.0,Morning,1.013,True,0.287
HDEL002453,HORD002453,2018-05-28,2018-06-03,2018-06-03,AusPost,Standard,Delivered,0.0,True,8.0,7.16,none,6.0,9.0,Morning,3.286,True,0.462
HDEL002454,HORD002454,2018-02-18,2018-02-22,2018-02-21,AusPost,Standard,Delivered,0.0,True,71.0,10.41,none,4.0,5.0,Anytime,7.6692,True,0.628
HDEL002455,HORD002455,2018-04-07,2018-04-10,2018-04-08,AusPost,Standard,Delivered,0.0,True,19.0,8.41,none,3.0,7.0,Morning,7.1137,False,0.378
HDEL002456,HORD002456,2018-06-28,2018-07-01,2018-07-01,DHL,Standard,Delivered,0.0,True,26.0,9.82,none,3.0,4.0,Afternoon,3.7044,True,0.502
HDEL002457,HORD002457,2018-06-13,2018-06-18,2018-06-18,Direct Freight,Express,Delivered,0.0,True,23.0,22.51,none,5.0,6.0,Anytime,2.6944,False,0.315
HDEL002458,HORD002458,2018-11-21,2018-11-28,2018-12-01,StarTrack,Standard,Delivered,3.0,False,25.0,7.62,carrier_capacity,7.0,3.0,Afternoon,2.9193,True,0.405
HDEL002459,HORD002459,2018-09-15,2018-09-19,2018-09-18,DHL,Standard,Delivered,0.0,True,45.0,10.26,none,4.0,5.0,Anytime,5.2435,True,1.162
HDEL002460,HORD002460,2018-04-28,2018-05-02,2018-05-02,StarTrack,Standard,Delivered,0.0,True,71.0,8.9,none,4.0,7.0,Anytime,7.8474,True,0.59
HDEL002461,HORD002461,2018-12-05,2018-12-10,2018-12-08,AusPost,Standard,Delivered,0.0,True,64.0,7.71,none,5.0,3.0,Morning,3.7951,True,0.371
HDEL002462,HORD002462,2018-07-24,2018-07-31,2018-07-31,AusPost,Standard,Delivered,0.0,True,11.0,8.8,none,7.0,7.0,Afternoon,1.7057,True,0.381
HDEL002463,HORD002463,2018-08-02,2018-08-09,2018-08-08,AusPost,Standard,Delivered,0.0,True,45.0,11.7,none,7.0,7.0,Afternoon,6.1816,False,0.347
HDEL002464,HORD002464,2018-05-16,2018-05-19,2018-05-19,DHL,Standard,Delivered,0.0,True,5.0,11.41,none,3.0,4.0,Afternoon,7.8012,False,0.426
HDEL002465,HORD002465,2018-04-16,2018-04-20,2018-04-19,DHL,Standard,Delivered,0.0,True,69.0,12.06,none,4.0,4.0,Morning,8.9878,False,0.457
HDEL002466,HORD002466,2018-10-18,2018-10-24,2018-10-24,StarTrack,Standard,Delivered,0.0,True,65.0,9.87,none,6.0,8.0,Anytime,6.3092,True,1.046
HDEL002467,HORD002467,2018-11-08,2018-11-13,2018-11-12,StarTrack,Standard,Delivered,0.0,True,51.0,8.02,none,5.0,8.0,Morning,5.5471,False,0.37
HDEL002468,HORD002468,2018-04-13,2018-04-17,2018-04-17,DHL,Standard,Delivered,0.0,True,45.0,8.36,none,4.0,3.0,Morning,5.0798,True,0.38
HDEL002469,HORD002469,2018-07-01,2018-07-06,2018-07-04,DHL,Standard,Delivered,0.0,True,45.0,14.48,none,5.0,8.0,Anytime,9.458,True,0.506
HDEL002470,HORD002470,2018-09-21,2018-09-24,2018-09-26,Direct Freight,Standard,Delivered,2.0,False,33.0,8.25,carrier_capacity,3.0,4.0,Morning,3.083,True,0.457
HDEL002471,HORD002471,2018-12-22,2018-12-27,2018-12-25,Direct Freight,Standard,Delivered,0.0,True,8.0,10.0,none,5.0,3.0,Morning,4.2014,True,0.984
HDEL002472,HORD002472,2018-02-02,2018-02-08,2018-02-08,StarTrack,Standard,Delivered,0.0,True,49.0,7.76,none,6.0,6.0,Morning,1.3091,True,0.403
HDEL002473,HORD002473,2018-04-01,2018-04-05,2018-04-05,StarTrack,Standard,Delivered,0.0,True,6.0,9.78,none,4.0,8.0,Morning,7.227,False,0.433
HDEL002474,HORD002474,2018-08-19,2018-08-26,2018-08-26,DHL,Standard,Delivered,0.0,True,12.0,15.37,none,7.0,6.0,Morning,8.7019,True,0.423
HDEL002475,HORD002475,2018-08-25,2018-08-29,2018-09-01,Direct Freight,Standard,Delivered,3.0,False,7.0,9.21,warehouse_congestion,4.0,9.0,Morning,4.3645,True,0.444
HDEL002476,HORD002476,2018-02-26,2018-03-02,2018-03-02,StarTrack,Standard,Delivered,0.0,True,65.0,9.08,none,4.0,3.0,Afternoon,6.6085,False,0.44
HDEL002477,HORD002477,2018-03-17,2018-03-24,2018-03-23,DHL,Standard,Delivered,0.0,True,56.0,8.43,none,7.0,6.0,Morning,7.6027,False,0.398
HDEL002478,HORD002478,2018-05-20,2018-05-27,2018-05-27,Direct Freight,Express,Delivered,0.0,True,24.0,17.56,none,7.0,3.0,Anytime,4.6204,True,0.518
HDEL002479,HORD002479,2018-07-25,2018-08-01,2018-07-31,Direct Freight,Standard,Delivered,0.0,True,36.0,11.51,none,7.0,4.0,Afternoon,6.7151,True,0.421
HDEL002480,HORD002480,2018-03-27,2018-04-02,2018-03-31,AusPost,Standard,Delivered,0.0,True,25.0,8.46,none,6.0,8.0,Anytime,4.2942,True,1.204
HDEL002481,HORD002481,2018-10-11,2018-10-18,2018-10-17,AusPost,Standard,Delivered,0.0,True,39.0,8.69,none,7.0,9.0,Morning,3.0683,False,0.3
HDEL002482,HORD002482,2018-09-22,2018-09-26,2018-09-25,AusPost,Standard,Delivered,0.0,True,59.0,8.88,none,4.0,5.0,Afternoon,6.0658,False,0.353
HDEL002483,HORD002483,2018-08-28,2018-08-31,2018-08-30,AusPost,Standard,Delivered,0.0,True,5.0,11.22,none,3.0,3.0,Morning,4.2942,True,0.399
HDEL002484,HORD002484,2018-08-20,2018-08-26,2018-08-25,DHL,Express,Delivered,0.0,True,21.0,22.67,none,6.0,8.0,Anytime,3.7986,False,0.448
HDEL002485,HORD002485,2018-03-09,2018-03-13,2018-03-12,StarTrack,Standard,Delivered,0.0,True,43.0,8.57,none,4.0,6.0,Morning,5.4734,True,1.789
HDEL002486,HORD002486,2018-06-07,2018-06-11,2018-06-11,StarTrack,Express,Delivered,0.0,True,5.0,23.21,none,4.0,3.0,Morning,8.3283,False,0.466
HDEL002487,HORD002487,2018-07-04,2018-07-08,2018-07-06,StarTrack,Express,Delivered,0.0,True,39.0,23.94,none,4.0,9.0,Anytime,6.7811,True,0.525
HDEL002488,HORD002488,2018-10-30,2018-11-06,2018-11-05,StarTrack,Express,Delivered,0.0,True,27.0,18.01,none,7.0,4.0,Morning,5.9319,False,0.374
HDEL002489,HORD002489,2018-01-25,2018-01-28,2018-01-29,Direct Freight,Standard,Delivered,1.0,False,62.0,9.04,weather,3.0,6.0,Anytime,6.4552,True,1.193
HDEL002490,HORD002490,2018-04-05,2018-04-12,2018-04-12,DHL,Standard,Delivered,0.0,True,62.0,8.07,none,7.0,4.0,Anytime,6.6818,True,0.429
HDEL002491,HORD002491,2018-06-03,2018-06-09,2018-06-09,Direct Freight,Standard,Delivered,0.0,True,42.0,14.06,none,6.0,6.0,Afternoon,6.5436,True,1.174
HDEL002492,HORD002492,2018-07-22,2018-07-28,2018-07-28,Direct Freight,Standard,Delivered,0.0,True,43.0,11.19,none,6.0,6.0,Morning,5.7397,False,0.346
HDEL002493,HORD002493,2018-09-26,2018-10-02,2018-09-30,AusPost,Standard,Delivered,0.0,True,28.0,10.6,none,6.0,6.0,Anytime,6.5932,True,0.579
HDEL002494,HORD002494,2018-04-16,2018-04-22,2018-04-21,StarTrack,Express,Delivered,0.0,True,28.0,13.78,none,6.0,4.0,Anytime,3.7634,False,0.322
HDEL002495,HORD002495,2018-05-07,2018-05-13,2018-05-11,Direct Freight,Express,Delivered,0.0,True,17.0,18.7,none,6.0,3.0,Afternoon,3.7044,True,0.537
HDEL002496,HORD002496,2018-03-06,2018-03-10,2018-03-09,DHL,Express,Delivered,0.0,True,5.0,15.62,none,4.0,5.0,Anytime,5.4734,True,0.49
HDEL002497,HORD002497,2018-11-01,2018-11-04,2018-11-03,Direct Freight,Standard,Delivered,0.0,True,43.0,9.95,none,3.0,5.0,Afternoon,6.2095,False,0.41
HDEL002498,HORD002498,2018-07-13,2018-07-18,2018-07-18,DHL,Standard,Delivered,0.0,True,35.0,13.44,none,5.0,5.0,Anytime,8.3283,True,0.697
HDEL002499,HORD002499,2018-06-16,2018-06-22,2018-06-21,Direct Freight,Express,Delivered,0.0,True,61.0,23.38,none,6.0,5.0,Morning,3.9264,False,0.324
HDEL002500,HORD002500,2018-12-04,2018-12-08,2018-12-06,StarTrack,Standard,Delivered,0.0,True,69.0,7.68,none,4.0,7.0,Afternoon,5.2041,True,1.07
HDEL002501,HORD002501,2018-06-23,2018-06-26,2018-06-28,DHL,Standard,Delivered,2.0,False,34.0,10.68,carrier_capacity,3.0,5.0,Anytime,5.066,False,0.351
HDEL002502,HORD002502,2018-07-31,2018-08-04,2018-08-09,StarTrack,Standard,Delivered,5.0,False,8.0,10.01,weather,4.0,5.0,Afternoon,5.5854,True,0.502
HDEL002503,HORD002503,2018-05-09,2018-05-16,2018-05-14,StarTrack,Standard,Delivered,0.0,True,58.0,9.9,none,7.0,8.0,Afternoon,7.7381,True,0.474
HDEL002504,HORD002504,2018-11-08,2018-11-11,2018-11-09,Direct Freight,Standard,Delivered,0.0,True,54.0,7.2,none,3.0,6.0,Morning,4.4695,True,1.466
HDEL002505,HORD002505,2018-08-08,2018-08-13,2018-08-11,DHL,Standard,Delivered,0.0,True,18.0,13.86,none,5.0,6.0,Morning,7.38,True,0.497
HDEL002506,HORD002506,2018-07-22,2018-07-26,2018-07-25,DHL,Standard,Delivered,0.0,True,10.0,13.17,none,4.0,9.0,Morning,6.1048,False,0.436
HDEL002507,HORD002507,2018-09-15,2018-09-21,2018-09-19,DHL,Standard,Delivered,0.0,True,43.0,8.95,none,6.0,5.0,Morning,5.2582,True,0.387
HDEL002508,HORD002508,2018-12-04,2018-12-10,2018-12-09,DHL,Standard,Delivered,0.0,True,53.0,7.14,none,6.0,7.0,Afternoon,2.6716,True,0.473
HDEL002509,HORD002509,2018-07-28,2018-07-31,2018-07-31,Direct Freight,Standard,Delivered,0.0,True,22.0,11.22,none,3.0,3.0,Morning,5.4128,True,0.518
HDEL002510,HORD002510,2018-11-16,2018-11-22,2018-11-20,StarTrack,Standard,Delivered,0.0,True,9.0,7.52,none,6.0,8.0,Anytime,3.7951,True,0.79
HDEL002511,HORD002511,2018-08-18,2018-08-25,2018-08-24,AusPost,Standard,Delivered,0.0,True,11.0,9.74,none,7.0,5.0,Morning,4.8889,False,0.322
HDEL002512,HORD002512,2018-10-18,2018-10-21,2018-10-23,AusPost,Standard,Delivered,2.0,False,14.0,8.7,weather,3.0,6.0,Anytime,5.0798,False,0.348
HDEL002513,HORD002513,2018-06-30,2018-07-04,2018-07-02,StarTrack,Standard,Delivered,0.0,True,34.0,9.46,none,4.0,3.0,Morning,3.6762,True,0.4
HDEL002514,HORD002514,2018-04-09,2018-04-15,2018-04-14,StarTrack,Standard,Delivered,0.0,True,27.0,12.5,none,6.0,7.0,Afternoon,9.2213,False,0.479
HDEL002515,HORD002515,2018-06-30,2018-07-04,2018-07-04,AusPost,Express,Delivered,0.0,True,72.0,21.71,none,4.0,5.0,Morning,3.968,True,1.13
HDEL002516,HORD002516,2018-01-04,2018-01-07,2018-01-07,DHL,Standard,Delivered,0.0,True,68.0,11.42,none,3.0,9.0,Afternoon,7.6692,True,0.571
HDEL002517,HORD002517,2018-09-22,2018-09-25,2018-09-28,AusPost,Standard,Delivered,3.0,False,72.0,8.31,weather,3.0,4.0,Anytime,3.0499,True,0.641
HDEL002518,HORD002518,2018-10-03,2018-10-10,2018-10-10,DHL,Standard,Delivered,0.0,True,4.0,6.03,none,7.0,9.0,Morning,0.134,False,0.216
HDEL002519,HORD002519,2018-06-20,2018-06-26,2018-06-24,AusPost,Standard,Delivered,0.0,True,54.0,10.62,none,6.0,9.0,Morning,5.938,True,1.153
HDEL002520,HORD002520,2018-11-05,2018-11-11,2018-11-14,Direct Freight,Standard,Delivered,3.0,False,23.0,10.6,warehouse_congestion,6.0,7.0,Anytime,7.2156,False,0.458
HDEL002521,HORD002521,2018-12-12,2018-12-19,2018-12-19,Direct Freight,Standard,Delivered,0.0,True,15.0,10.55,none,7.0,4.0,Anytime,5.0262,True,0.519
HDEL002522,HORD002522,2018-03-03,2018-03-07,2018-03-05,StarTrack,Standard,Delivered,0.0,True,57.0,9.02,none,4.0,6.0,Anytime,4.1841,True,0.445
HDEL002523,HORD002523,2018-06-25,2018-06-29,2018-06-27,StarTrack,Standard,Delivered,0.0,True,43.0,11.65,none,4.0,9.0,Anytime,8.3283,False,0.499
HDEL002524,HORD002524,2018-12-22,2018-12-28,2018-12-27,StarTrack,Express,Delivered,0.0,True,54.0,18.87,none,6.0,5.0,Morning,6.9656,False,0.504
HDEL002525,HORD002525,2018-03-15,2018-03-21,2018-03-19,AusPost,Standard,Delivered,0.0,True,10.0,6.9,none,6.0,7.0,Morning,3.9131,False,0.354
HDEL002526,HORD002526,2018-11-12,2018-11-15,2018-11-13,DHL,Standard,Delivered,0.0,True,71.0,10.97,none,3.0,3.0,Anytime,6.5391,True,0.385
HDEL002527,HORD002527,2018-09-28,2018-10-05,2018-10-03,DHL,Standard,Delivered,0.0,True,49.0,5.9,none,7.0,9.0,Anytime,1.2497,True,0.521
HDEL002528,HORD002528,2018-02-16,2018-02-21,2018-02-24,StarTrack,Standard,Delivered,3.0,False,64.0,10.58,carrier_capacity,5.0,4.0,Anytime,7.996,True,0.725
HDEL002529,HORD002529,2018-02-19,2018-02-22,2018-02-20,DHL,Standard,Delivered,0.0,True,9.0,11.61,none,3.0,6.0,Morning,7.7395,True,0.552
HDEL002530,HORD002530,2018-03-11,2018-03-17,2018-03-16,AusPost,Standard,Delivered,0.0,True,54.0,7.66,none,6.0,6.0,Anytime,3.7002,True,0.359
HDEL002531,HORD002531,2018-02-15,2018-02-22,2018-02-26,AusPost,Standard,Delivered,4.0,False,9.0,8.68,carrier_capacity,7.0,7.0,Anytime,3.0748,True,0.279
HDEL002532,HORD002532,2018-05-05,2018-05-09,2018-05-13,AusPost,Standard,Delivered,4.0,False,43.0,10.25,warehouse_congestion,4.0,7.0,Morning,8.3283,True,0.641
HDEL002533,HORD002533,2018-03-20,2018-03-23,2018-03-24,DHL,Standard,Delivered,1.0,False,4.0,10.44,warehouse_congestion,3.0,9.0,Afternoon,5.7809,False,0.398
HDEL002534,HORD002534,2018-07-09,2018-07-13,2018-07-13,StarTrack,Express,Delivered,0.0,True,51.0,26.22,none,4.0,9.0,Anytime,8.5082,False,0.519
HDEL002535,HORD002535,2018-04-03,2018-04-06,2018-04-04,Direct Freight,Standard,Delivered,0.0,True,47.0,9.83,none,3.0,5.0,Morning,5.6649,False,1.094
HDEL002536,HORD002536,2018-03-03,2018-03-09,2018-03-08,AusPost,Express,Delivered,0.0,True,42.0,18.74,none,6.0,5.0,Anytime,7.101,True,0.649
HDEL002537,HORD002537,2018-07-14,2018-07-20,2018-07-20,StarTrack,Standard,Delivered,0.0,True,65.0,9.9,none,6.0,6.0,Anytime,2.7779,True,0.452
HDEL002538,HORD002538,2018-01-08,2018-01-11,2018-01-10,AusPost,Standard,Delivered,0.0,True,71.0,8.36,none,3.0,4.0,Afternoon,4.0031,False,0.294
HDEL002539,HORD002539,2018-07-05,2018-07-10,2018-07-10,StarTrack,Express,Delivered,0.0,True,49.0,19.37,none,5.0,4.0,Morning,4.9255,True,0.972
HDEL002540,HORD002540,2018-06-25,2018-07-01,2018-06-29,StarTrack,Standard,Delivered,0.0,True,15.0,10.53,none,6.0,7.0,Anytime,5.4847,False,0.395
HDEL002541,HORD002541,2018-04-06,2018-04-11,2018-04-10,StarTrack,Standard,Delivered,0.0,True,19.0,7.54,none,5.0,5.0,Anytime,5.7949,True,0.885
HDEL002542,HORD002542,2018-12-04,2018-12-09,2018-12-07,StarTrack,Express,Delivered,0.0,True,21.0,16.93,none,5.0,4.0,Morning,5.0889,True,0.539
HDEL002543,HORD002543,2018-07-18,2018-07-23,2018-07-27,Direct Freight,Standard,Delivered,4.0,False,2.0,9.3,carrier_capacity,5.0,5.0,Morning,4.175,True,0.915
HDEL002544,HORD002544,2018-07-10,2018-07-16,2018-07-14,Direct Freight,Standard,Delivered,0.0,True,62.0,14.57,none,6.0,9.0,Afternoon,7.0838,True,0.436
HDEL002545,HORD002545,2018-04-19,2018-04-26,2018-05-01,Direct Freight,Standard,Delivered,5.0,False,47.0,8.5,warehouse_congestion,7.0,7.0,Morning,5.3461,True,1.008
HDEL002546,HORD002546,2018-10-14,2018-10-18,2018-10-17,DHL,Express,Delivered,0.0,True,44.0,15.51,none,4.0,7.0,Afternoon,5.9673,True,0.42
HDEL002547,HORD002547,2018-07-26,2018-07-30,2018-07-28,StarTrack,Express,Delivered,0.0,True,58.0,18.59,none,4.0,7.0,Anytime,2.522,True,0.314
HDEL002548,HORD002548,2018-07-11,2018-07-15,2018-07-13,StarTrack,Standard,Delivered,0.0,True,65.0,9.95,none,4.0,4.0,Morning,5.5221,True,1.003
HDEL002549,HORD002549,2018-10-27,2018-11-01,2018-11-02,StarTrack,Express,Delivered,1.0,False,31.0,14.62,weather,5.0,7.0,Afternoon,4.7826,True,0.382
HDEL002550,HORD002550,2018-04-27,2018-05-01,2018-05-01,Direct Freight,Express,Delivered,0.0,True,26.0,13.15,none,4.0,6.0,Anytime,1.5642,True,0.408
HDEL002551,HORD002551,2018-03-28,2018-04-03,2018-04-03,StarTrack,Standard,Delivered,0.0,True,47.0,7.23,none,6.0,3.0,Afternoon,3.0748,True,0.472
HDEL002552,HORD002552,2018-06-16,2018-06-23,2018-06-23,StarTrack,Standard,Delivered,0.0,True,69.0,12.42,none,7.0,8.0,Afternoon,4.6779,True,0.509
HDEL002553,HORD002553,2018-02-08,2018-02-13,2018-02-13,DHL,Express,Delivered,0.0,True,55.0,18.52,none,5.0,5.0,Morning,7.4924,True,0.475
HDEL002554,HORD002554,2018-11-24,2018-11-28,2018-11-27,AusPost,Standard,Delivered,0.0,True,18.0,8.12,none,4.0,6.0,Afternoon,6.2579,False,0.427
HDEL002555,HORD002555,2018-06-29,2018-07-02,2018-07-02,AusPost,Standard,Delivered,0.0,True,55.0,13.04,none,3.0,8.0,Morning,8.3002,False,0.451
HDEL002556,HORD002556,2018-09-01,2018-09-08,2018-09-06,StarTrack,Express,Delivered,0.0,True,72.0,18.16,none,7.0,3.0,Morning,3.843,True,0.395
HDEL002557,HORD002557,2018-06-28,2018-07-02,2018-07-02,DHL,Standard,Delivered,0.0,True,19.0,12.95,none,4.0,5.0,Afternoon,7.0202,True,0.544
HDEL002558,HORD002558,2018-08-11,2018-08-17,2018-08-20,AusPost,Standard,Delivered,3.0,False,19.0,14.45,weather,6.0,7.0,Afternoon,8.9244,True,0.436
HDEL002559,HORD002559,2018-09-26,2018-10-01,2018-09-29,DHL,Standard,Delivered,0.0,True,24.0,8.11,none,5.0,9.0,Afternoon,4.1707,False,0.322
HDEL002560,HORD002560,2018-08-30,2018-09-05,2018-09-03,Direct Freight,Standard,Delivered,0.0,True,53.0,9.54,none,6.0,9.0,Morning,5.1255,False,1.123
HDEL002561,HORD002561,2018-11-10,2018-11-13,2018-11-12,DHL,Express,Delivered,0.0,True,26.0,20.31,none,3.0,5.0,Anytime,6.2019,True,1.32
HDEL002562,HORD002562,2018-10-06,2018-10-10,2018-10-10,StarTrack,Standard,Delivered,0.0,True,10.0,8.55,none,4.0,4.0,Morning,4.9255,True,1.321
HDEL002563,HORD002563,2018-11-16,2018-11-21,2018-11-21,Direct Freight,Express,Delivered,0.0,True,19.0,17.04,none,5.0,6.0,Anytime,7.5054,True,0.495
HDEL002564,HORD002564,2018-05-22,2018-05-28,2018-05-28,Direct Freight,Standard,Delivered,0.0,True,51.0,10.28,none,6.0,3.0,Afternoon,5.9106,True,0.719
HDEL002565,HORD002565,2018-11-27,2018-12-03,2018-12-01,Direct Freight,Standard,Delivered,0.0,True,54.0,7.8,none,6.0,6.0,Afternoon,2.9699,True,0.36
HDEL002566,HORD002566,2018-10-11,2018-10-15,2018-10-14,StarTrack,Standard,Delivered,0.0,True,62.0,10.29,none,4.0,8.0,Morning,5.6988,True,0.385
HDEL002567,HORD002567,2018-12-25,2019-01-01,2019-01-01,Direct Freight,Standard,Delivered,0.0,True,12.0,10.06,none,7.0,3.0,Morning,7.996,False,0.459
HDEL002568,HORD002568,2018-09-06,2018-09-12,2018-09-12,DHL,Standard,Delivered,0.0,True,18.0,8.97,none,6.0,6.0,Anytime,5.9673,True,0.565
HDEL002569,HORD002569,2018-05-11,2018-05-17,2018-05-16,DHL,Standard,Delivered,0.0,True,64.0,6.36,none,6.0,5.0,Afternoon,0.5217,False,0.207
HDEL002570,HORD002570,2018-05-22,2018-05-29,2018-05-27,AusPost,Standard,Delivered,0.0,True,65.0,9.14,none,7.0,9.0,Anytime,4.0721,False,0.364
HDEL002571,HORD002571,2018-10-14,2018-10-21,2018-10-19,DHL,Standard,Delivered,0.0,True,18.0,11.75,none,7.0,6.0,Morning,8.3403,True,0.515
HDEL002572,HORD002572,2018-10-16,2018-10-21,2018-10-20,StarTrack,Standard,Delivered,0.0,True,13.0,9.02,none,5.0,9.0,Morning,4.1646,True,0.337
HDEL002573,HORD002573,2018-09-06,2018-09-11,2018-09-10,StarTrack,Standard,Delivered,0.0,True,17.0,11.27,none,5.0,3.0,Morning,7.4907,False,0.441
HDEL002574,HORD002574,2018-07-06,2018-07-10,2018-07-08,DHL,Standard,Delivered,0.0,True,46.0,8.87,none,4.0,3.0,Afternoon,4.175,True,0.468
HDEL002575,HORD002575,2018-01-24,2018-01-29,2018-01-27,DHL,Standard,Delivered,0.0,True,58.0,11.41,none,5.0,6.0,Afternoon,8.6104,False,0.431
HDEL002576,HORD002576,2018-05-08,2018-05-15,2018-05-14,StarTrack,Standard,Delivered,0.0,True,66.0,9.51,none,7.0,7.0,Morning,5.1031,True,0.524
HDEL002577,HORD002577,2018-04-06,2018-04-10,2018-04-08,StarTrack,Standard,Delivered,0.0,True,39.0,9.47,none,4.0,6.0,Anytime,8.5348,False,0.443
HDEL002578,HORD002578,2018-05-06,2018-05-12,2018-05-11,DHL,Standard,Delivered,0.0,True,30.0,8.13,none,6.0,5.0,Morning,6.7869,True,0.465
HDEL002579,HORD002579,2018-08-27,2018-09-02,2018-08-31,DHL,Standard,Delivered,0.0,True,61.0,11.82,none,6.0,7.0,Afternoon,6.1048,False,0.381
HDEL002580,HORD002580,2018-12-12,2018-12-17,2018-12-17,Direct Freight,Standard,Delivered,0.0,True,63.0,7.58,none,5.0,5.0,Anytime,3.0513,True,0.613
HDEL002581,HORD002581,2018-11-09,2018-11-14,2018-11-12,AusPost,Standard,Delivered,0.0,True,48.0,5.59,none,5.0,9.0,Afternoon,1.1841,True,0.402
HDEL002582,HORD002582,2018-01-25,2018-01-29,2018-01-28,Direct Freight,Standard,Delivered,0.0,True,61.0,10.06,none,4.0,9.0,Morning,6.3105,False,0.499
HDEL002583,HORD002583,2018-07-23,2018-07-29,2018-07-27,StarTrack,Express,Delivered,0.0,True,17.0,25.91,none,6.0,9.0,Afternoon,7.0172,False,0.395
HDEL002584,HORD002584,2018-09-10,2018-09-13,2018-09-12,AusPost,Standard,Delivered,0.0,True,19.0,6.77,none,3.0,5.0,Afternoon,3.0513,True,0.449
HDEL002585,HORD002585,2018-04-23,2018-04-30,2018-04-30,StarTrack,Standard,Delivered,0.0,True,21.0,8.18,none,7.0,3.0,Afternoon,4.6342,True,0.426
HDEL002586,HORD002586,2018-11-12,2018-11-19,2018-11-21,DHL,Express,Delivered,2.0,False,62.0,17.39,carrier_capacity,7.0,6.0,Anytime,6.1679,True,0.52
HDEL002587,HORD002587,2018-01-17,2018-01-21,2018-01-21,AusPost,Express,Delivered,0.0,True,29.0,17.01,none,4.0,7.0,Afternoon,7.7528,True,0.665
HDEL002588,HORD002588,2018-11-23,2018-11-28,2018-11-28,StarTrack,Standard,Delivered,0.0,True,39.0,9.4,none,5.0,6.0,Morning,6.5801,False,0.396
HDEL002589,HORD002589,2018-10-09,2018-10-15,2018-10-14,StarTrack,Standard,Delivered,0.0,True,26.0,8.61,none,6.0,4.0,Morning,6.1569,True,0.477
HDEL002590,HORD002590,2018-09-26,2018-09-29,2018-09-29,Direct Freight,Standard,Delivered,0.0,True,69.0,7.46,none,3.0,4.0,Anytime,2.79,False,0.301
HDEL002591,HORD002591,2018-05-19,2018-05-24,2018-05-24,StarTrack,Standard,Delivered,0.0,True,15.0,10.52,none,5.0,3.0,Morning,6.2844,True,0.409
HDEL002592,HORD002592,2018-12-05,2018-12-09,2018-12-08,AusPost,Standard,Delivered,0.0,True,32.0,6.38,none,4.0,6.0,Morning,1.4273,False,0.373
HDEL002593,HORD002593,2018-06-09,2018-06-13,2018-06-13,AusPost,Express,Delivered,0.0,True,54.0,22.69,none,4.0,9.0,Afternoon,3.6762,True,0.322
HDEL002594,HORD002594,2018-09-27,2018-10-02,2018-10-01,Direct Freight,Standard,Delivered,0.0,True,69.0,7.61,none,5.0,8.0,Anytime,2.1106,True,0.494
HDEL002595,HORD002595,2018-03-25,2018-03-31,2018-03-31,Direct Freight,Standard,Delivered,0.0,True,47.0,8.79,none,6.0,8.0,Anytime,4.8491,True,0.44
HDEL002596,HORD002596,2018-03-30,2018-04-03,2018-04-02,Direct Freight,Standard,Delivered,0.0,True,49.0,7.89,none,4.0,3.0,Afternoon,6.194,True,0.598
HDEL002597,HORD002597,2018-03-27,2018-03-30,2018-03-30,AusPost,Standard,Delivered,0.0,True,6.0,11.31,none,3.0,3.0,Afternoon,7.8012,False,0.481
HDEL002598,HORD002598,2018-01-11,2018-01-16,2018-01-14,AusPost,Standard,Delivered,0.0,True,45.0,9.72,none,5.0,7.0,Morning,3.9883,True,0.457
HDEL002599,HORD002599,2018-11-17,2018-11-24,2018-11-23,DHL,Standard,Delivered,0.0,True,71.0,8.16,none,7.0,4.0,Morning,5.8629,False,0.362
HDEL002600,HORD002600,2018-09-27,2018-09-30,2018-10-04,Direct Freight,Express,Delivered,4.0,False,43.0,14.29,carrier_capacity,3.0,7.0,Anytime,5.0903,True,0.469
HDEL002601,HORD002601,2018-12-05,2018-12-11,2018-12-09,Direct Freight,Standard,Delivered,0.0,True,50.0,10.64,none,6.0,9.0,Anytime,5.3937,False,0.373
HDEL002602,HORD002602,2018-02-20,2018-02-23,2018-02-22,AusPost,Express,Delivered,0.0,True,57.0,17.1,none,3.0,9.0,Anytime,8.1608,True,0.524
HDEL002603,HORD002603,2018-12-25,2018-12-29,2019-01-03,StarTrack,Standard,Delivered,5.0,False,41.0,8.58,warehouse_congestion,4.0,7.0,Anytime,5.5612,False,0.336
HDEL002604,HORD002604,2018-02-13,2018-02-17,2018-02-16,Direct Freight,Standard,Delivered,0.0,True,72.0,8.62,none,4.0,8.0,Afternoon,5.3787,True,0.964
HDEL002605,HORD002605,2018-05-11,2018-05-15,2018-05-14,DHL,Standard,Delivered,0.0,True,11.0,11.87,none,4.0,7.0,Afternoon,9.0951,True,0.529
HDEL002606,HORD002606,2018-05-26,2018-05-31,2018-06-01,StarTrack,Express,Delivered,1.0,False,52.0,18.27,weather,5.0,7.0,Afternoon,6.2579,True,0.486
HDEL002607,HORD002607,2018-09-01,2018-09-08,2018-09-08,DHL,Standard,Delivered,0.0,True,57.0,13.03,none,7.0,6.0,Morning,8.7149,True,0.498
HDEL002608,HORD002608,2018-01-15,2018-01-22,2018-01-21,Direct Freight,Express,Delivered,0.0,True,73.0,15.67,none,7.0,5.0,Anytime,1.5642,False,0.281
HDEL002609,HORD002609,2018-03-08,2018-03-11,2018-03-15,Direct Freight,Standard,Delivered,4.0,False,39.0,9.08,weather,3.0,5.0,Afternoon,4.0037,False,0.362
HDEL002610,HORD002610,2018-02-27,2018-03-06,2018-03-05,Direct Freight,Express,Delivered,0.0,True,8.0,18.55,none,7.0,6.0,Anytime,6.9029,False,0.473
HDEL002611,HORD002611,2018-09-25,2018-09-28,2018-09-27,AusPost,Standard,Delivered,0.0,True,22.0,8.95,none,3.0,5.0,Anytime,6.3782,True,0.49
HDEL002612,HORD002612,2018-10-11,2018-10-16,2018-10-21,AusPost,Standard,Delivered,5.0,False,62.0,7.29,warehouse_congestion,5.0,3.0,Anytime,4.9806,True,0.875
HDEL002613,HORD002613,2018-02-05,2018-02-11,2018-02-15,AusPost,Standard,Delivered,4.0,False,22.0,8.18,warehouse_congestion,6.0,3.0,Afternoon,5.268,True,0.39
HDEL002614,HORD002614,2018-04-16,2018-04-19,2018-04-18,DHL,Standard,Delivered,0.0,True,27.0,8.59,none,3.0,8.0,Morning,3.0499,False,0.334
HDEL002615,HORD002615,2018-07-08,2018-07-13,2018-07-11,Direct Freight,Standard,Delivered,0.0,True,71.0,11.4,none,5.0,8.0,Morning,6.7474,False,0.369
HDEL002616,HORD002616,2018-12-02,2018-12-08,2018-12-13,AusPost,Standard,Delivered,5.0,False,22.0,10.82,weather,6.0,8.0,Afternoon,10.0361,True,0.542
HDEL002617,HORD002617,2018-10-06,2018-10-12,2018-10-10,StarTrack,Express,Delivered,0.0,True,59.0,17.96,none,6.0,8.0,Afternoon,3.0513,True,0.4
HDEL002618,HORD002618,2018-06-03,2018-06-06,2018-06-06,DHL,Express,Delivered,0.0,True,32.0,23.22,none,3.0,8.0,Anytime,5.2041,True,0.506
HDEL002619,HORD002619,2018-07-25,2018-07-31,2018-07-31,StarTrack,Standard,Delivered,0.0,True,6.0,11.63,none,6.0,4.0,Morning,5.0262,True,0.453
HDEL002620,HORD002620,2018-01-13,2018-01-16,2018-01-14,AusPost,Standard,Delivered,0.0,True,60.0,7.7,none,3.0,9.0,Afternoon,1.5642,False,0.23
HDEL002621,HORD002621,2018-08-03,2018-08-09,2018-08-07,Direct Freight,Standard,Delivered,0.0,True,50.0,13.1,none,6.0,9.0,Afternoon,5.3354,True,1.24
HDEL002622,HORD002622,2018-01-12,2018-01-19,2018-01-19,AusPost,Standard,Delivered,0.0,True,59.0,8.92,none,7.0,3.0,Anytime,6.8779,False,0.476
HDEL002623,HORD002623,2018-04-17,2018-04-23,2018-04-21,Direct Freight,Standard,Delivered,0.0,True,12.0,7.58,none,6.0,6.0,Anytime,2.9597,True,0.392
HDEL002624,HORD002624,2018-03-16,2018-03-22,2018-03-20,AusPost,Standard,Delivered,0.0,True,67.0,9.92,none,6.0,6.0,Morning,5.9234,True,0.457
HDEL002625,HORD002625,2018-08-15,2018-08-20,2018-08-19,StarTrack,Standard,Delivered,0.0,True,72.0,8.14,none,5.0,5.0,Afternoon,2.2975,False,0.435
HDEL002626,HORD002626,2018-05-23,2018-05-26,2018-05-26,AusPost,Express,Delivered,0.0,True,38.0,16.27,none,3.0,9.0,Afternoon,7.6261,True,0.663
HDEL002627,HORD002627,2018-10-02,2018-10-09,2018-10-08,StarTrack,Standard,Delivered,0.0,True,60.0,9.93,none,7.0,3.0,Anytime,5.0252,True,0.428
HDEL002628,HORD002628,2018-03-05,2018-03-12,2018-03-10,DHL,Standard,Delivered,0.0,True,69.0,10.49,none,7.0,7.0,Morning,9.1061,False,0.422
HDEL002629,HORD002629,2018-08-07,2018-08-11,2018-08-11,Direct Freight,Standard,Delivered,0.0,True,11.0,12.07,none,4.0,9.0,Anytime,5.7949,True,0.456
HDEL002630,HORD002630,2018-02-22,2018-02-28,2018-02-26,AusPost,Standard,Delivered,0.0,True,2.0,9.76,none,6.0,9.0,Morning,7.691,False,0.405
HDEL002631,HORD002631,2018-01-24,2018-01-29,2018-01-27,DHL,Standard,Delivered,0.0,True,12.0,10.58,none,5.0,3.0,Morning,5.4408,True,0.837
HDEL002632,HORD002632,2018-05-18,2018-05-21,2018-05-19,StarTrack,Standard,Delivered,0.0,True,43.0,9.03,none,3.0,3.0,Anytime,6.8145,True,1.112
HDEL002633,HORD002633,2018-04-20,2018-04-27,2018-04-27,Direct Freight,Standard,Delivered,0.0,True,3.0,7.74,none,7.0,6.0,Anytime,5.0681,True,1.242
HDEL002634,HORD002634,2018-10-15,2018-10-21,2018-10-21,DHL,Standard,Delivered,0.0,True,53.0,7.91,none,6.0,6.0,Anytime,5.7397,True,1.035
HDEL002635,HORD002635,2018-12-22,2018-12-26,2018-12-25,Direct Freight,Express,Delivered,0.0,True,31.0,16.03,none,4.0,8.0,Afternoon,5.4309,True,0.361
HDEL002636,HORD002636,2018-11-01,2018-11-06,2018-11-04,StarTrack,Standard,Delivered,0.0,True,63.0,8.95,none,5.0,7.0,Anytime,4.2699,True,0.366
HDEL002637,HORD002637,2018-05-17,2018-05-21,2018-05-19,Direct Freight,Standard,Delivered,0.0,True,17.0,7.81,none,4.0,9.0,Anytime,2.522,True,1.722
HDEL002638,HORD002638,2018-07-18,2018-07-24,2018-07-24,Direct Freight,Standard,Delivered,0.0,True,32.0,10.36,none,6.0,9.0,Afternoon,4.8889,False,1.051
HDEL002639,HORD002639,2018-05-21,2018-05-27,2018-05-27,AusPost,Express,Delivered,0.0,True,47.0,19.08,none,6.0,3.0,Anytime,5.4787,True,0.525
HDEL002640,HORD002640,2018-04-15,2018-04-21,2018-04-19,Direct Freight,Express,Delivered,0.0,True,68.0,20.21,none,6.0,6.0,Afternoon,5.5612,True,0.46
HDEL002641,HORD002641,2018-12-20,2018-12-24,2018-12-23,DHL,Standard,Delivered,0.0,True,30.0,11.38,none,4.0,6.0,Morning,6.4552,False,0.485
HDEL002642,HORD002642,2018-04-03,2018-04-07,2018-04-07,StarTrack,Standard,Delivered,0.0,True,73.0,9.86,none,4.0,5.0,Anytime,5.115,False,0.365
HDEL002643,HORD002643,2018-10-22,2018-10-25,2018-10-25,AusPost,Standard,Delivered,0.0,True,2.0,11.91,none,3.0,3.0,Anytime,8.4899,True,0.561
HDEL002644,HORD002644,2018-10-17,2018-10-20,2018-10-18,AusPost,Standard,Delivered,0.0,True,54.0,7.94,none,3.0,6.0,Morning,5.9319,True,0.491
HDEL002645,HORD002645,2018-03-08,2018-03-15,2018-03-15,AusPost,Standard,Delivered,0.0,True,16.0,9.63,none,7.0,4.0,Anytime,7.1497,True,1.231
HDEL002646,HORD002646,2018-04-08,2018-04-15,2018-04-15,DHL,Express,Delivered,0.0,True,17.0,19.37,none,7.0,4.0,Afternoon,7.7113,False,0.437
HDEL002647,HORD002647,2018-03-03,2018-03-06,2018-03-06,DHL,Standard,Delivered,0.0,True,53.0,10.05,none,3.0,9.0,Anytime,8.3368,True,0.658
HDEL002648,HORD002648,2018-01-21,2018-01-25,2018-01-25,AusPost,Express,Delivered,0.0,True,11.0,14.48,none,4.0,7.0,Afternoon,0.6309,False,0.233
HDEL002649,HORD002649,2018-08-18,2018-08-24,2018-08-24,DHL,Standard,Delivered,0.0,True,41.0,8.86,none,6.0,9.0,Morning,2.9193,False,0.342
HDEL002650,HORD002650,2018-09-12,2018-09-19,2018-09-19,DHL,Standard,Delivered,0.0,True,47.0,6.57,none,7.0,3.0,Afternoon,3.2287,True,0.402
HDEL002651,HORD002651,2018-12-03,2018-12-09,2018-12-13,Direct Freight,Standard,Delivered,4.0,False,40.0,7.74,carrier_capacity,6.0,8.0,Morning,3.0744,True,0.341
HDEL002652,HORD002652,2018-10-11,2018-10-14,2018-10-12,Direct Freight,Standard,Delivered,0.0,True,19.0,8.52,none,3.0,5.0,Afternoon,3.7986,True,1.068
HDEL002653,HORD002653,2018-07-18,2018-07-22,2018-07-20,Direct Freight,Standard,Delivered,0.0,True,2.0,14.56,none,4.0,7.0,Morning,7.7128,True,0.666
HDEL002654,HORD002654,2018-04-15,2018-04-20,2018-04-18,Direct Freight,Standard,Delivered,0.0,True,30.0,7.43,none,5.0,4.0,Afternoon,2.9396,False,0.309
HDEL002655,HORD002655,2018-11-11,2018-11-17,2018-11-15,DHL,Standard,Delivered,0.0,True,53.0,9.57,none,6.0,3.0,Anytime,6.5139,False,0.363
HDEL002656,HORD002656,2018-06-02,2018-06-08,2018-06-06,Direct Freight,Standard,Delivered,0.0,True,46.0,7.97,none,6.0,9.0,Anytime,3.5071,True,0.488
HDEL002657,HORD002657,2018-05-07,2018-05-11,2018-05-16,AusPost,Standard,Delivered,5.0,False,53.0,7.48,warehouse_congestion,4.0,6.0,Afternoon,4.8578,True,1.13
HDEL002658,HORD002658,2018-06-27,2018-07-01,2018-07-01,Direct Freight,Standard,Delivered,0.0,True,30.0,13.8,none,4.0,9.0,Anytime,6.3092,True,1.099
HDEL002659,HORD002659,2018-11-23,2018-11-26,2018-11-26,Direct Freight,Standard,Delivered,0.0,True,25.0,10.28,none,3.0,3.0,Morning,6.2095,True,0.586
HDEL002660,HORD002660,2018-03-22,2018-03-27,2018-03-26,DHL,Standard,Delivered,0.0,True,58.0,7.53,none,5.0,3.0,Anytime,3.1272,True,0.334
HDEL002661,HORD002661,2018-08-09,2018-08-13,2018-08-12,DHL,Standard,Delivered,0.0,True,5.0,9.9,none,4.0,7.0,Anytime,3.6762,True,0.854
HDEL002662,HORD002662,2018-03-12,2018-03-15,2018-03-13,Direct Freight,Standard,Delivered,0.0,True,52.0,8.32,none,3.0,9.0,Anytime,5.6896,True,0.414
HDEL002663,HORD002663,2018-07-07,2018-07-11,2018-07-09,DHL,Standard,Delivered,0.0,True,62.0,13.33,none,4.0,8.0,Afternoon,5.607,False,0.383
HDEL002664,HORD002664,2018-12-07,2018-12-14,2018-12-14,AusPost,Standard,Delivered,0.0,True,40.0,9.94,none,7.0,9.0,Anytime,5.7885,False,0.371
HDEL002665,HORD002665,2018-01-26,2018-01-31,2018-01-31,Direct Freight,Standard,Delivered,0.0,True,43.0,7.73,none,5.0,3.0,Morning,5.2582,False,0.377
HDEL002666,HORD002666,2018-07-24,2018-07-28,2018-07-28,StarTrack,Standard,Delivered,0.0,True,7.0,11.48,none,4.0,6.0,Morning,5.0683,False,0.384
HDEL002667,HORD002667,2018-12-16,2018-12-22,2018-12-21,AusPost,Express,Delivered,0.0,True,20.0,18.08,none,6.0,8.0,Afternoon,7.5554,True,0.452
HDEL002668,HORD002668,2018-04-19,2018-04-24,2018-04-28,StarTrack,Standard,Delivered,4.0,False,2.0,9.72,warehouse_congestion,5.0,8.0,Afternoon,6.7869,True,0.58
HDEL002669,HORD002669,2018-04-22,2018-04-29,2018-04-28,AusPost,Express,Delivered,0.0,True,63.0,20.42,none,7.0,6.0,Morning,5.8629,True,0.46
HDEL002670,HORD002670,2018-02-14,2018-02-17,2018-02-17,Direct Freight,Standard,Delivered,0.0,True,22.0,10.32,none,3.0,6.0,Morning,5.1255,False,0.488
HDEL002671,HORD002671,2018-08-30,2018-09-03,2018-09-02,DHL,Express,Delivered,0.0,True,47.0,18.35,none,4.0,6.0,Anytime,4.0037,True,0.91
HDEL002672,HORD002672,2018-01-15,2018-01-19,2018-01-17,DHL,Express,Delivered,0.0,True,63.0,14.32,none,4.0,6.0,Afternoon,3.083,True,0.315
HDEL002673,HORD002673,2018-12-10,2018-12-14,2018-12-14,Direct Freight,Express,Delivered,0.0,True,2.0,17.11,none,4.0,3.0,Anytime,7.7913,False,0.435
HDEL002674,HORD002674,2018-01-16,2018-01-19,2018-01-18,StarTrack,Standard,Delivered,0.0,True,37.0,7.82,none,3.0,3.0,Anytime,1.0328,True,0.429
HDEL002675,HORD002675,2018-08-31,2018-09-05,2018-09-05,StarTrack,Standard,Delivered,0.0,True,11.0,11.26,none,5.0,7.0,Afternoon,6.5436,False,0.366
HDEL002676,HORD002676,2018-09-14,2018-09-21,2018-09-25,Direct Freight,Standard,Delivered,4.0,False,22.0,9.2,warehouse_congestion,7.0,5.0,Afternoon,7.1722,True,1.259
HDEL002677,HORD002677,2018-02-20,2018-02-24,2018-02-24,StarTrack,Standard,Delivered,0.0,True,46.0,8.92,none,4.0,6.0,Anytime,7.101,True,0.679
HDEL002678,HORD002678,2018-06-08,2018-06-11,2018-06-11,StarTrack,Standard,Delivered,0.0,True,47.0,9.61,none,3.0,3.0,Morning,5.0683,True,1.183
HDEL002679,HORD002679,2018-09-17,2018-09-24,2018-09-22,Direct Freight,Standard,Delivered,0.0,True,73.0,10.83,none,7.0,9.0,Afternoon,8.2741,True,0.55
HDEL002680,HORD002680,2018-04-20,2018-04-24,2018-04-24,Direct Freight,Standard,Delivered,0.0,True,22.0,7.83,none,4.0,4.0,Anytime,4.6919,True,0.361
HDEL002681,HORD002681,2018-05-26,2018-05-30,2018-05-28,Direct Freight,Standard,Delivered,0.0,True,69.0,9.15,none,4.0,5.0,Afternoon,5.1841,True,0.401
HDEL002682,HORD002682,2018-12-09,2018-12-14,2018-12-12,AusPost,Standard,Delivered,0.0,True,6.0,9.35,none,5.0,9.0,Morning,3.15,True,0.884
HDEL002683,HORD002683,2018-06-30,2018-07-04,2018-07-03,DHL,Standard,Delivered,0.0,True,64.0,10.88,none,4.0,5.0,Anytime,3.7002,True,1.638
HDEL002684,HORD002684,2018-08-25,2018-08-30,2018-08-30,AusPost,Express,Delivered,0.0,True,59.0,19.24,none,5.0,6.0,Anytime,2.2204,False,0.315
HDEL002685,HORD002685,2018-10-19,2018-10-25,2018-10-23,AusPost,Express,Delivered,0.0,True,37.0,16.97,none,6.0,7.0,Afternoon,6.6869,True,0.407
HDEL002686,HORD002686,2018-12-19,2018-12-24,2018-12-22,AusPost,Standard,Delivered,0.0,True,53.0,11.0,none,5.0,8.0,Morning,7.4924,True,0.587
HDEL002687,HORD002687,2018-04-07,2018-04-10,2018-04-10,AusPost,Express,Delivered,0.0,True,31.0,16.92,none,3.0,4.0,Morning,7.0202,False,0.444
HDEL002688,HORD002688,2018-02-06,2018-02-13,2018-02-11,DHL,Express,Delivered,0.0,True,29.0,16.73,none,7.0,6.0,Morning,5.0683,True,1.682
HDEL002689,HORD002689,2018-11-10,2018-11-14,2018-11-14,StarTrack,Standard,Delivered,0.0,True,53.0,8.16,none,4.0,7.0,Afternoon,6.3092,True,0.468
HDEL002690,HORD002690,2018-06-06,2018-06-12,2018-06-12,AusPost,Standard,Delivered,0.0,True,24.0,8.39,none,6.0,4.0,Anytime,2.8043,True,0.404
HDEL002691,HORD002691,2018-09-23,2018-09-27,2018-09-25,StarTrack,Standard,Delivered,0.0,True,18.0,7.53,none,4.0,8.0,Morning,1.5951,True,0.299
HDEL002692,HORD002692,2018-01-28,2018-01-31,2018-01-29,AusPost,Standard,Delivered,0.0,True,9.0,6.39,none,3.0,3.0,Morning,0.6581,True,0.324
HDEL002693,HORD002693,2018-03-16,2018-03-21,2018-03-20,AusPost,Express,Delivered,0.0,True,71.0,18.07,none,5.0,3.0,Morning,8.5341,True,1.154
HDEL002694,HORD002694,2018-05-18,2018-05-25,2018-05-24,StarTrack,Standard,Delivered,0.0,True,46.0,7.29,none,7.0,5.0,Morning,5.2894,True,0.427
HDEL002695,HORD002695,2018-10-15,2018-10-19,2018-10-18,StarTrack,Standard,Delivered,0.0,True,24.0,7.77,none,4.0,5.0,Anytime,4.3804,True,1.132
HDEL002696,HORD002696,2018-11-19,2018-11-25,2018-11-25,StarTrack,Standard,Delivered,0.0,True,72.0,7.19,none,6.0,3.0,Anytime,4.8578,True,1.216
HDEL002697,HORD002697,2018-09-30,2018-10-07,2018-10-05,Direct Freight,Standard,Delivered,0.0,True,47.0,6.92,none,7.0,7.0,Afternoon,4.2942,True,1.143
HDEL002698,HORD002698,2018-08-04,2018-08-11,2018-08-10,StarTrack,Standard,Delivered,0.0,True,3.0,12.6,none,7.0,8.0,Morning,7.1142,False,0.39
HDEL002699,HORD002699,2018-10-11,2018-10-17,2018-10-16,DHL,Standard,Delivered,0.0,True,52.0,8.96,none,6.0,3.0,Morning,3.7718,True,0.383
HDEL002700,HORD002700,2018-12-15,2018-12-18,2018-12-17,StarTrack,Standard,Delivered,0.0,True,22.0,7.82,none,3.0,6.0,Morning,3.6405,True,0.35
HDEL002701,HORD002701,2018-11-21,2018-11-25,2018-11-25,StarTrack,Standard,Delivered,0.0,True,8.0,9.63,none,4.0,3.0,Morning,5.3354,False,0.383
HDEL002702,HORD002702,2018-06-26,2018-07-02,2018-07-02,StarTrack,Standard,Delivered,0.0,True,46.0,8.96,none,6.0,8.0,Afternoon,2.79,True,0.396
HDEL002703,HORD002703,2018-04-07,2018-04-10,2018-04-10,AusPost,Standard,Delivered,0.0,True,67.0,11.47,none,3.0,6.0,Anytime,7.6692,False,0.436
HDEL002704,HORD002704,2018-09-27,2018-09-30,2018-09-28,AusPost,Standard,Delivered,0.0,True,2.0,11.7,none,3.0,8.0,Anytime,8.9305,True,1.12
HDEL002705,HORD002705,2018-06-07,2018-06-10,2018-06-10,DHL,Standard,Delivered,0.0,True,13.0,11.77,none,3.0,6.0,Anytime,7.1276,True,0.536
HDEL002706,HORD002706,2018-04-13,2018-04-17,2018-04-19,StarTrack,Standard,Delivered,2.0,False,48.0,8.25,warehouse_congestion,4.0,4.0,Afternoon,2.9648,True,0.404
HDEL002707,HORD002707,2018-08-24,2018-08-27,2018-08-25,StarTrack,Standard,Delivered,0.0,True,36.0,10.7,none,3.0,8.0,Anytime,2.9597,True,0.551
HDEL002708,HORD002708,2018-08-05,2018-08-08,2018-08-06,AusPost,Standard,Delivered,0.0,True,68.0,13.29,none,3.0,6.0,Morning,7.5212,True,1.175
HDEL002709,HORD002709,2018-06-28,2018-07-01,2018-07-05,StarTrack,Standard,Delivered,4.0,False,61.0,14.98,warehouse_congestion,3.0,5.0,Afternoon,7.6692,True,0.404
HDEL002710,HORD002710,2018-09-17,2018-09-24,2018-09-22,Direct Freight,Standard,Delivered,0.0,True,47.0,6.74,none,7.0,8.0,Anytime,2.7779,False,0.344
HDEL002711,HORD002711,2018-02-20,2018-02-25,2018-02-24,StarTrack,Standard,Delivered,0.0,True,17.0,9.61,none,5.0,5.0,Anytime,8.008,True,0.546
HDEL002712,HORD002712,2018-04-03,2018-04-08,2018-04-08,Direct Freight,Standard,Delivered,0.0,True,29.0,7.33,none,5.0,5.0,Anytime,1.2497,True,0.393
HDEL002713,HORD002713,2018-09-26,2018-10-03,2018-10-02,AusPost,Standard,Delivered,0.0,True,31.0,9.3,none,7.0,3.0,Anytime,8.9878,True,0.579
HDEL002714,HORD002714,2018-09-26,2018-09-29,2018-09-27,AusPost,Standard,Delivered,0.0,True,17.0,8.95,none,3.0,7.0,Anytime,4.895,True,0.444
HDEL002715,HORD002715,2018-08-01,2018-08-05,2018-08-03,DHL,Standard,Delivered,0.0,True,70.0,11.1,none,4.0,4.0,Afternoon,7.412,True,0.48
HDEL002716,HORD002716,2018-11-11,2018-11-15,2018-11-15,Direct Freight,Standard,Delivered,0.0,True,20.0,8.61,none,4.0,4.0,Anytime,4.6342,True,1.308
HDEL002717,HORD002717,2018-09-01,2018-09-06,2018-09-06,AusPost,Standard,Delivered,0.0,True,69.0,13.71,none,5.0,6.0,Morning,7.691,False,0.389
HDEL002718,HORD002718,2018-01-08,2018-01-15,2018-01-15,AusPost,Standard,Delivered,0.0,True,41.0,8.89,none,7.0,4.0,Afternoon,4.8491,True,0.427
HDEL002719,HORD002719,2018-08-25,2018-08-28,2018-08-27,Direct Freight,Standard,Delivered,0.0,True,29.0,14.38,none,3.0,6.0,Morning,6.7151,True,0.581
HDEL002720,HORD002720,2018-09-08,2018-09-11,2018-09-10,DHL,Standard,Delivered,0.0,True,58.0,9.01,none,3.0,8.0,Anytime,4.8578,True,0.444
HDEL002721,HORD002721,2018-12-27,2018-12-31,2018-12-29,StarTrack,Standard,Delivered,0.0,True,11.0,8.88,none,4.0,7.0,Afternoon,4.4695,False,0.324
HDEL002722,HORD002722,2018-12-24,2018-12-27,2018-12-27,Direct Freight,Express,Delivered,0.0,True,23.0,19.99,none,3.0,8.0,Afternoon,6.2095,True,1.011
HDEL002723,HORD002723,2018-03-20,2018-03-25,2018-03-25,Direct Freight,Standard,Delivered,0.0,True,42.0,7.2,none,5.0,9.0,Afternoon,3.843,False,0.355
HDEL002724,HORD002724,2018-10-15,2018-10-18,2018-10-17,DHL,Standard,Delivered,0.0,True,7.0,7.78,none,3.0,9.0,Afternoon,1.6352,True,0.305
HDEL002725,HORD002725,2018-01-16,2018-01-23,2018-01-22,AusPost,Standard,Delivered,0.0,True,16.0,10.56,none,7.0,6.0,Afternoon,7.9077,False,0.448
HDEL002726,HORD002726,2018-04-07,2018-04-12,2018-04-12,StarTrack,Standard,Delivered,0.0,True,63.0,9.45,none,5.0,9.0,Anytime,6.9423,False,0.417
HDEL002727,HORD002727,2018-11-01,2018-11-07,2018-11-05,AusPost,Standard,Delivered,0.0,True,12.0,9.18,none,6.0,7.0,Afternoon,5.5898,True,1.186
HDEL002728,HORD002728,2018-08-25,2018-08-31,2018-08-29,AusPost,Standard,Delivered,0.0,True,9.0,14.05,none,6.0,4.0,Anytime,7.5354,True,0.456
HDEL002729,HORD002729,2018-03-05,2018-03-12,2018-03-11,DHL,Standard,Delivered,0.0,True,54.0,10.52,none,7.0,7.0,Afternoon,6.7474,True,0.451
HDEL002730,HORD002730,2018-10-23,2018-10-28,2018-10-26,AusPost,Standard,Delivered,0.0,True,22.0,7.56,none,5.0,3.0,Morning,3.3621,False,0.28
HDEL002731,HORD002731,2018-02-22,2018-02-27,2018-02-27,StarTrack,Express,Delivered,0.0,True,16.0,19.14,none,5.0,5.0,Anytime,7.6692,False,0.426
HDEL002732,HORD002732,2018-09-04,2018-09-07,2018-09-06,AusPost,Express,Delivered,0.0,True,3.0,16.41,none,3.0,8.0,Afternoon,5.4408,True,0.434
HDEL002733,HORD002733,2018-08-14,2018-08-18,2018-08-17,DHL,Standard,Delivered,0.0,True,35.0,10.97,none,4.0,9.0,Anytime,4.8747,False,0.417
HDEL002734,HORD002734,2018-05-29,2018-06-01,2018-06-01,DHL,Express,Delivered,0.0,True,32.0,18.45,none,3.0,4.0,Anytime,6.5015,True,0.626
HDEL002735,HORD002735,2018-09-25,2018-09-28,2018-09-28,Direct Freight,Express,Delivered,0.0,True,55.0,16.45,none,3.0,8.0,Anytime,4.5289,False,0.367
HDEL002736,HORD002736,2018-02-09,2018-02-12,2018-02-12,AusPost,Standard,Delivered,0.0,True,72.0,7.61,none,3.0,7.0,Afternoon,2.3095,True,1.099
HDEL002737,HORD002737,2018-07-28,2018-07-31,2018-07-31,AusPost,Standard,Delivered,0.0,True,14.0,9.77,none,3.0,4.0,Morning,3.6202,True,0.363
HDEL002738,HORD002738,2018-07-23,2018-07-26,2018-07-30,DHL,Standard,Delivered,4.0,False,41.0,8.62,weather,3.0,6.0,Anytime,0.5058,True,0.327
HDEL002739,HORD002739,2018-12-29,2019-01-01,2018-12-30,DHL,Standard,Delivered,0.0,True,56.0,12.08,none,3.0,7.0,Afternoon,9.7157,True,1.031
HDEL002740,HORD002740,2018-02-13,2018-02-16,2018-02-14,AusPost,Standard,Delivered,0.0,True,72.0,5.7,none,3.0,7.0,Anytime,0.7974,True,0.279
HDEL002741,HORD002741,2018-03-29,2018-04-02,2018-04-01,AusPost,Standard,Delivered,0.0,True,49.0,8.43,none,4.0,4.0,Anytime,6.1569,True,0.45
HDEL002742,HORD002742,2018-09-05,2018-09-10,2018-09-09,DHL,Standard,Delivered,0.0,True,37.0,7.9,none,5.0,4.0,Afternoon,5.0252,False,1.129
HDEL002743,HORD002743,2018-07-11,2018-07-16,2018-07-15,AusPost,Standard,Delivered,0.0,True,59.0,10.47,none,5.0,4.0,Afternoon,3.7002,True,0.39
HDEL002744,HORD002744,2018-02-10,2018-02-14,2018-02-12,AusPost,Standard,Delivered,0.0,True,46.0,8.32,none,4.0,8.0,Afternoon,5.6528,False,0.33
HDEL002745,HORD002745,2018-09-08,2018-09-15,2018-09-14,DHL,Express,Delivered,0.0,True,33.0,13.8,none,7.0,8.0,Morning,3.15,True,0.345
HDEL002746,HORD002746,2018-08-12,2018-08-19,2018-08-18,Direct Freight,Standard,Delivered,0.0,True,11.0,9.5,none,7.0,9.0,Morning,1.4827,True,0.392
HDEL002747,HORD002747,2018-08-13,2018-08-19,2018-08-19,DHL,Standard,Delivered,0.0,True,39.0,11.47,none,6.0,5.0,Morning,8.3002,False,1.089
HDEL002748,HORD002748,2018-06-30,2018-07-07,2018-07-06,AusPost,Standard,Delivered,0.0,True,62.0,10.54,none,7.0,6.0,Anytime,5.7397,True,0.458
HDEL002749,HORD002749,2018-09-28,2018-10-02,2018-10-02,DHL,Express,Delivered,0.0,True,70.0,17.82,none,4.0,3.0,Anytime,6.6114,False,0.389
HDEL002750,HORD002750,2018-07-20,2018-07-24,2018-07-23,AusPost,Standard,Delivered,0.0,True,3.0,10.51,none,4.0,7.0,Anytime,5.6896,False,0.344
HDEL002751,HORD002751,2018-03-26,2018-03-30,2018-03-30,StarTrack,Standard,Delivered,0.0,True,55.0,9.01,none,4.0,5.0,Morning,6.9656,True,0.976
HDEL002752,HORD002752,2018-01-14,2018-01-17,2018-01-17,DHL,Standard,Delivered,0.0,True,64.0,7.89,none,3.0,8.0,Afternoon,1.6352,False,0.322
HDEL002753,HORD002753,2018-10-24,2018-10-31,2018-10-29,DHL,Express,Delivered,0.0,True,3.0,16.25,none,7.0,6.0,Morning,6.7151,False,0.406
HDEL002754,HORD002754,2018-07-15,2018-07-18,2018-07-16,AusPost,Standard,Delivered,0.0,True,23.0,10.16,none,3.0,5.0,Morning,6.2815,True,0.522
HDEL002755,HORD002755,2018-02-01,2018-02-07,2018-02-07,AusPost,Standard,Delivered,0.0,True,42.0,8.33,none,6.0,4.0,Morning,6.2095,True,0.502
HDEL002756,HORD002756,2018-10-09,2018-10-13,2018-10-12,AusPost,Standard,Delivered,0.0,True,10.0,7.23,none,4.0,8.0,Morning,4.0907,True,0.508
HDEL002757,HORD002757,2018-08-08,2018-08-13,2018-08-11,DHL,Standard,Delivered,0.0,True,3.0,9.58,none,5.0,4.0,Anytime,4.9641,True,1.032
HDEL002758,HORD002758,2018-01-04,2018-01-10,2018-01-10,StarTrack,Standard,Delivered,0.0,True,29.0,8.94,none,6.0,7.0,Anytime,6.5932,True,0.496
HDEL002759,HORD002759,2018-05-03,2018-05-06,2018-05-06,StarTrack,Standard,Delivered,0.0,True,38.0,8.61,none,3.0,8.0,Afternoon,4.2772,False,0.334
HDEL002760,HORD002760,2018-05-18,2018-05-22,2018-05-24,AusPost,Standard,Delivered,2.0,False,21.0,12.08,weather,4.0,9.0,Afternoon,8.088,False,0.493
HDEL002761,HORD002761,2018-02-23,2018-03-01,2018-02-28,AusPost,Express,Delivered,0.0,True,20.0,19.03,none,6.0,9.0,Afternoon,6.5139,False,0.417
HDEL002762,HORD002762,2018-07-02,2018-07-09,2018-07-13,StarTrack,Standard,Delivered,4.0,False,62.0,12.83,weather,7.0,6.0,Anytime,7.7961,False,1.188
HDEL002763,HORD002763,2018-03-05,2018-03-11,2018-03-14,Direct Freight,Standard,Delivered,3.0,False,61.0,12.77,weather,6.0,3.0,Afternoon,9.7077,True,0.675
HDEL002764,HORD002764,2018-11-13,2018-11-17,2018-11-19,DHL,Standard,Delivered,2.0,False,68.0,8.08,warehouse_congestion,4.0,5.0,Afternoon,4.8747,True,0.457
HDEL002765,HORD002765,2018-08-05,2018-08-12,2018-08-11,Direct Freight,Express,Delivered,0.0,True,15.0,23.86,none,7.0,3.0,Anytime,5.938,False,0.417
HDEL002766,HORD002766,2018-05-11,2018-05-16,2018-05-15,Direct Freight,Standard,Delivered,0.0,True,73.0,11.53,none,5.0,9.0,Afternoon,8.5348,True,0.482
HDEL002767,HORD002767,2018-09-12,2018-09-17,2018-09-15,AusPost,Standard,Delivered,0.0,True,50.0,9.9,none,5.0,9.0,Afternoon,5.2928,False,0.33
HDEL002768,HORD002768,2018-03-12,2018-03-19,2018-03-17,AusPost,Standard,Delivered,0.0,True,2.0,8.9,none,7.0,4.0,Anytime,3.7434,False,0.344
HDEL002769,HORD002769,2018-07-19,2018-07-23,2018-07-22,Direct Freight,Standard,Delivered,0.0,True,32.0,9.39,none,4.0,8.0,Afternoon,3.3663,True,0.474
HDEL002770,HORD002770,2018-07-22,2018-07-28,2018-07-27,AusPost,Standard,Delivered,0.0,True,32.0,13.24,none,6.0,6.0,Afternoon,7.2272,True,0.583
HDEL002771,HORD002771,2018-06-12,2018-06-15,2018-06-16,StarTrack,Standard,Delivered,1.0,False,59.0,12.22,carrier_capacity,3.0,9.0,Afternoon,8.0803,True,0.558
HDEL002772,HORD002772,2018-11-22,2018-11-29,2018-11-27,Direct Freight,Standard,Delivered,0.0,True,5.0,8.95,none,7.0,4.0,Afternoon,3.083,False,0.304
HDEL002773,HORD002773,2018-10-03,2018-10-08,2018-10-07,AusPost,Standard,Delivered,0.0,True,28.0,9.64,none,5.0,5.0,Afternoon,7.1722,True,1.925
HDEL002774,HORD002774,2018-05-16,2018-05-21,2018-05-24,StarTrack,Express,Delivered,3.0,False,2.0,15.74,carrier_capacity,5.0,8.0,Afternoon,4.1841,True,1.163
HDEL002775,HORD002775,2018-08-02,2018-08-09,2018-08-09,DHL,Standard,Delivered,0.0,True,57.0,10.86,none,7.0,6.0,Anytime,6.1048,True,1.003
HDEL002776,HORD002776,2018-03-21,2018-03-27,2018-03-26,DHL,Standard,Delivered,0.0,True,9.0,7.89,none,6.0,7.0,Morning,4.6966,True,0.491
HDEL002777,HORD002777,2018-03-11,2018-03-16,2018-03-18,StarTrack,Standard,Delivered,2.0,False,28.0,12.62,weather,5.0,5.0,Morning,9.1432,False,0.419
HDEL002778,HORD002778,2018-08-13,2018-08-20,2018-08-18,AusPost,Standard,Delivered,0.0,True,57.0,12.47,none,7.0,4.0,Anytime,4.895,False,0.378
HDEL002779,HORD002779,2018-02-20,2018-02-25,2018-02-24,DHL,Express,Delivered,0.0,True,17.0,19.77,none,5.0,4.0,Anytime,8.008,True,0.566
HDEL002780,HORD002780,2018-02-01,2018-02-04,2018-02-02,DHL,Express,Delivered,0.0,True,28.0,17.76,none,3.0,4.0,Afternoon,6.4246,True,0.609
HDEL002781,HORD002781,2018-10-29,2018-11-05,2018-11-09,Direct Freight,Standard,Delivered,4.0,False,16.0,8.72,warehouse_congestion,7.0,6.0,Morning,4.1841,True,0.506
HDEL002782,HORD002782,2018-04-22,2018-04-26,2018-04-26,StarTrack,Standard,Delivered,0.0,True,46.0,7.75,none,4.0,5.0,Anytime,4.0037,True,0.373
HDEL002783,HORD002783,2018-10-12,2018-10-18,2018-10-20,StarTrack,Standard,Delivered,2.0,False,12.0,11.94,warehouse_congestion,6.0,5.0,Morning,9.458,True,0.578
HDEL002784,HORD002784,2018-01-19,2018-01-25,2018-01-23,AusPost,Standard,Delivered,0.0,True,47.0,7.46,none,6.0,3.0,Morning,2.8947,True,1.194
HDEL002785,HORD002785,2018-10-15,2018-10-21,2018-10-21,DHL,Standard,Delivered,0.0,True,17.0,7.65,none,6.0,7.0,Anytime,4.9641,True,1.491
HDEL002786,HORD002786,2018-09-10,2018-09-16,2018-09-18,StarTrack,Express,Delivered,2.0,False,23.0,13.26,weather,6.0,3.0,Afternoon,2.4826,True,0.517
HDEL002787,HORD002787,2018-08-31,2018-09-05,2018-09-03,AusPost,Standard,Delivered,0.0,True,47.0,9.89,none,5.0,9.0,Afternoon,5.0798,False,0.412
HDEL002788,HORD002788,2018-09-07,2018-09-11,2018-09-16,Direct Freight,Standard,Delivered,5.0,False,16.0,9.95,warehouse_congestion,4.0,4.0,Afternoon,5.0252,True,0.467
HDEL002789,HORD002789,2018-06-01,2018-06-06,2018-06-05,StarTrack,Standard,Delivered,0.0,True,8.0,9.47,none,5.0,9.0,Morning,5.0252,True,0.409
HDEL002790,HORD002790,2018-09-20,2018-09-27,2018-10-02,DHL,Express,Delivered,5.0,False,53.0,16.58,carrier_capacity,7.0,8.0,Afternoon,4.6266,False,0.356
HDEL002791,HORD002791,2018-12-08,2018-12-11,2018-12-11,DHL,Standard,Delivered,0.0,True,14.0,11.04,none,3.0,3.0,Morning,8.1608,True,0.588
HDEL002792,HORD002792,2018-01-16,2018-01-22,2018-01-23,DHL,Standard,Delivered,1.0,False,22.0,8.38,carrier_capacity,6.0,9.0,Morning,6.6818,True,0.531
HDEL002793,HORD002793,2018-01-18,2018-01-22,2018-01-22,DHL,Express,Delivered,0.0,True,54.0,16.16,none,4.0,3.0,Anytime,1.5241,True,0.338
HDEL002794,HORD002794,2018-07-25,2018-07-31,2018-07-31,Direct Freight,Standard,Delivered,0.0,True,15.0,9.97,none,6.0,9.0,Afternoon,4.8578,True,0.509
HDEL002795,HORD002795,2018-11-08,2018-11-12,2018-11-11,Direct Freight,Express,Delivered,0.0,True,22.0,13.66,none,4.0,7.0,Morning,2.9699,True,0.596
HDEL002796,HORD002796,2018-08-10,2018-08-16,2018-08-15,StarTrack,Standard,Delivered,0.0,True,45.0,10.29,none,6.0,6.0,Afternoon,2.3445,True,0.392
HDEL002797,HORD002797,2018-05-27,2018-05-30,2018-05-30,AusPost,Standard,Delivered,0.0,True,9.0,7.89,none,3.0,9.0,Morning,2.9699,True,1.688
HDEL002798,HORD002798,2018-04-02,2018-04-09,2018-04-08,StarTrack,Standard,Delivered,0.0,True,55.0,7.5,none,7.0,8.0,Morning,3.0513,True,0.411
HDEL002799,HORD002799,2018-05-11,2018-05-15,2018-05-13,DHL,Standard,Delivered,0.0,True,6.0,7.94,none,4.0,4.0,Morning,4.3025,True,0.425
HDEL002800,HORD002800,2018-12-03,2018-12-08,2018-12-06,Direct Freight,Standard,Delivered,0.0,True,43.0,8.68,none,5.0,3.0,Anytime,5.4352,True,0.495
HDEL002801,HORD002801,2018-09-16,2018-09-20,2018-09-19,AusPost,Standard,Delivered,0.0,True,35.0,7.4,none,4.0,3.0,Afternoon,4.2256,True,0.347
HDEL002802,HORD002802,2018-03-27,2018-04-02,2018-03-31,AusPost,Standard,Delivered,0.0,True,7.0,7.0,none,6.0,4.0,Morning,1.7057,True,1.046
HDEL002803,HORD002803,2018-07-10,2018-07-16,2018-07-14,DHL,Standard,Delivered,0.0,True,17.0,12.57,none,6.0,7.0,Morning,7.468,True,1.153
HDEL002804,HORD002804,2018-01-25,2018-02-01,2018-02-01,Direct Freight,Standard,Delivered,0.0,True,45.0,9.89,none,7.0,7.0,Morning,7.5171,True,0.528
HDEL002805,HORD002805,2018-12-07,2018-12-13,2018-12-11,Direct Freight,Express,Delivered,0.0,True,71.0,17.19,none,6.0,9.0,Anytime,3.1061,True,1.137
HDEL002806,HORD002806,2018-09-08,2018-09-11,2018-09-10,DHL,Standard,Delivered,0.0,True,60.0,10.13,none,3.0,9.0,Morning,8.7018,True,0.488
HDEL002807,HORD002807,2018-06-26,2018-07-01,2018-07-01,DHL,Standard,Delivered,0.0,True,28.0,13.34,none,5.0,9.0,Afternoon,8.1012,True,0.512
HDEL002808,HORD002808,2018-10-12,2018-10-17,2018-10-16,StarTrack,Standard,Delivered,0.0,True,24.0,11.52,none,5.0,6.0,Anytime,6.9744,False,0.558
HDEL002809,HORD002809,2018-06-13,2018-06-19,2018-06-21,DHL,Standard,Delivered,2.0,False,29.0,8.9,weather,6.0,7.0,Anytime,0.4902,True,0.285
HDEL002810,HORD002810,2018-08-30,2018-09-06,2018-09-06,DHL,Express,Delivered,0.0,True,8.0,18.4,none,7.0,3.0,Afternoon,5.2582,True,0.945
HDEL002811,HORD002811,2018-12-27,2019-01-03,2019-01-02,AusPost,Express,Delivered,0.0,True,45.0,14.19,none,7.0,8.0,Afternoon,3.5071,False,0.411
HDEL002812,HORD002812,2018-04-25,2018-05-02,2018-04-30,StarTrack,Standard,Delivered,0.0,True,31.0,9.01,none,7.0,5.0,Afternoon,4.6204,False,0.341
HDEL002813,HORD002813,2018-06-25,2018-06-29,2018-06-29,DHL,Standard,Delivered,0.0,True,18.0,11.18,none,4.0,3.0,Morning,5.0798,True,0.419
HDEL002814,HORD002814,2018-10-14,2018-10-17,2018-10-16,StarTrack,Standard,Delivered,0.0,True,44.0,10.46,none,3.0,9.0,Morning,6.4289,True,0.653
HDEL002815,HORD002815,2018-09-06,2018-09-09,2018-09-07,StarTrack,Express,Delivered,0.0,True,65.0,16.78,none,3.0,4.0,Morning,6.3128,False,0.349
HDEL002816,HORD002816,2018-04-01,2018-04-05,2018-04-05,Direct Freight,Standard,Delivered,0.0,True,30.0,7.64,none,4.0,5.0,Anytime,5.6382,True,0.87
HDEL002817,HORD002817,2018-03-08,2018-03-13,2018-03-13,Direct Freight,Standard,Delivered,0.0,True,28.0,9.01,none,5.0,5.0,Anytime,3.7703,True,0.374
HDEL002818,HORD002818,2018-09-06,2018-09-13,2018-09-12,Direct Freight,Standard,Delivered,0.0,True,7.0,9.81,none,7.0,9.0,Anytime,5.308,False,0.328
HDEL002819,HORD002819,2018-11-14,2018-11-18,2018-11-20,DHL,Standard,Delivered,2.0,False,12.0,13.03,carrier_capacity,4.0,5.0,Anytime,10.0361,True,0.531
HDEL002820,HORD002820,2018-02-26,2018-03-01,2018-02-27,StarTrack,Standard,Delivered,0.0,True,32.0,8.55,none,3.0,9.0,Anytime,4.5289,True,0.36
HDEL002821,HORD002821,2018-12-10,2018-12-15,2018-12-15,Direct Freight,Standard,Delivered,0.0,True,37.0,7.38,none,5.0,7.0,Anytime,4.2331,True,0.391
HDEL002822,HORD002822,2018-08-05,2018-08-08,2018-08-07,StarTrack,Standard,Delivered,0.0,True,13.0,10.2,none,3.0,9.0,Morning,6.0753,True,1.29
HDEL002823,HORD002823,2018-05-26,2018-06-01,2018-05-30,StarTrack,Standard,Delivered,0.0,True,21.0,10.0,none,6.0,6.0,Morning,5.9294,True,0.434
HDEL002824,HORD002824,2018-01-04,2018-01-09,2018-01-09,StarTrack,Standard,Delivered,0.0,True,73.0,11.33,none,5.0,6.0,Afternoon,8.7076,True,0.898
HDEL002825,HORD002825,2018-04-18,2018-04-22,2018-04-21,StarTrack,Express,Delivered,0.0,True,8.0,18.1,none,4.0,6.0,Afternoon,4.4985,False,1.137
HDEL002826,HORD002826,2018-06-13,2018-06-17,2018-06-17,DHL,Standard,Delivered,0.0,True,3.0,14.5,none,4.0,8.0,Anytime,7.227,False,0.377
HDEL002827,HORD002827,2018-01-31,2018-02-06,2018-02-06,DHL,Express,Delivered,0.0,True,23.0,16.94,none,6.0,7.0,Morning,7.38,False,0.43
HDEL002828,HORD002828,2018-12-27,2018-12-31,2018-12-30,StarTrack,Standard,Delivered,0.0,True,42.0,8.34,none,4.0,7.0,Anytime,6.2778,True,0.524
HDEL002829,HORD002829,2018-11-03,2018-11-06,2018-11-10,Direct Freight,Standard,Delivered,4.0,False,50.0,9.93,carrier_capacity,3.0,5.0,Morning,6.0658,True,0.359
HDEL002830,HORD002830,2018-06-04,2018-06-08,2018-06-13,StarTrack,Standard,Delivered,5.0,False,13.0,10.73,warehouse_congestion,4.0,3.0,Anytime,2.8947,True,0.448
HDEL002831,HORD002831,2018-06-18,2018-06-25,2018-06-24,Direct Freight,Standard,Delivered,0.0,True,22.0,14.6,none,7.0,9.0,Morning,7.0974,False,0.405
HDEL002832,HORD002832,2018-06-01,2018-06-07,2018-06-06,DHL,Standard,Delivered,0.0,True,35.0,10.22,none,6.0,3.0,Morning,6.163,True,1.186
HDEL002833,HORD002833,2018-06-11,2018-06-18,2018-06-16,DHL,Standard,Delivered,0.0,True,46.0,10.39,none,7.0,5.0,Anytime,3.7763,False,0.365
HDEL002834,HORD002834,2018-07-05,2018-07-11,2018-07-13,Direct Freight,Standard,Delivered,2.0,False,29.0,12.12,weather,6.0,9.0,Anytime,5.2928,False,0.406
HDEL002835,HORD002835,2018-07-19,2018-07-23,2018-07-22,Direct Freight,Standard,Delivered,0.0,True,55.0,13.3,none,4.0,6.0,Morning,5.5396,True,0.407
HDEL002836,HORD002836,2018-06-03,2018-06-10,2018-06-08,Direct Freight,Standard,Delivered,0.0,True,52.0,11.65,none,7.0,9.0,Anytime,7.2156,False,0.454
HDEL002837,HORD002837,2018-09-06,2018-09-10,2018-09-10,Direct Freight,Standard,Delivered,0.0,True,15.0,8.39,none,4.0,8.0,Afternoon,6.9714,False,0.369
HDEL002838,HORD002838,2018-08-01,2018-08-07,2018-08-05,StarTrack,Standard,Delivered,0.0,True,9.0,13.88,none,6.0,4.0,Afternoon,6.2917,True,0.403
HDEL002839,HORD002839,2018-01-08,2018-01-12,2018-01-10,AusPost,Express,Delivered,0.0,True,11.0,18.19,none,4.0,7.0,Anytime,4.213,False,0.35
HDEL002840,HORD002840,2018-02-21,2018-02-25,2018-02-23,DHL,Standard,Delivered,0.0,True,61.0,8.61,none,4.0,5.0,Afternoon,5.9827,False,0.385
HDEL002841,HORD002841,2019-01-02,2019-01-06,2019-01-06,AusPost,Standard,Delivered,0.0,True,41.0,9.07,none,4.0,3.0,Anytime,2.9396,True,1.054
HDEL002842,HORD002842,2018-04-15,2018-04-22,2018-04-21,DHL,Standard,Delivered,0.0,True,61.0,9.36,none,7.0,6.0,Morning,7.6606,True,0.441
HDEL002843,HORD002843,2018-09-11,2018-09-16,2018-09-21,AusPost,Express,Delivered,5.0,False,29.0,17.46,carrier_capacity,5.0,7.0,Afternoon,9.7157,False,0.548
HDEL002844,HORD002844,2018-08-14,2018-08-17,2018-08-15,StarTrack,Standard,Delivered,0.0,True,19.0,7.4,none,3.0,7.0,Anytime,0.134,True,0.751
HDEL002845,HORD002845,2018-01-18,2018-01-21,2018-01-21,DHL,Standard,Delivered,0.0,True,18.0,9.69,none,3.0,5.0,Morning,5.2435,False,0.385
HDEL002846,HORD002846,2018-11-02,2018-11-08,2018-11-06,AusPost,Standard,Delivered,0.0,True,54.0,8.77,none,6.0,4.0,Morning,6.5436,True,0.389
HDEL002847,HORD002847,2018-04-02,2018-04-07,2018-04-05,DHL,Standard,Delivered,0.0,True,63.0,8.77,none,5.0,9.0,Morning,5.1975,False,0.393
HDEL002848,HORD002848,2018-03-06,2018-03-10,2018-03-09,Direct Freight,Standard,Delivered,0.0,True,2.0,7.75,none,4.0,7.0,Afternoon,2.3445,True,0.807
HDEL002849,HORD002849,2018-05-24,2018-05-30,2018-05-30,DHL,Standard,Delivered,0.0,True,3.0,9.98,none,6.0,8.0,Anytime,8.3268,True,0.577
HDEL002850,HORD002850,2018-05-25,2018-05-28,2018-05-27,StarTrack,Standard,Delivered,0.0,True,3.0,10.88,none,3.0,5.0,Anytime,8.008,True,0.433
HDEL002851,HORD002851,2018-04-28,2018-05-01,2018-04-30,Direct Freight,Standard,Delivered,0.0,True,54.0,7.42,none,3.0,8.0,Afternoon,2.9003,True,1.004
HDEL002852,HORD002852,2018-02-24,2018-02-27,2018-02-26,StarTrack,Standard,Delivered,0.0,True,50.0,11.87,none,3.0,8.0,Morning,7.1497,False,0.407
HDEL002853,HORD002853,2018-01-29,2018-02-03,2018-02-02,Direct Freight,Standard,Delivered,0.0,True,54.0,8.2,none,5.0,6.0,Anytime,3.7018,False,0.313
HDEL002854,HORD002854,2018-07-02,2018-07-06,2018-07-05,DHL,Standard,Delivered,0.0,True,31.0,10.32,none,4.0,9.0,Morning,5.0456,True,0.403
HDEL002855,HORD002855,2018-02-18,2018-02-22,2018-02-20,AusPost,Standard,Delivered,0.0,True,17.0,11.88,none,4.0,5.0,Anytime,9.2213,False,0.499
HDEL002856,HORD002856,2018-05-12,2018-05-17,2018-05-22,DHL,Standard,Delivered,5.0,False,65.0,7.35,weather,5.0,5.0,Anytime,5.2894,False,1.148
HDEL002857,HORD002857,2018-04-27,2018-05-01,2018-05-01,Direct Freight,Express,Delivered,0.0,True,36.0,17.64,none,4.0,4.0,Afternoon,7.6829,True,0.505
HDEL002858,HORD002858,2018-03-23,2018-03-30,2018-03-31,StarTrack,Standard,Delivered,1.0,False,29.0,6.04,carrier_capacity,7.0,3.0,Anytime,2.2644,False,0.31
HDEL002859,HORD002859,2018-08-08,2018-08-11,2018-08-11,StarTrack,Standard,Delivered,0.0,True,2.0,12.79,none,3.0,7.0,Morning,6.5015,False,0.444
HDEL002860,HORD002860,2018-08-14,2018-08-18,2018-08-18,StarTrack,Express,Delivered,0.0,True,52.0,20.37,none,4.0,7.0,Anytime,2.3496,False,0.845
HDEL002861,HORD002861,2018-11-06,2018-11-11,2018-11-11,AusPost,Standard,Delivered,0.0,True,63.0,7.5,none,5.0,5.0,Anytime,2.8326,False,0.37
HDEL002862,HORD002862,2018-06-16,2018-06-20,2018-06-20,Direct Freight,Standard,Delivered,0.0,True,28.0,10.78,none,4.0,8.0,Anytime,4.2688,True,0.4
HDEL002863,HORD002863,2018-02-25,2018-03-02,2018-02-28,StarTrack,Standard,Delivered,0.0,True,16.0,8.35,none,5.0,9.0,Anytime,4.8747,True,0.433
HDEL002864,HORD002864,2018-08-25,2018-08-29,2018-08-29,StarTrack,Standard,Delivered,0.0,True,20.0,10.32,none,4.0,6.0,Afternoon,6.3782,True,0.492
HDEL002865,HORD002865,2018-10-19,2018-10-26,2018-10-25,DHL,Standard,Delivered,0.0,True,34.0,9.49,none,7.0,9.0,Anytime,6.0753,True,0.518
HDEL002866,HORD002866,2018-05-21,2018-05-25,2018-05-25,Direct Freight,Standard,Delivered,0.0,True,56.0,7.17,none,4.0,5.0,Anytime,4.4563,False,1.159
HDEL002867,HORD002867,2018-12-09,2018-12-16,2018-12-14,StarTrack,Standard,Delivered,0.0,True,23.0,8.79,none,7.0,4.0,Anytime,4.3807,True,0.504
HDEL002868,HORD002868,2018-08-31,2018-09-04,2018-09-03,DHL,Standard,Delivered,0.0,True,27.0,13.36,none,4.0,8.0,Morning,9.9452,False,0.476
HDEL002869,HORD002869,2018-01-25,2018-01-29,2018-01-27,AusPost,Standard,Delivered,0.0,True,40.0,10.21,none,4.0,6.0,Morning,7.996,True,0.523
HDEL002870,HORD002870,2018-03-12,2018-03-16,2018-03-16,Direct Freight,Express,Delivered,0.0,True,31.0,16.46,none,4.0,7.0,Morning,5.1945,True,0.348
HDEL002871,HORD002871,2018-05-07,2018-05-11,2018-05-10,StarTrack,Standard,Delivered,0.0,True,6.0,8.87,none,4.0,9.0,Afternoon,4.8422,True,0.565
HDEL002872,HORD002872,2018-07-20,2018-07-23,2018-07-22,StarTrack,Standard,Delivered,0.0,True,51.0,10.84,none,3.0,3.0,Anytime,2.5674,True,0.387
HDEL002873,HORD002873,2018-02-08,2018-02-14,2018-02-12,AusPost,Standard,Delivered,0.0,True,46.0,9.31,none,6.0,4.0,Morning,6.5212,True,0.572
HDEL002874,HORD002874,2018-07-10,2018-07-13,2018-07-13,AusPost,Standard,Delivered,0.0,True,12.0,11.89,none,3.0,4.0,Afternoon,5.5471,True,0.659
HDEL002875,HORD002875,2018-11-18,2018-11-23,2018-11-22,DHL,Standard,Delivered,0.0,True,26.0,6.17,none,5.0,4.0,Afternoon,1.8801,False,0.277
HDEL002876,HORD002876,2018-04-06,2018-04-12,2018-04-11,AusPost,Standard,Delivered,0.0,True,16.0,7.7,none,6.0,6.0,Anytime,4.6204,True,0.451
HDEL002877,HORD002877,2018-05-31,2018-06-05,2018-06-05,StarTrack,Standard,Delivered,0.0,True,60.0,7.5,none,5.0,5.0,Anytime,1.6332,False,0.253
HDEL002878,HORD002878,2018-03-04,2018-03-11,2018-03-09,Direct Freight,Standard,Delivered,0.0,True,56.0,9.56,none,7.0,4.0,Afternoon,5.8755,False,0.363
HDEL002879,HORD002879,2018-02-17,2018-02-24,2018-02-24,StarTrack,Standard,Delivered,0.0,True,38.0,10.63,none,7.0,4.0,Morning,7.6027,True,0.536
HDEL002880,HORD002880,2018-12-04,2018-12-08,2018-12-08,Direct Freight,Standard,Delivered,0.0,True,70.0,9.46,none,4.0,3.0,Anytime,5.4787,False,0.381
HDEL002881,HORD002881,2018-09-12,2018-09-19,2018-09-19,DHL,Standard,Delivered,0.0,True,40.0,10.81,none,7.0,5.0,Anytime,5.9582,False,0.342
HDEL002882,HORD002882,2018-01-09,2018-01-16,2018-01-15,Direct Freight,Standard,Delivered,0.0,True,19.0,9.76,none,7.0,6.0,Morning,7.412,True,0.432
HDEL002883,HORD002883,2018-07-12,2018-07-18,2018-07-17,AusPost,Standard,Delivered,0.0,True,9.0,13.24,none,6.0,5.0,Afternoon,6.5801,True,0.428
HDEL002884,HORD002884,2018-04-25,2018-04-28,2018-04-26,Direct Freight,Standard,Delivered,0.0,True,19.0,10.11,none,3.0,3.0,Anytime,5.9582,True,0.623
HDEL002885,HORD002885,2018-04-23,2018-04-30,2018-05-05,AusPost,Express,Delivered,5.0,False,47.0,13.79,weather,7.0,3.0,Anytime,2.1106,False,0.253
HDEL002886,HORD002886,2018-08-06,2018-08-12,2018-08-12,StarTrack,Standard,Delivered,0.0,True,32.0,8.89,none,6.0,9.0,Afternoon,3.7002,True,0.586
HDEL002887,HORD002887,2018-11-15,2018-11-20,2018-11-19,Direct Freight,Standard,Delivered,0.0,True,57.0,8.28,none,5.0,9.0,Afternoon,6.8495,False,0.45
HDEL002888,HORD002888,2018-04-19,2018-04-25,2018-04-25,StarTrack,Standard,Delivered,0.0,True,24.0,10.55,none,6.0,9.0,Afternoon,7.5054,True,0.529
HDEL002889,HORD002889,2018-05-14,2018-05-20,2018-05-22,DHL,Express,Delivered,2.0,False,5.0,21.06,warehouse_congestion,6.0,5.0,Afternoon,8.1608,True,0.481
HDEL002890,HORD002890,2018-07-30,2018-08-03,2018-08-06,AusPost,Standard,Delivered,3.0,False,65.0,12.53,carrier_capacity,4.0,7.0,Morning,6.2927,True,1.124
HDEL002891,HORD002891,2018-02-07,2018-02-13,2018-02-12,DHL,Express,Delivered,0.0,True,41.0,17.42,none,6.0,4.0,Anytime,9.9452,True,1.282
HDEL002892,HORD002892,2018-10-13,2018-10-17,2018-10-16,DHL,Standard,Delivered,0.0,True,34.0,8.06,none,4.0,8.0,Afternoon,5.672,True,0.388
HDEL002893,HORD002893,2018-06-16,2018-06-21,2018-06-19,AusPost,Express,Delivered,0.0,True,57.0,18.4,none,5.0,6.0,Morning,3.1272,True,0.39
HDEL002894,HORD002894,2018-12-31,2019-01-03,2019-01-02,Direct Freight,Standard,Delivered,0.0,True,7.0,9.52,none,3.0,5.0,Afternoon,6.1816,True,0.534
HDEL002895,HORD002895,2018-03-22,2018-03-28,2018-03-28,DHL,Standard,Delivered,0.0,True,29.0,8.35,none,6.0,6.0,Anytime,6.4552,False,0.402
HDEL002896,HORD002896,2018-09-22,2018-09-25,2018-09-26,DHL,Standard,Delivered,1.0,False,56.0,11.0,weather,3.0,4.0,Morning,8.0082,True,0.576
HDEL002897,HORD002897,2018-12-21,2018-12-27,2019-01-01,DHL,Standard,Delivered,5.0,False,29.0,9.62,weather,6.0,6.0,Morning,5.938,True,1.293
HDEL002898,HORD002898,2018-12-10,2018-12-13,2018-12-11,Direct Freight,Express,Delivered,0.0,True,24.0,15.24,none,3.0,9.0,Anytime,2.2204,True,0.353
HDEL002899,HORD002899,2018-04-23,2018-04-30,2018-04-29,DHL,Standard,Delivered,0.0,True,6.0,7.49,none,7.0,8.0,Morning,2.0865,True,1.044
HDEL002900,HORD002900,2018-02-17,2018-02-21,2018-02-19,AusPost,Standard,Delivered,0.0,True,71.0,10.21,none,4.0,4.0,Morning,4.6678,True,0.45
HDEL002901,HORD002901,2018-03-24,2018-03-29,2018-03-31,StarTrack,Standard,Delivered,2.0,False,38.0,10.86,weather,5.0,3.0,Anytime,7.5171,True,0.926
HDEL002902,HORD002902,2018-02-25,2018-03-03,2018-03-03,AusPost,Standard,Delivered,0.0,True,64.0,11.41,none,6.0,6.0,Afternoon,7.1722,True,0.509
HDEL002903,HORD002903,2018-07-09,2018-07-14,2018-07-13,DHL,Standard,Delivered,0.0,True,40.0,12.85,none,5.0,5.0,Anytime,7.691,True,0.664
HDEL002904,HORD002904,2018-08-03,2018-08-06,2018-08-11,StarTrack,Standard,Delivered,5.0,False,56.0,9.67,weather,3.0,7.0,Afternoon,3.286,True,0.536
HDEL002905,HORD002905,2018-09-11,2018-09-17,2018-09-17,AusPost,Standard,Delivered,0.0,True,71.0,7.98,none,6.0,8.0,Afternoon,6.16,True,0.574
HDEL002906,HORD002906,2018-02-11,2018-02-17,2018-02-16,Direct Freight,Standard,Delivered,0.0,True,21.0,9.16,none,6.0,5.0,Afternoon,5.6649,False,0.359
HDEL002907,HORD002907,2018-08-22,2018-08-26,2018-08-25,AusPost,Standard,Delivered,0.0,True,4.0,14.59,none,4.0,8.0,Morning,7.3718,True,0.555
HDEL002908,HORD002908,2018-02-05,2018-02-12,2018-02-10,StarTrack,Express,Delivered,0.0,True,58.0,15.92,none,7.0,7.0,Morning,5.8366,False,0.477
HDEL002909,HORD002909,2018-01-30,2018-02-06,2018-02-06,DHL,Standard,Delivered,0.0,True,70.0,9.77,none,7.0,4.0,Anytime,7.468,False,0.401
HDEL002910,HORD002910,2018-07-17,2018-07-23,2018-07-21,Direct Freight,Express,Delivered,0.0,True,30.0,20.19,none,6.0,7.0,Morning,3.083,False,0.28
HDEL002911,HORD002911,2018-03-28,2018-04-04,2018-04-03,AusPost,Express,Delivered,0.0,True,33.0,19.03,none,7.0,8.0,Afternoon,5.6896,False,0.411
HDEL002912,HORD002912,2018-01-10,2018-01-14,2018-01-12,Direct Freight,Standard,Delivered,0.0,True,8.0,10.01,none,4.0,9.0,Afternoon,6.9407,True,0.385
HDEL002913,HORD002913,2018-06-22,2018-06-28,2018-06-27,DHL,Standard,Delivered,0.0,True,27.0,13.84,none,6.0,3.0,Anytime,10.0361,True,0.958
HDEL002914,HORD002914,2018-09-10,2018-09-17,2018-09-16,Direct Freight,Standard,Delivered,0.0,True,62.0,11.25,none,7.0,9.0,Afternoon,7.996,False,0.442
HDEL002915,HORD002915,2018-10-04,2018-10-11,2018-10-09,AusPost,Standard,Delivered,0.0,True,73.0,6.79,none,7.0,9.0,Anytime,0.7001,False,0.257
HDEL002916,HORD002916,2018-12-16,2018-12-23,2018-12-21,AusPost,Standard,Delivered,0.0,True,11.0,8.26,none,7.0,9.0,Anytime,4.1707,True,0.449
HDEL002917,HORD002917,2018-08-15,2018-08-22,2018-08-22,DHL,Standard,Delivered,0.0,True,35.0,9.86,none,7.0,4.0,Morning,2.4826,True,1.194
HDEL002918,HORD002918,2018-07-16,2018-07-19,2018-07-19,StarTrack,Standard,Delivered,0.0,True,50.0,10.95,none,3.0,6.0,Morning,7.7045,True,0.489
HDEL002919,HORD002919,2018-03-25,2018-03-29,2018-03-29,AusPost,Standard,Delivered,0.0,True,48.0,7.9,none,4.0,3.0,Morning,3.7434,True,0.33
HDEL002920,HORD002920,2018-04-27,2018-04-30,2018-04-30,Direct Freight,Standard,Delivered,0.0,True,23.0,11.0,none,3.0,5.0,Morning,6.9407,True,0.402
HDEL002921,HORD002921,2018-02-21,2018-02-24,2018-02-24,AusPost,Standard,Delivered,0.0,True,34.0,11.39,none,3.0,8.0,Morning,6.9407,False,0.431
HDEL002922,HORD002922,2018-07-25,2018-08-01,2018-07-30,Direct Freight,Standard,Delivered,0.0,True,56.0,12.94,none,7.0,6.0,Afternoon,6.9744,True,0.492
HDEL002923,HORD002923,2018-11-04,2018-11-11,2018-11-11,DHL,Standard,Delivered,0.0,True,22.0,6.62,none,7.0,6.0,Afternoon,2.7425,True,0.316
HDEL002924,HORD002924,2018-08-14,2018-08-20,2018-08-20,StarTrack,Standard,Delivered,0.0,True,69.0,10.05,none,6.0,3.0,Morning,2.3052,True,0.694
HDEL002925,HORD002925,2018-03-23,2018-03-26,2018-03-24,StarTrack,Express,Delivered,0.0,True,22.0,19.15,none,3.0,3.0,Morning,7.227,False,0.423
HDEL002926,HORD002926,2018-07-02,2018-07-06,2018-07-05,DHL,Standard,Delivered,0.0,True,4.0,10.8,none,4.0,8.0,Anytime,6.6869,True,0.474
HDEL002927,HORD002927,2018-01-09,2018-01-12,2018-01-12,DHL,Standard,Delivered,0.0,True,24.0,10.35,none,3.0,5.0,Afternoon,5.0683,False,0.458
HDEL002928,HORD002928,2018-12-28,2019-01-02,2018-12-31,AusPost,Standard,Delivered,0.0,True,55.0,9.77,none,5.0,9.0,Anytime,5.9106,False,0.387
HDEL002929,HORD002929,2018-01-20,2018-01-25,2018-01-27,DHL,Express,Delivered,2.0,False,28.0,16.41,carrier_capacity,5.0,7.0,Afternoon,6.6214,False,0.502
HDEL002930,HORD002930,2018-02-04,2018-02-09,2018-02-14,Direct Freight,Standard,Delivered,5.0,False,41.0,12.01,warehouse_congestion,5.0,9.0,Afternoon,7.6027,True,0.524
HDEL002931,HORD002931,2018-10-11,2018-10-16,2018-10-14,Direct Freight,Standard,Delivered,0.0,True,22.0,7.86,none,5.0,6.0,Anytime,5.5236,True,0.871
HDEL002932,HORD002932,2018-06-04,2018-06-11,2018-06-10,Direct Freight,Standard,Delivered,0.0,True,28.0,12.79,none,7.0,5.0,Afternoon,8.5341,True,0.683
HDEL002933,HORD002933,2018-12-19,2018-12-24,2018-12-23,StarTrack,Standard,Delivered,0.0,True,56.0,12.32,none,5.0,7.0,Morning,7.7913,False,0.399
HDEL002934,HORD002934,2018-01-12,2018-01-15,2018-01-13,Direct Freight,Standard,Delivered,0.0,True,47.0,10.95,none,3.0,9.0,Afternoon,8.5341,True,0.559
HDEL002935,HORD002935,2018-05-06,2018-05-09,2018-05-08,StarTrack,Standard,Delivered,0.0,True,21.0,7.89,none,3.0,8.0,Afternoon,5.0798,True,0.542
HDEL002936,HORD002936,2018-06-18,2018-06-23,2018-06-21,StarTrack,Standard,Delivered,0.0,True,8.0,11.74,none,5.0,8.0,Anytime,4.7826,True,1.027
HDEL002937,HORD002937,2018-06-16,2018-06-21,2018-06-20,Direct Freight,Standard,Delivered,0.0,True,48.0,7.59,none,5.0,7.0,Anytime,0.6581,False,0.247
HDEL002938,HORD002938,2018-06-02,2018-06-09,2018-06-07,Direct Freight,Standard,Delivered,0.0,True,67.0,6.04,none,7.0,6.0,Anytime,2.522,True,0.502
HDEL002939,HORD002939,2018-05-29,2018-06-02,2018-05-31,Direct Freight,Standard,Delivered,0.0,True,43.0,8.64,none,4.0,9.0,Afternoon,5.1945,False,0.387
HDEL002940,HORD002940,2018-11-25,2018-11-28,2018-11-28,DHL,Standard,Delivered,0.0,True,41.0,8.21,none,3.0,6.0,Morning,4.6342,True,1.303
HDEL002941,HORD002941,2018-12-13,2018-12-20,2018-12-21,StarTrack,Standard,Delivered,1.0,False,4.0,9.75,weather,7.0,9.0,Anytime,8.7895,False,0.416
HDEL002942,HORD002942,2018-06-26,2018-06-30,2018-06-28,StarTrack,Standard,Delivered,0.0,True,5.0,12.01,none,4.0,5.0,Anytime,7.996,True,0.512
HDEL002943,HORD002943,2018-02-21,2018-02-28,2018-03-02,Direct Freight,Standard,Delivered,2.0,False,2.0,6.51,warehouse_congestion,7.0,6.0,Afternoon,2.522,False,0.363
HDEL002944,HORD002944,2018-01-24,2018-01-27,2018-01-27,AusPost,Standard,Delivered,0.0,True,17.0,10.7,none,3.0,9.0,Morning,6.2579,False,0.361
HDEL002945,HORD002945,2018-03-03,2018-03-07,2018-03-07,DHL,Standard,Delivered,0.0,True,8.0,8.98,none,4.0,4.0,Anytime,5.0889,False,0.352
HDEL002946,HORD002946,2018-02-27,2018-03-05,2018-03-03,Direct Freight,Standard,Delivered,0.0,True,3.0,7.7,none,6.0,4.0,Afternoon,4.4785,True,1.298
HDEL002947,HORD002947,2018-05-03,2018-05-06,2018-05-05,AusPost,Express,Delivered,0.0,True,24.0,18.76,none,3.0,5.0,Morning,6.6818,True,0.533
HDEL002948,HORD002948,2018-12-14,2018-12-20,2018-12-20,DHL,Standard,Delivered,0.0,True,44.0,10.86,none,6.0,8.0,Anytime,7.0172,True,0.573
HDEL002949,HORD002949,2018-08-26,2018-09-02,2018-08-31,AusPost,Standard,Delivered,0.0,True,21.0,11.44,none,7.0,6.0,Afternoon,6.16,False,0.345
HDEL002950,HORD002950,2018-04-30,2018-05-05,2018-05-03,StarTrack,Standard,Delivered,0.0,True,27.0,10.13,none,5.0,4.0,Anytime,7.7913,True,0.492
HDEL002951,HORD002951,2018-04-30,2018-05-04,2018-05-04,StarTrack,Standard,Delivered,0.0,True,18.0,6.45,none,4.0,6.0,Morning,3.0513,True,0.3
HDEL002952,HORD002952,2018-02-28,2018-03-03,2018-03-03,StarTrack,Standard,Delivered,0.0,True,45.0,10.03,none,3.0,4.0,Anytime,4.4822,True,0.458
HDEL002953,HORD002953,2018-01-12,2018-01-19,2018-01-18,Direct Freight,Express,Delivered,0.0,True,72.0,16.0,none,7.0,9.0,Afternoon,1.5951,True,0.317
HDEL002954,HORD002954,2018-03-27,2018-04-02,2018-04-02,Direct Freight,Standard,Delivered,0.0,True,14.0,7.07,none,6.0,8.0,Anytime,3.9719,False,0.388
HDEL002955,HORD002955,2018-02-10,2018-02-13,2018-02-11,DHL,Express,Delivered,0.0,True,5.0,17.16,none,3.0,8.0,Morning,7.1467,True,1.012
HDEL002956,HORD002956,2018-08-08,2018-08-14,2018-08-16,DHL,Standard,Delivered,2.0,False,9.0,8.91,carrier_capacity,6.0,7.0,Afternoon,0.6309,True,1.251
HDEL002957,HORD002957,2018-02-17,2018-02-20,2018-02-18,DHL,Standard,Delivered,0.0,True,64.0,11.07,none,3.0,9.0,Morning,7.6261,False,0.469
HDEL002958,HORD002958,2018-02-27,2018-03-03,2018-03-02,Direct Freight,Standard,Delivered,0.0,True,52.0,10.22,none,4.0,9.0,Anytime,5.9106,False,0.423
HDEL002959,HORD002959,2018-01-03,2018-01-08,2018-01-08,DHL,Standard,Delivered,0.0,True,18.0,7.75,none,5.0,8.0,Afternoon,3.7986,True,0.509
HDEL002960,HORD002960,2018-06-14,2018-06-20,2018-06-19,Direct Freight,Standard,Delivered,0.0,True,22.0,13.33,none,6.0,9.0,Morning,7.4249,False,0.414
HDEL002961,HORD002961,2018-01-15,2018-01-19,2018-01-21,AusPost,Standard,Delivered,2.0,False,24.0,12.53,carrier_capacity,4.0,5.0,Anytime,8.2741,True,1.037
HDEL002962,HORD002962,2018-10-23,2018-10-28,2018-10-26,StarTrack,Express,Delivered,0.0,True,6.0,17.49,none,5.0,5.0,Afternoon,7.6606,False,0.382
HDEL002963,HORD002963,2018-05-31,2018-06-03,2018-06-01,Direct Freight,Express,Delivered,0.0,True,38.0,18.03,none,3.0,3.0,Anytime,3.0744,True,0.386
HDEL002964,HORD002964,2018-12-13,2018-12-17,2018-12-17,Direct Freight,Standard,Delivered,0.0,True,61.0,12.04,none,4.0,9.0,Morning,7.5054,True,1.069
HDEL002965,HORD002965,2018-06-15,2018-06-19,2018-06-18,DHL,Standard,Delivered,0.0,True,4.0,11.04,none,4.0,4.0,Anytime,5.5236,True,0.469
HDEL002966,HORD002966,2018-07-30,2018-08-06,2018-08-06,DHL,Express,Delivered,0.0,True,54.0,25.53,none,7.0,8.0,Morning,6.5436,False,0.5
HDEL002967,HORD002967,2018-01-17,2018-01-24,2018-01-22,StarTrack,Standard,Delivered,0.0,True,52.0,11.43,none,7.0,4.0,Anytime,7.1137,True,0.574
HDEL002968,HORD002968,2018-09-18,2018-09-24,2018-09-23,AusPost,Express,Delivered,0.0,True,20.0,15.91,none,6.0,6.0,Afternoon,8.1751,True,0.545
HDEL002969,HORD002969,2018-10-25,2018-10-31,2018-11-01,Direct Freight,Standard,Delivered,1.0,False,15.0,7.46,carrier_capacity,6.0,3.0,Morning,2.16,False,0.259
HDEL002970,HORD002970,2018-07-30,2018-08-05,2018-08-04,Direct Freight,Standard,Delivered,0.0,True,59.0,11.85,none,6.0,6.0,Morning,7.7913,True,0.55
HDEL002971,HORD002971,2018-12-26,2019-01-01,2019-01-01,Direct Freight,Standard,Delivered,0.0,True,44.0,8.18,none,6.0,7.0,Afternoon,6.1918,True,1.008
HDEL002972,HORD002972,2018-09-10,2018-09-14,2018-09-12,DHL,Standard,Delivered,0.0,True,12.0,9.63,none,4.0,5.0,Morning,6.1573,True,0.615
HDEL002973,HORD002973,2018-04-30,2018-05-05,2018-05-04,AusPost,Express,Delivered,0.0,True,4.0,18.12,none,5.0,7.0,Morning,3.0513,True,0.834
HDEL002974,HORD002974,2018-11-16,2018-11-19,2018-11-19,DHL,Standard,Delivered,0.0,True,30.0,11.5,none,3.0,7.0,Anytime,6.9744,True,0.519
HDEL002975,HORD002975,2018-04-29,2018-05-04,2018-05-03,AusPost,Express,Delivered,0.0,True,20.0,15.82,none,5.0,9.0,Afternoon,7.8474,True,1.101
HDEL002976,HORD002976,2018-11-23,2018-11-27,2018-11-25,AusPost,Standard,Delivered,0.0,True,11.0,9.27,none,4.0,9.0,Morning,7.7961,True,0.552
HDEL002977,HORD002977,2018-10-08,2018-10-14,2018-10-17,Direct Freight,Standard,Delivered,3.0,False,32.0,7.52,weather,6.0,7.0,Anytime,4.2277,False,0.299
HDEL002978,HORD002978,2018-12-07,2018-12-11,2018-12-11,Direct Freight,Standard,Delivered,0.0,True,45.0,8.41,none,4.0,8.0,Afternoon,6.3652,False,0.368
HDEL002979,HORD002979,2018-07-28,2018-08-04,2018-08-02,AusPost,Standard,Delivered,0.0,True,30.0,14.55,none,7.0,8.0,Afternoon,8.9878,True,0.642
HDEL002980,HORD002980,2018-10-23,2018-10-28,2018-10-27,Direct Freight,Standard,Delivered,0.0,True,64.0,5.84,none,5.0,4.0,Morning,0.4249,True,0.477
HDEL002981,HORD002981,2018-02-09,2018-02-13,2018-02-13,DHL,Standard,Delivered,0.0,True,31.0,8.97,none,4.0,9.0,Morning,5.0683,False,0.351
HDEL002982,HORD002982,2018-03-24,2018-03-28,2018-03-26,DHL,Standard,Delivered,0.0,True,9.0,9.76,none,4.0,8.0,Morning,7.996,True,0.529
HDEL002983,HORD002983,2018-07-06,2018-07-10,2018-07-08,AusPost,Standard,Delivered,0.0,True,37.0,8.93,none,4.0,3.0,Afternoon,1.7057,True,0.378
HDEL002984,HORD002984,2018-03-20,2018-03-26,2018-03-26,StarTrack,Standard,Delivered,0.0,True,14.0,6.62,none,6.0,3.0,Afternoon,2.522,True,0.468
HDEL002985,HORD002985,2018-06-20,2018-06-24,2018-06-23,StarTrack,Standard,Delivered,0.0,True,21.0,8.8,none,4.0,3.0,Afternoon,4.1458,True,0.387
HDEL002986,HORD002986,2018-07-06,2018-07-09,2018-07-08,Direct Freight,Standard,Delivered,0.0,True,55.0,7.68,none,3.0,8.0,Afternoon,1.131,True,0.239
HDEL002987,HORD002987,2018-04-30,2018-05-04,2018-05-02,DHL,Standard,Delivered,0.0,True,53.0,6.33,none,4.0,5.0,Afternoon,0.361,False,0.302
HDEL002988,HORD002988,2018-12-07,2018-12-11,2018-12-09,AusPost,Standard,Delivered,0.0,True,15.0,8.18,none,4.0,5.0,Morning,3.1272,True,0.4
HDEL002989,HORD002989,2018-10-31,2018-11-06,2018-11-10,StarTrack,Standard,Delivered,4.0,False,5.0,9.56,carrier_capacity,6.0,9.0,Morning,7.8012,False,0.551
HDEL002990,HORD002990,2018-08-10,2018-08-14,2018-08-14,DHL,Standard,Delivered,0.0,True,50.0,10.78,none,4.0,8.0,Anytime,5.6715,False,0.333
HDEL002991,HORD002991,2018-05-19,2018-05-26,2018-05-25,DHL,Standard,Delivered,0.0,True,21.0,9.12,none,7.0,8.0,Afternoon,5.9648,False,0.388
HDEL002992,HORD002992,2018-05-21,2018-05-25,2018-05-23,Direct Freight,Standard,Delivered,0.0,True,4.0,6.89,none,4.0,7.0,Anytime,2.6944,True,0.318
HDEL002993,HORD002993,2018-09-18,2018-09-21,2018-09-20,StarTrack,Standard,Delivered,0.0,True,22.0,9.11,none,3.0,9.0,Morning,5.1204,False,0.352
HDEL002994,HORD002994,2018-05-18,2018-05-23,2018-05-22,StarTrack,Standard,Delivered,0.0,True,22.0,8.07,none,5.0,8.0,Anytime,4.2688,True,0.394
HDEL002995,HORD002995,2018-03-02,2018-03-09,2018-03-07,AusPost,Standard,Delivered,0.0,True,49.0,7.56,none,7.0,4.0,Morning,3.6405,True,0.379
HDEL002996,HORD002996,2018-01-19,2018-01-25,2018-01-25,Direct Freight,Standard,Delivered,0.0,True,13.0,9.14,none,6.0,6.0,Morning,4.0031,True,0.413
HDEL002997,HORD002997,2018-11-13,2018-11-20,2018-11-21,DHL,Express,Delivered,1.0,False,14.0,19.04,warehouse_congestion,7.0,8.0,Anytime,5.0903,True,1.122
HDEL002998,HORD002998,2018-04-28,2018-05-03,2018-05-03,StarTrack,Standard,Delivered,0.0,True,61.0,8.35,none,5.0,7.0,Anytime,6.0658,True,0.454
HDEL002999,HORD002999,2018-03-21,2018-03-27,2018-03-25,AusPost,Standard,Delivered,0.0,True,6.0,10.03,none,6.0,9.0,Morning,9.7484,True,0.535
HDEL003000,HORD003000,2018-10-25,2018-10-28,2018-10-26,Direct Freight,Standard,Delivered,0.0,True,29.0,8.64,none,3.0,4.0,Anytime,5.115,True,0.371
HDEL003001,HORD003001,2018-05-21,2018-05-25,2018-05-27,StarTrack,Express,Delivered,2.0,False,16.0,19.56,carrier_capacity,4.0,4.0,Anytime,5.9234,True,0.484
HDEL003002,HORD003002,2018-06-07,2018-06-12,2018-06-10,DHL,Standard,Delivered,0.0,True,42.0,7.23,none,5.0,8.0,Morning,0.919,False,0.249
HDEL003003,HORD003003,2018-11-12,2018-11-19,2018-11-18,StarTrack,Express,Delivered,0.0,True,72.0,14.25,none,7.0,7.0,Morning,1.8801,True,0.861
HDEL003004,HORD003004,2018-07-20,2018-07-23,2018-07-22,Direct Freight,Standard,Delivered,0.0,True,65.0,11.51,none,3.0,3.0,Afternoon,3.7718,True,0.399
HDEL003005,HORD003005,2018-08-24,2018-08-30,2018-08-30,StarTrack,Standard,Delivered,0.0,True,43.0,11.19,none,6.0,6.0,Anytime,5.0545,True,0.478
HDEL003006,HORD003006,2018-12-27,2018-12-30,2018-12-28,AusPost,Express,Delivered,0.0,True,6.0,17.25,none,3.0,5.0,Morning,8.1751,False,0.536
HDEL003007,HORD003007,2018-10-24,2018-10-30,2018-10-28,AusPost,Standard,Delivered,0.0,True,60.0,8.97,none,6.0,9.0,Afternoon,5.672,True,0.5
HDEL003008,HORD003008,2018-04-24,2018-04-30,2018-05-04,StarTrack,Standard,Delivered,4.0,False,59.0,8.29,weather,6.0,7.0,Afternoon,5.1067,True,1.118
HDEL003009,HORD003009,2018-11-08,2018-11-15,2018-11-13,StarTrack,Standard,Delivered,0.0,True,69.0,7.43,none,7.0,7.0,Morning,5.1255,True,0.547
HDEL003010,HORD003010,2018-12-21,2018-12-26,2018-12-24,DHL,Standard,Delivered,0.0,True,71.0,7.58,none,5.0,9.0,Afternoon,4.3645,True,1.121
HDEL003011,HORD003011,2018-03-17,2018-03-23,2018-03-21,DHL,Standard,Delivered,0.0,True,30.0,8.01,none,6.0,5.0,Afternoon,2.6944,True,0.417
HDEL003012,HORD003012,2018-12-17,2018-12-21,2018-12-20,AusPost,Standard,Delivered,0.0,True,66.0,9.23,none,4.0,9.0,Afternoon,3.9846,True,0.503
HDEL003013,HORD003013,2018-12-08,2018-12-14,2018-12-13,Direct Freight,Standard,Delivered,0.0,True,48.0,7.91,none,6.0,4.0,Morning,5.8755,True,0.794
HDEL003014,HORD003014,2018-10-02,2018-10-09,2018-10-09,AusPost,Standard,Delivered,0.0,True,42.0,6.62,none,7.0,3.0,Afternoon,0.919,True,0.971
HDEL003015,HORD003015,2018-08-06,2018-08-12,2018-08-11,AusPost,Standard,Delivered,0.0,True,36.0,8.86,none,6.0,5.0,Morning,1.6352,True,0.406
HDEL003016,HORD003016,2018-08-15,2018-08-20,2018-08-20,DHL,Standard,Delivered,0.0,True,13.0,12.13,none,5.0,4.0,Afternoon,4.175,True,0.432
HDEL003017,HORD003017,2018-12-16,2018-12-21,2018-12-21,DHL,Standard,Delivered,0.0,True,42.0,8.47,none,5.0,4.0,Afternoon,4.175,True,0.368
HDEL003018,HORD003018,2018-02-12,2018-02-17,2018-02-16,AusPost,Standard,Delivered,0.0,True,7.0,9.0,none,5.0,8.0,Anytime,5.1815,False,0.327
HDEL003019,HORD003019,2018-12-03,2018-12-07,2018-12-05,Direct Freight,Standard,Delivered,0.0,True,46.0,8.23,none,4.0,5.0,Afternoon,4.6966,True,0.465
HDEL003020,HORD003020,2018-03-31,2018-04-03,2018-04-03,AusPost,Standard,Delivered,0.0,True,50.0,8.38,none,3.0,9.0,Morning,6.2917,False,0.37
HDEL003021,HORD003021,2018-08-18,2018-08-25,2018-08-23,DHL,Express,Delivered,0.0,True,13.0,25.8,none,7.0,9.0,Anytime,7.996,True,0.414
HDEL003022,HORD003022,2018-06-05,2018-06-12,2018-06-10,StarTrack,Standard,Delivered,0.0,True,64.0,9.82,none,7.0,3.0,Morning,4.2176,True,0.368
HDEL003023,HORD003023,2018-04-30,2018-05-06,2018-05-05,AusPost,Standard,Delivered,0.0,True,45.0,6.46,none,6.0,5.0,Morning,2.2975,False,0.286
HDEL003024,HORD003024,2018-12-14,2018-12-20,2018-12-20,Direct Freight,Standard,Delivered,0.0,True,14.0,10.23,none,6.0,6.0,Anytime,8.3195,True,0.511
HDEL003025,HORD003025,2018-03-15,2018-03-20,2018-03-18,StarTrack,Standard,Delivered,0.0,True,39.0,7.72,none,5.0,7.0,Anytime,5.0303,True,0.455
HDEL003026,HORD003026,2018-07-28,2018-08-03,2018-08-01,AusPost,Standard,Delivered,0.0,True,18.0,11.52,none,6.0,3.0,Anytime,3.3621,True,0.354
HDEL003027,HORD003027,2018-11-22,2018-11-27,2018-11-27,AusPost,Standard,Delivered,0.0,True,45.0,9.52,none,5.0,5.0,Anytime,5.3787,True,0.483
HDEL003028,HORD003028,2018-04-08,2018-04-12,2018-04-13,AusPost,Express,Delivered,1.0,False,4.0,17.69,carrier_capacity,4.0,3.0,Morning,3.286,True,1.017
HDEL003029,HORD003029,2018-02-07,2018-02-12,2018-02-12,Direct Freight,Express,Delivered,0.0,True,41.0,12.69,none,5.0,9.0,Morning,1.9466,True,0.358
HDEL003030,HORD003030,2018-11-20,2018-11-23,2018-11-22,DHL,Standard,Delivered,0.0,True,9.0,9.27,none,3.0,7.0,Morning,5.9234,False,0.365
HDEL003031,HORD003031,2018-08-17,2018-08-20,2018-08-19,DHL,Standard,Delivered,0.0,True,57.0,9.32,none,3.0,6.0,Morning,1.0315,True,0.406
HDEL003032,HORD003032,2018-08-24,2018-08-30,2018-08-29,DHL,Standard,Delivered,0.0,True,3.0,11.1,none,6.0,3.0,Morning,7.5354,True,0.47
HDEL003033,HORD003033,2018-08-04,2018-08-07,2018-08-07,AusPost,Express,Delivered,0.0,True,66.0,24.41,none,3.0,8.0,Anytime,8.3283,True,0.956
HDEL003034,HORD003034,2018-04-12,2018-04-15,2018-04-15,StarTrack,Standard,Delivered,0.0,True,64.0,9.03,none,3.0,8.0,Morning,5.2041,True,0.702
HDEL003035,HORD003035,2018-10-11,2018-10-15,2018-10-14,DHL,Standard,Delivered,0.0,True,8.0,6.09,none,4.0,8.0,Morning,0.243,True,0.339
HDEL003036,HORD003036,2018-04-20,2018-04-27,2018-05-01,AusPost,Standard,Delivered,4.0,False,20.0,7.28,weather,7.0,9.0,Anytime,3.7951,True,0.442
HDEL003037,HORD003037,2018-07-04,2018-07-09,2018-07-07,DHL,Express,Delivered,0.0,True,32.0,23.29,none,5.0,3.0,Morning,3.1272,False,0.279
HDEL003038,HORD003038,2018-02-11,2018-02-17,2018-02-15,DHL,Standard,Delivered,0.0,True,33.0,8.79,none,6.0,4.0,Anytime,3.6708,True,0.431
HDEL003039,HORD003039,2018-05-31,2018-06-06,2018-06-04,DHL,Standard,Delivered,0.0,True,20.0,11.12,none,6.0,5.0,Morning,9.9452,False,1.263
HDEL003040,HORD003040,2018-04-04,2018-04-11,2018-04-11,AusPost,Standard,Delivered,0.0,True,41.0,8.36,none,7.0,6.0,Morning,5.4688,True,0.426
HDEL003041,HORD003041,2018-03-24,2018-03-28,2018-03-26,Direct Freight,Standard,Delivered,0.0,True,71.0,11.04,none,4.0,9.0,Afternoon,8.5082,False,0.442
HDEL003042,HORD003042,2018-05-28,2018-06-02,2018-06-01,Direct Freight,Standard,Delivered,0.0,True,47.0,7.64,none,5.0,9.0,Morning,6.063,True,0.405
HDEL003043,HORD003043,2018-01-29,2018-02-03,2018-02-01,DHL,Standard,Delivered,0.0,True,14.0,7.4,none,5.0,8.0,Anytime,4.1646,True,0.423
HDEL003044,HORD003044,2018-10-27,2018-11-02,2018-11-02,AusPost,Standard,Delivered,0.0,True,22.0,8.94,none,6.0,4.0,Afternoon,6.4289,False,0.37
HDEL003045,HORD003045,2018-11-02,2018-11-09,2018-11-07,StarTrack,Express,Delivered,0.0,True,49.0,16.8,none,7.0,7.0,Afternoon,4.1707,True,0.444
HDEL003046,HORD003046,2018-11-03,2018-11-07,2018-11-07,DHL,Standard,Delivered,0.0,True,24.0,10.94,none,4.0,4.0,Morning,8.8063,True,0.526
HDEL003047,HORD003047,2018-05-12,2018-05-18,2018-05-17,StarTrack,Standard,Delivered,0.0,True,44.0,10.0,none,6.0,8.0,Morning,6.6553,True,0.529
HDEL003048,HORD003048,2018-08-28,2018-09-04,2018-09-05,AusPost,Standard,Delivered,1.0,False,57.0,11.11,warehouse_congestion,7.0,8.0,Morning,5.0303,False,0.317
HDEL003049,HORD003049,2018-01-13,2018-01-18,2018-01-16,DHL,Standard,Delivered,0.0,True,68.0,9.82,none,5.0,9.0,Anytime,5.4408,True,1.044
HDEL003050,HORD003050,2018-02-17,2018-02-22,2018-02-20,StarTrack,Standard,Delivered,0.0,True,23.0,10.56,none,5.0,3.0,Afternoon,6.7811,True,0.598
HDEL003051,HORD003051,2018-06-28,2018-07-05,2018-07-04,Direct Freight,Standard,Delivered,0.0,True,67.0,9.98,none,7.0,6.0,Morning,5.7284,True,0.519
HDEL003052,HORD003052,2018-02-20,2018-02-26,2018-02-25,Direct Freight,Standard,Delivered,0.0,True,71.0,10.75,none,6.0,7.0,Anytime,6.163,False,1.04
HDEL003053,HORD003053,2018-12-01,2018-12-04,2018-12-04,DHL,Standard,Delivered,0.0,True,9.0,11.53,none,3.0,7.0,Afternoon,10.0361,True,1.065
HDEL003054,HORD003054,2018-04-02,2018-04-05,2018-04-04,AusPost,Standard,Delivered,0.0,True,50.0,9.1,none,3.0,5.0,Morning,6.1878,False,0.419
HDEL003055,HORD003055,2018-05-20,2018-05-26,2018-05-26,DHL,Standard,Delivered,0.0,True,62.0,7.46,none,6.0,5.0,Anytime,2.5537,True,0.47
HDEL003056,HORD003056,2018-03-16,2018-03-21,2018-03-21,AusPost,Standard,Delivered,0.0,True,15.0,8.12,none,5.0,6.0,Afternoon,4.6342,False,0.383
HDEL003057,HORD003057,2018-03-08,2018-03-15,2018-03-13,Direct Freight,Standard,Delivered,0.0,True,24.0,6.94,none,7.0,9.0,Morning,1.5642,False,0.322
HDEL003058,HORD003058,2018-10-17,2018-10-21,2018-10-23,Direct Freight,Standard,Delivered,2.0,False,27.0,8.77,warehouse_congestion,4.0,5.0,Morning,6.9946,False,0.56
HDEL003059,HORD003059,2018-11-09,2018-11-16,2018-11-21,AusPost,Standard,Delivered,5.0,False,56.0,6.7,weather,7.0,7.0,Anytime,1.4457,True,1.676
HDEL003060,HORD003060,2018-08-09,2018-08-13,2018-08-12,StarTrack,Express,Delivered,0.0,True,63.0,20.85,none,4.0,7.0,Morning,2.6716,True,1.154
HDEL003061,HORD003061,2018-01-08,2018-01-11,2018-01-11,StarTrack,Standard,Delivered,0.0,True,48.0,9.38,none,3.0,5.0,Afternoon,5.7949,True,1.072
HDEL003062,HORD003062,2018-09-05,2018-09-12,2018-09-10,AusPost,Standard,Delivered,0.0,True,38.0,6.09,none,7.0,5.0,Anytime,0.134,False,0.251
HDEL003063,HORD003063,2018-04-26,2018-05-03,2018-05-02,AusPost,Standard,Delivered,0.0,True,55.0,8.76,none,7.0,3.0,Afternoon,5.0903,True,0.449
HDEL003064,HORD003064,2018-05-24,2018-05-28,2018-05-26,DHL,Express,Delivered,0.0,True,52.0,13.14,none,4.0,3.0,Morning,2.2644,True,0.303
HDEL003065,HORD003065,2018-05-14,2018-05-18,2018-05-17,DHL,Standard,Delivered,0.0,True,56.0,10.31,none,4.0,7.0,Afternoon,5.6443,True,1.127
HDEL003066,HORD003066,2018-03-16,2018-03-21,2018-03-20,StarTrack,Standard,Delivered,0.0,True,43.0,11.24,none,5.0,4.0,Afternoon,9.7484,False,0.494
HDEL003067,HORD003067,2018-08-07,2018-08-11,2018-08-09,AusPost,Standard,Delivered,0.0,True,21.0,8.71,none,4.0,4.0,Afternoon,3.7018,True,0.383
HDEL003068,HORD003068,2018-02-27,2018-03-05,2018-03-03,DHL,Standard,Delivered,0.0,True,56.0,7.9,none,6.0,5.0,Morning,4.6779,False,0.343
HDEL003069,HORD003069,2018-08-05,2018-08-12,2018-08-11,Direct Freight,Express,Delivered,0.0,True,5.0,20.04,none,7.0,9.0,Anytime,5.7397,False,0.405
HDEL003070,HORD003070,2018-02-23,2018-03-01,2018-03-01,StarTrack,Standard,Delivered,0.0,True,50.0,8.77,none,6.0,5.0,Afternoon,3.7718,True,0.428
HDEL003071,HORD003071,2018-02-21,2018-02-24,2018-02-22,DHL,Standard,Delivered,0.0,True,65.0,8.98,none,3.0,8.0,Anytime,8.1783,True,0.557
HDEL003072,HORD003072,2018-08-07,2018-08-13,2018-08-12,DHL,Standard,Delivered,0.0,True,59.0,13.01,none,6.0,7.0,Afternoon,4.932,True,0.388
HDEL003073,HORD003073,2018-07-24,2018-07-29,2018-07-29,AusPost,Standard,Delivered,0.0,True,7.0,11.98,none,5.0,3.0,Afternoon,7.1467,True,0.421
HDEL003074,HORD003074,2018-12-26,2018-12-31,2018-12-30,StarTrack,Standard,Delivered,0.0,True,10.0,9.98,none,5.0,7.0,Morning,8.5452,False,0.446
HDEL003075,HORD003075,2018-03-13,2018-03-19,2018-03-19,StarTrack,Standard,Delivered,0.0,True,60.0,8.35,none,6.0,4.0,Morning,3.286,True,0.438
HDEL003076,HORD003076,2018-04-14,2018-04-20,2018-04-20,StarTrack,Standard,Delivered,0.0,True,65.0,7.3,none,6.0,8.0,Afternoon,4.8889,False,0.343
HDEL003077,HORD003077,2018-05-07,2018-05-13,2018-05-11,Direct Freight,Standard,Delivered,0.0,True,65.0,9.55,none,6.0,8.0,Afternoon,6.1878,False,0.392
HDEL003078,HORD003078,2018-04-23,2018-04-27,2018-04-26,AusPost,Standard,Delivered,0.0,True,35.0,11.17,none,4.0,3.0,Afternoon,8.9878,True,0.605
HDEL003079,HORD003079,2018-05-07,2018-05-12,2018-05-12,Direct Freight,Standard,Delivered,0.0,True,58.0,7.5,none,5.0,7.0,Morning,3.727,False,0.372
HDEL003080,HORD003080,2018-01-24,2018-01-27,2018-01-25,DHL,Standard,Delivered,0.0,True,37.0,11.12,none,3.0,9.0,Morning,7.5164,True,0.945
HDEL003081,HORD003081,2018-09-11,2018-09-17,2018-09-17,AusPost,Standard,Delivered,0.0,True,70.0,8.17,none,6.0,7.0,Afternoon,6.1048,True,0.79
HDEL003082,HORD003082,2018-05-23,2018-05-28,2018-05-27,AusPost,Standard,Delivered,0.0,True,46.0,11.63,none,5.0,9.0,Afternoon,7.38,True,0.534
HDEL003083,HORD003083,2018-02-16,2018-02-20,2018-02-19,Direct Freight,Standard,Delivered,0.0,True,15.0,10.79,none,4.0,7.0,Anytime,5.607,True,0.481
HDEL003084,HORD003084,2018-05-02,2018-05-06,2018-05-09,Direct Freight,Standard,Delivered,3.0,False,23.0,8.48,carrier_capacity,4.0,4.0,Anytime,6.4246,True,0.534
HDEL003085,HORD003085,2018-04-26,2018-05-03,2018-05-03,StarTrack,Standard,Delivered,0.0,True,49.0,9.97,none,7.0,3.0,Afternoon,6.3782,True,0.583
HDEL003086,HORD003086,2018-12-02,2018-12-09,2018-12-09,AusPost,Standard,Delivered,0.0,True,22.0,9.79,none,7.0,7.0,Anytime,8.3002,False,0.512
HDEL003087,HORD003087,2018-03-22,2018-03-27,2018-03-26,Direct Freight,Standard,Delivered,0.0,True,6.0,7.01,none,5.0,8.0,Anytime,4.8491,False,0.351
HDEL003088,HORD003088,2018-12-24,2018-12-30,2018-12-29,Direct Freight,Standard,Delivered,0.0,True,41.0,6.08,none,6.0,3.0,Anytime,1.8546,True,0.41
HDEL003089,HORD003089,2018-06-26,2018-07-03,2018-07-03,Direct Freight,Standard,Delivered,0.0,True,37.0,12.14,none,7.0,3.0,Afternoon,7.1589,False,0.406
HDEL003090,HORD003090,2018-06-17,2018-06-24,2018-06-22,AusPost,Standard,Delivered,0.0,True,39.0,10.34,none,7.0,5.0,Morning,4.6779,True,0.491
HDEL003091,HORD003091,2018-10-31,2018-11-06,2018-11-05,AusPost,Express,Delivered,0.0,True,31.0,19.16,none,6.0,9.0,Anytime,6.2917,True,0.742
HDEL003092,HORD003092,2018-01-09,2018-01-12,2018-01-12,AusPost,Express,Delivered,0.0,True,10.0,16.46,none,3.0,7.0,Afternoon,1.5241,True,0.358
HDEL003093,HORD003093,2018-06-03,2018-06-07,2018-06-07,DHL,Express,Delivered,0.0,True,14.0,21.07,none,4.0,5.0,Afternoon,1.2497,True,0.767
HDEL003094,HORD003094,2018-03-20,2018-03-24,2018-03-24,AusPost,Standard,Delivered,0.0,True,11.0,11.66,none,4.0,7.0,Morning,10.0361,True,0.546
HDEL003095,HORD003095,2018-11-17,2018-11-21,2018-11-19,Direct Freight,Standard,Delivered,0.0,True,26.0,9.7,none,4.0,4.0,Morning,5.9827,True,0.576
HDEL003096,HORD003096,2018-06-17,2018-06-24,2018-06-22,Direct Freight,Standard,Delivered,0.0,True,16.0,13.2,none,7.0,8.0,Afternoon,7.6692,True,0.991
HDEL003097,HORD003097,2018-07-06,2018-07-13,2018-07-13,AusPost,Standard,Delivered,0.0,True,49.0,10.99,none,7.0,4.0,Afternoon,5.4734,True,0.504
HDEL003098,HORD003098,2018-03-06,2018-03-11,2018-03-10,DHL,Standard,Delivered,0.0,True,5.0,7.6,none,5.0,4.0,Afternoon,4.8747,False,0.482
HDEL003099,HORD003099,2018-04-30,2018-05-03,2018-05-01,Direct Freight,Express,Delivered,0.0,True,65.0,20.61,none,3.0,9.0,Anytime,6.3128,True,0.49
HDEL003100,HORD003100,2018-01-09,2018-01-13,2018-01-13,DHL,Standard,Delivered,0.0,True,66.0,10.69,none,4.0,4.0,Anytime,7.1589,True,1.799
HDEL003101,HORD003101,2018-08-13,2018-08-17,2018-08-16,DHL,Standard,Delivered,0.0,True,38.0,15.59,none,4.0,5.0,Anytime,8.2741,True,0.584
HDEL003102,HORD003102,2018-07-01,2018-07-07,2018-07-05,AusPost,Standard,Delivered,0.0,True,61.0,15.02,none,6.0,7.0,Morning,9.1061,True,0.971
HDEL003103,HORD003103,2018-04-13,2018-04-18,2018-04-18,AusPost,Standard,Delivered,0.0,True,22.0,10.46,none,5.0,9.0,Afternoon,5.9582,False,0.419
HDEL003104,HORD003104,2018-09-15,2018-09-22,2018-09-20,DHL,Standard,Delivered,0.0,True,73.0,6.14,none,7.0,8.0,Morning,1.0859,False,0.295
HDEL003105,HORD003105,2018-11-10,2018-11-16,2018-11-15,StarTrack,Standard,Delivered,0.0,True,50.0,10.38,none,6.0,5.0,Afternoon,6.5932,True,0.992
HDEL003106,HORD003106,2018-05-24,2018-05-27,2018-05-26,Direct Freight,Standard,Delivered,0.0,True,55.0,5.88,none,3.0,7.0,Morning,0.5217,True,0.318
HDEL003107,HORD003107,2018-08-24,2018-08-27,2018-08-26,StarTrack,Standard,Delivered,0.0,True,43.0,11.71,none,3.0,7.0,Afternoon,6.9407,True,1.626
HDEL003108,HORD003108,2018-10-30,2018-11-05,2018-11-05,StarTrack,Standard,Delivered,0.0,True,47.0,8.04,none,6.0,9.0,Afternoon,2.3496,True,0.805
HDEL003109,HORD003109,2018-12-16,2018-12-23,2018-12-23,DHL,Express,Delivered,0.0,True,12.0,18.87,none,7.0,4.0,Afternoon,6.2558,True,0.431
HDEL003110,HORD003110,2018-01-25,2018-01-28,2018-01-26,AusPost,Standard,Delivered,0.0,True,6.0,10.15,none,3.0,6.0,Anytime,7.353,False,0.397
HDEL003111,HORD003111,2018-05-31,2018-06-03,2018-06-03,StarTrack,Express,Delivered,0.0,True,8.0,20.43,none,3.0,7.0,Afternoon,7.1393,False,0.468
HDEL003112,HORD003112,2018-02-12,2018-02-15,2018-02-14,DHL,Express,Delivered,0.0,True,56.0,17.98,none,3.0,8.0,Morning,5.7397,False,0.337
HDEL003113,HORD003113,2018-07-12,2018-07-16,2018-07-16,AusPost,Standard,Delivered,0.0,True,30.0,12.57,none,4.0,4.0,Afternoon,9.0951,True,0.566
HDEL003114,HORD003114,2018-11-20,2018-11-25,2018-11-27,Direct Freight,Standard,Delivered,2.0,False,50.0,9.28,weather,5.0,3.0,Morning,5.3461,True,0.397
HDEL003115,HORD003115,2018-03-07,2018-03-14,2018-03-12,StarTrack,Standard,Delivered,0.0,True,42.0,10.78,none,7.0,9.0,Afternoon,6.5139,True,0.445
HDEL003116,HORD003116,2018-02-16,2018-02-21,2018-02-21,StarTrack,Express,Delivered,0.0,True,62.0,17.65,none,5.0,7.0,Morning,5.6902,True,0.55
HDEL003117,HORD003117,2018-05-25,2018-05-30,2018-05-29,DHL,Standard,Delivered,0.0,True,11.0,11.06,none,5.0,9.0,Afternoon,7.7035,False,1.182
HDEL003118,HORD003118,2018-09-15,2018-09-22,2018-09-22,StarTrack,Standard,Delivered,0.0,True,53.0,8.03,none,7.0,5.0,Afternoon,6.0905,True,0.44
HDEL003119,HORD003119,2018-09-14,2018-09-18,2018-09-17,StarTrack,Standard,Delivered,0.0,True,27.0,8.05,none,4.0,4.0,Afternoon,2.3496,True,0.436
HDEL003120,HORD003120,2018-10-27,2018-11-03,2018-11-01,DHL,Standard,Delivered,0.0,True,41.0,9.4,none,7.0,3.0,Anytime,5.5917,True,0.53
HDEL003121,HORD003121,2018-05-25,2018-05-29,2018-05-29,Direct Freight,Standard,Delivered,0.0,True,72.0,6.98,none,4.0,7.0,Afternoon,2.7425,True,0.309
HDEL003122,HORD003122,2018-03-21,2018-03-26,2018-03-28,DHL,Standard,Delivered,2.0,False,10.0,10.92,carrier_capacity,5.0,3.0,Afternoon,7.8594,True,0.852
HDEL003123,HORD003123,2018-08-17,2018-08-24,2018-08-22,StarTrack,Express,Delivered,0.0,True,69.0,21.63,none,7.0,7.0,Anytime,2.9003,False,0.352
HDEL003124,HORD003124,2018-04-04,2018-04-08,2018-04-07,Direct Freight,Standard,Delivered,0.0,True,13.0,8.4,none,4.0,4.0,Morning,4.2331,True,0.624
HDEL003125,HORD003125,2018-09-27,2018-10-03,2018-10-08,Direct Freight,Standard,Delivered,5.0,False,8.0,7.36,carrier_capacity,6.0,7.0,Afternoon,2.6716,True,0.464
HDEL003126,HORD003126,2018-02-21,2018-02-26,2018-02-24,Direct Freight,Standard,Delivered,0.0,True,63.0,7.08,none,5.0,6.0,Anytime,2.4826,True,0.425
HDEL003127,HORD003127,2018-10-31,2018-11-05,2018-11-06,Direct Freight,Standard,Delivered,1.0,False,10.0,7.89,carrier_capacity,5.0,9.0,Morning,6.063,True,0.515
HDEL003128,HORD003128,2018-09-11,2018-09-14,2018-09-18,StarTrack,Standard,Delivered,4.0,False,48.0,9.28,weather,3.0,5.0,Anytime,6.9799,True,0.608
HDEL003129,HORD003129,2018-07-03,2018-07-10,2018-07-10,Direct Freight,Standard,Delivered,0.0,True,70.0,8.93,none,7.0,5.0,Anytime,0.316,True,0.384
HDEL003130,HORD003130,2018-05-20,2018-05-23,2018-05-21,StarTrack,Standard,Delivered,0.0,True,6.0,8.83,none,3.0,7.0,Anytime,7.1142,True,0.515
HDEL003131,HORD003131,2018-03-21,2018-03-25,2018-03-23,DHL,Standard,Delivered,0.0,True,56.0,9.14,none,4.0,8.0,Anytime,5.6988,False,0.388
HDEL003132,HORD003132,2018-04-23,2018-04-28,2018-04-26,StarTrack,Standard,Delivered,0.0,True,62.0,9.34,none,5.0,4.0,Afternoon,5.2894,True,0.384
HDEL003133,HORD003133,2018-02-22,2018-02-26,2018-02-24,DHL,Standard,Delivered,0.0,True,42.0,9.86,none,4.0,3.0,Morning,7.5354,True,1.279
HDEL003134,HORD003134,2018-07-03,2018-07-07,2018-07-06,AusPost,Standard,Delivered,0.0,True,4.0,7.65,none,4.0,8.0,Anytime,1.1842,True,0.509
HDEL003135,HORD003135,2018-06-02,2018-06-06,2018-06-06,Direct Freight,Standard,Delivered,0.0,True,54.0,9.91,none,4.0,6.0,Afternoon,7.691,False,0.445
HDEL003136,HORD003136,2018-07-24,2018-07-28,2018-07-28,Direct Freight,Standard,Delivered,0.0,True,57.0,11.89,none,4.0,5.0,Afternoon,3.7986,True,0.439
HDEL003137,HORD003137,2018-04-01,2018-04-07,2018-04-06,AusPost,Standard,Delivered,0.0,True,18.0,4.77,none,6.0,9.0,Anytime,0.361,True,0.441
HDEL003138,HORD003138,2018-02-02,2018-02-07,2018-02-05,DHL,Standard,Delivered,0.0,True,30.0,10.33,none,5.0,9.0,Afternoon,9.458,True,0.703
HDEL003139,HORD003139,2018-10-19,2018-10-22,2018-10-20,StarTrack,Standard,Delivered,0.0,True,22.0,7.91,none,3.0,9.0,Afternoon,6.2927,True,1.5
HDEL003140,HORD003140,2018-09-26,2018-10-01,2018-09-29,DHL,Standard,Delivered,0.0,True,26.0,8.76,none,5.0,8.0,Anytime,6.1918,False,0.446
HDEL003141,HORD003141,2018-02-01,2018-02-07,2018-02-06,Direct Freight,Standard,Delivered,0.0,True,67.0,8.77,none,6.0,4.0,Anytime,6.6869,True,1.064
HDEL003142,HORD003142,2018-03-29,2018-04-04,2018-04-07,Direct Freight,Standard,Delivered,3.0,False,31.0,8.77,warehouse_congestion,6.0,3.0,Afternoon,6.9718,False,0.401
HDEL003143,HORD003143,2018-02-04,2018-02-11,2018-02-09,AusPost,Standard,Delivered,0.0,True,24.0,7.03,none,7.0,5.0,Afternoon,2.7425,True,0.332
HDEL003144,HORD003144,2018-07-20,2018-07-27,2018-07-26,DHL,Standard,Delivered,0.0,True,71.0,14.7,none,7.0,9.0,Morning,9.9452,True,0.565
HDEL003145,HORD003145,2018-08-11,2018-08-15,2018-08-13,StarTrack,Standard,Delivered,0.0,True,36.0,13.18,none,4.0,9.0,Morning,7.4295,False,0.475
HDEL003146,HORD003146,2018-10-13,2018-10-17,2018-10-15,StarTrack,Standard,Delivered,0.0,True,62.0,9.75,none,4.0,9.0,Morning,6.1048,True,1.018
HDEL003147,HORD003147,2018-12-09,2018-12-12,2018-12-10,Direct Freight,Standard,Delivered,0.0,True,46.0,10.0,none,3.0,4.0,Morning,8.0082,False,0.577
HDEL003148,HORD003148,2018-12-01,2018-12-06,2018-12-04,AusPost,Express,Delivered,0.0,True,24.0,15.38,none,5.0,7.0,Anytime,5.9106,True,0.857
HDEL003149,HORD003149,2018-11-20,2018-11-23,2018-11-21,DHL,Express,Delivered,0.0,True,29.0,14.79,none,3.0,3.0,Morning,4.0031,True,0.425
HDEL003150,HORD003150,2018-12-08,2018-12-15,2018-12-13,DHL,Standard,Delivered,0.0,True,69.0,8.22,none,7.0,4.0,Anytime,5.1273,True,0.385
HDEL003151,HORD003151,2018-08-04,2018-08-11,2018-08-11,DHL,Standard,Delivered,0.0,True,12.0,12.04,none,7.0,6.0,Anytime,7.5212,True,1.258
HDEL003152,HORD003152,2018-12-21,2018-12-24,2018-12-22,Direct Freight,Standard,Delivered,0.0,True,21.0,9.68,none,3.0,6.0,Afternoon,3.7634,True,0.728
HDEL003153,HORD003153,2018-08-30,2018-09-04,2018-09-03,DHL,Standard,Delivered,0.0,True,69.0,15.32,none,5.0,6.0,Morning,8.7019,False,0.495
HDEL003154,HORD003154,2018-11-29,2018-12-05,2018-12-05,StarTrack,Standard,Delivered,0.0,True,41.0,6.55,none,6.0,9.0,Morning,0.7955,True,0.496
HDEL003155,HORD003155,2018-10-10,2018-10-14,2018-10-14,AusPost,Express,Delivered,0.0,True,13.0,17.93,none,4.0,9.0,Morning,5.066,True,0.403
HDEL003156,HORD003156,2018-03-05,2018-03-08,2018-03-08,AusPost,Standard,Delivered,0.0,True,61.0,6.56,none,3.0,5.0,Morning,1.6084,False,0.263
HDEL003157,HORD003157,2018-01-05,2018-01-09,2018-01-09,DHL,Standard,Delivered,0.0,True,63.0,9.15,none,4.0,3.0,Morning,3.0744,True,0.32
HDEL003158,HORD003158,2018-08-23,2018-08-30,2018-08-28,AusPost,Standard,Delivered,0.0,True,12.0,10.04,none,7.0,4.0,Morning,5.9319,False,0.345
HDEL003159,HORD003159,2018-07-16,2018-07-19,2018-07-17,DHL,Standard,Delivered,0.0,True,24.0,13.72,none,3.0,7.0,Anytime,5.8666,True,0.691
HDEL003160,HORD003160,2018-12-01,2018-12-05,2018-12-03,StarTrack,Express,Delivered,0.0,True,23.0,18.64,none,4.0,4.0,Afternoon,9.8879,True,0.598
HDEL003161,HORD003161,2018-06-25,2018-06-28,2018-06-26,AusPost,Express,Delivered,0.0,True,49.0,23.65,none,3.0,8.0,Afternoon,8.5348,True,1.03
HDEL003162,HORD003162,2018-08-20,2018-08-23,2018-08-24,Direct Freight,Standard,Delivered,1.0,False,43.0,9.26,carrier_capacity,3.0,3.0,Afternoon,1.1841,True,0.31
HDEL003163,HORD003163,2018-11-16,2018-11-19,2018-11-17,StarTrack,Standard,Delivered,0.0,True,24.0,6.96,none,3.0,5.0,Afternoon,1.8546,True,1.149
HDEL003164,HORD003164,2018-02-04,2018-02-07,2018-02-05,AusPost,Standard,Delivered,0.0,True,30.0,8.81,none,3.0,3.0,Anytime,3.7763,True,0.584
HDEL003165,HORD003165,2018-01-18,2018-01-22,2018-01-20,DHL,Standard,Delivered,0.0,True,26.0,9.66,none,4.0,4.0,Anytime,5.2041,True,0.591
HDEL003166,HORD003166,2018-05-20,2018-05-23,2018-05-23,DHL,Express,Delivered,0.0,True,51.0,19.12,none,3.0,8.0,Anytime,6.6818,False,0.433
HDEL003167,HORD003167,2018-07-14,2018-07-21,2018-07-20,DHL,Standard,Delivered,0.0,True,49.0,11.94,none,7.0,7.0,Morning,8.9878,True,0.508
HDEL003168,HORD003168,2018-07-13,2018-07-19,2018-07-17,DHL,Standard,Delivered,0.0,True,50.0,9.8,none,6.0,9.0,Anytime,4.3804,False,0.355
HDEL003169,HORD003169,2018-05-03,2018-05-09,2018-05-12,StarTrack,Standard,Delivered,3.0,False,34.0,9.5,weather,6.0,5.0,Afternoon,5.5612,True,1.042
HDEL003170,HORD003170,2018-05-08,2018-05-12,2018-05-12,StarTrack,Standard,Delivered,0.0,True,11.0,9.98,none,4.0,5.0,Afternoon,6.1287,True,0.891
HDEL003171,HORD003171,2018-10-01,2018-10-04,2018-10-03,StarTrack,Standard,Delivered,0.0,True,32.0,6.87,none,3.0,5.0,Afternoon,1.0859,False,0.224
HDEL003172,HORD003172,2018-03-03,2018-03-08,2018-03-06,DHL,Standard,Delivered,0.0,True,14.0,10.92,none,5.0,9.0,Morning,6.2815,True,0.543
HDEL003173,HORD003173,2018-01-18,2018-01-22,2018-01-20,StarTrack,Standard,Delivered,0.0,True,65.0,5.9,none,4.0,4.0,Anytime,0.7001,True,0.307
HDEL003174,HORD003174,2018-08-17,2018-08-22,2018-08-21,Direct Freight,Standard,Delivered,0.0,True,50.0,12.75,none,5.0,8.0,Anytime,7.996,True,0.56
HDEL003175,HORD003175,2018-12-25,2018-12-31,2018-12-29,Direct Freight,Express,Delivered,0.0,True,65.0,19.91,none,6.0,8.0,Morning,6.0753,False,0.388
HDEL003176,HORD003176,2018-03-13,2018-03-18,2018-03-17,Direct Freight,Express,Delivered,0.0,True,42.0,15.31,none,5.0,5.0,Morning,4.3706,True,1.522
HDEL003177,HORD003177,2018-09-05,2018-09-12,2018-09-10,AusPost,Standard,Delivered,0.0,True,7.0,11.16,none,7.0,5.0,Morning,9.7077,True,0.557
HDEL003178,HORD003178,2018-02-04,2018-02-08,2018-02-08,StarTrack,Express,Delivered,0.0,True,63.0,18.52,none,4.0,6.0,Anytime,4.0037,True,0.528
HDEL003179,HORD003179,2018-06-14,2018-06-20,2018-06-20,Direct Freight,Express,Delivered,0.0,True,37.0,23.32,none,6.0,9.0,Morning,7.2366,True,0.445
HDEL003180,HORD003180,2018-02-16,2018-02-21,2018-02-20,StarTrack,Standard,Delivered,0.0,True,10.0,8.45,none,5.0,4.0,Morning,3.528,False,0.328
HDEL003181,HORD003181,2018-09-29,2018-10-05,2018-10-03,StarTrack,Standard,Delivered,0.0,True,49.0,8.16,none,6.0,4.0,Anytime,3.7718,True,0.533
HDEL003182,HORD003182,2018-04-24,2018-04-28,2018-04-28,Direct Freight,Standard,Delivered,0.0,True,67.0,7.79,none,4.0,6.0,Anytime,3.0513,False,0.347
HDEL003183,HORD003183,2018-03-15,2018-03-19,2018-03-18,AusPost,Standard,Delivered,0.0,True,38.0,7.61,none,4.0,8.0,Afternoon,2.0879,True,0.598
HDEL003184,HORD003184,2018-04-30,2018-05-07,2018-05-11,DHL,Express,Delivered,4.0,False,72.0,21.8,warehouse_congestion,7.0,9.0,Afternoon,8.6104,True,0.541
HDEL003185,HORD003185,2018-10-20,2018-10-23,2018-10-21,StarTrack,Standard,Delivered,0.0,True,29.0,5.89,none,3.0,7.0,Afternoon,1.6332,False,0.313
HDEL003186,HORD003186,2018-05-13,2018-05-20,2018-05-20,StarTrack,Standard,Delivered,0.0,True,56.0,9.13,none,7.0,3.0,Afternoon,6.5212,False,0.374
HDEL003187,HORD003187,2018-12-29,2019-01-04,2019-01-04,Direct Freight,Standard,Delivered,0.0,True,57.0,11.4,none,6.0,6.0,Anytime,8.5341,False,0.464
HDEL003188,HORD003188,2018-01-12,2018-01-19,2018-01-20,DHL,Express,Delivered,1.0,False,45.0,18.25,carrier_capacity,7.0,4.0,Anytime,9.7157,True,1.142
HDEL003189,HORD003189,2018-11-29,2018-12-04,2018-12-02,DHL,Standard,Delivered,0.0,True,46.0,7.9,none,5.0,8.0,Afternoon,2.1752,True,0.537
HDEL003190,HORD003190,2018-08-31,2018-09-06,2018-09-06,AusPost,Express,Delivered,0.0,True,46.0,22.38,none,6.0,6.0,Morning,2.16,False,0.262
HDEL003191,HORD003191,2018-10-11,2018-10-16,2018-10-14,StarTrack,Standard,Delivered,0.0,True,18.0,10.21,none,5.0,3.0,Morning,5.9673,False,0.374
HDEL003192,HORD003192,2018-02-07,2018-02-10,2018-02-08,StarTrack,Express,Delivered,0.0,True,52.0,18.02,none,3.0,6.0,Morning,6.9946,False,0.583
HDEL003193,HORD003193,2018-06-10,2018-06-13,2018-06-11,DHL,Standard,Delivered,0.0,True,33.0,15.37,none,3.0,7.0,Afternoon,9.2991,False,0.466
HDEL003194,HORD003194,2018-04-02,2018-04-05,2018-04-04,AusPost,Standard,Delivered,0.0,True,33.0,8.63,none,3.0,3.0,Anytime,3.7703,False,0.448
HDEL003195,HORD003195,2018-04-09,2018-04-12,2018-04-16,Direct Freight,Standard,Delivered,4.0,False,17.0,10.38,warehouse_congestion,3.0,8.0,Afternoon,6.3092,True,1.21
HDEL003196,HORD003196,2018-03-17,2018-03-22,2018-03-23,Direct Freight,Standard,Delivered,1.0,False,69.0,9.68,carrier_capacity,5.0,3.0,Afternoon,8.7019,True,1.243
HDEL003197,HORD003197,2018-07-04,2018-07-08,2018-07-06,Direct Freight,Standard,Delivered,0.0,True,39.0,12.44,none,4.0,4.0,Afternoon,6.3105,False,0.414
HDEL003198,HORD003198,2018-10-29,2018-11-01,2018-11-01,Direct Freight,Standard,Delivered,0.0,True,24.0,9.15,none,3.0,4.0,Anytime,4.3706,True,1.228
HDEL003199,HORD003199,2018-06-12,2018-06-16,2018-06-16,DHL,Standard,Delivered,0.0,True,53.0,13.35,none,4.0,8.0,Anytime,6.9718,False,0.53
HDEL003200,HORD003200,2018-08-09,2018-08-14,2018-08-13,DHL,Standard,Delivered,0.0,True,49.0,9.33,none,5.0,4.0,Morning,4.4822,False,0.349
HDEL003201,HORD003201,2018-08-31,2018-09-03,2018-09-08,StarTrack,Standard,Delivered,5.0,False,11.0,12.69,weather,3.0,3.0,Afternoon,6.9271,True,0.48
HDEL003202,HORD003202,2018-12-12,2018-12-19,2018-12-19,StarTrack,Standard,Delivered,0.0,True,33.0,10.54,none,7.0,3.0,Morning,5.1975,False,0.424
HDEL003203,HORD003203,2018-12-26,2018-12-31,2018-12-31,AusPost,Standard,Delivered,0.0,True,47.0,10.63,none,5.0,4.0,Afternoon,7.8949,False,0.437
HDEL003204,HORD003204,2018-11-22,2018-11-29,2018-11-28,AusPost,Standard,Delivered,0.0,True,59.0,11.93,none,7.0,6.0,Afternoon,8.088,False,0.477
HDEL003205,HORD003205,2018-09-28,2018-10-04,2018-10-02,DHL,Standard,Delivered,0.0,True,30.0,9.98,none,6.0,3.0,Anytime,8.7076,True,0.476
HDEL003206,HORD003206,2018-02-11,2018-02-14,2018-02-12,AusPost,Standard,Delivered,0.0,True,13.0,8.45,none,3.0,3.0,Anytime,3.94,True,0.361
HDEL003207,HORD003207,2018-02-07,2018-02-13,2018-02-11,DHL,Standard,Delivered,0.0,True,57.0,6.74,none,6.0,4.0,Anytime,3.1272,True,0.45
HDEL003208,HORD003208,2018-08-28,2018-08-31,2018-08-31,Direct Freight,Standard,Delivered,0.0,True,10.0,12.17,none,3.0,7.0,Afternoon,6.9714,False,0.474
HDEL003209,HORD003209,2018-08-04,2018-08-11,2018-08-11,AusPost,Standard,Delivered,0.0,True,28.0,12.3,none,7.0,8.0,Afternoon,7.9077,True,1.318
HDEL003210,HORD003210,2018-12-26,2019-01-01,2018-12-31,StarTrack,Standard,Delivered,0.0,True,29.0,10.09,none,6.0,7.0,Morning,6.1918,True,0.485
HDEL003211,HORD003211,2018-03-04,2018-03-11,2018-03-09,StarTrack,Standard,Delivered,0.0,True,22.0,12.7,none,7.0,6.0,Afternoon,8.9244,False,0.588
HDEL003212,HORD003212,2018-11-11,2018-11-14,2018-11-14,Direct Freight,Standard,Delivered,0.0,True,60.0,11.12,none,3.0,9.0,Anytime,6.9799,True,0.486
HDEL003213,HORD003213,2018-01-27,2018-02-02,2018-02-02,Direct Freight,Express,Delivered,0.0,True,52.0,15.82,none,6.0,6.0,Afternoon,5.0303,True,0.497
HDEL003214,HORD003214,2018-05-31,2018-06-05,2018-06-04,Direct Freight,Express,Delivered,0.0,True,12.0,20.66,none,5.0,5.0,Anytime,8.6104,True,0.579
HDEL003215,HORD003215,2018-02-11,2018-02-15,2018-02-15,Direct Freight,Standard,Delivered,0.0,True,55.0,7.6,none,4.0,7.0,Morning,4.1841,True,0.44
HDEL003216,HORD003216,2018-04-15,2018-04-19,2018-04-20,DHL,Standard,Delivered,1.0,False,43.0,8.39,warehouse_congestion,4.0,6.0,Morning,7.1142,False,0.413
HDEL003217,HORD003217,2018-09-08,2018-09-11,2018-09-10,Direct Freight,Standard,Delivered,0.0,True,46.0,6.0,none,3.0,7.0,Morning,2.3052,True,0.892
HDEL003218,HORD003218,2018-11-15,2018-11-18,2018-11-17,AusPost,Standard,Delivered,0.0,True,4.0,9.83,none,3.0,4.0,Afternoon,5.8441,True,0.566
HDEL003219,HORD003219,2018-01-24,2018-01-27,2018-01-29,AusPost,Express,Delivered,2.0,False,66.0,15.77,weather,3.0,9.0,Afternoon,2.9597,True,0.363
HDEL003220,HORD003220,2018-05-19,2018-05-22,2018-05-20,AusPost,Standard,Delivered,0.0,True,33.0,8.62,none,3.0,7.0,Afternoon,4.3645,True,0.442
HDEL003221,HORD003221,2018-08-29,2018-09-03,2018-09-03,Direct Freight,Standard,Delivered,0.0,True,20.0,13.47,none,5.0,6.0,Afternoon,7.2366,True,0.539
HDEL003222,HORD003222,2018-08-06,2018-08-13,2018-08-11,AusPost,Standard,Delivered,0.0,True,19.0,9.96,none,7.0,8.0,Afternoon,3.2601,True,0.46
HDEL003223,HORD003223,2018-04-24,2018-04-29,2018-04-28,DHL,Standard,Delivered,0.0,True,67.0,12.68,none,5.0,9.0,Morning,8.7076,True,0.504
HDEL003224,HORD003224,2018-07-15,2018-07-21,2018-07-19,DHL,Standard,Delivered,0.0,True,23.0,9.34,none,6.0,5.0,Anytime,4.5274,True,0.916
HDEL003225,HORD003225,2018-02-11,2018-02-17,2018-02-17,DHL,Express,Delivered,0.0,True,7.0,14.49,none,6.0,3.0,Anytime,1.1842,True,0.325
HDEL003226,HORD003226,2018-08-12,2018-08-17,2018-08-16,Direct Freight,Standard,Delivered,0.0,True,14.0,8.09,none,5.0,4.0,Anytime,2.1106,False,0.309
HDEL003227,HORD003227,2018-05-16,2018-05-20,2018-05-20,StarTrack,Express,Delivered,0.0,True,44.0,17.95,none,4.0,8.0,Afternoon,6.0658,True,0.433
HDEL003228,HORD003228,2018-01-08,2018-01-15,2018-01-13,Direct Freight,Standard,Delivered,0.0,True,28.0,7.32,none,7.0,4.0,Morning,4.2772,True,1.012
HDEL003229,HORD003229,2018-03-28,2018-04-03,2018-04-03,StarTrack,Standard,Delivered,0.0,True,39.0,8.49,none,6.0,9.0,Morning,4.932,True,1.034
HDEL003230,HORD003230,2018-05-09,2018-05-12,2018-05-11,AusPost,Standard,Delivered,0.0,True,50.0,9.61,none,3.0,4.0,Afternoon,7.3951,True,0.94
HDEL003231,HORD003231,2018-09-25,2018-09-29,2018-09-28,Direct Freight,Standard,Delivered,0.0,True,11.0,6.14,none,4.0,8.0,Anytime,1.6352,False,0.315
HDEL003232,HORD003232,2018-02-23,2018-03-02,2018-03-01,AusPost,Standard,Delivered,0.0,True,53.0,9.37,none,7.0,7.0,Anytime,4.7549,True,0.441
HDEL003233,HORD003233,2018-01-28,2018-01-31,2018-01-29,Direct Freight,Standard,Delivered,0.0,True,12.0,6.1,none,3.0,7.0,Anytime,1.4259,False,0.339
HDEL003234,HORD003234,2018-12-22,2018-12-25,2018-12-29,Direct Freight,Standard,Delivered,4.0,False,58.0,11.34,weather,3.0,5.0,Morning,8.8092,True,0.532
HDEL003235,HORD003235,2018-01-26,2018-01-30,2018-01-30,StarTrack,Standard,Delivered,0.0,True,3.0,11.48,none,4.0,4.0,Morning,8.9305,False,0.446
HDEL003236,HORD003236,2018-04-11,2018-04-17,2018-04-16,AusPost,Standard,Delivered,0.0,True,41.0,9.31,none,6.0,4.0,Morning,5.9648,False,0.428
HDEL003237,HORD003237,2018-11-05,2018-11-11,2018-11-10,AusPost,Standard,Delivered,0.0,True,46.0,10.7,none,6.0,7.0,Anytime,6.7474,True,0.535
HDEL003238,HORD003238,2018-04-15,2018-04-22,2018-04-22,AusPost,Express,Delivered,0.0,True,72.0,17.94,none,7.0,3.0,Morning,6.9799,True,0.459
HDEL003239,HORD003239,2018-09-30,2018-10-03,2018-10-03,AusPost,Express,Delivered,0.0,True,35.0,12.39,none,3.0,5.0,Anytime,1.4259,True,0.36
HDEL003240,HORD003240,2018-10-21,2018-10-24,2018-10-28,AusPost,Standard,Delivered,4.0,False,57.0,7.2,warehouse_congestion,3.0,5.0,Morning,0.4902,True,0.38
HDEL003241,HORD003241,2018-11-04,2018-11-11,2018-11-15,Direct Freight,Standard,Delivered,4.0,False,6.0,7.74,warehouse_congestion,7.0,5.0,Morning,5.1975,True,0.476
HDEL003242,HORD003242,2018-02-12,2018-02-16,2018-02-21,AusPost,Standard,Delivered,5.0,False,33.0,9.47,carrier_capacity,4.0,5.0,Morning,3.7755,True,0.402
HDEL003243,HORD003243,2018-11-07,2018-11-13,2018-11-13,StarTrack,Standard,Delivered,0.0,True,64.0,8.82,none,6.0,5.0,Morning,3.3718,True,0.536
HDEL003244,HORD003244,2018-10-29,2018-11-02,2018-11-01,DHL,Standard,Delivered,0.0,True,65.0,9.28,none,4.0,6.0,Afternoon,6.5015,True,0.508
HDEL003245,HORD003245,2018-12-31,2019-01-03,2019-01-05,AusPost,Standard,Delivered,2.0,False,31.0,10.84,carrier_capacity,3.0,7.0,Morning,6.2095,True,0.438
HDEL003246,HORD003246,2018-05-06,2018-05-13,2018-05-12,Direct Freight,Standard,Delivered,0.0,True,50.0,11.4,none,7.0,5.0,Morning,9.2991,False,0.483
HDEL003247,HORD003247,2018-10-22,2018-10-28,2018-10-26,AusPost,Standard,Delivered,0.0,True,70.0,8.99,none,6.0,4.0,Afternoon,4.175,True,1.896
HDEL003248,HORD003248,2018-03-14,2018-03-19,2018-03-18,StarTrack,Standard,Delivered,0.0,True,9.0,8.84,none,5.0,8.0,Afternoon,7.5554,False,0.506
HDEL003249,HORD003249,2018-02-10,2018-02-14,2018-02-13,DHL,Standard,Delivered,0.0,True,51.0,7.76,none,4.0,8.0,Afternoon,5.4309,True,1.122
HDEL003250,HORD003250,2018-05-08,2018-05-13,2018-05-11,Direct Freight,Standard,Delivered,0.0,True,70.0,7.72,none,5.0,4.0,Morning,4.0907,False,1.082
HDEL003251,HORD003251,2018-05-30,2018-06-05,2018-06-03,StarTrack,Express,Delivered,0.0,True,5.0,15.92,none,6.0,5.0,Afternoon,7.4924,True,0.448
HDEL003252,HORD003252,2018-12-09,2018-12-15,2018-12-14,AusPost,Standard,Delivered,0.0,True,64.0,6.3,none,6.0,8.0,Anytime,0.134,True,0.378
HDEL003253,HORD003253,2018-01-11,2018-01-16,2018-01-16,DHL,Express,Delivered,0.0,True,47.0,18.81,none,5.0,7.0,Anytime,3.9471,True,0.963
HDEL003254,HORD003254,2018-06-01,2018-06-08,2018-06-09,DHL,Standard,Delivered,1.0,False,6.0,7.45,warehouse_congestion,7.0,5.0,Afternoon,2.216,True,1.377
HDEL003255,HORD003255,2018-03-22,2018-03-28,2018-03-29,StarTrack,Standard,Delivered,1.0,False,64.0,6.02,warehouse_congestion,6.0,6.0,Morning,2.0879,True,0.478
HDEL003256,HORD003256,2018-02-08,2018-02-13,2018-02-12,Direct Freight,Standard,Delivered,0.0,True,32.0,8.71,none,5.0,5.0,Morning,2.2644,False,0.343
HDEL003257,HORD003257,2018-07-17,2018-07-22,2018-07-20,Direct Freight,Express,Delivered,0.0,True,27.0,24.34,none,5.0,6.0,Anytime,6.7151,True,1.113
HDEL003258,HORD003258,2018-02-02,2018-02-06,2018-02-05,AusPost,Express,Delivered,0.0,True,62.0,14.55,none,4.0,5.0,Anytime,4.5289,True,0.563
HDEL003259,HORD003259,2018-04-11,2018-04-17,2018-04-16,AusPost,Standard,Delivered,0.0,True,33.0,7.1,none,6.0,4.0,Afternoon,1.4259,True,0.304
HDEL003260,HORD003260,2018-02-08,2018-02-13,2018-02-16,StarTrack,Standard,Delivered,3.0,False,55.0,6.5,warehouse_congestion,5.0,6.0,Afternoon,0.2025,True,0.279
HDEL003261,HORD003261,2018-11-10,2018-11-15,2018-11-14,StarTrack,Standard,Delivered,0.0,True,32.0,7.27,none,5.0,8.0,Morning,1.4259,True,0.421
HDEL003262,HORD003262,2018-06-08,2018-06-11,2018-06-09,Direct Freight,Standard,Delivered,0.0,True,44.0,13.0,none,3.0,8.0,Anytime,6.1573,False,0.83
HDEL003263,HORD003263,2018-03-11,2018-03-16,2018-03-15,Direct Freight,Standard,Delivered,0.0,True,22.0,6.1,none,5.0,5.0,Afternoon,2.2975,True,0.923
HDEL003264,HORD003264,2018-11-26,2018-11-30,2018-12-05,StarTrack,Express,Delivered,5.0,False,55.0,14.02,carrier_capacity,4.0,9.0,Morning,3.025,True,0.348
HDEL003265,HORD003265,2018-08-13,2018-08-17,2018-08-17,AusPost,Express,Delivered,0.0,True,39.0,23.57,none,4.0,5.0,Anytime,7.4162,False,0.384
HDEL003266,HORD003266,2018-06-04,2018-06-10,2018-06-14,StarTrack,Express,Delivered,4.0,False,26.0,20.88,weather,6.0,7.0,Afternoon,5.1815,True,0.548
HDEL003267,HORD003267,2018-06-06,2018-06-13,2018-06-11,StarTrack,Standard,Delivered,0.0,True,12.0,10.77,none,7.0,3.0,Morning,7.2272,True,0.457
HDEL003268,HORD003268,2018-12-27,2018-12-31,2018-12-29,Direct Freight,Standard,Delivered,0.0,True,15.0,8.71,none,4.0,4.0,Afternoon,2.9003,True,0.352
HDEL003269,HORD003269,2018-07-10,2018-07-13,2018-07-11,DHL,Express,Delivered,0.0,True,8.0,21.85,none,3.0,8.0,Anytime,4.6266,True,0.492
HDEL003270,HORD003270,2018-11-13,2018-11-16,2018-11-14,Direct Freight,Standard,Delivered,0.0,True,21.0,5.28,none,3.0,9.0,Afternoon,0.6581,False,0.324
HDEL003271,HORD003271,2018-12-04,2018-12-09,2018-12-08,DHL,Standard,Delivered,0.0,True,29.0,7.72,none,5.0,3.0,Afternoon,5.066,False,0.339
HDEL003272,HORD003272,2018-12-24,2018-12-30,2019-01-01,DHL,Standard,Delivered,2.0,False,64.0,9.62,carrier_capacity,6.0,7.0,Anytime,8.3403,True,0.609
HDEL003273,HORD003273,2018-05-04,2018-05-07,2018-05-08,DHL,Standard,Delivered,1.0,False,68.0,8.57,weather,3.0,9.0,Morning,7.5171,True,0.556
HDEL003274,HORD003274,2018-04-27,2018-04-30,2018-04-29,Direct Freight,Express,Delivered,0.0,True,56.0,17.68,none,3.0,9.0,Afternoon,7.4907,True,1.001
HDEL003275,HORD003275,2018-07-17,2018-07-23,2018-07-22,AusPost,Standard,Delivered,0.0,True,28.0,11.23,none,6.0,3.0,Afternoon,3.9131,True,0.491
HDEL003276,HORD003276,2018-12-28,2019-01-04,2019-01-04,StarTrack,Standard,Delivered,0.0,True,30.0,9.34,none,7.0,9.0,Anytime,4.2331,True,1.117
HDEL003277,HORD003277,2018-10-03,2018-10-08,2018-10-08,DHL,Standard,Delivered,0.0,True,44.0,8.27,none,5.0,7.0,Anytime,3.025,False,0.304
HDEL003278,HORD003278,2018-08-18,2018-08-21,2018-08-21,StarTrack,Express,Delivered,0.0,True,26.0,27.19,none,3.0,9.0,Afternoon,8.9244,False,0.425
HDEL003279,HORD003279,2018-11-06,2018-11-13,2018-11-11,StarTrack,Standard,Delivered,0.0,True,67.0,7.4,none,7.0,8.0,Anytime,1.131,True,0.296
HDEL003280,HORD003280,2018-05-10,2018-05-13,2018-05-12,DHL,Standard,Delivered,0.0,True,28.0,10.31,none,3.0,5.0,Anytime,7.5554,False,0.522
HDEL003281,HORD003281,2018-10-28,2018-11-02,2018-11-02,AusPost,Standard,Delivered,0.0,True,55.0,7.98,none,5.0,4.0,Afternoon,5.6443,True,0.464
HDEL003282,HORD003282,2018-05-01,2018-05-08,2018-05-08,Direct Freight,Standard,Delivered,0.0,True,18.0,10.44,none,7.0,8.0,Anytime,8.4899,True,0.61
HDEL003283,HORD003283,2018-05-11,2018-05-15,2018-05-15,AusPost,Standard,Delivered,0.0,True,51.0,8.22,none,4.0,8.0,Anytime,5.0456,False,0.323
HDEL003284,HORD003284,2018-04-01,2018-04-07,2018-04-07,AusPost,Standard,Delivered,0.0,True,55.0,6.81,none,6.0,3.0,Afternoon,4.2331,False,0.446
HDEL003285,HORD003285,2018-02-23,2018-02-27,2018-02-26,Direct Freight,Standard,Delivered,0.0,True,13.0,5.63,none,4.0,9.0,Anytime,0.7001,True,0.399
HDEL003286,HORD003286,2018-06-04,2018-06-11,2018-06-09,Direct Freight,Express,Delivered,0.0,True,25.0,24.88,none,7.0,6.0,Morning,6.6114,True,0.43
HDEL003287,HORD003287,2018-01-28,2018-02-03,2018-02-03,DHL,Standard,Delivered,0.0,True,41.0,8.4,none,6.0,5.0,Morning,5.9673,False,0.419
HDEL003288,HORD003288,2018-04-25,2018-04-28,2018-04-26,StarTrack,Standard,Delivered,0.0,True,29.0,10.16,none,3.0,4.0,Afternoon,6.0446,True,0.838
HDEL003289,HORD003289,2018-12-10,2018-12-14,2018-12-13,Direct Freight,Standard,Delivered,0.0,True,32.0,9.52,none,4.0,7.0,Afternoon,6.1918,True,0.477
HDEL003290,HORD003290,2018-09-19,2018-09-22,2018-09-22,DHL,Standard,Delivered,0.0,True,68.0,9.79,none,3.0,4.0,Morning,6.2917,False,0.389
HDEL003291,HORD003291,2018-06-04,2018-06-11,2018-06-09,AusPost,Express,Delivered,0.0,True,19.0,20.25,none,7.0,9.0,Afternoon,7.1497,True,1.307
HDEL003292,HORD003292,2018-07-05,2018-07-11,2018-07-11,DHL,Standard,Delivered,0.0,True,54.0,9.12,none,6.0,4.0,Afternoon,2.2644,True,0.867
HDEL003293,HORD003293,2018-01-11,2018-01-14,2018-01-14,StarTrack,Standard,Delivered,0.0,True,16.0,9.22,none,3.0,8.0,Afternoon,8.5341,True,0.602
HDEL003294,HORD003294,2018-02-27,2018-03-06,2018-03-04,Direct Freight,Standard,Delivered,0.0,True,31.0,11.45,none,7.0,7.0,Anytime,6.6085,False,0.522
HDEL003295,HORD003295,2018-12-05,2018-12-09,2018-12-07,StarTrack,Standard,Delivered,0.0,True,21.0,7.86,none,4.0,7.0,Anytime,4.1231,True,0.428
HDEL003296,HORD003296,2018-02-06,2018-02-09,2018-02-07,StarTrack,Standard,Delivered,0.0,True,35.0,13.01,none,3.0,4.0,Morning,9.2991,True,0.596
HDEL003297,HORD003297,2018-09-17,2018-09-23,2018-09-22,StarTrack,Standard,Delivered,0.0,True,70.0,7.5,none,6.0,7.0,Afternoon,5.3847,True,1.103
HDEL003298,HORD003298,2018-05-08,2018-05-11,2018-05-16,AusPost,Standard,Delivered,5.0,False,56.0,10.77,warehouse_congestion,3.0,5.0,Anytime,6.9946,True,0.488
HDEL003299,HORD003299,2018-05-19,2018-05-26,2018-05-24,Direct Freight,Standard,Delivered,0.0,True,25.0,9.58,none,7.0,4.0,Morning,8.7019,False,0.496
HDEL003300,HORD003300,2018-11-19,2018-11-24,2018-11-23,DHL,Standard,Delivered,0.0,True,23.0,7.52,none,5.0,4.0,Afternoon,3.0744,True,0.34
HDEL003301,HORD003301,2018-09-11,2018-09-18,2018-09-16,Direct Freight,Express,Delivered,0.0,True,3.0,17.23,none,7.0,7.0,Morning,5.9106,True,0.455
HDEL003302,HORD003302,2018-12-13,2018-12-19,2018-12-17,DHL,Standard,Delivered,0.0,True,38.0,6.39,none,6.0,7.0,Anytime,1.4827,False,0.327
HDEL003303,HORD003303,2018-12-17,2018-12-22,2018-12-22,StarTrack,Standard,Delivered,0.0,True,38.0,10.34,none,5.0,4.0,Afternoon,5.1031,True,0.548
HDEL003304,HORD003304,2018-11-20,2018-11-24,2018-11-23,StarTrack,Standard,Delivered,0.0,True,60.0,7.42,none,4.0,9.0,Morning,3.6762,True,0.351
HDEL003305,HORD003305,2018-08-17,2018-08-24,2018-08-23,AusPost,Standard,Delivered,0.0,True,64.0,10.93,none,7.0,4.0,Morning,2.2204,False,0.296
HDEL003306,HORD003306,2018-09-21,2018-09-25,2018-09-25,AusPost,Standard,Delivered,0.0,True,19.0,12.09,none,4.0,3.0,Morning,7.7381,False,0.446
HDEL003307,HORD003307,2018-07-22,2018-07-27,2018-07-27,AusPost,Standard,Delivered,0.0,True,51.0,12.24,none,5.0,7.0,Afternoon,5.6715,True,0.538
HDEL003308,HORD003308,2018-10-02,2018-10-09,2018-10-09,Direct Freight,Express,Delivered,0.0,True,44.0,19.58,none,7.0,3.0,Anytime,5.9106,True,0.415
HDEL003309,HORD003309,2018-09-02,2018-09-06,2018-09-04,AusPost,Standard,Delivered,0.0,True,10.0,8.72,none,4.0,8.0,Afternoon,2.8947,False,0.278
HDEL003310,HORD003310,2018-10-26,2018-10-29,2018-10-29,DHL,Standard,Delivered,0.0,True,6.0,11.74,none,3.0,7.0,Anytime,8.5047,True,1.021
HDEL003311,HORD003311,2018-01-15,2018-01-19,2018-01-24,AusPost,Express,Delivered,5.0,False,46.0,14.21,carrier_capacity,4.0,3.0,Anytime,0.5576,True,0.343
HDEL003312,HORD003312,2018-07-19,2018-07-23,2018-07-21,DHL,Standard,Delivered,0.0,True,35.0,15.79,none,4.0,3.0,Afternoon,8.7478,False,0.428
HDEL003313,HORD003313,2018-03-26,2018-03-30,2018-03-30,Direct Freight,Standard,Delivered,0.0,True,52.0,10.23,none,4.0,4.0,Morning,5.3006,False,0.379
HDEL003314,HORD003314,2018-08-31,2018-09-06,2018-09-06,AusPost,Standard,Delivered,0.0,True,31.0,9.23,none,6.0,6.0,Morning,4.0721,True,0.37
HDEL003315,HORD003315,2018-07-06,2018-07-10,2018-07-08,StarTrack,Standard,Delivered,0.0,True,23.0,10.77,none,4.0,4.0,Afternoon,2.8302,False,0.331
HDEL003316,HORD003316,2018-12-13,2018-12-18,2018-12-18,StarTrack,Standard,Delivered,0.0,True,45.0,11.02,none,5.0,6.0,Afternoon,6.2815,False,0.418
HDEL003317,HORD003317,2018-07-10,2018-07-13,2018-07-13,StarTrack,Express,Delivered,0.0,True,55.0,20.19,none,3.0,6.0,Afternoon,7.8594,True,0.502
HDEL003318,HORD003318,2018-07-23,2018-07-29,2018-07-28,DHL,Standard,Delivered,0.0,True,45.0,11.69,none,6.0,7.0,Anytime,4.175,True,0.433
HDEL003319,HORD003319,2018-06-05,2018-06-10,2018-06-09,AusPost,Standard,Delivered,0.0,True,27.0,11.2,none,5.0,5.0,Afternoon,6.6869,True,0.435
HDEL003320,HORD003320,2018-04-24,2018-04-29,2018-05-02,DHL,Standard,Delivered,3.0,False,67.0,5.79,warehouse_congestion,5.0,6.0,Anytime,1.0328,True,0.533
HDEL003321,HORD003321,2018-07-23,2018-07-27,2018-07-26,DHL,Standard,Delivered,0.0,True,42.0,13.69,none,4.0,7.0,Anytime,6.1569,True,0.424
HDEL003322,HORD003322,2018-05-07,2018-05-13,2018-05-12,AusPost,Standard,Delivered,0.0,True,20.0,6.33,none,6.0,6.0,Afternoon,2.8302,False,0.283
HDEL003323,HORD003323,2018-11-24,2018-11-29,2018-11-27,Direct Freight,Standard,Delivered,0.0,True,23.0,6.51,none,5.0,5.0,Morning,1.1842,True,0.489
HDEL003324,HORD003324,2018-01-17,2018-01-21,2018-01-26,DHL,Express,Delivered,5.0,False,4.0,16.19,warehouse_congestion,4.0,6.0,Anytime,5.4501,True,0.504
HDEL003325,HORD003325,2018-06-08,2018-06-12,2018-06-11,StarTrack,Express,Delivered,0.0,True,36.0,24.75,none,4.0,4.0,Afternoon,7.1859,False,0.409
HDEL003326,HORD003326,2018-12-17,2018-12-21,2018-12-21,AusPost,Express,Delivered,0.0,True,35.0,16.27,none,4.0,8.0,Morning,5.115,False,0.361
HDEL003327,HORD003327,2018-07-22,2018-07-27,2018-07-30,Direct Freight,Standard,Delivered,3.0,False,67.0,16.1,weather,5.0,9.0,Anytime,9.2991,True,1.325
HDEL003328,HORD003328,2018-08-04,2018-08-11,2018-08-11,DHL,Standard,Delivered,0.0,True,3.0,12.56,none,7.0,3.0,Morning,4.7549,True,0.462
HDEL003329,HORD003329,2018-04-06,2018-04-11,2018-04-15,DHL,Standard,Delivered,4.0,False,22.0,10.73,carrier_capacity,5.0,7.0,Anytime,9.9452,True,1.018
HDEL003330,HORD003330,2018-02-01,2018-02-06,2018-02-11,AusPost,Express,Delivered,5.0,False,56.0,18.72,weather,5.0,4.0,Morning,7.7045,True,0.437
HDEL003331,HORD003331,2018-11-13,2018-11-16,2018-11-15,StarTrack,Standard,Delivered,0.0,True,23.0,6.81,none,3.0,9.0,Anytime,3.5321,True,0.519
HDEL003332,HORD003332,2018-01-10,2018-01-17,2018-01-20,StarTrack,Standard,Delivered,3.0,False,8.0,9.47,warehouse_congestion,7.0,9.0,Morning,7.5354,True,0.903
HDEL003333,HORD003333,2018-06-07,2018-06-12,2018-06-10,DHL,Standard,Delivered,0.0,True,34.0,12.63,none,5.0,8.0,Afternoon,7.2366,True,0.516
HDEL003334,HORD003334,2018-10-18,2018-10-25,2018-10-24,DHL,Standard,Delivered,0.0,True,18.0,8.41,none,7.0,5.0,Anytime,6.2095,True,0.425
HDEL003335,HORD003335,2018-10-07,2018-10-13,2018-10-13,DHL,Standard,Delivered,0.0,True,27.0,8.67,none,6.0,4.0,Morning,4.3706,False,0.461
HDEL003336,HORD003336,2018-11-05,2018-11-09,2018-11-08,Direct Freight,Standard,Delivered,0.0,True,35.0,11.17,none,4.0,9.0,Morning,6.9271,True,1.216
HDEL003337,HORD003337,2018-08-29,2018-09-05,2018-09-03,AusPost,Standard,Delivered,0.0,True,73.0,12.79,none,7.0,3.0,Anytime,8.5341,False,0.559
HDEL003338,HORD003338,2018-11-06,2018-11-13,2018-11-17,DHL,Standard,Delivered,4.0,False,60.0,10.21,weather,7.0,9.0,Morning,5.0303,True,0.471
HDEL003339,HORD003339,2018-02-17,2018-02-20,2018-02-18,DHL,Standard,Delivered,0.0,True,63.0,10.66,none,3.0,8.0,Afternoon,6.2019,True,0.409
HDEL003340,HORD003340,2018-07-17,2018-07-23,2018-07-22,Direct Freight,Standard,Delivered,0.0,True,46.0,11.73,none,6.0,7.0,Anytime,5.268,True,0.381
HDEL003341,HORD003341,2018-03-04,2018-03-09,2018-03-07,AusPost,Express,Delivered,0.0,True,56.0,19.93,none,5.0,3.0,Afternoon,9.7484,True,0.984
HDEL003342,HORD003342,2018-02-27,2018-03-04,2018-03-04,DHL,Express,Delivered,0.0,True,43.0,17.91,none,5.0,8.0,Morning,8.0082,True,0.587
HDEL003343,HORD003343,2018-09-01,2018-09-07,2018-09-06,StarTrack,Standard,Delivered,0.0,True,18.0,11.56,none,6.0,9.0,Afternoon,5.9503,True,1.054
HDEL003344,HORD003344,2018-05-22,2018-05-27,2018-05-25,AusPost,Express,Delivered,0.0,True,68.0,16.9,none,5.0,4.0,Morning,5.4352,False,0.45
HDEL003345,HORD003345,2018-09-13,2018-09-16,2018-09-15,DHL,Standard,Delivered,0.0,True,41.0,10.98,none,3.0,8.0,Morning,9.458,True,0.541
HDEL003346,HORD003346,2018-05-09,2018-05-16,2018-05-14,StarTrack,Express,Delivered,0.0,True,54.0,15.05,none,7.0,4.0,Morning,6.2019,False,0.56
HDEL003347,HORD003347,2018-02-22,2018-02-28,2018-02-27,Direct Freight,Standard,Delivered,0.0,True,21.0,8.08,none,6.0,5.0,Morning,3.94,True,0.294
HDEL003348,HORD003348,2018-10-15,2018-10-20,2018-10-20,AusPost,Standard,Delivered,0.0,True,68.0,7.55,none,5.0,7.0,Anytime,4.175,True,0.523
HDEL003349,HORD003349,2018-08-26,2018-09-01,2018-08-30,DHL,Standard,Delivered,0.0,True,47.0,11.71,none,6.0,4.0,Anytime,6.163,True,1.518
HDEL003350,HORD003350,2018-07-09,2018-07-13,2018-07-12,AusPost,Standard,Delivered,0.0,True,24.0,9.59,none,4.0,6.0,Morning,2.5674,True,0.363
HDEL003351,HORD003351,2018-04-03,2018-04-10,2018-04-10,Direct Freight,Express,Delivered,0.0,True,45.0,17.58,none,7.0,5.0,Afternoon,6.5607,True,0.395
HDEL003352,HORD003352,2018-08-14,2018-08-20,2018-08-20,AusPost,Standard,Delivered,0.0,True,40.0,12.58,none,6.0,4.0,Afternoon,8.088,True,0.491
HDEL003353,HORD003353,2018-05-10,2018-05-13,2018-05-12,DHL,Standard,Delivered,0.0,True,44.0,9.76,none,3.0,4.0,Anytime,4.7826,False,0.375
HDEL003354,HORD003354,2018-04-18,2018-04-25,2018-04-28,Direct Freight,Standard,Delivered,3.0,False,15.0,6.04,warehouse_congestion,7.0,8.0,Morning,2.9396,True,0.878
HDEL003355,HORD003355,2018-11-07,2018-11-13,2018-11-11,DHL,Standard,Delivered,0.0,True,16.0,8.82,none,6.0,7.0,Morning,5.4352,True,0.529
HDEL003356,HORD003356,2018-04-24,2018-04-28,2018-04-27,Direct Freight,Standard,Delivered,0.0,True,25.0,8.05,none,4.0,6.0,Afternoon,3.7018,True,0.536
HDEL003357,HORD003357,2018-09-21,2018-09-27,2018-09-25,StarTrack,Standard,Delivered,0.0,True,32.0,8.7,none,6.0,5.0,Anytime,8.008,True,1.087
HDEL003358,HORD003358,2018-04-06,2018-04-12,2018-04-10,Direct Freight,Standard,Delivered,0.0,True,33.0,10.42,none,6.0,7.0,Morning,6.5741,False,0.367
HDEL003359,HORD003359,2018-06-29,2018-07-02,2018-07-01,DHL,Standard,Delivered,0.0,True,31.0,13.59,none,3.0,6.0,Morning,7.8474,True,0.5
HDEL003360,HORD003360,2018-05-02,2018-05-05,2018-05-04,StarTrack,Standard,Delivered,0.0,True,49.0,5.92,none,3.0,5.0,Anytime,1.013,True,0.289
HDEL003361,HORD003361,2018-05-10,2018-05-13,2018-05-11,StarTrack,Standard,Delivered,0.0,True,64.0,12.33,none,3.0,6.0,Afternoon,8.7019,False,0.493
HDEL003362,HORD003362,2018-01-03,2018-01-07,2018-01-05,AusPost,Standard,Delivered,0.0,True,16.0,11.53,none,4.0,8.0,Anytime,6.7474,True,0.408
HDEL003363,HORD003363,2018-04-05,2018-04-12,2018-04-10,Direct Freight,Standard,Delivered,0.0,True,62.0,11.11,none,7.0,7.0,Afternoon,6.5391,True,0.452
HDEL003364,HORD003364,2018-04-23,2018-04-26,2018-04-24,Direct Freight,Express,Delivered,0.0,True,23.0,14.16,none,3.0,8.0,Morning,3.1272,True,1.071
HDEL003365,HORD003365,2018-08-30,2018-09-02,2018-09-02,StarTrack,Express,Delivered,0.0,True,44.0,23.06,none,3.0,5.0,Morning,5.2894,True,0.411
HDEL003366,HORD003366,2018-09-07,2018-09-11,2018-09-11,StarTrack,Express,Delivered,0.0,True,30.0,16.39,none,4.0,6.0,Afternoon,6.6818,True,1.056
HDEL003367,HORD003367,2018-08-05,2018-08-11,2018-08-10,StarTrack,Standard,Delivered,0.0,True,28.0,7.91,none,6.0,3.0,Anytime,1.4827,True,0.317
HDEL003368,HORD003368,2018-01-14,2018-01-19,2018-01-19,StarTrack,Standard,Delivered,0.0,True,56.0,9.42,none,5.0,4.0,Afternoon,5.8767,True,0.373
HDEL003369,HORD003369,2018-04-27,2018-05-02,2018-04-30,StarTrack,Standard,Delivered,0.0,True,41.0,7.34,none,5.0,7.0,Anytime,5.3787,False,0.386
HDEL003370,HORD003370,2018-09-30,2018-10-04,2018-10-09,Direct Freight,Standard,Delivered,5.0,False,48.0,7.4,carrier_capacity,4.0,3.0,Morning,0.7955,False,0.395
HDEL003371,HORD003371,2018-04-05,2018-04-11,2018-04-09,Direct Freight,Express,Delivered,0.0,True,3.0,16.29,none,6.0,7.0,Afternoon,6.9714,True,0.473
HDEL003372,HORD003372,2018-05-11,2018-05-14,2018-05-14,AusPost,Standard,Delivered,0.0,True,52.0,10.9,none,3.0,4.0,Morning,7.2366,True,0.483
HDEL003373,HORD003373,2018-06-22,2018-06-26,2018-06-24,StarTrack,Standard,Delivered,0.0,True,17.0,9.0,none,4.0,5.0,Afternoon,4.4985,False,0.382
HDEL003374,HORD003374,2018-07-24,2018-07-28,2018-07-26,StarTrack,Express,Delivered,0.0,True,40.0,22.48,none,4.0,7.0,Anytime,2.1374,True,0.496
HDEL003375,HORD003375,2018-07-01,2018-07-07,2018-07-06,AusPost,Standard,Delivered,0.0,True,61.0,10.55,none,6.0,4.0,Anytime,4.6204,False,0.479
HDEL003376,HORD003376,2018-02-02,2018-02-06,2018-02-06,Direct Freight,Express,Delivered,0.0,True,26.0,21.1,none,4.0,6.0,Afternoon,7.7913,True,0.445
HDEL003377,HORD003377,2018-03-13,2018-03-17,2018-03-17,DHL,Standard,Delivered,0.0,True,49.0,6.76,none,4.0,5.0,Afternoon,3.9719,True,0.349
HDEL003378,HORD003378,2018-05-19,2018-05-23,2018-05-23,AusPost,Standard,Delivered,0.0,True,50.0,6.31,none,4.0,9.0,Morning,0.4902,True,0.249
HDEL003379,HORD003379,2018-04-26,2018-04-29,2018-04-27,DHL,Standard,Delivered,0.0,True,10.0,10.54,none,3.0,7.0,Morning,6.5015,True,0.558
HDEL003380,HORD003380,2018-03-28,2018-04-04,2018-04-04,StarTrack,Express,Delivered,0.0,True,29.0,16.01,none,7.0,3.0,Morning,3.9152,False,0.462
HDEL003381,HORD003381,2018-11-11,2018-11-15,2018-11-16,Direct Freight,Standard,Delivered,1.0,False,13.0,7.4,warehouse_congestion,4.0,4.0,Morning,4.3804,False,0.48
HDEL003382,HORD003382,2018-01-09,2018-01-15,2018-01-13,DHL,Standard,Delivered,0.0,True,71.0,7.65,none,6.0,8.0,Afternoon,5.3354,True,0.419
HDEL003383,HORD003383,2018-11-19,2018-11-24,2018-11-23,Direct Freight,Standard,Delivered,0.0,True,13.0,8.91,none,5.0,5.0,Afternoon,3.5747,False,0.323
HDEL003384,HORD003384,2018-03-16,2018-03-21,2018-03-19,AusPost,Standard,Delivered,0.0,True,49.0,10.09,none,5.0,7.0,Morning,7.3951,True,0.527
HDEL003385,HORD003385,2018-12-13,2018-12-16,2018-12-14,AusPost,Standard,Delivered,0.0,True,23.0,9.07,none,3.0,5.0,Morning,4.3706,True,0.96
HDEL003386,HORD003386,2018-07-20,2018-07-23,2018-07-22,DHL,Standard,Delivered,0.0,True,45.0,14.16,none,3.0,7.0,Afternoon,9.9452,True,0.59
HDEL003387,HORD003387,2019-01-01,2019-01-06,2019-01-08,StarTrack,Standard,Delivered,2.0,False,39.0,6.91,warehouse_congestion,5.0,3.0,Afternoon,1.5951,True,0.995
HDEL003388,HORD003388,2018-03-18,2018-03-23,2018-03-23,Direct Freight,Standard,Delivered,0.0,True,58.0,7.32,none,5.0,9.0,Morning,3.7002,False,0.332
HDEL003389,HORD003389,2018-05-26,2018-05-30,2018-05-28,AusPost,Standard,Delivered,0.0,True,32.0,10.22,none,4.0,7.0,Morning,7.5054,True,0.494
HDEL003390,HORD003390,2018-09-02,2018-09-05,2018-09-04,AusPost,Standard,Delivered,0.0,True,61.0,11.21,none,3.0,7.0,Anytime,4.4985,True,0.482
HDEL003391,HORD003391,2018-10-31,2018-11-03,2018-11-03,DHL,Standard,Delivered,0.0,True,66.0,10.23,none,3.0,5.0,Anytime,6.2095,True,0.377
HDEL003392,HORD003392,2018-11-08,2018-11-14,2018-11-12,DHL,Standard,Delivered,0.0,True,12.0,8.49,none,6.0,6.0,Afternoon,7.5212,True,0.532
HDEL003393,HORD003393,2018-03-31,2018-04-07,2018-04-07,StarTrack,Standard,Delivered,0.0,True,21.0,7.46,none,7.0,6.0,Morning,4.1458,True,0.395
HDEL003394,HORD003394,2018-11-17,2018-11-20,2018-11-18,Direct Freight,Standard,Delivered,0.0,True,61.0,10.8,none,3.0,9.0,Morning,6.2579,True,1.134
HDEL003395,HORD003395,2018-02-05,2018-02-09,2018-02-07,Direct Freight,Standard,Delivered,0.0,True,41.0,9.84,none,4.0,8.0,Afternoon,6.653,False,0.438
HDEL003396,HORD003396,2018-05-17,2018-05-22,2018-05-20,StarTrack,Standard,Delivered,0.0,True,3.0,6.76,none,5.0,6.0,Morning,3.241,False,0.882
HDEL003397,HORD003397,2018-09-09,2018-09-15,2018-09-14,StarTrack,Standard,Delivered,0.0,True,58.0,8.17,none,6.0,9.0,Anytime,4.1458,True,0.534
HDEL003398,HORD003398,2018-10-20,2018-10-25,2018-10-24,Direct Freight,Standard,Delivered,0.0,True,20.0,7.59,none,5.0,5.0,Afternoon,2.8302,False,0.316
HDEL003399,HORD003399,2018-07-08,2018-07-14,2018-07-12,StarTrack,Express,Delivered,0.0,True,44.0,20.69,none,6.0,3.0,Afternoon,7.7113,False,0.45
HDEL003400,HORD003400,2018-04-23,2018-04-29,2018-04-29,DHL,Standard,Delivered,0.0,True,50.0,8.76,none,6.0,7.0,Afternoon,5.1273,True,0.468
HDEL003401,HORD003401,2018-07-24,2018-07-29,2018-07-29,StarTrack,Standard,Delivered,0.0,True,21.0,12.58,none,5.0,4.0,Morning,7.227,True,0.548
HDEL003402,HORD003402,2018-11-25,2018-12-01,2018-11-29,StarTrack,Standard,Delivered,0.0,True,9.0,7.97,none,6.0,4.0,Morning,2.6716,False,0.33
HDEL003403,HORD003403,2018-12-14,2018-12-21,2018-12-20,DHL,Standard,Delivered,0.0,True,56.0,7.34,none,7.0,5.0,Afternoon,3.9335,False,0.344
HDEL003404,HORD003404,2018-01-26,2018-02-02,2018-02-02,DHL,Standard,Delivered,0.0,True,14.0,9.54,none,7.0,9.0,Anytime,7.0838,True,0.575
HDEL003405,HORD003405,2018-04-14,2018-04-17,2018-04-17,DHL,Standard,Delivered,0.0,True,21.0,9.22,none,3.0,5.0,Morning,6.9799,True,0.634
HDEL003406,HORD003406,2018-04-10,2018-04-15,2018-04-13,AusPost,Standard,Delivered,0.0,True,68.0,9.45,none,5.0,8.0,Anytime,4.6678,True,0.412
HDEL003407,HORD003407,2018-11-04,2018-11-11,2018-11-11,Direct Freight,Standard,Delivered,0.0,True,27.0,11.31,none,7.0,4.0,Morning,8.5047,True,0.553
HDEL003408,HORD003408,2018-05-31,2018-06-04,2018-06-02,DHL,Standard,Delivered,0.0,True,53.0,10.1,none,4.0,6.0,Anytime,5.5471,True,0.951
HDEL003409,HORD003409,2018-08-08,2018-08-11,2018-08-10,AusPost,Standard,Delivered,0.0,True,56.0,8.65,none,3.0,6.0,Morning,1.2394,True,0.546
HDEL003410,HORD003410,2018-03-14,2018-03-17,2018-03-15,DHL,Standard,Delivered,0.0,True,47.0,6.56,none,3.0,4.0,Morning,3.4729,False,0.366
HDEL003411,HORD003411,2018-02-18,2018-02-21,2018-02-21,Direct Freight,Standard,Delivered,0.0,True,63.0,6.34,none,3.0,7.0,Afternoon,2.0865,True,1.029
HDEL003412,HORD003412,2018-06-29,2018-07-05,2018-07-05,AusPost,Express,Delivered,0.0,True,18.0,16.8,none,6.0,7.0,Afternoon,2.8334,True,0.365
HDEL003413,HORD003413,2018-06-19,2018-06-26,2018-06-25,DHL,Standard,Delivered,0.0,True,49.0,13.37,none,7.0,9.0,Morning,5.3461,False,0.323
HDEL003414,HORD003414,2018-09-20,2018-09-27,2018-09-25,Direct Freight,Standard,Delivered,0.0,True,13.0,11.73,none,7.0,3.0,Anytime,7.7961,True,1.186
HDEL003415,HORD003415,2018-01-08,2018-01-13,2018-01-12,StarTrack,Express,Delivered,0.0,True,35.0,16.6,none,5.0,7.0,Morning,6.1573,True,0.451
HDEL003416,HORD003416,2018-10-15,2018-10-19,2018-10-19,DHL,Standard,Delivered,0.0,True,10.0,8.72,none,4.0,4.0,Anytime,3.083,True,0.564
HDEL003417,HORD003417,2018-01-27,2018-01-31,2018-01-31,DHL,Standard,Delivered,0.0,True,41.0,9.97,none,4.0,8.0,Morning,7.1142,True,0.436
HDEL003418,HORD003418,2018-06-17,2018-06-21,2018-06-21,DHL,Standard,Delivered,0.0,True,54.0,8.59,none,4.0,5.0,Morning,3.4906,True,0.733
HDEL003419,HORD003419,2018-04-29,2018-05-04,2018-05-03,Direct Freight,Standard,Delivered,0.0,True,35.0,8.89,none,5.0,4.0,Anytime,7.5171,True,0.619
HDEL003420,HORD003420,2018-04-01,2018-04-08,2018-04-07,DHL,Standard,Delivered,0.0,True,15.0,9.36,none,7.0,3.0,Afternoon,6.9271,True,1.073
HDEL003421,HORD003421,2018-09-24,2018-09-27,2018-09-25,StarTrack,Standard,Delivered,0.0,True,54.0,10.07,none,3.0,8.0,Morning,7.4907,False,0.383
HDEL003422,HORD003422,2018-08-01,2018-08-04,2018-08-04,StarTrack,Standard,Delivered,0.0,True,2.0,13.02,none,3.0,7.0,Afternoon,5.115,False,0.361
HDEL003423,HORD003423,2018-03-24,2018-03-27,2018-03-27,AusPost,Standard,Delivered,0.0,True,27.0,6.59,none,3.0,6.0,Morning,3.968,True,0.463
HDEL003424,HORD003424,2018-11-07,2018-11-12,2018-11-11,Direct Freight,Standard,Delivered,0.0,True,10.0,7.24,none,5.0,4.0,Morning,2.8947,False,0.408
HDEL003425,HORD003425,2018-04-02,2018-04-06,2018-04-06,StarTrack,Standard,Delivered,0.0,True,53.0,8.27,none,4.0,3.0,Anytime,4.3804,False,0.301
HDEL003426,HORD003426,2018-01-16,2018-01-20,2018-01-18,StarTrack,Standard,Delivered,0.0,True,36.0,9.2,none,4.0,7.0,Morning,3.6708,True,0.558
HDEL003427,HORD003427,2018-11-01,2018-11-05,2018-11-04,AusPost,Standard,Delivered,0.0,True,46.0,9.64,none,4.0,8.0,Anytime,7.0172,True,0.609
HDEL003428,HORD003428,2018-10-11,2018-10-16,2018-10-15,StarTrack,Standard,Delivered,0.0,True,31.0,10.97,none,5.0,6.0,Afternoon,7.1393,False,0.468
HDEL003429,HORD003429,2018-05-14,2018-05-17,2018-05-20,Direct Freight,Standard,Delivered,3.0,False,47.0,7.18,weather,3.0,6.0,Anytime,4.1841,True,0.85
HDEL003430,HORD003430,2018-04-08,2018-04-12,2018-04-12,DHL,Standard,Delivered,0.0,True,62.0,7.96,none,4.0,5.0,Anytime,2.4826,True,1.832
HDEL003431,HORD003431,2018-11-24,2018-11-30,2018-11-30,Direct Freight,Standard,Delivered,0.0,True,17.0,12.15,none,6.0,3.0,Morning,9.0951,True,0.627
HDEL003432,HORD003432,2018-05-28,2018-06-03,2018-06-07,Direct Freight,Standard,Delivered,4.0,False,6.0,5.84,carrier_capacity,6.0,4.0,Anytime,1.8801,True,0.372
HDEL003433,HORD003433,2018-02-22,2018-02-28,2018-02-27,StarTrack,Standard,Delivered,0.0,True,4.0,9.18,none,6.0,5.0,Morning,5.4734,False,0.442
HDEL003434,HORD003434,2018-07-18,2018-07-21,2018-07-19,StarTrack,Standard,Delivered,0.0,True,15.0,11.26,none,3.0,7.0,Afternoon,7.101,True,0.474
HDEL003435,HORD003435,2018-10-06,2018-10-10,2018-10-09,AusPost,Standard,Delivered,0.0,True,71.0,7.25,none,4.0,8.0,Anytime,2.216,False,0.306
HDEL003436,HORD003436,2018-05-13,2018-05-18,2018-05-18,AusPost,Standard,Delivered,0.0,True,19.0,7.27,none,5.0,3.0,Anytime,2.0865,False,0.326
HDEL003437,HORD003437,2018-09-14,2018-09-17,2018-09-17,StarTrack,Standard,Delivered,0.0,True,42.0,9.4,none,3.0,9.0,Morning,5.6528,False,0.42
HDEL003438,HORD003438,2018-07-20,2018-07-27,2018-07-27,DHL,Standard,Delivered,0.0,True,22.0,10.96,none,7.0,3.0,Anytime,4.1707,True,0.543
HDEL003439,HORD003439,2018-04-26,2018-05-01,2018-05-01,DHL,Express,Delivered,0.0,True,43.0,20.09,none,5.0,6.0,Afternoon,8.5348,True,0.628
HDEL003440,HORD003440,2018-10-06,2018-10-09,2018-10-08,StarTrack,Standard,Delivered,0.0,True,59.0,11.45,none,3.0,9.0,Anytime,6.9744,False,0.424
HDEL003441,HORD003441,2018-04-26,2018-04-30,2018-04-29,StarTrack,Standard,Delivered,0.0,True,12.0,10.47,none,4.0,3.0,Morning,6.9753,False,0.388
HDEL003442,HORD003442,2018-02-26,2018-03-05,2018-03-05,AusPost,Standard,Delivered,0.0,True,50.0,11.37,none,7.0,8.0,Anytime,6.2558,False,0.433
HDEL003443,HORD003443,2018-12-11,2018-12-17,2018-12-17,AusPost,Standard,Delivered,0.0,True,52.0,9.73,none,6.0,4.0,Afternoon,8.1783,False,0.446
HDEL003444,HORD003444,2018-03-02,2018-03-05,2018-03-04,DHL,Express,Delivered,0.0,True,25.0,15.96,none,3.0,9.0,Morning,5.7885,True,0.568
HDEL003445,HORD003445,2018-11-28,2018-12-03,2018-12-01,AusPost,Standard,Delivered,0.0,True,5.0,10.37,none,5.0,5.0,Anytime,7.5054,True,1.201
HDEL003446,HORD003446,2018-11-09,2018-11-12,2018-11-10,AusPost,Standard,Delivered,0.0,True,55.0,7.16,none,3.0,3.0,Anytime,4.3025,False,0.3
HDEL003447,HORD003447,2018-07-25,2018-08-01,2018-08-01,Direct Freight,Standard,Delivered,0.0,True,21.0,11.19,none,7.0,5.0,Morning,5.8284,True,0.534
HDEL003448,HORD003448,2018-08-25,2018-08-31,2018-08-29,DHL,Standard,Delivered,0.0,True,38.0,13.11,none,6.0,8.0,Anytime,7.5164,False,0.426
HDEL003449,HORD003449,2018-02-06,2018-02-13,2018-02-13,StarTrack,Standard,Delivered,0.0,True,29.0,8.1,none,7.0,8.0,Morning,3.6762,True,1.045
HDEL003450,HORD003450,2018-06-19,2018-06-24,2018-06-22,StarTrack,Standard,Delivered,0.0,True,58.0,11.21,none,5.0,9.0,Anytime,8.3268,True,0.456
HDEL003451,HORD003451,2018-10-14,2018-10-21,2018-10-21,DHL,Standard,Delivered,0.0,True,46.0,12.03,none,7.0,3.0,Anytime,9.7157,False,0.584
HDEL003452,HORD003452,2018-12-08,2018-12-13,2018-12-13,StarTrack,Standard,Delivered,0.0,True,62.0,8.95,none,5.0,5.0,Morning,2.8043,False,0.307
HDEL003453,HORD003453,2018-01-10,2018-01-13,2018-01-12,DHL,Standard,Delivered,0.0,True,38.0,12.38,none,3.0,4.0,Afternoon,7.996,True,0.545
HDEL003454,HORD003454,2018-01-07,2018-01-11,2018-01-09,Direct Freight,Standard,Delivered,0.0,True,46.0,8.83,none,4.0,6.0,Anytime,3.5071,True,0.38
HDEL003455,HORD003455,2018-11-23,2018-11-28,2018-11-26,AusPost,Express,Delivered,0.0,True,22.0,18.39,none,5.0,4.0,Morning,6.0658,True,0.519
HDEL003456,HORD003456,2018-01-10,2018-01-13,2018-01-12,StarTrack,Standard,Delivered,0.0,True,64.0,8.27,none,3.0,8.0,Morning,5.5221,True,1.045
HDEL003457,HORD003457,2018-02-03,2018-02-09,2018-02-08,Direct Freight,Standard,Delivered,0.0,True,53.0,9.59,none,6.0,7.0,Anytime,4.2331,True,0.973
HDEL003458,HORD003458,2018-04-28,2018-05-01,2018-04-29,StarTrack,Express,Delivered,0.0,True,62.0,19.3,none,3.0,9.0,Morning,7.8949,True,1.15
HDEL003459,HORD003459,2018-04-03,2018-04-06,2018-04-06,DHL,Express,Delivered,0.0,True,23.0,19.38,none,3.0,9.0,Anytime,5.5221,False,0.349
HDEL003460,HORD003460,2018-03-23,2018-03-27,2018-03-25,AusPost,Standard,Delivered,0.0,True,35.0,10.38,none,4.0,3.0,Anytime,6.9753,False,0.472
HDEL003461,HORD003461,2018-09-23,2018-09-28,2018-09-27,DHL,Standard,Delivered,0.0,True,41.0,7.37,none,5.0,6.0,Afternoon,2.6716,False,0.288
HDEL003462,HORD003462,2018-08-08,2018-08-15,2018-08-14,StarTrack,Standard,Delivered,0.0,True,26.0,7.47,none,7.0,4.0,Afternoon,0.6309,True,0.337
HDEL003463,HORD003463,2018-10-23,2018-10-30,2018-10-30,Direct Freight,Standard,Delivered,0.0,True,73.0,6.64,none,7.0,7.0,Anytime,0.243,False,0.228
HDEL003464,HORD003464,2018-12-30,2019-01-04,2019-01-03,AusPost,Express,Delivered,0.0,True,15.0,14.75,none,5.0,7.0,Anytime,1.2497,True,1.149
HDEL003465,HORD003465,2018-11-18,2018-11-23,2018-11-22,Direct Freight,Standard,Delivered,0.0,True,44.0,9.25,none,5.0,8.0,Morning,3.9556,True,0.467
HDEL003466,HORD003466,2018-12-13,2018-12-20,2018-12-19,AusPost,Standard,Delivered,0.0,True,25.0,10.07,none,7.0,3.0,Anytime,6.2844,True,0.53
HDEL003467,HORD003467,2018-08-23,2018-08-26,2018-08-30,AusPost,Standard,Delivered,4.0,False,8.0,11.29,warehouse_congestion,3.0,3.0,Afternoon,2.8334,True,0.432
HDEL003468,HORD003468,2018-07-20,2018-07-25,2018-07-25,Direct Freight,Standard,Delivered,0.0,True,31.0,12.19,none,5.0,6.0,Anytime,4.2699,True,0.51
HDEL003469,HORD003469,2018-02-09,2018-02-16,2018-02-15,StarTrack,Standard,Delivered,0.0,True,3.0,7.66,none,7.0,8.0,Anytime,3.727,False,0.425
HDEL003470,HORD003470,2018-12-25,2018-12-30,2018-12-30,Direct Freight,Standard,Delivered,0.0,True,34.0,9.87,none,5.0,8.0,Anytime,4.2014,True,0.414
HDEL003471,HORD003471,2018-08-14,2018-08-18,2018-08-17,Direct Freight,Standard,Delivered,0.0,True,6.0,12.89,none,4.0,4.0,Afternoon,5.839,True,0.436
HDEL003472,HORD003472,2018-10-24,2018-10-30,2018-10-30,DHL,Standard,Delivered,0.0,True,65.0,9.1,none,6.0,9.0,Afternoon,3.7634,True,0.477
HDEL003473,HORD003473,2018-09-26,2018-10-03,2018-10-01,Direct Freight,Express,Delivered,0.0,True,22.0,16.27,none,7.0,8.0,Anytime,9.2495,True,0.59
HDEL003474,HORD003474,2018-11-02,2018-11-06,2018-11-05,DHL,Standard,Delivered,0.0,True,55.0,8.47,none,4.0,3.0,Afternoon,7.1722,True,0.521
HDEL003475,HORD003475,2018-04-09,2018-04-13,2018-04-13,AusPost,Standard,Delivered,0.0,True,32.0,9.97,none,4.0,5.0,Afternoon,5.0889,False,0.33
HDEL003476,HORD003476,2018-07-28,2018-08-02,2018-08-02,DHL,Standard,Delivered,0.0,True,31.0,10.37,none,5.0,4.0,Morning,5.7284,True,0.426
HDEL003477,HORD003477,2018-05-08,2018-05-15,2018-05-15,AusPost,Standard,Delivered,0.0,True,5.0,9.67,none,7.0,8.0,Afternoon,8.0803,True,0.434
HDEL003478,HORD003478,2018-01-02,2018-01-05,2018-01-05,Direct Freight,Express,Delivered,0.0,True,13.0,19.34,none,3.0,7.0,Afternoon,8.5341,False,0.435
HDEL003479,HORD003479,2018-09-25,2018-10-02,2018-10-04,StarTrack,Standard,Delivered,2.0,False,53.0,11.57,carrier_capacity,7.0,7.0,Afternoon,8.9305,True,0.755
HDEL003480,HORD003480,2018-04-05,2018-04-09,2018-04-07,StarTrack,Standard,Delivered,0.0,True,12.0,6.66,none,4.0,7.0,Anytime,2.1106,True,0.427
HDEL003481,HORD003481,2018-06-27,2018-07-01,2018-06-30,Direct Freight,Express,Delivered,0.0,True,13.0,26.85,none,4.0,9.0,Morning,8.8778,True,0.626
HDEL003482,HORD003482,2018-08-13,2018-08-18,2018-08-16,AusPost,Standard,Delivered,0.0,True,37.0,11.68,none,5.0,3.0,Afternoon,7.4924,True,1.143
HDEL003483,HORD003483,2018-04-18,2018-04-22,2018-04-22,Direct Freight,Standard,Delivered,0.0,True,52.0,7.87,none,4.0,7.0,Morning,3.3663,False,0.276
HDEL003484,HORD003484,2018-10-29,2018-11-01,2018-11-01,DHL,Standard,Delivered,0.0,True,61.0,10.4,none,3.0,7.0,Afternoon,6.5932,True,0.375
HDEL003485,HORD003485,2018-02-01,2018-02-07,2018-02-05,DHL,Standard,Delivered,0.0,True,33.0,7.37,none,6.0,7.0,Anytime,2.6944,True,0.474
HDEL003486,HORD003486,2018-08-29,2018-09-05,2018-09-03,DHL,Standard,Delivered,0.0,True,12.0,10.17,none,7.0,3.0,Anytime,2.5674,True,0.345
HDEL003487,HORD003487,2018-09-17,2018-09-22,2018-09-20,AusPost,Standard,Delivered,0.0,True,10.0,9.94,none,5.0,8.0,Morning,5.839,True,0.476
HDEL003488,HORD003488,2018-01-09,2018-01-14,2018-01-12,AusPost,Standard,Delivered,0.0,True,58.0,10.67,none,5.0,8.0,Morning,5.7809,True,0.57
HDEL003489,HORD003489,2018-12-13,2018-12-16,2018-12-15,AusPost,Standard,Delivered,0.0,True,44.0,10.5,none,3.0,5.0,Morning,5.3937,True,1.048
HDEL003490,HORD003490,2018-12-02,2018-12-06,2018-12-05,StarTrack,Standard,Delivered,0.0,True,19.0,10.5,none,4.0,6.0,Anytime,6.1918,False,0.527
HDEL003491,HORD003491,2018-11-01,2018-11-08,2018-11-12,DHL,Standard,Delivered,4.0,False,24.0,6.8,weather,7.0,5.0,Afternoon,3.0748,True,0.859
HDEL003492,HORD003492,2018-06-16,2018-06-19,2018-06-23,AusPost,Standard,Delivered,4.0,False,63.0,12.21,warehouse_congestion,3.0,4.0,Anytime,4.6204,False,0.445
HDEL003493,HORD003493,2018-05-15,2018-05-19,2018-05-21,DHL,Standard,Delivered,2.0,False,59.0,9.86,warehouse_congestion,4.0,7.0,Anytime,5.9106,True,0.517
HDEL003494,HORD003494,2018-01-20,2018-01-23,2018-01-21,AusPost,Standard,Delivered,0.0,True,33.0,10.88,none,3.0,8.0,Morning,7.1535,False,0.484
HDEL003495,HORD003495,2018-11-16,2018-11-23,2018-11-22,AusPost,Standard,Delivered,0.0,True,70.0,9.73,none,7.0,9.0,Anytime,9.2495,True,0.989
HDEL003496,HORD003496,2018-05-25,2018-06-01,2018-06-01,AusPost,Express,Delivered,0.0,True,55.0,19.16,none,7.0,8.0,Morning,3.7434,True,0.46
HDEL003497,HORD003497,2018-10-04,2018-10-11,2018-10-10,StarTrack,Standard,Delivered,0.0,True,66.0,9.08,none,7.0,7.0,Morning,7.4249,True,0.553
HDEL003498,HORD003498,2018-03-05,2018-03-10,2018-03-09,Direct Freight,Standard,Delivered,0.0,True,34.0,10.94,none,5.0,7.0,Afternoon,7.6606,True,1.258
HDEL003499,HORD003499,2018-02-12,2018-02-15,2018-02-13,Direct Freight,Standard,Delivered,0.0,True,51.0,10.46,none,3.0,5.0,Afternoon,8.0821,True,0.862
HDEL003500,HORD003500,2018-10-10,2018-10-14,2018-10-12,AusPost,Express,Delivered,0.0,True,55.0,15.62,none,4.0,4.0,Morning,1.6084,False,0.255
HDEL003501,HORD003501,2018-08-11,2018-08-16,2018-08-16,Direct Freight,Standard,Delivered,0.0,True,25.0,7.07,none,5.0,3.0,Anytime,0.6613,False,0.32
HDEL003502,HORD003502,2018-05-01,2018-05-04,2018-05-02,AusPost,Express,Delivered,0.0,True,43.0,16.48,none,3.0,7.0,Morning,6.7151,True,0.554
HDEL003503,HORD003503,2018-02-16,2018-02-21,2018-02-19,AusPost,Standard,Delivered,0.0,True,5.0,6.58,none,5.0,5.0,Afternoon,0.134,True,0.253
HDEL003504,HORD003504,2018-04-22,2018-04-27,2018-04-30,DHL,Standard,Delivered,3.0,False,46.0,6.34,weather,5.0,9.0,Morning,0.6309,True,0.961
HDEL003505,HORD003505,2018-07-19,2018-07-25,2018-07-24,Direct Freight,Express,Delivered,0.0,True,18.0,23.8,none,6.0,5.0,Anytime,8.7149,False,0.415
HDEL003506,HORD003506,2018-11-18,2018-11-23,2018-11-21,AusPost,Standard,Delivered,0.0,True,66.0,9.78,none,5.0,7.0,Anytime,8.0803,False,1.19
HDEL003507,HORD003507,2018-03-06,2018-03-13,2018-03-11,DHL,Standard,Delivered,0.0,True,50.0,10.59,none,7.0,5.0,Morning,5.938,False,0.407
HDEL003508,HORD003508,2018-07-04,2018-07-10,2018-07-08,Direct Freight,Standard,Delivered,0.0,True,57.0,13.66,none,6.0,6.0,Anytime,5.8629,True,1.08
HDEL003509,HORD003509,2018-05-07,2018-05-12,2018-05-11,AusPost,Standard,Delivered,0.0,True,22.0,10.06,none,5.0,9.0,Morning,6.9714,True,0.97
HDEL003510,HORD003510,2018-10-28,2018-11-03,2018-11-02,DHL,Express,Delivered,0.0,True,70.0,17.26,none,6.0,6.0,Morning,6.1878,False,0.413
HDEL003511,HORD003511,2018-10-22,2018-10-29,2018-10-29,Direct Freight,Standard,Delivered,0.0,True,58.0,8.27,none,7.0,6.0,Morning,2.7425,False,0.383
HDEL003512,HORD003512,2018-10-26,2018-10-29,2018-11-01,AusPost,Standard,Delivered,3.0,False,42.0,6.82,weather,3.0,8.0,Anytime,0.919,True,0.459
HDEL003513,HORD003513,2018-06-20,2018-06-25,2018-06-25,DHL,Standard,Delivered,0.0,True,56.0,12.97,none,5.0,6.0,Afternoon,5.4128,True,0.452
HDEL003514,HORD003514,2018-06-01,2018-06-05,2018-06-05,StarTrack,Standard,Delivered,0.0,True,23.0,7.8,none,4.0,5.0,Afternoon,3.9846,False,0.341
HDEL003515,HORD003515,2018-12-07,2018-12-11,2018-12-13,Direct Freight,Standard,Delivered,2.0,False,2.0,7.6,carrier_capacity,4.0,6.0,Afternoon,2.9648,True,1.076
HDEL003516,HORD003516,2018-10-26,2018-11-01,2018-10-31,AusPost,Standard,Delivered,0.0,True,56.0,7.11,none,6.0,4.0,Afternoon,3.7755,True,0.441
HDEL003517,HORD003517,2018-11-26,2018-11-30,2018-11-29,DHL,Express,Delivered,0.0,True,22.0,13.23,none,4.0,8.0,Afternoon,1.2394,False,0.294
HDEL003518,HORD003518,2018-08-04,2018-08-08,2018-08-06,StarTrack,Standard,Delivered,0.0,True,18.0,8.75,none,4.0,9.0,Afternoon,1.5241,False,0.269
HDEL003519,HORD003519,2018-06-03,2018-06-07,2018-06-05,StarTrack,Standard,Delivered,0.0,True,57.0,11.31,none,4.0,6.0,Morning,6.8145,True,0.482
HDEL003520,HORD003520,2018-04-22,2018-04-25,2018-04-24,Direct Freight,Standard,Delivered,0.0,True,11.0,6.65,none,3.0,7.0,Morning,3.286,True,0.605
HDEL003521,HORD003521,2018-10-25,2018-10-30,2018-10-29,StarTrack,Express,Delivered,0.0,True,61.0,14.17,none,5.0,6.0,Afternoon,4.0307,True,0.365
HDEL003522,HORD003522,2018-12-01,2018-12-07,2018-12-07,DHL,Express,Delivered,0.0,True,24.0,17.21,none,6.0,6.0,Morning,5.1246,False,0.396
HDEL003523,HORD003523,2018-06-13,2018-06-18,2018-06-16,AusPost,Standard,Delivered,0.0,True,31.0,8.58,none,5.0,5.0,Afternoon,3.0683,True,0.33
HDEL003524,HORD003524,2018-12-29,2019-01-03,2019-01-02,StarTrack,Standard,Delivered,0.0,True,22.0,11.34,none,5.0,4.0,Morning,8.088,True,0.644
HDEL003525,HORD003525,2018-02-18,2018-02-25,2018-02-23,StarTrack,Express,Delivered,0.0,True,69.0,14.76,none,7.0,6.0,Anytime,5.907,True,0.994
HDEL003526,HORD003526,2018-12-05,2018-12-12,2018-12-11,AusPost,Express,Delivered,0.0,True,65.0,14.17,none,7.0,5.0,Afternoon,5.3354,False,0.377
HDEL003527,HORD003527,2018-04-29,2018-05-05,2018-05-05,AusPost,Standard,Delivered,0.0,True,55.0,8.83,none,6.0,4.0,Morning,7.7961,True,0.484
HDEL003528,HORD003528,2018-10-26,2018-10-29,2018-10-29,DHL,Standard,Delivered,0.0,True,37.0,7.9,none,3.0,3.0,Afternoon,3.0748,True,0.523
HDEL003529,HORD003529,2018-07-26,2018-07-30,2018-07-28,AusPost,Standard,Delivered,0.0,True,18.0,10.65,none,4.0,7.0,Afternoon,5.6183,True,0.473
HDEL003530,HORD003530,2018-10-06,2018-10-11,2018-10-16,DHL,Standard,Delivered,5.0,False,43.0,11.38,carrier_capacity,5.0,6.0,Anytime,8.7019,True,0.611
HDEL003531,HORD003531,2018-11-17,2018-11-24,2018-11-22,DHL,Standard,Delivered,0.0,True,38.0,10.28,none,7.0,9.0,Anytime,10.0361,True,1.302
HDEL003532,HORD003532,2018-04-25,2018-04-29,2018-05-03,StarTrack,Express,Delivered,4.0,False,32.0,17.44,carrier_capacity,4.0,5.0,Morning,2.2975,False,0.326
HDEL003533,HORD003533,2018-10-11,2018-10-14,2018-10-12,DHL,Standard,Delivered,0.0,True,65.0,8.39,none,3.0,7.0,Anytime,5.8284,False,0.351
HDEL003534,HORD003534,2018-10-25,2018-10-29,2018-10-27,AusPost,Standard,Delivered,0.0,True,30.0,9.68,none,4.0,3.0,Afternoon,5.115,False,0.358
HDEL003535,HORD003535,2018-03-11,2018-03-16,2018-03-16,DHL,Standard,Delivered,0.0,True,63.0,7.14,none,5.0,7.0,Afternoon,2.522,True,0.35
HDEL003536,HORD003536,2018-08-02,2018-08-09,2018-08-10,DHL,Standard,Delivered,1.0,False,57.0,12.7,carrier_capacity,7.0,9.0,Afternoon,8.4899,True,0.542
HDEL003537,HORD003537,2018-05-10,2018-05-13,2018-05-13,AusPost,Standard,Delivered,0.0,True,51.0,8.63,none,3.0,8.0,Afternoon,4.6204,False,0.363
HDEL003538,HORD003538,2018-04-28,2018-05-03,2018-05-01,Direct Freight,Standard,Delivered,0.0,True,26.0,5.15,none,5.0,8.0,Morning,0.919,False,0.301
HDEL003539,HORD003539,2018-07-10,2018-07-15,2018-07-13,StarTrack,Standard,Delivered,0.0,True,44.0,12.5,none,5.0,7.0,Morning,5.2894,True,0.746
HDEL003540,HORD003540,2018-03-18,2018-03-22,2018-03-22,DHL,Express,Delivered,0.0,True,72.0,18.02,none,4.0,6.0,Morning,3.7951,True,1.232
HDEL003541,HORD003541,2018-03-20,2018-03-25,2018-03-27,DHL,Standard,Delivered,2.0,False,15.0,8.23,carrier_capacity,5.0,8.0,Afternoon,5.8366,False,0.351
HDEL003542,HORD003542,2018-11-03,2018-11-08,2018-11-08,StarTrack,Standard,Delivered,0.0,True,8.0,11.25,none,5.0,3.0,Morning,7.1722,True,0.484
HDEL003543,HORD003543,2018-03-29,2018-04-02,2018-03-31,Direct Freight,Standard,Delivered,0.0,True,49.0,7.81,none,4.0,9.0,Afternoon,5.2928,True,0.414
HDEL003544,HORD003544,2018-10-09,2018-10-12,2018-10-10,DHL,Express,Delivered,0.0,True,19.0,16.15,none,3.0,3.0,Morning,8.5348,True,0.534
HDEL003545,HORD003545,2018-08-24,2018-08-29,2018-08-29,DHL,Express,Delivered,0.0,True,32.0,18.45,none,5.0,3.0,Afternoon,4.6342,True,0.453
HDEL003546,HORD003546,2018-08-02,2018-08-05,2018-08-05,Direct Freight,Standard,Delivered,0.0,True,62.0,8.49,none,3.0,3.0,Morning,1.6332,True,0.986
HDEL003547,HORD003547,2018-08-27,2018-09-03,2018-09-03,Direct Freight,Standard,Delivered,0.0,True,6.0,13.36,none,7.0,6.0,Afternoon,5.3161,True,0.351
HDEL003548,HORD003548,2018-11-13,2018-11-16,2018-11-14,StarTrack,Standard,Delivered,0.0,True,73.0,7.78,none,3.0,6.0,Afternoon,5.1841,True,0.836
HDEL003549,HORD003549,2018-08-03,2018-08-10,2018-08-10,StarTrack,Standard,Delivered,0.0,True,9.0,13.62,none,7.0,4.0,Anytime,6.3105,True,0.417
HDEL003550,HORD003550,2018-01-15,2018-01-19,2018-01-19,Direct Freight,Standard,Delivered,0.0,True,65.0,12.46,none,4.0,8.0,Afternoon,9.8879,False,0.622
HDEL003551,HORD003551,2018-12-19,2018-12-22,2018-12-20,AusPost,Express,Delivered,0.0,True,33.0,13.99,none,3.0,3.0,Anytime,1.1842,True,0.37
HDEL003552,HORD003552,2018-01-06,2018-01-12,2018-01-10,StarTrack,Standard,Delivered,0.0,True,33.0,12.88,none,6.0,3.0,Morning,9.9452,True,0.628
HDEL003553,HORD003553,2018-04-09,2018-04-12,2018-04-11,StarTrack,Standard,Delivered,0.0,True,59.0,6.15,none,3.0,7.0,Afternoon,1.4827,True,1.04
HDEL003554,HORD003554,2018-08-01,2018-08-07,2018-08-06,AusPost,Express,Delivered,0.0,True,25.0,20.68,none,6.0,6.0,Anytime,5.268,True,0.623
HDEL003555,HORD003555,2018-04-15,2018-04-21,2018-04-20,StarTrack,Standard,Delivered,0.0,True,42.0,6.78,none,6.0,4.0,Afternoon,4.1841,True,0.469
HDEL003556,HORD003556,2018-11-07,2018-11-11,2018-11-15,DHL,Standard,Delivered,4.0,False,65.0,8.67,weather,4.0,3.0,Morning,5.2894,False,0.34
HDEL003557,HORD003557,2018-11-12,2018-11-16,2018-11-14,DHL,Standard,Delivered,0.0,True,13.0,7.31,none,4.0,8.0,Morning,3.9883,True,0.509
HDEL003558,HORD003558,2018-01-07,2018-01-14,2018-01-12,Direct Freight,Express,Delivered,0.0,True,13.0,15.32,none,7.0,8.0,Anytime,5.839,True,0.788
HDEL003559,HORD003559,2018-07-17,2018-07-20,2018-07-20,DHL,Standard,Delivered,0.0,True,41.0,14.4,none,3.0,5.0,Morning,8.3403,True,1.215
HDEL003560,HORD003560,2018-10-30,2018-11-06,2018-11-05,AusPost,Standard,Delivered,0.0,True,48.0,8.98,none,7.0,5.0,Morning,5.0903,False,0.335
HDEL003561,HORD003561,2018-10-08,2018-10-13,2018-10-13,Direct Freight,Standard,Delivered,0.0,True,63.0,5.98,none,5.0,4.0,Morning,0.7955,False,0.278
HDEL003562,HORD003562,2018-06-30,2018-07-07,2018-07-07,Direct Freight,Standard,Delivered,0.0,True,72.0,10.8,none,7.0,7.0,Afternoon,3.9471,True,0.385
HDEL003563,HORD003563,2018-02-11,2018-02-16,2018-02-14,DHL,Standard,Delivered,0.0,True,56.0,11.32,none,5.0,3.0,Morning,7.2331,True,0.669
HDEL003564,HORD003564,2018-08-12,2018-08-15,2018-08-19,Direct Freight,Standard,Delivered,4.0,False,31.0,9.49,warehouse_congestion,3.0,5.0,Morning,2.522,True,0.438
HDEL003565,HORD003565,2018-05-25,2018-05-31,2018-05-30,StarTrack,Express,Delivered,0.0,True,32.0,17.31,none,6.0,9.0,Anytime,4.2699,False,0.318
HDEL003566,HORD003566,2018-06-27,2018-07-01,2018-06-30,Direct Freight,Express,Delivered,0.0,True,24.0,20.99,none,4.0,6.0,Anytime,5.3787,False,0.354
HDEL003567,HORD003567,2018-05-15,2018-05-18,2018-05-17,DHL,Standard,Delivered,0.0,True,3.0,7.54,none,3.0,5.0,Anytime,5.2041,True,0.424
HDEL003568,HORD003568,2018-10-04,2018-10-07,2018-10-07,Direct Freight,Express,Delivered,0.0,True,63.0,18.48,none,3.0,5.0,Morning,6.2558,True,0.514
HDEL003569,HORD003569,2018-12-01,2018-12-06,2018-12-06,Direct Freight,Express,Delivered,0.0,True,2.0,17.26,none,5.0,7.0,Anytime,5.0903,True,0.363
HDEL003570,HORD003570,2018-04-09,2018-04-15,2018-04-15,DHL,Express,Delivered,0.0,True,8.0,18.4,none,6.0,4.0,Anytime,6.9423,False,0.389
HDEL003571,HORD003571,2018-09-10,2018-09-16,2018-09-15,AusPost,Standard,Delivered,0.0,True,9.0,7.07,none,6.0,3.0,Morning,0.4902,True,1.191
HDEL003572,HORD003572,2018-05-27,2018-06-03,2018-06-02,AusPost,Express,Delivered,0.0,True,30.0,16.79,none,7.0,8.0,Anytime,4.3706,False,0.373
HDEL003573,HORD003573,2018-04-18,2018-04-25,2018-04-26,Direct Freight,Express,Delivered,1.0,False,64.0,18.87,weather,7.0,4.0,Afternoon,4.2014,True,0.56
HDEL003574,HORD003574,2018-10-21,2018-10-26,2018-10-26,Direct Freight,Standard,Delivered,0.0,True,61.0,8.05,none,5.0,8.0,Afternoon,5.0303,True,0.401
HDEL003575,HORD003575,2018-12-10,2018-12-16,2018-12-14,DHL,Standard,Delivered,0.0,True,26.0,10.34,none,6.0,5.0,Morning,8.5082,False,0.461
HDEL003576,HORD003576,2018-01-17,2018-01-23,2018-01-21,DHL,Standard,Delivered,0.0,True,7.0,10.63,none,6.0,5.0,Morning,6.9423,False,0.478
HDEL003577,HORD003577,2018-07-08,2018-07-13,2018-07-13,DHL,Standard,Delivered,0.0,True,67.0,10.54,none,5.0,6.0,Afternoon,5.4408,False,0.375
HDEL003578,HORD003578,2018-12-14,2018-12-17,2018-12-15,AusPost,Standard,Delivered,0.0,True,25.0,9.62,none,3.0,3.0,Afternoon,6.2579,True,0.528
HDEL003579,HORD003579,2018-01-20,2018-01-25,2018-01-23,AusPost,Standard,Delivered,0.0,True,49.0,7.7,none,5.0,8.0,Morning,1.0859,True,0.446
HDEL003580,HORD003580,2018-02-02,2018-02-08,2018-02-08,DHL,Standard,Delivered,0.0,True,41.0,8.98,none,6.0,8.0,Anytime,2.79,True,0.363
HDEL003581,HORD003581,2018-01-12,2018-01-18,2018-01-16,AusPost,Standard,Delivered,0.0,True,57.0,12.69,none,6.0,3.0,Morning,9.1432,True,0.487
HDEL003582,HORD003582,2018-10-12,2018-10-17,2018-10-16,StarTrack,Standard,Delivered,0.0,True,71.0,7.14,none,5.0,3.0,Afternoon,0.6309,True,0.559
HDEL003583,HORD003583,2018-03-20,2018-03-27,2018-03-25,DHL,Standard,Delivered,0.0,True,72.0,8.93,none,7.0,3.0,Anytime,7.3453,False,0.41
HDEL003584,HORD003584,2018-04-13,2018-04-20,2018-04-19,Direct Freight,Standard,Delivered,0.0,True,24.0,7.39,none,7.0,4.0,Morning,4.2256,True,0.685
HDEL003585,HORD003585,2018-09-08,2018-09-14,2018-09-12,StarTrack,Express,Delivered,0.0,True,37.0,20.57,none,6.0,5.0,Anytime,6.9799,True,1.133
HDEL003586,HORD003586,2018-06-02,2018-06-05,2018-06-03,StarTrack,Express,Delivered,0.0,True,34.0,19.39,none,3.0,3.0,Afternoon,7.3951,False,0.427
HDEL003587,HORD003587,2018-05-13,2018-05-19,2018-05-17,DHL,Standard,Delivered,0.0,True,55.0,9.28,none,6.0,6.0,Anytime,5.3847,False,0.473
HDEL003588,HORD003588,2018-06-09,2018-06-15,2018-06-18,DHL,Standard,Delivered,3.0,False,53.0,10.27,carrier_capacity,6.0,8.0,Anytime,4.4695,True,0.441
HDEL003589,HORD003589,2018-01-02,2018-01-08,2018-01-09,StarTrack,Express,Delivered,1.0,False,9.0,18.43,warehouse_congestion,6.0,7.0,Anytime,10.0361,True,0.578
HDEL003590,HORD003590,2018-03-02,2018-03-06,2018-03-06,AusPost,Standard,Delivered,0.0,True,17.0,9.22,none,4.0,6.0,Anytime,5.6649,False,0.394
HDEL003591,HORD003591,2018-06-06,2018-06-11,2018-06-11,Direct Freight,Standard,Delivered,0.0,True,2.0,9.99,none,5.0,8.0,Anytime,4.4822,True,0.46
HDEL003592,HORD003592,2018-01-19,2018-01-25,2018-01-25,DHL,Standard,Delivered,0.0,True,20.0,8.62,none,6.0,8.0,Afternoon,4.1841,False,1.072
HDEL003593,HORD003593,2018-07-09,2018-07-12,2018-07-12,StarTrack,Standard,Delivered,0.0,True,37.0,15.33,none,3.0,8.0,Morning,8.5341,False,0.461
HDEL003594,HORD003594,2018-11-16,2018-11-21,2018-11-20,DHL,Standard,Delivered,0.0,True,55.0,11.11,none,5.0,9.0,Morning,7.4249,True,0.51
HDEL003595,HORD003595,2018-09-07,2018-09-12,2018-09-10,Direct Freight,Standard,Delivered,0.0,True,61.0,9.4,none,5.0,6.0,Afternoon,4.0907,False,0.302
HDEL003596,HORD003596,2018-05-31,2018-06-05,2018-06-04,StarTrack,Standard,Delivered,0.0,True,54.0,8.34,none,5.0,9.0,Afternoon,2.9003,True,0.555
HDEL003597,HORD003597,2018-12-30,2019-01-05,2019-01-03,DHL,Standard,Delivered,0.0,True,67.0,8.34,none,6.0,8.0,Anytime,6.2558,True,0.538
HDEL003598,HORD003598,2018-12-27,2019-01-03,2019-01-03,StarTrack,Standard,Delivered,0.0,True,12.0,9.28,none,7.0,4.0,Afternoon,4.2176,True,0.406
HDEL003599,HORD003599,2018-12-30,2019-01-05,2019-01-07,StarTrack,Express,Delivered,2.0,False,40.0,17.57,weather,6.0,6.0,Anytime,6.4285,True,0.688
HDEL003600,HORD003600,2018-02-18,2018-02-24,2018-02-24,StarTrack,Standard,Delivered,0.0,True,72.0,11.3,none,6.0,5.0,Morning,8.8786,True,1.252
HDEL003601,HORD003601,2018-08-13,2018-08-17,2018-08-15,AusPost,Standard,Delivered,0.0,True,31.0,10.64,none,4.0,5.0,Morning,6.7811,True,1.056
HDEL003602,HORD003602,2018-06-22,2018-06-25,2018-06-25,DHL,Standard,Delivered,0.0,True,16.0,10.58,none,3.0,7.0,Morning,5.4787,True,0.573
HDEL003603,HORD003603,2018-10-01,2018-10-06,2018-10-05,StarTrack,Standard,Delivered,0.0,True,11.0,9.94,none,5.0,9.0,Afternoon,4.573,True,0.348
HDEL003604,HORD003604,2018-09-30,2018-10-05,2018-10-04,StarTrack,Standard,Delivered,0.0,True,48.0,9.98,none,5.0,3.0,Afternoon,8.3368,True,0.543
HDEL003605,HORD003605,2018-03-09,2018-03-13,2018-03-13,AusPost,Standard,Delivered,0.0,True,57.0,8.1,none,4.0,9.0,Anytime,3.5444,False,0.357
HDEL003606,HORD003606,2018-03-16,2018-03-21,2018-03-20,AusPost,Express,Delivered,0.0,True,40.0,16.73,none,5.0,8.0,Anytime,6.2778,True,0.576
HDEL003607,HORD003607,2018-04-22,2018-04-28,2018-04-26,AusPost,Standard,Delivered,0.0,True,10.0,7.43,none,6.0,5.0,Morning,1.4115,True,0.413
HDEL003608,HORD003608,2018-05-05,2018-05-08,2018-05-06,AusPost,Standard,Delivered,0.0,True,27.0,11.34,none,3.0,6.0,Anytime,6.9799,False,0.402
HDEL003609,HORD003609,2018-08-13,2018-08-19,2018-08-19,Direct Freight,Standard,Delivered,0.0,True,54.0,12.8,none,6.0,8.0,Morning,6.5932,False,0.377
HDEL003610,HORD003610,2018-03-25,2018-04-01,2018-04-01,DHL,Standard,Delivered,0.0,True,71.0,6.93,none,7.0,7.0,Afternoon,3.0499,True,0.399
HDEL003611,HORD003611,2018-11-02,2018-11-09,2018-11-09,StarTrack,Standard,Delivered,0.0,True,64.0,12.01,none,7.0,3.0,Afternoon,9.1432,True,0.596
HDEL003612,HORD003612,2018-10-02,2018-10-07,2018-10-10,StarTrack,Standard,Delivered,3.0,False,9.0,8.1,warehouse_congestion,5.0,4.0,Morning,4.2331,False,0.443
HDEL003613,HORD003613,2018-01-04,2018-01-11,2018-01-11,StarTrack,Standard,Delivered,0.0,True,54.0,8.64,none,7.0,7.0,Anytime,5.8668,False,0.465
HDEL003614,HORD003614,2018-01-06,2018-01-13,2018-01-13,AusPost,Standard,Delivered,0.0,True,7.0,9.62,none,7.0,9.0,Morning,8.4899,True,1.221
HDEL003615,HORD003615,2018-06-14,2018-06-18,2018-06-17,AusPost,Standard,Delivered,0.0,True,55.0,8.61,none,4.0,4.0,Morning,1.2394,False,0.294
HDEL003616,HORD003616,2018-09-23,2018-09-26,2018-09-24,StarTrack,Standard,Delivered,0.0,True,33.0,8.97,none,3.0,4.0,Anytime,8.3368,True,0.59
HDEL003617,HORD003617,2018-05-20,2018-05-26,2018-05-24,DHL,Standard,Delivered,0.0,True,20.0,8.8,none,6.0,3.0,Anytime,7.7113,True,0.487
HDEL003618,HORD003618,2018-07-23,2018-07-26,2018-07-24,DHL,Standard,Delivered,0.0,True,54.0,9.62,none,3.0,9.0,Afternoon,0.5576,True,0.372
HDEL003619,HORD003619,2018-01-24,2018-01-27,2018-01-26,DHL,Standard,Delivered,0.0,True,24.0,9.32,none,3.0,3.0,Morning,3.3718,True,1.02
HDEL003620,HORD003620,2018-03-05,2018-03-08,2018-03-06,StarTrack,Standard,Delivered,0.0,True,55.0,7.41,none,3.0,9.0,Afternoon,2.9597,False,0.293
HDEL003621,HORD003621,2018-09-03,2018-09-08,2018-09-06,AusPost,Standard,Delivered,0.0,True,51.0,11.47,none,5.0,7.0,Afternoon,7.5554,True,0.505
HDEL003622,HORD003622,2018-04-22,2018-04-29,2018-04-27,DHL,Standard,Delivered,0.0,True,62.0,11.82,none,7.0,3.0,Afternoon,7.7961,True,1.016
HDEL003623,HORD003623,2018-11-16,2018-11-22,2018-11-22,DHL,Standard,Delivered,0.0,True,57.0,9.53,none,6.0,7.0,Anytime,5.6896,True,0.385
HDEL003624,HORD003624,2018-07-13,2018-07-18,2018-07-16,AusPost,Express,Delivered,0.0,True,15.0,22.63,none,5.0,3.0,Morning,2.8043,False,0.409
HDEL003625,HORD003625,2018-10-25,2018-10-28,2018-10-27,StarTrack,Standard,Delivered,0.0,True,18.0,8.23,none,3.0,4.0,Anytime,3.0748,True,0.381
HDEL003626,HORD003626,2018-05-01,2018-05-04,2018-05-02,DHL,Standard,Delivered,0.0,True,21.0,7.24,none,3.0,5.0,Afternoon,1.1841,True,0.414
HDEL003627,HORD003627,2018-02-03,2018-02-08,2018-02-07,AusPost,Standard,Delivered,0.0,True,68.0,8.0,none,5.0,3.0,Anytime,2.2975,True,0.365
HDEL003628,HORD003628,2018-09-10,2018-09-16,2018-09-15,AusPost,Standard,Delivered,0.0,True,48.0,8.61,none,6.0,8.0,Anytime,2.9193,False,0.445
HDEL003629,HORD003629,2018-04-26,2018-05-01,2018-05-01,DHL,Standard,Delivered,0.0,True,3.0,8.63,none,5.0,8.0,Anytime,7.7961,True,0.547
HDEL003630,HORD003630,2018-03-08,2018-03-12,2018-03-10,Direct Freight,Standard,Delivered,0.0,True,54.0,8.96,none,4.0,4.0,Afternoon,6.5607,True,1.208
HDEL003631,HORD003631,2018-03-23,2018-03-26,2018-03-25,DHL,Standard,Delivered,0.0,True,39.0,6.37,none,3.0,3.0,Afternoon,3.0499,True,1.094
HDEL003632,HORD003632,2018-03-05,2018-03-10,2018-03-09,StarTrack,Express,Delivered,0.0,True,15.0,16.93,none,5.0,4.0,Morning,3.025,True,0.584
HDEL003633,HORD003633,2018-09-27,2018-10-02,2018-10-02,AusPost,Standard,Delivered,0.0,True,26.0,11.77,none,5.0,7.0,Afternoon,8.7149,True,0.501
HDEL003634,HORD003634,2018-01-18,2018-01-24,2018-01-24,StarTrack,Standard,Delivered,0.0,True,9.0,11.92,none,6.0,6.0,Anytime,7.3718,True,0.979
HDEL003635,HORD003635,2018-08-20,2018-08-23,2018-08-27,AusPost,Standard,Delivered,4.0,False,55.0,10.76,weather,3.0,4.0,Morning,5.2435,True,0.489
HDEL003636,HORD003636,2018-01-11,2018-01-16,2018-01-16,Direct Freight,Standard,Delivered,0.0,True,40.0,9.27,none,5.0,5.0,Morning,3.9719,True,1.236
HDEL003637,HORD003637,2018-05-13,2018-05-18,2018-05-16,AusPost,Standard,Delivered,0.0,True,15.0,11.14,none,5.0,6.0,Morning,7.412,True,0.663
HDEL003638,HORD003638,2018-08-21,2018-08-27,2018-08-27,StarTrack,Express,Delivered,0.0,True,24.0,25.8,none,6.0,9.0,Afternoon,6.16,True,0.533
HDEL003639,HORD003639,2018-03-14,2018-03-20,2018-03-19,AusPost,Standard,Delivered,0.0,True,14.0,10.71,none,6.0,4.0,Anytime,6.1679,True,1.001
HDEL003640,HORD003640,2018-11-04,2018-11-08,2018-11-08,DHL,Express,Delivered,0.0,True,41.0,18.01,none,4.0,6.0,Afternoon,6.7811,True,0.445
HDEL003641,HORD003641,2018-09-04,2018-09-11,2018-09-11,DHL,Express,Delivered,0.0,True,5.0,14.04,none,7.0,5.0,Afternoon,4.0031,True,1.217
HDEL003642,HORD003642,2018-09-30,2018-10-05,2018-10-05,DHL,Standard,Delivered,0.0,True,46.0,7.92,none,5.0,6.0,Morning,3.3718,True,0.521
HDEL003643,HORD003643,2018-10-06,2018-10-12,2018-10-10,DHL,Express,Delivered,0.0,True,33.0,15.36,none,6.0,9.0,Afternoon,7.0833,True,0.459
HDEL003644,HORD003644,2018-07-15,2018-07-21,2018-07-21,StarTrack,Standard,Delivered,0.0,True,67.0,10.01,none,6.0,9.0,Morning,6.2917,True,0.387
HDEL003645,HORD003645,2018-10-16,2018-10-23,2018-10-22,StarTrack,Standard,Delivered,0.0,True,59.0,9.78,none,7.0,7.0,Anytime,7.2272,True,1.173
HDEL003646,HORD003646,2018-01-23,2018-01-28,2018-01-28,Direct Freight,Standard,Delivered,0.0,True,23.0,6.86,none,5.0,8.0,Anytime,1.8105,True,0.378
HDEL003647,HORD003647,2018-08-30,2018-09-02,2018-08-31,Direct Freight,Standard,Delivered,0.0,True,30.0,8.56,none,3.0,4.0,Anytime,1.1842,False,0.337
HDEL003648,HORD003648,2018-05-21,2018-05-24,2018-05-22,DHL,Standard,Delivered,0.0,True,25.0,7.51,none,3.0,3.0,Afternoon,3.3715,True,0.534
HDEL003649,HORD003649,2018-09-09,2018-09-15,2018-09-17,StarTrack,Express,Delivered,2.0,False,39.0,18.59,carrier_capacity,6.0,9.0,Anytime,6.9029,True,0.499
HDEL003650,HORD003650,2018-03-17,2018-03-22,2018-03-20,AusPost,Express,Delivered,0.0,True,38.0,15.86,none,5.0,8.0,Anytime,5.1841,True,0.412
HDEL003651,HORD003651,2018-06-26,2018-06-30,2018-06-29,AusPost,Express,Delivered,0.0,True,18.0,26.03,none,4.0,4.0,Morning,8.7019,True,0.593
HDEL003652,HORD003652,2018-04-12,2018-04-18,2018-04-17,DHL,Standard,Delivered,0.0,True,58.0,9.16,none,6.0,9.0,Morning,5.2435,True,0.335
HDEL003653,HORD003653,2018-05-29,2018-06-03,2018-06-02,Direct Freight,Standard,Delivered,0.0,True,43.0,8.33,none,5.0,9.0,Afternoon,3.1061,False,0.353
HDEL003654,HORD003654,2018-04-15,2018-04-19,2018-04-18,Direct Freight,Standard,Delivered,0.0,True,60.0,9.16,none,4.0,7.0,Anytime,6.0753,True,0.409
HDEL003655,HORD003655,2018-09-16,2018-09-23,2018-09-21,Direct Freight,Standard,Delivered,0.0,True,69.0,7.83,none,7.0,6.0,Afternoon,5.4408,True,0.531
HDEL003656,HORD003656,2018-08-10,2018-08-14,2018-08-12,Direct Freight,Express,Delivered,0.0,True,39.0,20.12,none,4.0,7.0,Morning,6.194,True,0.421
HDEL003657,HORD003657,2018-11-29,2018-12-03,2018-12-03,Direct Freight,Express,Delivered,0.0,True,21.0,16.87,none,4.0,3.0,Anytime,3.3718,True,0.939
HDEL003658,HORD003658,2018-09-10,2018-09-13,2018-09-13,Direct Freight,Express,Delivered,0.0,True,23.0,21.6,none,3.0,7.0,Anytime,9.7484,True,0.619
HDEL003659,HORD003659,2018-04-12,2018-04-16,2018-04-15,DHL,Standard,Delivered,0.0,True,70.0,6.86,none,4.0,8.0,Anytime,1.8546,True,1.197
HDEL003660,HORD003660,2018-11-30,2018-12-04,2018-12-04,StarTrack,Standard,Delivered,0.0,True,71.0,10.15,none,4.0,6.0,Anytime,7.468,True,0.39
HDEL003661,HORD003661,2018-07-24,2018-07-30,2018-08-01,AusPost,Express,Delivered,2.0,False,51.0,19.3,carrier_capacity,6.0,5.0,Anytime,7.6692,False,0.5
HDEL003662,HORD003662,2018-11-04,2018-11-08,2018-11-06,Direct Freight,Standard,Delivered,0.0,True,14.0,8.85,none,4.0,6.0,Afternoon,3.083,True,0.413
HDEL003663,HORD003663,2018-09-07,2018-09-11,2018-09-14,AusPost,Standard,Delivered,3.0,False,67.0,9.52,warehouse_congestion,4.0,7.0,Afternoon,7.1497,False,0.388
HDEL003664,HORD003664,2018-08-13,2018-08-17,2018-08-16,DHL,Standard,Delivered,0.0,True,36.0,13.15,none,4.0,8.0,Afternoon,7.2272,True,0.615
HDEL003665,HORD003665,2018-04-15,2018-04-20,2018-04-20,AusPost,Standard,Delivered,0.0,True,65.0,10.56,none,5.0,8.0,Anytime,5.8755,False,0.37
HDEL003666,HORD003666,2018-06-17,2018-06-20,2018-06-25,Direct Freight,Standard,Delivered,5.0,False,2.0,11.04,warehouse_congestion,3.0,3.0,Morning,6.6085,True,0.773
HDEL003667,HORD003667,2018-05-15,2018-05-22,2018-05-22,Direct Freight,Standard,Delivered,0.0,True,52.0,8.96,none,7.0,3.0,Afternoon,8.1751,True,0.453
HDEL003668,HORD003668,2018-09-06,2018-09-11,2018-09-11,DHL,Standard,Delivered,0.0,True,27.0,12.64,none,5.0,8.0,Afternoon,9.7484,True,1.291
HDEL003669,HORD003669,2018-01-21,2018-01-28,2018-01-27,StarTrack,Standard,Delivered,0.0,True,34.0,7.8,none,7.0,7.0,Anytime,3.7018,True,0.825
HDEL003670,HORD003670,2018-08-12,2018-08-17,2018-08-15,Direct Freight,Standard,Delivered,0.0,True,67.0,11.37,none,5.0,5.0,Morning,6.9029,False,0.364
HDEL003671,HORD003671,2018-03-10,2018-03-17,2018-03-15,DHL,Standard,Delivered,0.0,True,70.0,7.03,none,7.0,4.0,Morning,1.6376,False,0.351
HDEL003672,HORD003672,2018-11-07,2018-11-12,2018-11-12,StarTrack,Express,Delivered,0.0,True,19.0,17.09,none,5.0,6.0,Morning,5.0798,True,0.4
HDEL003673,HORD003673,2018-12-11,2018-12-18,2018-12-16,StarTrack,Standard,Delivered,0.0,True,43.0,10.53,none,7.0,6.0,Morning,6.9423,True,0.642
HDEL003674,HORD003674,2018-08-06,2018-08-11,2018-08-09,AusPost,Standard,Delivered,0.0,True,46.0,11.23,none,5.0,4.0,Anytime,4.5289,True,0.397
HDEL003675,HORD003675,2018-04-28,2018-05-01,2018-04-29,DHL,Express,Delivered,0.0,True,37.0,18.08,none,3.0,7.0,Morning,6.9753,True,0.496
HDEL003676,HORD003676,2018-06-16,2018-06-19,2018-06-18,DHL,Standard,Delivered,0.0,True,64.0,10.11,none,3.0,7.0,Morning,6.3782,True,0.38
HDEL003677,HORD003677,2018-02-14,2018-02-18,2018-02-16,Direct Freight,Standard,Delivered,0.0,True,12.0,9.75,none,4.0,6.0,Anytime,5.6803,True,1.007
HDEL003678,HORD003678,2018-02-17,2018-02-20,2018-02-18,StarTrack,Standard,Delivered,0.0,True,30.0,9.01,none,3.0,7.0,Afternoon,5.1815,True,0.5
HDEL003679,HORD003679,2018-10-31,2018-11-06,2018-11-05,AusPost,Standard,Delivered,0.0,True,62.0,8.07,none,6.0,4.0,Anytime,4.213,True,0.36
HDEL003680,HORD003680,2018-11-30,2018-12-03,2018-12-03,AusPost,Express,Delivered,0.0,True,68.0,15.21,none,3.0,5.0,Afternoon,3.4729,False,0.316
HDEL003681,HORD003681,2018-09-04,2018-09-11,2018-09-12,Direct Freight,Express,Delivered,1.0,False,61.0,18.68,weather,7.0,8.0,Morning,3.241,True,0.346
HDEL003682,HORD003682,2018-02-09,2018-02-15,2018-02-14,DHL,Express,Delivered,0.0,True,60.0,17.38,none,6.0,9.0,Morning,6.8495,True,0.407
HDEL003683,HORD003683,2018-01-25,2018-01-30,2018-01-30,DHL,Express,Delivered,0.0,True,36.0,19.87,none,5.0,3.0,Morning,6.4246,True,0.482
HDEL003684,HORD003684,2018-02-07,2018-02-13,2018-02-12,StarTrack,Express,Delivered,0.0,True,23.0,15.27,none,6.0,7.0,Morning,5.066,True,0.488
HDEL003685,HORD003685,2018-09-20,2018-09-23,2018-09-23,DHL,Express,Delivered,0.0,True,36.0,16.59,none,3.0,5.0,Anytime,5.4787,False,0.846
HDEL003686,HORD003686,2018-07-10,2018-07-15,2018-07-15,StarTrack,Standard,Delivered,0.0,True,15.0,9.76,none,5.0,7.0,Afternoon,0.919,True,0.505
HDEL003687,HORD003687,2018-07-23,2018-07-27,2018-07-27,AusPost,Standard,Delivered,0.0,True,70.0,10.28,none,4.0,3.0,Afternoon,2.79,True,0.555
HDEL003688,HORD003688,2018-06-30,2018-07-06,2018-07-06,StarTrack,Standard,Delivered,0.0,True,47.0,14.07,none,6.0,3.0,Morning,9.7157,True,0.518
HDEL003689,HORD003689,2018-12-25,2018-12-31,2018-12-29,StarTrack,Standard,Delivered,0.0,True,72.0,8.64,none,6.0,5.0,Afternoon,7.1722,True,0.495
HDEL003690,HORD003690,2018-11-05,2018-11-10,2018-11-10,DHL,Express,Delivered,0.0,True,12.0,15.73,none,5.0,6.0,Anytime,5.5854,True,0.458
HDEL003691,HORD003691,2018-02-26,2018-03-01,2018-03-06,StarTrack,Standard,Delivered,5.0,False,43.0,6.97,warehouse_congestion,3.0,5.0,Afternoon,3.4729,False,0.291
HDEL003692,HORD003692,2018-12-25,2018-12-29,2018-12-29,AusPost,Express,Delivered,0.0,True,9.0,12.61,none,4.0,5.0,Anytime,0.6581,True,0.935
HDEL003693,HORD003693,2018-05-14,2018-05-19,2018-05-19,AusPost,Standard,Delivered,0.0,True,12.0,7.37,none,5.0,5.0,Afternoon,3.0683,False,0.286
HDEL003694,HORD003694,2018-02-12,2018-02-19,2018-02-17,StarTrack,Standard,Delivered,0.0,True,33.0,9.62,none,7.0,7.0,Morning,7.5212,True,0.503
HDEL003695,HORD003695,2018-10-26,2018-11-01,2018-10-31,StarTrack,Standard,Delivered,0.0,True,17.0,9.25,none,6.0,8.0,Morning,6.5436,True,0.496
HDEL003696,HORD003696,2018-04-14,2018-04-17,2018-04-20,StarTrack,Express,Delivered,3.0,False,18.0,17.41,carrier_capacity,3.0,8.0,Morning,1.9834,True,1.048
HDEL003697,HORD003697,2018-09-26,2018-10-01,2018-10-01,Direct Freight,Standard,Delivered,0.0,True,9.0,11.83,none,5.0,7.0,Anytime,9.0951,False,0.501
HDEL003698,HORD003698,2018-03-31,2018-04-06,2018-04-05,StarTrack,Standard,Delivered,0.0,True,19.0,9.66,none,6.0,5.0,Morning,8.5318,True,0.51
HDEL003699,HORD003699,2018-11-27,2018-12-02,2018-11-30,StarTrack,Standard,Delivered,0.0,True,51.0,9.17,none,5.0,8.0,Morning,8.5348,True,0.768
HDEL003700,HORD003700,2018-07-07,2018-07-13,2018-07-11,DHL,Standard,Delivered,0.0,True,37.0,10.09,none,6.0,8.0,Afternoon,5.8629,True,0.374
HDEL003701,HORD003701,2018-12-30,2019-01-02,2019-01-01,StarTrack,Standard,Delivered,0.0,True,47.0,11.5,none,3.0,6.0,Anytime,7.0974,True,1.206
HDEL003702,HORD003702,2018-11-14,2018-11-21,2018-11-21,AusPost,Standard,Delivered,0.0,True,38.0,8.58,none,7.0,8.0,Afternoon,5.576,True,0.41
HDEL003703,HORD003703,2018-11-16,2018-11-21,2018-11-20,StarTrack,Standard,Delivered,0.0,True,20.0,10.28,none,5.0,8.0,Afternoon,6.1296,True,0.455
HDEL003704,HORD003704,2018-04-04,2018-04-10,2018-04-09,Direct Freight,Standard,Delivered,0.0,True,27.0,7.41,none,6.0,8.0,Morning,5.3633,True,0.441
HDEL003705,HORD003705,2018-04-25,2018-05-02,2018-04-30,DHL,Express,Delivered,0.0,True,33.0,12.96,none,7.0,8.0,Anytime,1.0328,True,0.343
HDEL003706,HORD003706,2018-03-08,2018-03-12,2018-03-10,AusPost,Standard,Delivered,0.0,True,44.0,11.58,none,4.0,8.0,Afternoon,7.8474,True,0.596
HDEL003707,HORD003707,2018-06-12,2018-06-15,2018-06-14,AusPost,Standard,Delivered,0.0,True,73.0,13.17,none,3.0,7.0,Afternoon,9.7484,True,0.549
HDEL003708,HORD003708,2018-10-07,2018-10-10,2018-10-10,Direct Freight,Standard,Delivered,0.0,True,40.0,9.89,none,3.0,5.0,Morning,5.938,True,0.428
HDEL003709,HORD003709,2018-04-01,2018-04-08,2018-04-07,StarTrack,Standard,Delivered,0.0,True,8.0,9.58,none,7.0,9.0,Afternoon,6.3652,True,0.499
HDEL003710,HORD003710,2018-08-01,2018-08-07,2018-08-09,Direct Freight,Standard,Delivered,2.0,False,45.0,11.8,weather,6.0,6.0,Morning,4.8422,False,0.364
HDEL003711,HORD003711,2018-03-31,2018-04-07,2018-04-07,StarTrack,Standard,Delivered,0.0,True,43.0,9.89,none,7.0,6.0,Morning,5.1975,True,0.527
HDEL003712,HORD003712,2018-01-06,2018-01-09,2018-01-09,Direct Freight,Express,Delivered,0.0,True,64.0,17.25,none,3.0,9.0,Afternoon,4.7826,True,0.574
HDEL003713,HORD003713,2018-07-18,2018-07-21,2018-07-20,AusPost,Standard,Delivered,0.0,True,14.0,10.41,none,3.0,3.0,Afternoon,5.6803,True,0.876
HDEL003714,HORD003714,2018-06-02,2018-06-09,2018-06-08,StarTrack,Express,Delivered,0.0,True,37.0,20.08,none,7.0,6.0,Anytime,5.8138,False,0.465
HDEL003715,HORD003715,2018-11-01,2018-11-06,2018-11-06,Direct Freight,Express,Delivered,0.0,True,41.0,17.36,none,5.0,3.0,Anytime,7.0172,False,0.42
HDEL003716,HORD003716,2018-02-06,2018-02-13,2018-02-12,StarTrack,Standard,Delivered,0.0,True,10.0,8.27,none,7.0,3.0,Morning,5.6649,True,0.563
HDEL003717,HORD003717,2018-05-19,2018-05-24,2018-05-22,Direct Freight,Standard,Delivered,0.0,True,40.0,11.7,none,5.0,4.0,Morning,9.1432,True,0.499
HDEL003718,HORD003718,2018-06-25,2018-06-28,2018-06-26,Direct Freight,Standard,Delivered,0.0,True,67.0,11.6,none,3.0,9.0,Afternoon,6.7811,True,0.424
HDEL003719,HORD003719,2018-10-03,2018-10-07,2018-10-05,StarTrack,Standard,Delivered,0.0,True,59.0,8.69,none,4.0,5.0,Anytime,6.5139,False,0.406
HDEL003720,HORD003720,2018-03-12,2018-03-19,2018-03-19,Direct Freight,Standard,Delivered,0.0,True,2.0,8.36,none,7.0,9.0,Anytime,3.15,False,0.349
HDEL003721,HORD003721,2018-11-29,2018-12-04,2018-12-04,StarTrack,Standard,Delivered,0.0,True,2.0,7.31,none,5.0,4.0,Afternoon,4.2942,False,0.347
HDEL003722,HORD003722,2018-08-26,2018-09-01,2018-08-30,AusPost,Express,Delivered,0.0,True,26.0,23.2,none,6.0,7.0,Afternoon,5.8767,False,0.39
HDEL003723,HORD003723,2018-06-05,2018-06-09,2018-06-09,DHL,Express,Delivered,0.0,True,21.0,18.73,none,4.0,9.0,Afternoon,2.7779,False,0.296
HDEL003724,HORD003724,2018-08-20,2018-08-24,2018-08-22,DHL,Standard,Delivered,0.0,True,59.0,10.58,none,4.0,3.0,Morning,6.3782,False,0.511
HDEL003725,HORD003725,2018-10-03,2018-10-06,2018-10-07,AusPost,Standard,Delivered,1.0,False,30.0,7.58,warehouse_congestion,3.0,3.0,Afternoon,5.1815,True,0.422
HDEL003726,HORD003726,2018-08-16,2018-08-23,2018-08-23,DHL,Standard,Delivered,0.0,True,6.0,12.58,none,7.0,6.0,Morning,4.8747,True,0.534
HDEL003727,HORD003727,2018-10-15,2018-10-19,2018-10-17,Direct Freight,Standard,Delivered,0.0,True,70.0,11.88,none,4.0,9.0,Anytime,9.458,True,0.986
HDEL003728,HORD003728,2018-07-03,2018-07-09,2018-07-08,AusPost,Standard,Delivered,0.0,True,39.0,12.53,none,6.0,4.0,Morning,7.7035,False,0.456
HDEL003729,HORD003729,2018-09-08,2018-09-11,2018-09-11,AusPost,Standard,Delivered,0.0,True,5.0,7.85,none,3.0,9.0,Anytime,4.1646,True,0.567
HDEL003730,HORD003730,2018-04-14,2018-04-18,2018-04-16,AusPost,Standard,Delivered,0.0,True,41.0,8.5,none,4.0,8.0,Morning,2.9648,True,0.546
HDEL003731,HORD003731,2018-12-18,2018-12-22,2018-12-22,DHL,Standard,Delivered,0.0,True,60.0,8.81,none,4.0,9.0,Anytime,7.8012,True,0.602
HDEL003732,HORD003732,2018-11-27,2018-12-02,2018-11-30,AusPost,Standard,Delivered,0.0,True,4.0,11.86,none,5.0,8.0,Anytime,7.6829,True,0.524
HDEL003733,HORD003733,2018-04-27,2018-05-03,2018-05-05,Direct Freight,Standard,Delivered,2.0,False,19.0,9.95,warehouse_congestion,6.0,4.0,Afternoon,9.5775,True,0.544
HDEL003734,HORD003734,2018-09-15,2018-09-22,2018-09-20,StarTrack,Standard,Delivered,0.0,True,12.0,8.91,none,7.0,7.0,Anytime,3.7703,True,0.797
HDEL003735,HORD003735,2018-08-08,2018-08-11,2018-08-11,StarTrack,Standard,Delivered,0.0,True,17.0,12.76,none,3.0,4.0,Anytime,7.2156,False,0.368
HDEL003736,HORD003736,2018-01-04,2018-01-07,2018-01-06,StarTrack,Standard,Delivered,0.0,True,26.0,9.81,none,3.0,9.0,Morning,5.1975,True,0.994
HDEL003737,HORD003737,2018-11-01,2018-11-08,2018-11-13,StarTrack,Standard,Delivered,5.0,False,19.0,9.84,warehouse_congestion,7.0,8.0,Anytime,5.3633,True,0.401
HDEL003738,HORD003738,2018-07-12,2018-07-15,2018-07-14,StarTrack,Standard,Delivered,0.0,True,40.0,9.39,none,3.0,8.0,Morning,3.5071,False,0.402
HDEL003739,HORD003739,2018-03-24,2018-03-27,2018-03-26,Direct Freight,Standard,Delivered,0.0,True,17.0,7.66,none,3.0,8.0,Morning,4.1231,False,0.353
HDEL003740,HORD003740,2018-01-24,2018-01-27,2018-01-25,AusPost,Standard,Delivered,0.0,True,60.0,10.8,none,3.0,4.0,Anytime,8.2741,False,0.496
HDEL003741,HORD003741,2018-02-25,2018-03-03,2018-03-03,DHL,Express,Delivered,0.0,True,43.0,18.35,none,6.0,7.0,Anytime,7.7395,True,0.587
HDEL003742,HORD003742,2018-03-20,2018-03-27,2018-03-27,Direct Freight,Standard,Delivered,0.0,True,30.0,7.42,none,7.0,7.0,Anytime,3.7755,True,0.409
HDEL003743,HORD003743,2018-11-25,2018-11-28,2018-11-26,DHL,Standard,Delivered,0.0,True,9.0,11.49,none,3.0,7.0,Morning,6.9744,False,0.393
HDEL003744,HORD003744,2018-02-22,2018-02-26,2018-02-24,StarTrack,Standard,Delivered,0.0,True,71.0,8.56,none,4.0,8.0,Afternoon,3.241,True,0.398
HDEL003745,HORD003745,2018-03-13,2018-03-20,2018-03-20,AusPost,Standard,Delivered,0.0,True,31.0,10.65,none,7.0,9.0,Morning,7.1393,False,0.392
HDEL003746,HORD003746,2018-04-17,2018-04-23,2018-04-21,AusPost,Standard,Delivered,0.0,True,36.0,8.51,none,6.0,7.0,Morning,7.5354,False,0.431
HDEL003747,HORD003747,2018-08-11,2018-08-14,2018-08-19,DHL,Standard,Delivered,5.0,False,54.0,11.57,warehouse_congestion,3.0,9.0,Anytime,8.3002,True,0.526
HDEL003748,HORD003748,2018-09-23,2018-09-29,2018-09-28,AusPost,Standard,Delivered,0.0,True,64.0,7.62,none,6.0,8.0,Anytime,4.4985,True,0.396
HDEL003749,HORD003749,2018-12-02,2018-12-09,2018-12-08,AusPost,Standard,Delivered,0.0,True,31.0,9.57,none,7.0,3.0,Morning,6.5212,True,0.898
HDEL003750,HORD003750,2018-02-03,2018-02-08,2018-02-09,DHL,Standard,Delivered,1.0,False,3.0,9.31,carrier_capacity,5.0,7.0,Morning,4.1707,True,0.533
HDEL003751,HORD003751,2018-05-11,2018-05-16,2018-05-14,DHL,Express,Delivered,0.0,True,33.0,17.78,none,5.0,7.0,Morning,7.0833,True,0.579
HDEL003752,HORD003752,2018-04-26,2018-05-01,2018-05-01,Direct Freight,Express,Delivered,0.0,True,13.0,20.3,none,5.0,3.0,Afternoon,8.3268,True,1.147
HDEL003753,HORD003753,2018-07-31,2018-08-06,2018-08-05,DHL,Standard,Delivered,0.0,True,24.0,11.65,none,6.0,4.0,Afternoon,5.9357,True,0.99
HDEL003754,HORD003754,2018-01-19,2018-01-24,2018-01-22,DHL,Standard,Delivered,0.0,True,51.0,9.75,none,5.0,7.0,Anytime,7.6261,False,0.461
HDEL003755,HORD003755,2018-07-16,2018-07-20,2018-07-22,Direct Freight,Standard,Delivered,2.0,False,31.0,9.85,carrier_capacity,4.0,5.0,Morning,1.4259,False,0.275
HDEL003756,HORD003756,2018-10-02,2018-10-06,2018-10-04,Direct Freight,Standard,Delivered,0.0,True,36.0,11.27,none,4.0,5.0,Morning,8.3268,True,0.596
HDEL003757,HORD003757,2018-04-26,2018-05-02,2018-04-30,StarTrack,Standard,Delivered,0.0,True,52.0,7.19,none,6.0,6.0,Anytime,3.4906,True,1.342
HDEL003758,HORD003758,2018-12-02,2018-12-08,2018-12-06,Direct Freight,Standard,Delivered,0.0,True,2.0,9.32,none,6.0,5.0,Anytime,8.3268,True,0.487
HDEL003759,HORD003759,2018-05-06,2018-05-11,2018-05-10,StarTrack,Standard,Delivered,0.0,True,40.0,8.58,none,5.0,8.0,Morning,4.2014,True,0.452
HDEL003760,HORD003760,2018-10-29,2018-11-02,2018-10-31,AusPost,Express,Delivered,0.0,True,10.0,19.4,none,4.0,3.0,Afternoon,7.1137,True,1.196
HDEL003761,HORD003761,2018-06-28,2018-07-01,2018-06-30,DHL,Standard,Delivered,0.0,True,8.0,12.88,none,3.0,3.0,Afternoon,5.8366,True,1.062
HDEL003762,HORD003762,2018-02-06,2018-02-12,2018-02-10,AusPost,Standard,Delivered,0.0,True,64.0,8.31,none,6.0,9.0,Morning,4.1646,False,0.303
HDEL003763,HORD003763,2018-04-28,2018-05-03,2018-05-02,StarTrack,Standard,Delivered,0.0,True,68.0,9.07,none,5.0,4.0,Afternoon,5.1255,False,1.045
HDEL003764,HORD003764,2018-10-24,2018-10-27,2018-10-26,AusPost,Standard,Delivered,0.0,True,6.0,8.94,none,3.0,8.0,Afternoon,5.4734,True,0.559
HDEL003765,HORD003765,2018-03-17,2018-03-21,2018-03-20,StarTrack,Standard,Delivered,0.0,True,49.0,7.21,none,4.0,7.0,Anytime,3.4906,False,0.304
HDEL003766,HORD003766,2018-02-28,2018-03-04,2018-03-02,DHL,Standard,Delivered,0.0,True,3.0,8.8,none,4.0,6.0,Anytime,7.8594,False,0.414
HDEL003767,HORD003767,2018-03-02,2018-03-08,2018-03-09,Direct Freight,Standard,Delivered,1.0,False,64.0,9.51,warehouse_congestion,6.0,3.0,Anytime,4.573,True,0.921
HDEL003768,HORD003768,2018-10-07,2018-10-14,2018-10-13,StarTrack,Standard,Delivered,0.0,True,13.0,9.93,none,7.0,4.0,Afternoon,5.8366,True,0.581
HDEL003769,HORD003769,2018-03-12,2018-03-16,2018-03-15,DHL,Standard,Delivered,0.0,True,63.0,8.06,none,4.0,7.0,Afternoon,2.6716,True,0.84
HDEL003770,HORD003770,2018-03-20,2018-03-26,2018-03-26,Direct Freight,Standard,Delivered,0.0,True,55.0,11.42,none,6.0,7.0,Afternoon,8.8063,False,0.411
HDEL003771,HORD003771,2018-09-04,2018-09-10,2018-09-09,AusPost,Standard,Delivered,0.0,True,45.0,9.86,none,6.0,7.0,Afternoon,5.576,False,0.482
HDEL003772,HORD003772,2018-04-15,2018-04-19,2018-04-20,Direct Freight,Standard,Delivered,1.0,False,46.0,8.35,carrier_capacity,4.0,6.0,Morning,5.0456,True,0.54
HDEL003773,HORD003773,2018-03-13,2018-03-18,2018-03-16,AusPost,Standard,Delivered,0.0,True,68.0,8.5,none,5.0,4.0,Morning,4.1707,True,0.428
HDEL003774,HORD003774,2018-10-28,2018-11-01,2018-10-30,Direct Freight,Standard,Delivered,0.0,True,16.0,8.41,none,4.0,6.0,Afternoon,4.2942,True,0.402
HDEL003775,HORD003775,2018-01-08,2018-01-13,2018-01-18,DHL,Standard,Delivered,5.0,False,35.0,5.69,warehouse_congestion,5.0,9.0,Morning,0.243,True,0.272
HDEL003776,HORD003776,2018-06-03,2018-06-10,2018-06-08,StarTrack,Standard,Delivered,0.0,True,3.0,10.44,none,7.0,4.0,Morning,6.9271,True,0.565
HDEL003777,HORD003777,2018-09-15,2018-09-19,2018-09-19,StarTrack,Express,Delivered,0.0,True,52.0,14.84,none,4.0,8.0,Afternoon,5.2582,True,0.496
HDEL003778,HORD003778,2018-09-20,2018-09-23,2018-09-22,Direct Freight,Express,Delivered,0.0,True,14.0,13.29,none,3.0,8.0,Anytime,1.1842,False,0.27
HDEL003779,HORD003779,2018-04-26,2018-04-29,2018-04-27,AusPost,Standard,Delivered,0.0,True,36.0,9.39,none,3.0,7.0,Afternoon,5.0889,True,0.453
HDEL003780,HORD003780,2018-02-28,2018-03-04,2018-03-03,AusPost,Express,Delivered,0.0,True,70.0,16.01,none,4.0,4.0,Anytime,4.1841,True,0.423
HDEL003781,HORD003781,2018-09-24,2018-09-27,2018-09-25,DHL,Standard,Delivered,0.0,True,6.0,10.89,none,3.0,7.0,Anytime,6.0905,False,0.371
HDEL003782,HORD003782,2018-10-29,2018-11-03,2018-11-03,Direct Freight,Standard,Delivered,0.0,True,24.0,9.43,none,5.0,6.0,Anytime,4.5289,True,0.472
HDEL003783,HORD003783,2018-06-27,2018-07-03,2018-07-03,Direct Freight,Standard,Delivered,0.0,True,67.0,14.72,none,6.0,8.0,Anytime,7.6692,False,1.16
HDEL003784,HORD003784,2018-05-26,2018-05-31,2018-05-29,AusPost,Standard,Delivered,0.0,True,17.0,9.17,none,5.0,4.0,Afternoon,3.9556,False,0.338
HDEL003785,HORD003785,2018-07-31,2018-08-07,2018-08-11,DHL,Standard,Delivered,4.0,False,28.0,14.79,warehouse_congestion,7.0,3.0,Afternoon,7.7045,False,0.413
HDEL003786,HORD003786,2018-06-27,2018-07-01,2018-07-01,AusPost,Standard,Delivered,0.0,True,4.0,12.7,none,4.0,7.0,Anytime,5.8366,True,2.276
HDEL003787,HORD003787,2018-04-21,2018-04-25,2018-04-23,DHL,Standard,Delivered,0.0,True,64.0,7.32,none,4.0,8.0,Morning,4.6966,False,0.362
HDEL003788,HORD003788,2018-09-25,2018-09-29,2018-09-27,DHL,Standard,Delivered,0.0,True,39.0,6.72,none,4.0,3.0,Afternoon,1.6332,True,0.322
HDEL003789,HORD003789,2018-08-22,2018-08-25,2018-08-30,AusPost,Standard,Delivered,5.0,False,68.0,11.42,carrier_capacity,3.0,8.0,Anytime,6.9423,True,0.472
HDEL003790,HORD003790,2018-11-04,2018-11-10,2018-11-08,AusPost,Express,Delivered,0.0,True,17.0,21.16,none,6.0,5.0,Anytime,8.4899,False,0.508
HDEL003791,HORD003791,2018-04-05,2018-04-11,2018-04-09,Direct Freight,Standard,Delivered,0.0,True,57.0,9.91,none,6.0,9.0,Morning,6.2558,True,0.48
HDEL003792,HORD003792,2018-05-26,2018-05-30,2018-05-28,StarTrack,Standard,Delivered,0.0,True,28.0,9.09,none,4.0,3.0,Anytime,7.1137,True,0.38
HDEL003793,HORD003793,2018-02-28,2018-03-07,2018-03-11,DHL,Standard,Delivered,4.0,False,27.0,9.59,carrier_capacity,7.0,6.0,Morning,6.9407,False,0.436
HDEL003794,HORD003794,2018-01-28,2018-02-02,2018-01-31,DHL,Standard,Delivered,0.0,True,41.0,12.37,none,5.0,8.0,Anytime,8.3403,True,0.559
HDEL003795,HORD003795,2018-01-03,2018-01-06,2018-01-05,StarTrack,Standard,Delivered,0.0,True,26.0,9.84,none,3.0,4.0,Morning,4.6966,False,0.34
HDEL003796,HORD003796,2018-12-13,2018-12-16,2018-12-16,AusPost,Standard,Delivered,0.0,True,47.0,10.74,none,3.0,6.0,Anytime,8.8786,False,0.527
HDEL003797,HORD003797,2018-09-29,2018-10-02,2018-10-06,Direct Freight,Standard,Delivered,4.0,False,69.0,8.1,carrier_capacity,3.0,3.0,Anytime,4.8889,True,0.356
HDEL003798,HORD003798,2018-01-04,2018-01-07,2018-01-06,DHL,Standard,Delivered,0.0,True,49.0,7.63,none,3.0,5.0,Morning,2.8326,True,0.317
HDEL003799,HORD003799,2018-04-18,2018-04-21,2018-04-23,AusPost,Express,Delivered,2.0,False,71.0,15.47,carrier_capacity,3.0,3.0,Anytime,4.0307,True,0.408
HDEL003800,HORD003800,2018-08-29,2018-09-04,2018-09-03,Direct Freight,Standard,Delivered,0.0,True,39.0,8.81,none,6.0,7.0,Anytime,1.5241,True,0.376
HDEL003801,HORD003801,2018-06-12,2018-06-16,2018-06-15,Direct Freight,Standard,Delivered,0.0,True,25.0,13.83,none,4.0,4.0,Afternoon,6.6214,True,0.633
HDEL003802,HORD003802,2018-07-29,2018-08-05,2018-08-03,Direct Freight,Standard,Delivered,0.0,True,24.0,8.46,none,7.0,3.0,Afternoon,0.6581,True,0.284
HDEL003803,HORD003803,2018-08-29,2018-09-05,2018-09-05,Direct Freight,Express,Delivered,0.0,True,72.0,18.18,none,7.0,6.0,Anytime,2.9597,False,0.354
HDEL003804,HORD003804,2018-02-25,2018-03-01,2018-03-01,AusPost,Express,Delivered,0.0,True,60.0,18.1,none,4.0,6.0,Morning,6.369,True,0.396
HDEL003805,HORD003805,2018-10-08,2018-10-13,2018-10-12,Direct Freight,Standard,Delivered,0.0,True,31.0,10.75,none,5.0,4.0,Morning,6.3128,True,0.489
HDEL003806,HORD003806,2018-10-05,2018-10-10,2018-10-09,StarTrack,Standard,Delivered,0.0,True,70.0,9.0,none,5.0,5.0,Afternoon,6.2778,False,0.42
HDEL003807,HORD003807,2018-12-04,2018-12-07,2018-12-05,Direct Freight,Standard,Delivered,0.0,True,69.0,10.46,none,3.0,7.0,Anytime,8.5341,True,1.097
HDEL003808,HORD003808,2018-02-25,2018-03-04,2018-03-04,DHL,Standard,Delivered,0.0,True,41.0,9.41,none,7.0,8.0,Morning,6.2815,False,0.442
HDEL003809,HORD003809,2018-08-24,2018-08-31,2018-08-30,DHL,Standard,Delivered,0.0,True,43.0,9.31,none,7.0,3.0,Morning,2.9193,True,0.429
HDEL003810,HORD003810,2018-07-09,2018-07-16,2018-07-19,DHL,Standard,Delivered,3.0,False,30.0,13.66,carrier_capacity,7.0,4.0,Anytime,6.0753,True,1.266
HDEL003811,HORD003811,2018-08-04,2018-08-09,2018-08-09,AusPost,Standard,Delivered,0.0,True,65.0,10.46,none,5.0,8.0,Morning,7.1535,True,1.222
HDEL003812,HORD003812,2019-01-02,2019-01-06,2019-01-05,DHL,Standard,Delivered,0.0,True,53.0,7.81,none,4.0,5.0,Anytime,4.7792,True,0.629
HDEL003813,HORD003813,2018-04-20,2018-04-27,2018-04-25,AusPost,Standard,Delivered,0.0,True,40.0,11.01,none,7.0,7.0,Afternoon,7.8012,True,0.386
HDEL003814,HORD003814,2018-02-20,2018-02-26,2018-02-25,StarTrack,Standard,Delivered,0.0,True,68.0,8.23,none,6.0,7.0,Afternoon,3.7986,False,0.338
HDEL003815,HORD003815,2018-06-13,2018-06-19,2018-06-17,Direct Freight,Standard,Delivered,0.0,True,57.0,11.28,none,6.0,4.0,Anytime,5.5396,False,1.095
HDEL003816,HORD003816,2018-05-16,2018-05-22,2018-05-20,Direct Freight,Express,Delivered,0.0,True,49.0,20.7,none,6.0,8.0,Morning,6.3652,True,0.397
HDEL003817,HORD003817,2018-02-22,2018-02-26,2018-02-25,AusPost,Standard,Delivered,0.0,True,40.0,8.12,none,4.0,5.0,Afternoon,4.2014,True,0.365
HDEL003818,HORD003818,2018-09-28,2018-10-03,2018-10-01,DHL,Standard,Delivered,0.0,True,39.0,8.72,none,5.0,9.0,Anytime,7.353,True,1.639
HDEL003819,HORD003819,2018-12-31,2019-01-04,2019-01-02,DHL,Express,Delivered,0.0,True,48.0,14.42,none,4.0,8.0,Afternoon,5.0614,True,0.512
HDEL003820,HORD003820,2018-09-21,2018-09-28,2018-09-28,DHL,Standard,Delivered,0.0,True,28.0,8.26,none,7.0,5.0,Morning,5.9648,True,0.385
HDEL003821,HORD003821,2018-05-01,2018-05-07,2018-05-06,Direct Freight,Standard,Delivered,0.0,True,48.0,9.68,none,6.0,5.0,Morning,5.0903,False,0.383
HDEL003822,HORD003822,2018-06-03,2018-06-10,2018-06-09,Direct Freight,Standard,Delivered,0.0,True,7.0,10.76,none,7.0,7.0,Morning,2.6944,False,0.403
HDEL003823,HORD003823,2018-02-24,2018-03-01,2018-02-28,AusPost,Standard,Delivered,0.0,True,23.0,9.19,none,5.0,4.0,Afternoon,6.9271,True,1.02
HDEL003824,HORD003824,2018-11-24,2018-12-01,2018-12-01,StarTrack,Express,Delivered,0.0,True,12.0,19.97,none,7.0,5.0,Morning,5.3937,False,0.346
HDEL003825,HORD003825,2018-01-15,2018-01-19,2018-01-17,StarTrack,Standard,Delivered,0.0,True,54.0,10.4,none,4.0,9.0,Anytime,7.5338,True,0.652
HDEL003826,HORD003826,2018-01-17,2018-01-24,2018-01-23,AusPost,Express,Delivered,0.0,True,27.0,19.35,none,7.0,8.0,Morning,5.2041,False,0.385
HDEL003827,HORD003827,2018-06-16,2018-06-20,2018-06-19,DHL,Standard,Delivered,0.0,True,62.0,12.46,none,4.0,6.0,Afternoon,7.7742,False,0.589
HDEL003828,HORD003828,2018-08-10,2018-08-14,2018-08-12,Direct Freight,Standard,Delivered,0.0,True,27.0,9.99,none,4.0,7.0,Afternoon,6.2778,True,0.876
HDEL003829,HORD003829,2018-01-17,2018-01-23,2018-01-28,Direct Freight,Standard,Delivered,5.0,False,10.0,9.65,carrier_capacity,6.0,6.0,Anytime,5.6715,True,0.997
HDEL003830,HORD003830,2018-04-05,2018-04-09,2018-04-09,StarTrack,Standard,Delivered,0.0,True,20.0,6.66,none,4.0,8.0,Morning,3.727,True,0.422
HDEL003831,HORD003831,2018-09-22,2018-09-27,2018-09-25,StarTrack,Express,Delivered,0.0,True,18.0,17.89,none,5.0,4.0,Afternoon,6.6114,True,0.399
HDEL003832,HORD003832,2018-06-17,2018-06-21,2018-06-19,Direct Freight,Standard,Delivered,0.0,True,70.0,6.81,none,4.0,4.0,Anytime,0.2025,True,0.909
HDEL003833,HORD003833,2018-04-17,2018-04-21,2018-04-20,DHL,Standard,Delivered,0.0,True,72.0,7.85,none,4.0,3.0,Morning,4.8422,True,1.063
HDEL003834,HORD003834,2018-04-28,2018-05-01,2018-04-29,DHL,Standard,Delivered,0.0,True,39.0,7.19,none,3.0,6.0,Morning,4.2256,True,0.331
HDEL003835,HORD003835,2018-09-26,2018-10-02,2018-09-30,DHL,Standard,Delivered,0.0,True,46.0,7.6,none,6.0,9.0,Anytime,2.3496,False,0.262
HDEL003836,HORD003836,2018-09-01,2018-09-05,2018-09-03,Direct Freight,Standard,Delivered,0.0,True,40.0,13.56,none,4.0,8.0,Afternoon,5.9106,True,1.21
HDEL003837,HORD003837,2018-04-27,2018-05-01,2018-04-29,AusPost,Standard,Delivered,0.0,True,35.0,8.59,none,4.0,4.0,Anytime,7.7275,True,1.375
HDEL003838,HORD003838,2018-12-07,2018-12-10,2018-12-10,StarTrack,Standard,Delivered,0.0,True,39.0,11.86,none,3.0,7.0,Morning,9.2495,True,0.737
HDEL003839,HORD003839,2018-01-06,2018-01-13,2018-01-13,AusPost,Standard,Delivered,0.0,True,28.0,7.07,none,7.0,6.0,Afternoon,2.2975,True,0.868
HDEL003840,HORD003840,2018-03-23,2018-03-26,2018-03-26,Direct Freight,Standard,Delivered,0.0,True,37.0,7.6,none,3.0,6.0,Morning,2.216,False,0.367
HDEL003841,HORD003841,2018-01-08,2018-01-12,2018-01-12,AusPost,Standard,Delivered,0.0,True,13.0,9.96,none,4.0,6.0,Morning,8.3268,False,0.492
HDEL003842,HORD003842,2018-06-07,2018-06-14,2018-06-13,Direct Freight,Standard,Delivered,0.0,True,72.0,11.11,none,7.0,5.0,Anytime,4.4822,False,0.407
HDEL003843,HORD003843,2018-07-12,2018-07-16,2018-07-14,StarTrack,Standard,Delivered,0.0,True,54.0,9.7,none,4.0,9.0,Anytime,5.0614,True,0.868
HDEL003844,HORD003844,2018-08-27,2018-09-03,2018-09-02,DHL,Standard,Delivered,0.0,True,41.0,15.0,none,7.0,9.0,Afternoon,7.5164,True,1.185
HDEL003845,HORD003845,2018-04-01,2018-04-05,2018-04-03,AusPost,Standard,Delivered,0.0,True,26.0,5.66,none,4.0,5.0,Anytime,1.9834,True,0.375
HDEL003846,HORD003846,2018-08-31,2018-09-07,2018-09-05,AusPost,Express,Delivered,0.0,True,62.0,26.98,none,7.0,6.0,Afternoon,8.8063,True,1.245
HDEL003847,HORD003847,2019-01-02,2019-01-06,2019-01-04,AusPost,Standard,Delivered,0.0,True,47.0,10.77,none,4.0,4.0,Morning,7.4907,True,1.158
HDEL003848,HORD003848,2018-07-10,2018-07-15,2018-07-20,StarTrack,Standard,Delivered,5.0,False,69.0,8.44,warehouse_congestion,5.0,9.0,Morning,1.1842,True,0.366
HDEL003849,HORD003849,2018-01-27,2018-02-03,2018-02-03,DHL,Standard,Delivered,0.0,True,73.0,10.54,none,7.0,7.0,Morning,7.4924,False,1.211
HDEL003850,HORD003850,2018-12-15,2018-12-22,2018-12-23,AusPost,Standard,Delivered,1.0,False,62.0,10.4,carrier_capacity,7.0,4.0,Anytime,7.7035,True,0.604
HDEL003851,HORD003851,2018-06-04,2018-06-08,2018-06-08,AusPost,Standard,Delivered,0.0,True,65.0,12.13,none,4.0,4.0,Morning,4.4785,True,1.858
HDEL003852,HORD003852,2018-10-31,2018-11-04,2018-11-05,DHL,Standard,Delivered,1.0,False,24.0,9.91,warehouse_congestion,4.0,6.0,Anytime,5.6715,True,1.18
HDEL003853,HORD003853,2018-10-31,2018-11-03,2018-11-03,Direct Freight,Standard,Delivered,0.0,True,5.0,8.06,none,3.0,8.0,Anytime,4.6966,True,0.489
HDEL003854,HORD003854,2018-06-29,2018-07-05,2018-07-05,StarTrack,Standard,Delivered,0.0,True,70.0,11.83,none,6.0,3.0,Anytime,3.7703,False,0.534
HDEL003855,HORD003855,2018-02-18,2018-02-24,2018-02-22,AusPost,Standard,Delivered,0.0,True,42.0,8.49,none,6.0,8.0,Morning,5.6896,True,0.663
HDEL003856,HORD003856,2018-11-21,2018-11-26,2018-11-25,AusPost,Express,Delivered,0.0,True,72.0,15.64,none,5.0,7.0,Anytime,3.89,True,0.57
HDEL003857,HORD003857,2018-07-24,2018-07-27,2018-07-27,DHL,Standard,Delivered,0.0,True,24.0,9.02,none,3.0,6.0,Anytime,1.0859,False,0.233
HDEL003858,HORD003858,2018-01-22,2018-01-28,2018-01-31,Direct Freight,Standard,Delivered,3.0,False,45.0,7.37,warehouse_congestion,6.0,8.0,Afternoon,4.2014,True,0.998
HDEL003859,HORD003859,2018-06-18,2018-06-25,2018-06-24,Direct Freight,Standard,Delivered,0.0,True,60.0,10.55,none,7.0,6.0,Afternoon,6.4246,True,0.683
HDEL003860,HORD003860,2018-02-02,2018-02-06,2018-02-05,AusPost,Standard,Delivered,0.0,True,57.0,6.67,none,4.0,6.0,Afternoon,1.0315,True,0.343
HDEL003861,HORD003861,2018-01-18,2018-01-23,2018-01-28,StarTrack,Standard,Delivered,5.0,False,59.0,9.35,carrier_capacity,5.0,4.0,Anytime,4.9806,True,0.441
HDEL003862,HORD003862,2018-12-12,2018-12-16,2018-12-20,DHL,Standard,Delivered,4.0,False,67.0,11.68,warehouse_congestion,4.0,7.0,Morning,7.7035,True,1.043
HDEL003863,HORD003863,2018-08-21,2018-08-26,2018-08-25,DHL,Standard,Delivered,0.0,True,43.0,9.14,none,5.0,4.0,Afternoon,4.2256,True,0.393
HDEL003864,HORD003864,2018-03-01,2018-03-05,2018-03-10,AusPost,Standard,Delivered,5.0,False,42.0,9.97,warehouse_congestion,4.0,6.0,Morning,7.7961,False,0.551
HDEL003865,HORD003865,2018-01-11,2018-01-15,2018-01-17,StarTrack,Standard,Delivered,2.0,False,34.0,11.18,carrier_capacity,4.0,5.0,Afternoon,8.5318,False,0.432
HDEL003866,HORD003866,2018-10-29,2018-11-01,2018-10-30,DHL,Express,Delivered,0.0,True,32.0,15.96,none,3.0,7.0,Afternoon,5.2041,True,0.603
HDEL003867,HORD003867,2018-03-06,2018-03-10,2018-03-08,DHL,Standard,Delivered,0.0,True,57.0,10.92,none,4.0,3.0,Morning,7.0295,False,0.366
HDEL003868,HORD003868,2018-03-08,2018-03-14,2018-03-14,DHL,Standard,Delivered,0.0,True,6.0,8.31,none,6.0,8.0,Morning,4.7792,True,0.435
HDEL003869,HORD003869,2018-02-09,2018-02-14,2018-02-14,DHL,Standard,Delivered,0.0,True,58.0,10.77,none,5.0,7.0,Morning,6.4246,True,1.03
HDEL003870,HORD003870,2018-09-14,2018-09-21,2018-09-19,StarTrack,Standard,Delivered,0.0,True,73.0,10.85,none,7.0,3.0,Afternoon,6.0905,True,0.999
HDEL003871,HORD003871,2018-10-31,2018-11-06,2018-11-04,DHL,Standard,Delivered,0.0,True,41.0,6.56,none,6.0,8.0,Anytime,1.5241,True,0.455
HDEL003872,HORD003872,2018-12-18,2018-12-22,2018-12-21,DHL,Standard,Delivered,0.0,True,59.0,8.61,none,4.0,5.0,Anytime,6.972,True,1.131
HDEL003873,HORD003873,2019-01-03,2019-01-10,2019-01-09,DHL,Standard,Delivered,0.0,True,73.0,10.86,none,7.0,6.0,Morning,7.0268,False,0.432
HDEL003874,HORD003874,2018-03-17,2018-03-20,2018-03-18,DHL,Express,Delivered,0.0,True,21.0,17.11,none,3.0,6.0,Afternoon,3.2287,False,0.364
HDEL003875,HORD003875,2018-07-09,2018-07-14,2018-07-13,StarTrack,Standard,Delivered,0.0,True,2.0,11.34,none,5.0,4.0,Anytime,7.0202,True,1.544
HDEL003876,HORD003876,2018-05-15,2018-05-19,2018-05-18,Direct Freight,Express,Delivered,0.0,True,59.0,13.73,none,4.0,4.0,Anytime,3.7755,True,0.451
HDEL003877,HORD003877,2018-05-28,2018-06-03,2018-06-01,DHL,Standard,Delivered,0.0,True,19.0,7.34,none,6.0,4.0,Morning,4.213,True,0.443
HDEL003878,HORD003878,2018-10-01,2018-10-04,2018-10-08,AusPost,Standard,Delivered,4.0,False,65.0,6.83,carrier_capacity,3.0,5.0,Afternoon,3.0513,True,0.356
HDEL003879,HORD003879,2018-02-20,2018-02-26,2018-02-24,DHL,Standard,Delivered,0.0,True,5.0,6.63,none,6.0,9.0,Anytime,1.4115,True,0.335
HDEL003880,HORD003880,2018-08-05,2018-08-10,2018-08-10,DHL,Standard,Delivered,0.0,True,3.0,9.31,none,5.0,6.0,Anytime,3.241,True,0.376
HDEL003881,HORD003881,2018-12-19,2018-12-23,2018-12-21,DHL,Standard,Delivered,0.0,True,7.0,11.9,none,4.0,8.0,Afternoon,7.7528,True,0.499
HDEL003882,HORD003882,2018-01-09,2018-01-16,2018-01-19,DHL,Standard,Delivered,3.0,False,23.0,9.37,weather,7.0,7.0,Morning,4.213,False,0.428
HDEL003883,HORD003883,2018-04-26,2018-04-30,2018-04-30,StarTrack,Standard,Delivered,0.0,True,10.0,5.2,none,4.0,7.0,Anytime,0.6581,True,0.339
HDEL003884,HORD003884,2018-12-18,2018-12-25,2018-12-25,AusPost,Standard,Delivered,0.0,True,71.0,10.13,none,7.0,7.0,Morning,8.3283,True,0.511
HDEL003885,HORD003885,2018-12-11,2018-12-18,2018-12-17,AusPost,Standard,Delivered,0.0,True,7.0,12.17,none,7.0,5.0,Anytime,9.0951,True,0.478
HDEL003886,HORD003886,2018-12-31,2019-01-07,2019-01-05,AusPost,Standard,Delivered,0.0,True,49.0,10.16,none,7.0,4.0,Afternoon,5.2894,False,0.367
HDEL003887,HORD003887,2018-11-05,2018-11-09,2018-11-07,StarTrack,Standard,Delivered,0.0,True,71.0,9.75,none,4.0,4.0,Anytime,8.7478,True,0.586
HDEL003888,HORD003888,2018-01-07,2018-01-10,2018-01-10,Direct Freight,Standard,Delivered,0.0,True,10.0,9.67,none,3.0,5.0,Afternoon,5.1067,True,0.382
HDEL003889,HORD003889,2018-12-01,2018-12-07,2018-12-06,StarTrack,Express,Delivered,0.0,True,70.0,13.75,none,6.0,6.0,Afternoon,4.2688,True,0.438
HDEL003890,HORD003890,2018-03-25,2018-04-01,2018-03-30,Direct Freight,Standard,Delivered,0.0,True,57.0,9.08,none,7.0,7.0,Morning,5.6183,False,0.35
HDEL003891,HORD003891,2018-10-24,2018-10-31,2018-10-29,Direct Freight,Standard,Delivered,0.0,True,8.0,6.38,none,7.0,8.0,Anytime,3.0513,False,0.315
HDEL003892,HORD003892,2018-03-29,2018-04-05,2018-04-04,StarTrack,Standard,Delivered,0.0,True,31.0,7.23,none,7.0,4.0,Morning,3.727,False,0.331
HDEL003893,HORD003893,2018-08-04,2018-08-11,2018-08-09,StarTrack,Standard,Delivered,0.0,True,4.0,15.07,none,7.0,6.0,Morning,7.7742,False,0.496
HDEL003894,HORD003894,2018-08-25,2018-08-30,2018-08-30,StarTrack,Standard,Delivered,0.0,True,71.0,13.1,none,5.0,7.0,Morning,8.1783,True,0.485
HDEL003895,HORD003895,2018-09-28,2018-10-05,2018-10-05,AusPost,Standard,Delivered,0.0,True,64.0,8.55,none,7.0,8.0,Afternoon,6.1287,True,0.387
HDEL003896,HORD003896,2018-06-16,2018-06-22,2018-06-22,DHL,Standard,Delivered,0.0,True,48.0,15.21,none,6.0,7.0,Afternoon,9.458,True,0.695
HDEL003897,HORD003897,2018-04-10,2018-04-14,2018-04-13,AusPost,Standard,Delivered,0.0,True,14.0,8.16,none,4.0,9.0,Anytime,4.2014,False,0.942
HDEL003898,HORD003898,2018-08-26,2018-08-31,2018-08-29,StarTrack,Express,Delivered,0.0,True,22.0,19.87,none,5.0,7.0,Afternoon,6.9753,True,0.434
HDEL003899,HORD003899,2018-05-24,2018-05-30,2018-05-28,DHL,Standard,Delivered,0.0,True,41.0,6.31,none,6.0,3.0,Morning,2.5674,True,0.323
HDEL003900,HORD003900,2018-06-03,2018-06-06,2018-06-05,DHL,Standard,Delivered,0.0,True,71.0,12.14,none,3.0,5.0,Afternoon,7.996,False,0.438
HDEL003901,HORD003901,2018-03-16,2018-03-21,2018-03-19,StarTrack,Standard,Delivered,0.0,True,70.0,10.61,none,5.0,4.0,Morning,7.4924,True,0.53
HDEL003902,HORD003902,2018-09-12,2018-09-15,2018-09-19,Direct Freight,Express,Delivered,4.0,False,31.0,21.76,weather,3.0,6.0,Afternoon,7.8949,False,0.406
HDEL003903,HORD003903,2018-10-20,2018-10-24,2018-10-24,StarTrack,Standard,Delivered,0.0,True,54.0,9.88,none,4.0,9.0,Anytime,6.3388,False,0.36
HDEL003904,HORD003904,2018-08-20,2018-08-24,2018-08-22,Direct Freight,Standard,Delivered,0.0,True,18.0,14.33,none,4.0,6.0,Afternoon,7.412,True,0.492
HDEL003905,HORD003905,2018-04-04,2018-04-09,2018-04-09,AusPost,Standard,Delivered,0.0,True,11.0,8.09,none,5.0,3.0,Morning,2.3052,False,0.301
HDEL003906,HORD003906,2018-09-28,2018-10-05,2018-10-03,Direct Freight,Express,Delivered,0.0,True,42.0,19.16,none,7.0,6.0,Morning,5.0545,True,0.426
HDEL003907,HORD003907,2018-02-28,2018-03-04,2018-03-02,Direct Freight,Express,Delivered,0.0,True,72.0,17.65,none,4.0,5.0,Afternoon,5.5898,True,1.227
HDEL003908,HORD003908,2018-08-15,2018-08-20,2018-08-20,DHL,Standard,Delivered,0.0,True,71.0,11.7,none,5.0,6.0,Afternoon,3.9883,True,0.476
HDEL003909,HORD003909,2018-11-13,2018-11-16,2018-11-14,Direct Freight,Standard,Delivered,0.0,True,70.0,7.02,none,3.0,3.0,Afternoon,3.94,False,0.459
HDEL003910,HORD003910,2018-06-22,2018-06-27,2018-07-02,Direct Freight,Standard,Delivered,5.0,False,50.0,8.64,weather,5.0,9.0,Anytime,1.5642,True,0.399
HDEL003911,HORD003911,2018-05-07,2018-05-11,2018-05-09,StarTrack,Standard,Delivered,0.0,True,7.0,10.32,none,4.0,8.0,Morning,5.576,False,0.401
HDEL003912,HORD003912,2018-01-31,2018-02-04,2018-02-02,StarTrack,Standard,Delivered,0.0,True,24.0,7.57,none,4.0,6.0,Afternoon,4.2429,True,0.669
HDEL003913,HORD003913,2018-01-22,2018-01-28,2018-01-31,StarTrack,Standard,Delivered,3.0,False,28.0,10.7,warehouse_congestion,6.0,3.0,Afternoon,6.3782,False,0.373
HDEL003914,HORD003914,2018-02-23,2018-02-27,2018-02-26,Direct Freight,Standard,Delivered,0.0,True,67.0,11.53,none,4.0,5.0,Afternoon,7.1589,True,0.968
HDEL003915,HORD003915,2018-07-23,2018-07-26,2018-07-26,Direct Freight,Standard,Delivered,0.0,True,32.0,9.23,none,3.0,3.0,Morning,4.2942,False,0.364
HDEL003916,HORD003916,2018-12-15,2018-12-20,2018-12-18,StarTrack,Express,Delivered,0.0,True,43.0,18.89,none,5.0,3.0,Afternoon,6.972,False,0.474
HDEL003917,HORD003917,2018-09-05,2018-09-11,2018-09-10,Direct Freight,Standard,Delivered,0.0,True,54.0,9.48,none,6.0,7.0,Afternoon,5.0889,True,1.235
HDEL003918,HORD003918,2018-05-25,2018-05-28,2018-05-26,AusPost,Standard,Delivered,0.0,True,55.0,7.14,none,3.0,8.0,Afternoon,1.5241,True,0.504
HDEL003919,HORD003919,2018-11-28,2018-12-04,2018-12-02,DHL,Standard,Delivered,0.0,True,3.0,8.28,none,6.0,5.0,Anytime,3.4906,True,1.102
HDEL003920,HORD003920,2018-09-26,2018-10-03,2018-10-01,Direct Freight,Standard,Delivered,0.0,True,51.0,6.01,none,7.0,4.0,Afternoon,1.0328,True,0.406
HDEL003921,HORD003921,2018-11-13,2018-11-18,2018-11-17,AusPost,Standard,Delivered,0.0,True,70.0,8.42,none,5.0,8.0,Anytime,4.0031,True,1.291
HDEL003922,HORD003922,2018-09-07,2018-09-10,2018-09-10,AusPost,Standard,Delivered,0.0,True,62.0,8.45,none,3.0,8.0,Anytime,5.9319,False,0.397
HDEL003923,HORD003923,2018-09-18,2018-09-24,2018-09-22,DHL,Standard,Delivered,0.0,True,22.0,7.36,none,6.0,5.0,Afternoon,3.3718,True,0.555
HDEL003924,HORD003924,2018-10-30,2018-11-04,2018-11-06,AusPost,Standard,Delivered,2.0,False,48.0,8.68,weather,5.0,6.0,Morning,7.5171,True,0.682
HDEL003925,HORD003925,2018-06-27,2018-06-30,2018-06-30,Direct Freight,Standard,Delivered,0.0,True,49.0,12.82,none,3.0,3.0,Anytime,5.7284,True,0.499
HDEL003926,HORD003926,2018-07-28,2018-08-03,2018-08-02,StarTrack,Standard,Delivered,0.0,True,7.0,10.65,none,6.0,9.0,Anytime,5.6443,True,0.561
HDEL003927,HORD003927,2018-09-27,2018-10-02,2018-10-02,DHL,Express,Delivered,0.0,True,48.0,18.91,none,5.0,4.0,Anytime,5.268,True,0.615
HDEL003928,HORD003928,2018-03-28,2018-04-02,2018-04-02,AusPost,Standard,Delivered,0.0,True,20.0,6.94,none,5.0,4.0,Anytime,0.919,False,0.391
HDEL003929,HORD003929,2018-12-05,2018-12-10,2018-12-08,Direct Freight,Standard,Delivered,0.0,True,31.0,10.9,none,5.0,4.0,Afternoon,5.5612,False,0.445
HDEL003930,HORD003930,2018-03-01,2018-03-06,2018-03-04,Direct Freight,Standard,Delivered,0.0,True,29.0,10.41,none,5.0,3.0,Morning,6.0658,True,0.54
HDEL003931,HORD003931,2018-10-02,2018-10-06,2018-10-04,StarTrack,Standard,Delivered,0.0,True,28.0,10.54,none,4.0,4.0,Afternoon,7.1142,False,0.474
HDEL003932,HORD003932,2018-06-23,2018-06-28,2018-06-26,Direct Freight,Express,Delivered,0.0,True,25.0,19.77,none,5.0,4.0,Afternoon,3.7018,True,1.124
HDEL003933,HORD003933,2018-05-29,2018-06-02,2018-05-31,AusPost,Standard,Delivered,0.0,True,41.0,8.1,none,4.0,3.0,Anytime,5.3006,False,0.327
HDEL003934,HORD003934,2018-04-07,2018-04-14,2018-04-13,AusPost,Standard,Delivered,0.0,True,31.0,11.26,none,7.0,3.0,Afternoon,8.3368,True,0.629
HDEL003935,HORD003935,2018-11-20,2018-11-27,2018-11-27,Direct Freight,Standard,Delivered,0.0,True,21.0,8.39,none,7.0,8.0,Morning,6.9799,True,0.66
HDEL003936,HORD003936,2018-08-09,2018-08-13,2018-08-11,StarTrack,Standard,Delivered,0.0,True,45.0,10.44,none,4.0,8.0,Afternoon,6.16,False,0.383
HDEL003937,HORD003937,2018-01-25,2018-01-29,2018-01-31,StarTrack,Standard,Delivered,2.0,False,44.0,8.32,carrier_capacity,4.0,7.0,Morning,6.1569,True,0.421
HDEL003938,HORD003938,2018-01-28,2018-01-31,2018-01-30,AusPost,Standard,Delivered,0.0,True,68.0,10.58,none,3.0,5.0,Morning,6.063,True,0.529
HDEL003939,HORD003939,2018-07-15,2018-07-19,2018-07-19,Direct Freight,Standard,Delivered,0.0,True,8.0,8.58,none,4.0,8.0,Anytime,1.3091,True,0.467
HDEL003940,HORD003940,2018-04-06,2018-04-13,2018-04-12,StarTrack,Standard,Delivered,0.0,True,15.0,5.09,none,7.0,7.0,Morning,1.0328,False,0.218
HDEL003941,HORD003941,2018-04-10,2018-04-17,2018-04-16,Direct Freight,Standard,Delivered,0.0,True,70.0,9.42,none,7.0,5.0,Afternoon,4.6342,True,0.337
HDEL003942,HORD003942,2018-06-02,2018-06-09,2018-06-08,DHL,Standard,Delivered,0.0,True,13.0,10.4,none,7.0,6.0,Afternoon,5.1273,True,0.647
HDEL003943,HORD003943,2018-08-15,2018-08-18,2018-08-18,AusPost,Standard,Delivered,0.0,True,71.0,10.12,none,3.0,8.0,Morning,6.3128,False,0.351
HDEL003944,HORD003944,2018-05-30,2018-06-02,2018-05-31,AusPost,Standard,Delivered,0.0,True,19.0,9.07,none,3.0,8.0,Anytime,5.9106,True,0.372
HDEL003945,HORD003945,2018-08-13,2018-08-18,2018-08-21,Direct Freight,Standard,Delivered,3.0,False,39.0,9.52,carrier_capacity,5.0,7.0,Morning,2.6716,False,0.307
HDEL003946,HORD003946,2018-02-23,2018-03-01,2018-03-01,AusPost,Standard,Delivered,0.0,True,20.0,7.54,none,6.0,8.0,Morning,0.5576,True,0.309
HDEL003947,HORD003947,2018-05-08,2018-05-14,2018-05-13,AusPost,Standard,Delivered,0.0,True,71.0,7.3,none,6.0,6.0,Afternoon,1.6352,False,0.365
HDEL003948,HORD003948,2018-04-16,2018-04-22,2018-04-21,Direct Freight,Standard,Delivered,0.0,True,62.0,6.69,none,6.0,3.0,Afternoon,3.9152,True,1.201
HDEL003949,HORD003949,2018-12-06,2018-12-12,2018-12-10,Direct Freight,Express,Delivered,0.0,True,58.0,16.4,none,6.0,9.0,Afternoon,4.4695,False,0.368
HDEL003950,HORD003950,2018-09-15,2018-09-22,2018-09-21,StarTrack,Standard,Delivered,0.0,True,38.0,9.41,none,7.0,8.0,Morning,7.468,True,0.416
HDEL003951,HORD003951,2018-02-13,2018-02-19,2018-02-18,DHL,Standard,Delivered,0.0,True,16.0,9.4,none,6.0,5.0,Anytime,7.0974,True,0.438
HDEL003952,HORD003952,2018-07-22,2018-07-29,2018-07-30,StarTrack,Standard,Delivered,1.0,False,22.0,11.45,weather,7.0,6.0,Afternoon,6.7151,False,0.52
HDEL003953,HORD003953,2018-05-29,2018-06-03,2018-06-01,StarTrack,Standard,Delivered,0.0,True,35.0,9.23,none,5.0,4.0,Afternoon,5.9294,True,0.439
HDEL003954,HORD003954,2018-07-16,2018-07-22,2018-07-22,DHL,Standard,Delivered,0.0,True,38.0,12.98,none,6.0,6.0,Afternoon,5.672,False,0.475
HDEL003955,HORD003955,2018-08-11,2018-08-14,2018-08-17,Direct Freight,Standard,Delivered,3.0,False,65.0,8.74,carrier_capacity,3.0,4.0,Afternoon,3.9883,False,0.397
HDEL003956,HORD003956,2018-03-13,2018-03-17,2018-03-15,DHL,Standard,Delivered,0.0,True,43.0,10.98,none,4.0,8.0,Afternoon,7.6829,False,0.435
HDEL003957,HORD003957,2018-01-21,2018-01-28,2018-01-26,DHL,Standard,Delivered,0.0,True,48.0,8.59,none,7.0,3.0,Anytime,4.2014,True,0.398
HDEL003958,HORD003958,2018-07-04,2018-07-11,2018-07-09,DHL,Standard,Delivered,0.0,True,17.0,11.07,none,7.0,9.0,Morning,6.9271,True,0.878
HDEL003959,HORD003959,2018-11-07,2018-11-14,2018-11-12,DHL,Standard,Delivered,0.0,True,3.0,8.08,none,7.0,3.0,Afternoon,5.5057,True,1.234
HDEL003960,HORD003960,2018-01-17,2018-01-24,2018-01-23,AusPost,Standard,Delivered,0.0,True,24.0,9.06,none,7.0,8.0,Morning,6.2815,False,0.435
HDEL003961,HORD003961,2018-04-26,2018-05-01,2018-04-29,DHL,Standard,Delivered,0.0,True,55.0,9.42,none,5.0,6.0,Morning,6.5607,True,0.504
HDEL003962,HORD003962,2018-06-13,2018-06-17,2018-06-16,DHL,Standard,Delivered,0.0,True,56.0,10.08,none,4.0,6.0,Anytime,6.1287,True,0.651
HDEL003963,HORD003963,2018-02-15,2018-02-20,2018-02-18,StarTrack,Standard,Delivered,0.0,True,38.0,7.13,none,5.0,3.0,Afternoon,1.4457,False,0.324
HDEL003964,HORD003964,2018-06-08,2018-06-15,2018-06-15,StarTrack,Standard,Delivered,0.0,True,10.0,14.12,none,7.0,4.0,Afternoon,7.7113,False,0.422
HDEL003965,HORD003965,2018-11-24,2018-11-28,2018-11-26,Direct Freight,Standard,Delivered,0.0,True,53.0,10.01,none,4.0,9.0,Morning,8.7478,True,0.666
HDEL003966,HORD003966,2018-03-31,2018-04-07,2018-04-06,DHL,Standard,Delivered,0.0,True,62.0,9.48,none,7.0,8.0,Afternoon,8.088,True,0.566
HDEL003967,HORD003967,2018-03-15,2018-03-19,2018-03-19,StarTrack,Standard,Delivered,0.0,True,64.0,13.29,none,4.0,4.0,Afternoon,10.0361,True,0.574
HDEL003968,HORD003968,2018-02-10,2018-02-16,2018-02-14,AusPost,Standard,Delivered,0.0,True,33.0,9.2,none,6.0,6.0,Morning,3.4729,True,0.45
HDEL003969,HORD003969,2018-03-09,2018-03-15,2018-03-16,AusPost,Standard,Delivered,1.0,False,46.0,7.19,weather,6.0,7.0,Afternoon,1.4259,False,0.273
HDEL003970,HORD003970,2018-02-08,2018-02-14,2018-02-17,StarTrack,Standard,Delivered,3.0,False,62.0,10.73,warehouse_congestion,6.0,6.0,Morning,6.9719,True,1.099
HDEL003971,HORD003971,2018-06-24,2018-06-27,2018-06-25,AusPost,Standard,Delivered,0.0,True,20.0,14.73,none,3.0,8.0,Afternoon,7.1722,True,0.658
HDEL003972,HORD003972,2018-03-21,2018-03-27,2018-03-25,DHL,Standard,Delivered,0.0,True,51.0,9.27,none,6.0,5.0,Anytime,5.4097,True,0.466
HDEL003973,HORD003973,2018-04-05,2018-04-12,2018-04-11,Direct Freight,Standard,Delivered,0.0,True,12.0,11.18,none,7.0,5.0,Anytime,8.5452,False,0.497
HDEL003974,HORD003974,2018-07-11,2018-07-18,2018-07-17,DHL,Standard,Delivered,0.0,True,17.0,9.64,none,7.0,3.0,Afternoon,2.16,False,0.423
HDEL003975,HORD003975,2018-07-17,2018-07-24,2018-07-23,AusPost,Standard,Delivered,0.0,True,46.0,11.62,none,7.0,3.0,Afternoon,7.0268,True,0.597
HDEL003976,HORD003976,2018-05-23,2018-05-27,2018-05-26,DHL,Standard,Delivered,0.0,True,61.0,6.37,none,4.0,6.0,Morning,0.6581,False,0.216
HDEL003977,HORD003977,2018-11-07,2018-11-10,2018-11-09,Direct Freight,Standard,Delivered,0.0,True,29.0,6.62,none,3.0,5.0,Afternoon,3.5071,True,0.37
HDEL003978,HORD003978,2018-12-31,2019-01-06,2019-01-06,StarTrack,Express,Delivered,0.0,True,7.0,15.63,none,6.0,4.0,Anytime,2.216,True,0.429
HDEL003979,HORD003979,2018-08-23,2018-08-30,2018-08-30,StarTrack,Standard,Delivered,0.0,True,45.0,11.64,none,7.0,9.0,Anytime,6.8779,True,0.903
HDEL003980,HORD003980,2018-10-05,2018-10-10,2018-10-09,StarTrack,Express,Delivered,0.0,True,25.0,18.4,none,5.0,9.0,Anytime,4.175,True,0.365
HDEL003981,HORD003981,2018-10-14,2018-10-18,2018-10-17,DHL,Express,Delivered,0.0,True,39.0,14.66,none,4.0,7.0,Anytime,5.4408,True,0.495
HDEL003982,HORD003982,2018-03-13,2018-03-20,2018-03-19,AusPost,Standard,Delivered,0.0,True,63.0,11.35,none,7.0,5.0,Morning,9.2213,True,0.596
HDEL003983,HORD003983,2018-10-30,2018-11-06,2018-11-06,AusPost,Standard,Delivered,0.0,True,17.0,8.41,none,7.0,7.0,Morning,4.2699,True,1.152
HDEL003984,HORD003984,2018-04-19,2018-04-22,2018-04-23,Direct Freight,Standard,Delivered,1.0,False,66.0,7.43,carrier_capacity,3.0,8.0,Morning,3.967,False,0.288
HDEL003985,HORD003985,2018-05-15,2018-05-22,2018-05-22,Direct Freight,Standard,Delivered,0.0,True,5.0,8.78,none,7.0,6.0,Anytime,4.4985,True,0.516
HDEL003986,HORD003986,2018-10-20,2018-10-23,2018-10-28,DHL,Standard,Delivered,5.0,False,44.0,10.18,weather,3.0,9.0,Anytime,8.9244,True,0.585
HDEL003987,HORD003987,2018-12-24,2018-12-31,2018-12-31,DHL,Standard,Delivered,0.0,True,52.0,7.9,none,7.0,8.0,Anytime,1.6376,False,0.257
HDEL003988,HORD003988,2018-07-26,2018-07-29,2018-07-28,StarTrack,Standard,Delivered,0.0,True,33.0,9.79,none,3.0,5.0,Afternoon,5.5917,True,0.385
HDEL003989,HORD003989,2018-07-25,2018-08-01,2018-08-05,StarTrack,Standard,Delivered,4.0,False,58.0,11.47,carrier_capacity,7.0,8.0,Anytime,7.1722,True,0.461
HDEL003990,HORD003990,2018-02-13,2018-02-18,2018-02-18,DHL,Express,Delivered,0.0,True,65.0,14.01,none,5.0,6.0,Afternoon,5.0681,True,0.998
HDEL003991,HORD003991,2018-02-21,2018-02-26,2018-02-26,DHL,Standard,Delivered,0.0,True,55.0,9.93,none,5.0,8.0,Anytime,6.6214,True,0.485
HDEL003992,HORD003992,2018-09-15,2018-09-19,2018-09-17,Direct Freight,Standard,Delivered,0.0,True,30.0,11.13,none,4.0,6.0,Morning,7.9077,True,1.186
HDEL003993,HORD003993,2018-04-22,2018-04-28,2018-04-26,AusPost,Standard,Delivered,0.0,True,66.0,9.24,none,6.0,4.0,Morning,7.0268,True,0.523
HDEL003994,HORD003994,2018-09-04,2018-09-11,2018-09-10,AusPost,Standard,Delivered,0.0,True,2.0,7.02,none,7.0,6.0,Afternoon,3.0499,True,0.447
HDEL003995,HORD003995,2018-12-31,2019-01-04,2019-01-03,StarTrack,Standard,Delivered,0.0,True,64.0,10.43,none,4.0,7.0,Anytime,5.6443,True,0.397
HDEL003996,HORD003996,2018-07-14,2018-07-21,2018-07-19,StarTrack,Standard,Delivered,0.0,True,57.0,11.97,none,7.0,7.0,Afternoon,6.5139,True,0.601
HDEL003997,HORD003997,2018-02-15,2018-02-18,2018-02-17,DHL,Standard,Delivered,0.0,True,65.0,10.34,none,3.0,7.0,Afternoon,5.4309,True,0.904
HDEL003998,HORD003998,2018-02-14,2018-02-21,2018-02-19,Direct Freight,Standard,Delivered,0.0,True,28.0,9.29,none,7.0,9.0,Morning,6.9753,True,0.463
HDEL003999,HORD003999,2018-06-15,2018-06-21,2018-06-21,DHL,Express,Delivered,0.0,True,65.0,25.62,none,6.0,3.0,Anytime,7.1142,True,0.543
HDEL004000,HORD004000,2018-09-22,2018-09-26,2018-09-26,StarTrack,Standard,Delivered,0.0,True,2.0,11.33,none,4.0,3.0,Anytime,7.0974,False,0.403
HDEL004001,HORD004001,2018-09-17,2018-09-24,2018-09-22,Direct Freight,Standard,Delivered,0.0,True,7.0,7.33,none,7.0,4.0,Afternoon,2.79,True,0.291
HDEL004002,HORD004002,2018-11-20,2018-11-23,2018-11-23,StarTrack,Standard,Delivered,0.0,True,17.0,11.87,none,3.0,8.0,Morning,7.9613,False,0.511
HDEL004003,HORD004003,2018-11-26,2018-12-01,2018-12-01,DHL,Standard,Delivered,0.0,True,43.0,11.19,none,5.0,9.0,Afternoon,8.5341,True,0.512
HDEL004004,HORD004004,2018-03-31,2018-04-05,2018-04-04,Direct Freight,Standard,Delivered,0.0,True,59.0,8.36,none,5.0,8.0,Afternoon,4.6966,True,0.872
HDEL004005,HORD004005,2018-11-26,2018-11-30,2018-12-01,DHL,Standard,Delivered,1.0,False,60.0,8.37,carrier_capacity,4.0,8.0,Afternoon,6.0446,True,0.568
HDEL004006,HORD004006,2018-02-19,2018-02-26,2018-02-24,DHL,Standard,Delivered,0.0,True,51.0,12.54,none,7.0,4.0,Morning,8.5452,False,0.401
HDEL004007,HORD004007,2018-05-21,2018-05-27,2018-05-26,Direct Freight,Standard,Delivered,0.0,True,63.0,9.22,none,6.0,8.0,Morning,5.4787,True,0.559
HDEL004008,HORD004008,2018-04-04,2018-04-08,2018-04-06,Direct Freight,Standard,Delivered,0.0,True,44.0,9.22,none,4.0,3.0,Anytime,3.9335,True,0.464
HDEL004009,HORD004009,2018-02-05,2018-02-11,2018-02-10,Direct Freight,Express,Delivered,0.0,True,53.0,19.33,none,6.0,9.0,Anytime,5.938,True,0.46
HDEL004010,HORD004010,2018-07-23,2018-07-26,2018-07-26,StarTrack,Standard,Delivered,0.0,True,51.0,10.68,none,3.0,7.0,Anytime,5.1067,True,0.448
HDEL004011,HORD004011,2018-10-24,2018-10-31,2018-10-30,DHL,Standard,Delivered,0.0,True,18.0,7.58,none,7.0,7.0,Anytime,3.7755,True,0.678
HDEL004012,HORD004012,2018-11-14,2018-11-18,2018-11-16,AusPost,Standard,Delivered,0.0,True,25.0,8.63,none,4.0,3.0,Morning,5.8767,True,0.463
HDEL004013,HORD004013,2018-06-10,2018-06-17,2018-06-15,Direct Freight,Standard,Delivered,0.0,True,32.0,11.66,none,7.0,6.0,Morning,5.576,False,0.356
HDEL004014,HORD004014,2018-03-11,2018-03-16,2018-03-17,AusPost,Standard,Delivered,1.0,False,24.0,8.14,weather,5.0,7.0,Anytime,5.0889,True,0.512
HDEL004015,HORD004015,2018-03-13,2018-03-18,2018-03-16,StarTrack,Express,Delivered,0.0,True,8.0,15.44,none,5.0,5.0,Morning,3.241,True,0.377
HDEL004016,HORD004016,2018-07-16,2018-07-20,2018-07-18,StarTrack,Standard,Delivered,0.0,True,35.0,11.89,none,4.0,9.0,Morning,4.7792,False,0.417
HDEL004017,HORD004017,2018-03-26,2018-04-01,2018-03-30,AusPost,Standard,Delivered,0.0,True,10.0,5.72,none,6.0,7.0,Afternoon,2.2644,True,0.282
HDEL004018,HORD004018,2018-12-29,2019-01-02,2019-01-02,AusPost,Standard,Delivered,0.0,True,64.0,12.05,none,4.0,5.0,Morning,7.7035,True,0.49
HDEL004019,HORD004019,2018-12-25,2019-01-01,2018-12-30,StarTrack,Standard,Delivered,0.0,True,71.0,9.19,none,7.0,5.0,Morning,6.2019,True,0.435
HDEL004020,HORD004020,2018-04-25,2018-04-28,2018-05-02,DHL,Standard,Delivered,4.0,False,50.0,12.6,warehouse_congestion,3.0,8.0,Afternoon,9.0951,False,0.515
HDEL004021,HORD004021,2018-01-25,2018-01-30,2018-01-30,Direct Freight,Standard,Delivered,0.0,True,6.0,8.75,none,5.0,6.0,Afternoon,7.227,True,0.456
HDEL004022,HORD004022,2018-05-11,2018-05-14,2018-05-12,Direct Freight,Standard,Delivered,0.0,True,50.0,6.69,none,3.0,7.0,Morning,3.528,True,0.52
HDEL004023,HORD004023,2018-07-15,2018-07-20,2018-07-21,StarTrack,Standard,Delivered,1.0,False,52.0,12.3,weather,5.0,4.0,Anytime,5.2041,False,0.437
HDEL004024,HORD004024,2018-02-13,2018-02-19,2018-02-19,StarTrack,Express,Delivered,0.0,True,3.0,17.94,none,6.0,9.0,Morning,6.3388,True,0.482
HDEL004025,HORD004025,2018-09-04,2018-09-07,2018-09-12,AusPost,Standard,Delivered,5.0,False,27.0,8.27,carrier_capacity,3.0,4.0,Afternoon,2.2204,True,1.147
HDEL004026,HORD004026,2018-07-12,2018-07-19,2018-07-18,StarTrack,Standard,Delivered,0.0,True,66.0,12.4,none,7.0,7.0,Anytime,5.6183,True,0.39
HDEL004027,HORD004027,2018-12-23,2018-12-27,2018-12-25,StarTrack,Standard,Delivered,0.0,True,65.0,10.58,none,4.0,9.0,Anytime,5.1815,False,0.398
HDEL004028,HORD004028,2018-12-30,2019-01-04,2019-01-02,Direct Freight,Standard,Delivered,0.0,True,22.0,7.85,none,5.0,4.0,Afternoon,1.6631,True,1.088
HDEL004029,HORD004029,2018-01-10,2018-01-13,2018-01-17,StarTrack,Standard,Delivered,4.0,False,27.0,11.75,weather,3.0,7.0,Anytime,7.38,False,0.449
HDEL004030,HORD004030,2018-12-28,2019-01-04,2019-01-03,DHL,Standard,Delivered,0.0,True,20.0,9.78,none,7.0,7.0,Afternoon,9.0951,True,0.554
HDEL004031,HORD004031,2018-12-30,2019-01-02,2019-01-02,StarTrack,Standard,Delivered,0.0,True,44.0,9.51,none,3.0,8.0,Morning,5.4501,False,0.39
HDEL004032,HORD004032,2018-05-06,2018-05-11,2018-05-11,AusPost,Standard,Delivered,0.0,True,65.0,8.01,none,5.0,7.0,Anytime,3.3663,False,0.296
HDEL004033,HORD004033,2018-10-14,2018-10-20,2018-10-18,StarTrack,Standard,Delivered,0.0,True,57.0,10.21,none,6.0,5.0,Afternoon,8.8092,False,0.461
HDEL004034,HORD004034,2018-02-11,2018-02-14,2018-02-18,DHL,Express,Delivered,4.0,False,51.0,16.35,warehouse_congestion,3.0,9.0,Morning,3.0744,False,0.371
HDEL004035,HORD004035,2018-02-14,2018-02-19,2018-02-18,StarTrack,Standard,Delivered,0.0,True,48.0,9.12,none,5.0,5.0,Anytime,3.3715,True,1.118
HDEL004036,HORD004036,2018-02-13,2018-02-19,2018-02-19,DHL,Standard,Delivered,0.0,True,22.0,9.9,none,6.0,4.0,Anytime,9.7077,False,0.476
HDEL004037,HORD004037,2018-12-24,2018-12-29,2018-12-29,DHL,Express,Delivered,0.0,True,33.0,19.65,none,5.0,9.0,Anytime,8.3368,True,0.533
HDEL004038,HORD004038,2018-07-20,2018-07-25,2018-07-24,Direct Freight,Standard,Delivered,0.0,True,32.0,13.31,none,5.0,7.0,Morning,6.1569,True,0.585
HDEL004039,HORD004039,2018-10-18,2018-10-24,2018-10-23,StarTrack,Standard,Delivered,0.0,True,44.0,6.94,none,6.0,4.0,Anytime,3.0683,True,0.421
HDEL004040,HORD004040,2018-05-02,2018-05-05,2018-05-05,StarTrack,Standard,Delivered,0.0,True,7.0,8.62,none,3.0,4.0,Anytime,4.8578,True,0.399
HDEL004041,HORD004041,2018-01-25,2018-01-30,2018-01-28,StarTrack,Standard,Delivered,0.0,True,46.0,7.01,none,5.0,7.0,Morning,3.0748,True,0.984
HDEL004042,HORD004042,2018-08-02,2018-08-07,2018-08-06,Direct Freight,Standard,Delivered,0.0,True,15.0,9.74,none,5.0,5.0,Morning,5.1246,False,0.363
HDEL004043,HORD004043,2018-04-01,2018-04-05,2018-04-04,AusPost,Standard,Delivered,0.0,True,67.0,5.67,none,4.0,6.0,Afternoon,1.8801,True,0.29
HDEL004044,HORD004044,2018-08-15,2018-08-19,2018-08-18,DHL,Standard,Delivered,0.0,True,31.0,11.57,none,4.0,6.0,Afternoon,7.353,True,0.474
HDEL004045,HORD004045,2018-09-15,2018-09-21,2018-09-19,DHL,Standard,Delivered,0.0,True,71.0,7.67,none,6.0,3.0,Morning,3.1272,False,0.381
HDEL004046,HORD004046,2018-06-27,2018-07-04,2018-07-03,Direct Freight,Express,Delivered,0.0,True,30.0,25.94,none,7.0,9.0,Afternoon,8.1751,True,0.609
HDEL004047,HORD004047,2018-06-14,2018-06-20,2018-06-18,Direct Freight,Express,Delivered,0.0,True,33.0,19.44,none,6.0,7.0,Afternoon,6.2917,True,1.589
HDEL004048,HORD004048,2018-09-11,2018-09-16,2018-09-16,DHL,Standard,Delivered,0.0,True,38.0,9.7,none,5.0,7.0,Morning,6.9271,True,1.079
HDEL004049,HORD004049,2018-06-27,2018-07-03,2018-07-08,Direct Freight,Standard,Delivered,5.0,False,72.0,9.43,warehouse_congestion,6.0,3.0,Anytime,4.7792,True,0.48
HDEL004050,HORD004050,2018-09-09,2018-09-14,2018-09-13,DHL,Standard,Delivered,0.0,True,45.0,9.06,none,5.0,5.0,Morning,5.4097,True,0.487
HDEL004051,HORD004051,2018-07-22,2018-07-27,2018-07-27,AusPost,Standard,Delivered,0.0,True,61.0,13.54,none,5.0,3.0,Anytime,6.9753,True,1.27
HDEL004052,HORD004052,2018-05-02,2018-05-08,2018-05-08,DHL,Standard,Delivered,0.0,True,70.0,9.04,none,6.0,3.0,Afternoon,4.0721,False,0.457
HDEL004053,HORD004053,2018-10-28,2018-10-31,2018-10-30,DHL,Standard,Delivered,0.0,True,40.0,10.96,none,3.0,4.0,Morning,9.458,False,0.505
HDEL004054,HORD004054,2018-11-22,2018-11-25,2018-11-28,StarTrack,Standard,Delivered,3.0,False,24.0,7.84,carrier_capacity,3.0,4.0,Afternoon,5.907,True,0.425
HDEL004055,HORD004055,2018-11-30,2018-12-07,2018-12-07,StarTrack,Standard,Delivered,0.0,True,36.0,10.79,none,7.0,9.0,Afternoon,7.306,True,0.459
HDEL004056,HORD004056,2018-03-19,2018-03-24,2018-03-24,StarTrack,Standard,Delivered,0.0,True,59.0,9.27,none,5.0,6.0,Morning,5.9106,False,0.343
HDEL004057,HORD004057,2018-04-17,2018-04-24,2018-04-24,StarTrack,Standard,Delivered,0.0,True,10.0,9.24,none,7.0,3.0,Morning,5.7949,True,0.458
HDEL004058,HORD004058,2018-08-15,2018-08-20,2018-08-20,DHL,Standard,Delivered,0.0,True,32.0,12.44,none,5.0,3.0,Afternoon,6.2095,True,0.488
HDEL004059,HORD004059,2018-11-05,2018-11-09,2018-11-08,DHL,Standard,Delivered,0.0,True,67.0,7.4,none,4.0,4.0,Afternoon,4.6919,True,0.404
HDEL004060,HORD004060,2019-01-01,2019-01-06,2019-01-05,DHL,Standard,Delivered,0.0,True,43.0,6.2,none,5.0,5.0,Morning,1.131,True,0.453
HDEL004061,HORD004061,2018-03-20,2018-03-26,2018-03-25,Direct Freight,Standard,Delivered,0.0,True,21.0,6.78,none,6.0,3.0,Afternoon,3.2601,True,0.399
HDEL004062,HORD004062,2018-10-22,2018-10-25,2018-10-28,Direct Freight,Express,Delivered,3.0,False,42.0,14.6,carrier_capacity,3.0,3.0,Morning,5.4309,True,0.569
HDEL004063,HORD004063,2018-03-07,2018-03-11,2018-03-09,StarTrack,Standard,Delivered,0.0,True,20.0,7.12,none,4.0,9.0,Afternoon,3.9152,True,0.63
HDEL004064,HORD004064,2018-11-30,2018-12-03,2018-12-01,Direct Freight,Standard,Delivered,0.0,True,16.0,8.51,none,3.0,7.0,Afternoon,6.3388,False,0.441
HDEL004065,HORD004065,2018-04-11,2018-04-14,2018-04-14,AusPost,Standard,Delivered,0.0,True,57.0,6.87,none,3.0,3.0,Afternoon,1.0315,True,0.281
HDEL004066,HORD004066,2018-09-08,2018-09-13,2018-09-16,DHL,Express,Delivered,3.0,False,16.0,15.22,warehouse_congestion,5.0,6.0,Afternoon,3.083,True,0.352
HDEL004067,HORD004067,2018-08-29,2018-09-04,2018-09-04,DHL,Standard,Delivered,0.0,True,46.0,10.23,none,6.0,8.0,Afternoon,6.6818,True,0.483
HDEL004068,HORD004068,2018-06-30,2018-07-03,2018-07-01,DHL,Express,Delivered,0.0,True,73.0,19.48,none,3.0,7.0,Morning,5.0614,True,0.41
HDEL004069,HORD004069,2018-08-07,2018-08-10,2018-08-09,AusPost,Standard,Delivered,0.0,True,46.0,10.14,none,3.0,8.0,Morning,4.8422,True,0.533
HDEL004070,HORD004070,2018-06-22,2018-06-29,2018-06-28,Direct Freight,Express,Delivered,0.0,True,71.0,22.26,none,7.0,6.0,Anytime,5.7397,True,1.128
HDEL004071,HORD004071,2018-01-06,2018-01-13,2018-01-12,DHL,Express,Delivered,0.0,True,23.0,14.44,none,7.0,8.0,Morning,4.7826,True,0.583
HDEL004072,HORD004072,2018-06-01,2018-06-05,2018-06-09,AusPost,Standard,Delivered,4.0,False,40.0,7.36,weather,4.0,3.0,Morning,2.4826,False,0.298
HDEL004073,HORD004073,2018-03-14,2018-03-21,2018-03-21,DHL,Standard,Delivered,0.0,True,53.0,9.2,none,7.0,6.0,Morning,4.6779,True,0.462
HDEL004074,HORD004074,2018-09-09,2018-09-12,2018-09-12,Direct Freight,Standard,Delivered,0.0,True,19.0,8.12,none,3.0,3.0,Afternoon,4.3025,True,0.35
HDEL004075,HORD004075,2018-02-11,2018-02-15,2018-02-15,Direct Freight,Express,Delivered,0.0,True,64.0,20.94,none,4.0,4.0,Morning,7.6829,True,1.017
HDEL004076,HORD004076,2018-04-27,2018-05-02,2018-05-02,StarTrack,Standard,Delivered,0.0,True,32.0,9.29,none,5.0,9.0,Anytime,4.1646,False,0.332
HDEL004077,HORD004077,2018-01-09,2018-01-12,2018-01-12,AusPost,Standard,Delivered,0.0,True,48.0,7.12,none,3.0,9.0,Morning,1.6352,True,0.283
HDEL004078,HORD004078,2018-06-27,2018-07-04,2018-07-07,Direct Freight,Standard,Delivered,3.0,False,13.0,10.55,warehouse_congestion,7.0,7.0,Anytime,5.0903,True,0.508
HDEL004079,HORD004079,2018-01-17,2018-01-22,2018-01-20,DHL,Standard,Delivered,0.0,True,6.0,9.09,none,5.0,6.0,Morning,5.4501,True,0.443
HDEL004080,HORD004080,2018-01-06,2018-01-11,2018-01-09,DHL,Standard,Delivered,0.0,True,51.0,9.06,none,5.0,3.0,Anytime,6.5801,True,0.457
HDEL004081,HORD004081,2018-09-14,2018-09-20,2018-09-20,DHL,Standard,Delivered,0.0,True,46.0,6.79,none,6.0,6.0,Afternoon,2.8947,True,0.329
HDEL004082,HORD004082,2018-08-22,2018-08-29,2018-08-27,StarTrack,Express,Delivered,0.0,True,56.0,20.78,none,7.0,3.0,Afternoon,6.9753,True,0.544
HDEL004083,HORD004083,2018-11-13,2018-11-18,2018-11-18,StarTrack,Standard,Delivered,0.0,True,58.0,8.81,none,5.0,5.0,Anytime,6.9656,True,0.515
HDEL004084,HORD004084,2018-09-22,2018-09-29,2018-10-02,DHL,Standard,Delivered,3.0,False,56.0,8.39,carrier_capacity,7.0,4.0,Afternoon,6.1816,True,0.496
HDEL004085,HORD004085,2018-02-05,2018-02-10,2018-02-08,AusPost,Standard,Delivered,0.0,True,56.0,9.47,none,5.0,3.0,Afternoon,7.6261,True,0.58
HDEL004086,HORD004086,2018-01-28,2018-01-31,2018-01-31,AusPost,Standard,Delivered,0.0,True,51.0,7.65,none,3.0,8.0,Anytime,4.2256,False,0.326
HDEL004087,HORD004087,2018-07-13,2018-07-16,2018-07-15,AusPost,Standard,Delivered,0.0,True,72.0,11.39,none,3.0,5.0,Morning,7.4297,True,0.55
HDEL004088,HORD004088,2018-03-31,2018-04-03,2018-04-01,AusPost,Express,Delivered,0.0,True,72.0,16.06,none,3.0,7.0,Morning,3.3715,False,0.341
HDEL004089,HORD004089,2018-08-23,2018-08-26,2018-08-30,AusPost,Standard,Delivered,4.0,False,58.0,11.4,warehouse_congestion,3.0,7.0,Afternoon,6.194,False,0.401
HDEL004090,HORD004090,2018-09-11,2018-09-15,2018-09-15,AusPost,Standard,Delivered,0.0,True,42.0,10.89,none,4.0,7.0,Afternoon,7.2366,True,0.562
HDEL004091,HORD004091,2018-01-11,2018-01-18,2018-01-16,StarTrack,Standard,Delivered,0.0,True,55.0,9.85,none,7.0,6.0,Anytime,7.7395,True,1.186
HDEL004092,HORD004092,2018-09-18,2018-09-21,2018-09-26,DHL,Standard,Delivered,5.0,False,60.0,5.81,weather,3.0,7.0,Morning,1.6332,False,0.29
HDEL004093,HORD004093,2018-04-29,2018-05-05,2018-05-03,Direct Freight,Standard,Delivered,0.0,True,36.0,8.98,none,6.0,8.0,Anytime,7.0202,False,0.404
HDEL004094,HORD004094,2018-10-02,2018-10-09,2018-10-14,StarTrack,Standard,Delivered,5.0,False,22.0,9.73,weather,7.0,9.0,Morning,7.1589,False,0.394
HDEL004095,HORD004095,2018-12-21,2018-12-28,2018-12-27,Direct Freight,Standard,Delivered,0.0,True,28.0,10.68,none,7.0,8.0,Afternoon,5.5396,True,0.452
HDEL004096,HORD004096,2018-07-03,2018-07-07,2018-07-05,AusPost,Standard,Delivered,0.0,True,65.0,10.85,none,4.0,8.0,Afternoon,3.0513,True,0.785
HDEL004097,HORD004097,2018-10-04,2018-10-10,2018-10-10,StarTrack,Express,Delivered,0.0,True,47.0,15.29,none,6.0,4.0,Anytime,5.0252,True,0.446
HDEL004098,HORD004098,2018-01-25,2018-01-31,2018-01-29,AusPost,Standard,Delivered,0.0,True,50.0,9.51,none,6.0,5.0,Afternoon,5.5471,False,0.343
HDEL004099,HORD004099,2018-07-23,2018-07-29,2018-07-28,AusPost,Standard,Delivered,0.0,True,10.0,13.64,none,6.0,8.0,Morning,6.0753,True,1.025
HDEL004100,HORD004100,2018-06-17,2018-06-24,2018-06-26,Direct Freight,Express,Delivered,2.0,False,7.0,19.88,weather,7.0,4.0,Afternoon,4.213,True,0.503
HDEL004101,HORD004101,2018-12-06,2018-12-09,2018-12-09,StarTrack,Standard,Delivered,0.0,True,26.0,10.31,none,3.0,7.0,Afternoon,7.38,False,0.483
HDEL004102,HORD004102,2018-09-22,2018-09-26,2018-09-24,AusPost,Standard,Delivered,0.0,True,51.0,11.42,none,4.0,6.0,Anytime,7.6606,True,0.412
HDEL004103,HORD004103,2018-06-07,2018-06-12,2018-06-11,Direct Freight,Express,Delivered,0.0,True,18.0,17.83,none,5.0,4.0,Morning,0.2025,True,1.162
HDEL004104,HORD004104,2018-01-05,2018-01-11,2018-01-10,AusPost,Standard,Delivered,0.0,True,41.0,11.24,none,6.0,7.0,Afternoon,7.38,True,0.618
HDEL004105,HORD004105,2018-10-13,2018-10-19,2018-10-19,AusPost,Standard,Delivered,0.0,True,12.0,11.8,none,6.0,4.0,Anytime,8.4899,True,0.54
HDEL004106,HORD004106,2018-09-29,2018-10-03,2018-10-02,StarTrack,Standard,Delivered,0.0,True,73.0,7.53,none,4.0,3.0,Anytime,4.2256,True,0.447
HDEL004107,HORD004107,2018-08-14,2018-08-17,2018-08-17,StarTrack,Standard,Delivered,0.0,True,18.0,7.69,none,3.0,5.0,Morning,2.1374,True,0.983
HDEL004108,HORD004108,2018-09-21,2018-09-27,2018-09-26,AusPost,Standard,Delivered,0.0,True,40.0,7.98,none,6.0,4.0,Afternoon,3.7002,True,0.994
HDEL004109,HORD004109,2018-06-09,2018-06-14,2018-06-13,Direct Freight,Standard,Delivered,0.0,True,41.0,9.71,none,5.0,6.0,Anytime,3.6762,True,0.384
HDEL004110,HORD004110,2018-06-09,2018-06-15,2018-06-14,StarTrack,Standard,Delivered,0.0,True,62.0,11.45,none,6.0,9.0,Morning,5.6649,True,1.769
HDEL004111,HORD004111,2018-05-02,2018-05-05,2018-05-05,DHL,Standard,Delivered,0.0,True,50.0,12.22,none,3.0,4.0,Afternoon,8.5341,True,0.526
HDEL004112,HORD004112,2018-04-21,2018-04-28,2018-04-27,AusPost,Express,Delivered,0.0,True,45.0,17.42,none,7.0,7.0,Afternoon,7.5554,True,0.567
HDEL004113,HORD004113,2018-05-28,2018-06-01,2018-05-30,AusPost,Standard,Delivered,0.0,True,11.0,5.86,none,4.0,8.0,Anytime,0.7955,False,0.286
HDEL004114,HORD004114,2018-12-13,2018-12-20,2018-12-20,StarTrack,Standard,Delivered,0.0,True,12.0,9.98,none,7.0,4.0,Anytime,6.9407,True,0.538
HDEL004115,HORD004115,2018-07-12,2018-07-15,2018-07-13,StarTrack,Standard,Delivered,0.0,True,68.0,11.27,none,3.0,8.0,Afternoon,7.1276,False,0.368
HDEL004116,HORD004116,2018-07-14,2018-07-21,2018-07-21,StarTrack,Express,Delivered,0.0,True,23.0,18.67,none,7.0,7.0,Anytime,2.6944,True,0.549
HDEL004117,HORD004117,2018-04-25,2018-04-30,2018-04-30,Direct Freight,Standard,Delivered,0.0,True,14.0,9.25,none,5.0,7.0,Afternoon,4.7826,True,0.402
HDEL004118,HORD004118,2018-12-22,2018-12-29,2018-12-27,DHL,Standard,Delivered,0.0,True,53.0,12.86,none,7.0,9.0,Anytime,8.8786,False,0.416
HDEL004119,HORD004119,2018-02-25,2018-03-02,2018-02-28,DHL,Standard,Delivered,0.0,True,30.0,8.4,none,5.0,3.0,Anytime,3.968,True,1.1
HDEL004120,HORD004120,2018-03-18,2018-03-22,2018-03-22,Direct Freight,Standard,Delivered,0.0,True,38.0,5.16,none,4.0,6.0,Anytime,0.7955,True,0.993
HDEL004121,HORD004121,2018-04-14,2018-04-17,2018-04-16,AusPost,Standard,Delivered,0.0,True,31.0,5.29,none,3.0,6.0,Anytime,0.7955,True,1.07
HDEL004122,HORD004122,2018-08-19,2018-08-24,2018-08-23,DHL,Standard,Delivered,0.0,True,58.0,9.8,none,5.0,8.0,Morning,3.528,True,1.172
HDEL004123,HORD004123,2018-05-23,2018-05-30,2018-05-29,DHL,Standard,Delivered,0.0,True,23.0,6.13,none,7.0,6.0,Anytime,3.0499,True,0.428
HDEL004124,HORD004124,2018-06-14,2018-06-20,2018-06-18,AusPost,Standard,Delivered,0.0,True,73.0,12.24,none,6.0,9.0,Afternoon,7.0202,False,0.502
HDEL004125,HORD004125,2018-11-25,2018-12-01,2018-11-30,StarTrack,Standard,Delivered,0.0,True,19.0,8.09,none,6.0,9.0,Afternoon,2.16,False,0.278
HDEL004126,HORD004126,2018-09-03,2018-09-10,2018-09-09,DHL,Express,Delivered,0.0,True,53.0,17.31,none,7.0,8.0,Afternoon,5.9357,True,0.487
HDEL004127,HORD004127,2018-08-17,2018-08-22,2018-08-23,AusPost,Standard,Delivered,1.0,False,11.0,9.59,warehouse_congestion,5.0,5.0,Anytime,1.0859,True,0.532
HDEL004128,HORD004128,2018-01-08,2018-01-15,2018-01-18,AusPost,Express,Delivered,3.0,False,33.0,13.54,warehouse_congestion,7.0,9.0,Afternoon,0.5576,True,0.427
HDEL004129,HORD004129,2019-01-02,2019-01-06,2019-01-05,AusPost,Standard,Delivered,0.0,True,29.0,5.83,none,4.0,5.0,Morning,0.7974,True,0.262
HDEL004130,HORD004130,2018-10-30,2018-11-06,2018-11-05,Direct Freight,Standard,Delivered,0.0,True,47.0,7.32,none,7.0,6.0,Morning,3.296,False,0.315
HDEL004131,HORD004131,2018-01-24,2018-01-27,2018-01-26,Direct Freight,Standard,Delivered,0.0,True,61.0,9.07,none,3.0,9.0,Morning,7.3951,True,1.098
HDEL004132,HORD004132,2018-09-01,2018-09-06,2018-09-05,Direct Freight,Standard,Delivered,0.0,True,28.0,9.32,none,5.0,3.0,Afternoon,2.2975,True,0.524
HDEL004133,HORD004133,2018-12-16,2018-12-22,2018-12-27,AusPost,Standard,Delivered,5.0,False,41.0,9.03,warehouse_congestion,6.0,8.0,Afternoon,7.5338,True,0.525
HDEL004134,HORD004134,2018-08-18,2018-08-25,2018-08-25,AusPost,Express,Delivered,0.0,True,7.0,17.43,none,7.0,7.0,Morning,4.4563,False,0.719
HDEL004135,HORD004135,2018-08-15,2018-08-18,2018-08-17,StarTrack,Standard,Delivered,0.0,True,23.0,12.88,none,3.0,8.0,Afternoon,7.691,True,0.452
HDEL004136,HORD004136,2018-12-26,2018-12-31,2018-12-30,Direct Freight,Express,Delivered,0.0,True,69.0,18.1,none,5.0,4.0,Anytime,4.2176,False,1.036
HDEL004137,HORD004137,2018-05-05,2018-05-08,2018-05-06,DHL,Standard,Delivered,0.0,True,44.0,7.66,none,3.0,3.0,Anytime,3.9883,True,0.41
HDEL004138,HORD004138,2018-03-29,2018-04-03,2018-04-02,DHL,Express,Delivered,0.0,True,58.0,18.95,none,5.0,6.0,Anytime,6.6085,False,0.405
HDEL004139,HORD004139,2018-05-26,2018-05-30,2018-05-28,AusPost,Standard,Delivered,0.0,True,31.0,9.37,none,4.0,8.0,Anytime,5.2041,True,0.947
HDEL004140,HORD004140,2018-05-15,2018-05-22,2018-05-20,Direct Freight,Standard,Delivered,0.0,True,19.0,6.21,none,7.0,7.0,Anytime,2.4826,True,0.428
HDEL004141,HORD004141,2018-07-09,2018-07-15,2018-07-13,Direct Freight,Standard,Delivered,0.0,True,20.0,8.45,none,6.0,8.0,Afternoon,1.2497,True,0.394
HDEL004142,HORD004142,2018-11-03,2018-11-10,2018-11-08,AusPost,Standard,Delivered,0.0,True,62.0,10.31,none,7.0,7.0,Anytime,5.6896,True,0.486
HDEL004143,HORD004143,2018-07-18,2018-07-23,2018-07-21,StarTrack,Standard,Delivered,0.0,True,62.0,13.52,none,5.0,6.0,Afternoon,8.3195,False,0.631
HDEL004144,HORD004144,2018-11-08,2018-11-11,2018-11-10,StarTrack,Standard,Delivered,0.0,True,45.0,7.7,none,3.0,5.0,Morning,5.4128,False,0.473
HDEL004145,HORD004145,2018-06-28,2018-07-02,2018-07-02,AusPost,Standard,Delivered,0.0,True,16.0,9.9,none,4.0,3.0,Afternoon,3.9335,True,0.538
HDEL004146,HORD004146,2018-05-18,2018-05-22,2018-05-20,DHL,Standard,Delivered,0.0,True,35.0,9.77,none,4.0,6.0,Anytime,6.6085,True,0.494
HDEL004147,HORD004147,2018-10-15,2018-10-22,2018-10-22,AusPost,Standard,Delivered,0.0,True,36.0,8.72,none,7.0,8.0,Morning,6.5801,False,0.42
HDEL004148,HORD004148,2018-02-16,2018-02-19,2018-02-17,StarTrack,Standard,Delivered,0.0,True,35.0,10.04,none,3.0,8.0,Afternoon,6.2778,True,0.549
HDEL004149,HORD004149,2018-10-15,2018-10-22,2018-10-21,StarTrack,Standard,Delivered,0.0,True,42.0,8.32,none,7.0,6.0,Morning,4.7549,False,0.371
HDEL004150,HORD004150,2018-12-08,2018-12-14,2018-12-12,AusPost,Standard,Delivered,0.0,True,33.0,11.05,none,6.0,8.0,Morning,9.7157,False,0.512
HDEL004151,HORD004151,2018-11-18,2018-11-23,2018-11-21,Direct Freight,Standard,Delivered,0.0,True,67.0,10.24,none,5.0,8.0,Morning,8.9244,True,0.584
HDEL004152,HORD004152,2018-12-27,2019-01-01,2018-12-31,DHL,Express,Delivered,0.0,True,21.0,17.61,none,5.0,3.0,Anytime,3.528,False,0.311
HDEL004153,HORD004153,2018-12-12,2018-12-19,2018-12-19,StarTrack,Standard,Delivered,0.0,True,63.0,8.76,none,7.0,8.0,Afternoon,7.4924,False,0.413
HDEL004154,HORD004154,2018-11-04,2018-11-10,2018-11-09,Direct Freight,Express,Delivered,0.0,True,9.0,16.88,none,6.0,7.0,Morning,4.0031,True,1.648
HDEL004155,HORD004155,2018-06-23,2018-06-28,2018-06-28,DHL,Standard,Delivered,0.0,True,45.0,12.5,none,5.0,4.0,Morning,5.5236,False,0.46
HDEL004156,HORD004156,2018-04-16,2018-04-23,2018-04-22,AusPost,Standard,Delivered,0.0,True,64.0,7.38,none,7.0,7.0,Afternoon,5.308,True,1.197
HDEL004157,HORD004157,2018-11-13,2018-11-20,2018-11-19,StarTrack,Standard,Delivered,0.0,True,55.0,12.86,none,7.0,6.0,Anytime,8.8786,True,0.664
HDEL004158,HORD004158,2018-02-02,2018-02-09,2018-02-07,StarTrack,Standard,Delivered,0.0,True,55.0,9.58,none,7.0,4.0,Anytime,6.2019,False,0.51
HDEL004159,HORD004159,2018-06-17,2018-06-22,2018-06-22,StarTrack,Standard,Delivered,0.0,True,37.0,10.78,none,5.0,3.0,Anytime,5.8138,True,0.487
HDEL004160,HORD004160,2018-07-12,2018-07-19,2018-07-18,StarTrack,Standard,Delivered,0.0,True,30.0,11.73,none,7.0,8.0,Afternoon,6.5741,True,0.839
HDEL004161,HORD004161,2018-08-06,2018-08-11,2018-08-11,AusPost,Standard,Delivered,0.0,True,28.0,11.49,none,5.0,7.0,Afternoon,5.6803,False,0.45
HDEL004162,HORD004162,2018-12-19,2018-12-26,2018-12-26,AusPost,Express,Delivered,0.0,True,33.0,22.24,none,7.0,5.0,Afternoon,9.458,True,0.565
HDEL004163,HORD004163,2018-08-07,2018-08-14,2018-08-14,AusPost,Standard,Delivered,0.0,True,54.0,11.27,none,7.0,8.0,Morning,5.308,False,0.427
HDEL004164,HORD004164,2018-03-16,2018-03-21,2018-03-22,AusPost,Standard,Delivered,1.0,False,50.0,9.45,weather,5.0,4.0,Morning,4.4785,False,0.437
HDEL004165,HORD004165,2018-12-23,2018-12-28,2018-12-28,Direct Freight,Standard,Delivered,0.0,True,66.0,7.84,none,5.0,8.0,Anytime,5.0903,True,0.528
HDEL004166,HORD004166,2018-07-25,2018-07-28,2018-07-28,DHL,Express,Delivered,0.0,True,66.0,20.83,none,3.0,4.0,Anytime,4.6919,False,0.343
HDEL004167,HORD004167,2018-08-05,2018-08-12,2018-08-17,StarTrack,Standard,Delivered,5.0,False,61.0,13.54,carrier_capacity,7.0,5.0,Anytime,5.9319,True,0.435
HDEL004168,HORD004168,2018-03-26,2018-03-31,2018-03-29,DHL,Standard,Delivered,0.0,True,55.0,9.54,none,5.0,8.0,Afternoon,5.9106,True,0.48
HDEL004169,HORD004169,2018-05-11,2018-05-17,2018-05-17,AusPost,Standard,Delivered,0.0,True,70.0,9.5,none,6.0,6.0,Anytime,4.6678,True,0.382
HDEL004170,HORD004170,2018-07-06,2018-07-12,2018-07-12,StarTrack,Standard,Delivered,0.0,True,51.0,11.57,none,6.0,9.0,Anytime,8.0821,False,0.435
HDEL004171,HORD004171,2018-10-20,2018-10-26,2018-10-26,Direct Freight,Standard,Delivered,0.0,True,11.0,10.11,none,6.0,9.0,Anytime,7.0268,False,0.423
HDEL004172,HORD004172,2018-11-06,2018-11-12,2018-11-11,StarTrack,Standard,Delivered,0.0,True,12.0,12.35,none,6.0,5.0,Anytime,8.5348,True,0.506
HDEL004173,HORD004173,2018-04-24,2018-04-30,2018-05-01,Direct Freight,Standard,Delivered,1.0,False,67.0,11.06,carrier_capacity,6.0,4.0,Afternoon,9.5775,True,0.623
HDEL004174,HORD004174,2018-11-26,2018-12-03,2018-12-03,StarTrack,Standard,Delivered,0.0,True,43.0,8.82,none,7.0,9.0,Morning,6.1679,False,0.43
HDEL004175,HORD004175,2018-09-15,2018-09-19,2018-09-17,StarTrack,Express,Delivered,0.0,True,28.0,17.67,none,4.0,8.0,Morning,8.088,True,0.574
HDEL004176,HORD004176,2018-10-20,2018-10-23,2018-10-23,AusPost,Standard,Delivered,0.0,True,12.0,7.88,none,3.0,4.0,Morning,5.9503,False,0.435
HDEL004177,HORD004177,2018-08-24,2018-08-31,2018-09-01,AusPost,Standard,Delivered,1.0,False,71.0,10.09,carrier_capacity,7.0,6.0,Morning,5.4128,True,0.609
HDEL004178,HORD004178,2018-10-15,2018-10-18,2018-10-18,AusPost,Express,Delivered,0.0,True,55.0,16.61,none,3.0,7.0,Anytime,4.1646,True,0.532
HDEL004179,HORD004179,2018-12-14,2018-12-21,2018-12-23,DHL,Standard,Delivered,2.0,False,26.0,7.97,warehouse_congestion,7.0,8.0,Afternoon,3.9471,True,0.409
HDEL004180,HORD004180,2018-12-02,2018-12-05,2018-12-05,DHL,Express,Delivered,0.0,True,62.0,19.35,none,3.0,9.0,Morning,8.3195,True,1.118
HDEL004181,HORD004181,2018-06-13,2018-06-16,2018-06-15,AusPost,Standard,Delivered,0.0,True,12.0,11.27,none,3.0,6.0,Morning,3.0744,True,0.526
HDEL004182,HORD004182,2018-05-23,2018-05-27,2018-05-29,StarTrack,Standard,Delivered,2.0,False,31.0,7.89,warehouse_congestion,4.0,9.0,Morning,6.2844,False,0.4
HDEL004183,HORD004183,2018-03-18,2018-03-24,2018-03-23,AusPost,Express,Delivered,0.0,True,35.0,19.65,none,6.0,5.0,Anytime,7.468,True,0.547
HDEL004184,HORD004184,2018-07-06,2018-07-12,2018-07-12,AusPost,Standard,Delivered,0.0,True,37.0,10.42,none,6.0,7.0,Anytime,5.2928,False,0.348
HDEL004185,HORD004185,2018-09-26,2018-09-29,2018-09-29,DHL,Express,Delivered,0.0,True,39.0,16.46,none,3.0,8.0,Afternoon,5.308,True,0.459
HDEL004186,HORD004186,2018-10-09,2018-10-16,2018-10-14,StarTrack,Standard,Delivered,0.0,True,61.0,9.35,none,7.0,8.0,Morning,6.2019,True,0.475
HDEL004187,HORD004187,2018-05-21,2018-05-28,2018-05-27,Direct Freight,Express,Delivered,0.0,True,11.0,14.69,none,7.0,8.0,Anytime,1.4385,False,0.983
HDEL004188,HORD004188,2018-04-05,2018-04-12,2018-04-11,Direct Freight,Standard,Delivered,0.0,True,45.0,7.77,none,7.0,4.0,Afternoon,2.9648,True,0.445
HDEL004189,HORD004189,2018-02-17,2018-02-20,2018-02-24,AusPost,Standard,Delivered,4.0,False,27.0,7.78,carrier_capacity,3.0,7.0,Afternoon,4.2331,False,0.334
HDEL004190,HORD004190,2018-08-31,2018-09-05,2018-09-04,StarTrack,Standard,Delivered,0.0,True,64.0,9.1,none,5.0,3.0,Anytime,1.9834,False,0.289
HDEL004191,HORD004191,2018-04-01,2018-04-05,2018-04-04,Direct Freight,Express,Delivered,0.0,True,19.0,15.16,none,4.0,3.0,Afternoon,1.131,True,0.284
HDEL004192,HORD004192,2018-08-02,2018-08-09,2018-08-07,DHL,Standard,Delivered,0.0,True,16.0,11.38,none,7.0,7.0,Anytime,7.7961,True,0.619
HDEL004193,HORD004193,2018-03-11,2018-03-16,2018-03-16,DHL,Standard,Delivered,0.0,True,23.0,7.44,none,5.0,8.0,Afternoon,3.6405,False,0.369
HDEL004194,HORD004194,2018-11-13,2018-11-18,2018-11-18,DHL,Standard,Delivered,0.0,True,57.0,9.84,none,5.0,4.0,Morning,7.101,True,0.472
HDEL004195,HORD004195,2018-05-07,2018-05-10,2018-05-14,AusPost,Standard,Delivered,4.0,False,63.0,10.59,weather,3.0,3.0,Anytime,6.9799,True,1.052
HDEL004196,HORD004196,2018-04-07,2018-04-13,2018-04-11,StarTrack,Standard,Delivered,0.0,True,29.0,9.95,none,6.0,8.0,Anytime,5.8767,False,0.358
HDEL004197,HORD004197,2018-02-21,2018-02-28,2018-02-26,AusPost,Standard,Delivered,0.0,True,4.0,8.83,none,7.0,6.0,Morning,7.74,True,0.47
HDEL004198,HORD004198,2018-03-07,2018-03-14,2018-03-14,StarTrack,Express,Delivered,0.0,True,44.0,18.59,none,7.0,5.0,Afternoon,5.8767,True,1.3
HDEL004199,HORD004199,2018-11-03,2018-11-10,2018-11-08,AusPost,Standard,Delivered,0.0,True,21.0,11.04,none,7.0,7.0,Anytime,6.2917,True,0.582
HDEL004200,HORD004200,2018-11-04,2018-11-11,2018-11-16,StarTrack,Standard,Delivered,5.0,False,4.0,7.6,warehouse_congestion,7.0,6.0,Anytime,3.967,True,0.507
HDEL004201,HORD004201,2018-05-02,2018-05-05,2018-05-03,Direct Freight,Standard,Delivered,0.0,True,41.0,9.86,none,3.0,5.0,Anytime,7.2147,True,0.652
HDEL004202,HORD004202,2018-08-24,2018-08-31,2018-09-05,DHL,Standard,Delivered,5.0,False,69.0,10.82,carrier_capacity,7.0,4.0,Morning,5.607,False,0.328
HDEL004203,HORD004203,2018-11-10,2018-11-13,2018-11-15,Direct Freight,Standard,Delivered,2.0,False,15.0,9.49,warehouse_congestion,3.0,9.0,Anytime,6.1878,True,0.427
HDEL004204,HORD004204,2018-05-14,2018-05-18,2018-05-17,StarTrack,Standard,Delivered,0.0,True,23.0,7.76,none,4.0,5.0,Morning,3.528,True,0.357
HDEL004205,HORD004205,2018-06-08,2018-06-14,2018-06-14,Direct Freight,Standard,Delivered,0.0,True,12.0,8.79,none,6.0,8.0,Morning,2.8334,True,0.279
HDEL004206,HORD004206,2018-03-16,2018-03-22,2018-03-21,DHL,Standard,Delivered,0.0,True,35.0,7.57,none,6.0,6.0,Afternoon,5.5057,False,0.361
HDEL004207,HORD004207,2018-03-20,2018-03-27,2018-03-25,StarTrack,Standard,Delivered,0.0,True,6.0,9.5,none,7.0,6.0,Afternoon,5.4688,True,1.164
HDEL004208,HORD004208,2018-10-31,2018-11-05,2018-11-08,StarTrack,Standard,Delivered,3.0,False,34.0,8.8,warehouse_congestion,5.0,6.0,Anytime,6.5015,True,0.547
HDEL004209,HORD004209,2018-03-07,2018-03-13,2018-03-13,Direct Freight,Express,Delivered,0.0,True,3.0,13.25,none,6.0,6.0,Afternoon,2.3095,True,0.432
HDEL004210,HORD004210,2018-03-10,2018-03-14,2018-03-13,StarTrack,Standard,Delivered,0.0,True,71.0,7.22,none,4.0,3.0,Afternoon,2.2644,True,0.431
HDEL004211,HORD004211,2018-03-18,2018-03-24,2018-03-24,Direct Freight,Standard,Delivered,0.0,True,6.0,11.55,none,6.0,5.0,Morning,7.7381,False,0.46
HDEL004212,HORD004212,2018-03-16,2018-03-21,2018-03-19,StarTrack,Standard,Delivered,0.0,True,14.0,9.6,none,5.0,5.0,Anytime,5.5236,True,1.584
HDEL004213,HORD004213,2018-01-30,2018-02-03,2018-02-01,Direct Freight,Standard,Delivered,0.0,True,27.0,10.24,none,4.0,9.0,Morning,7.8474,True,0.549
HDEL004214,HORD004214,2018-03-22,2018-03-27,2018-03-27,AusPost,Standard,Delivered,0.0,True,53.0,7.42,none,5.0,9.0,Anytime,5.2928,True,0.611
HDEL004215,HORD004215,2018-05-13,2018-05-20,2018-05-20,DHL,Standard,Delivered,0.0,True,54.0,9.66,none,7.0,3.0,Anytime,6.2815,True,0.979
HDEL004216,HORD004216,2018-06-08,2018-06-14,2018-06-14,Direct Freight,Express,Delivered,0.0,True,20.0,16.72,none,6.0,8.0,Afternoon,1.2394,False,0.232
HDEL004217,HORD004217,2018-05-12,2018-05-17,2018-05-16,DHL,Standard,Delivered,0.0,True,38.0,8.67,none,5.0,6.0,Anytime,4.1841,True,0.462
HDEL004218,HORD004218,2018-07-26,2018-08-01,2018-08-01,Direct Freight,Express,Delivered,0.0,True,60.0,23.51,none,6.0,8.0,Morning,3.7018,True,0.449
HDEL004219,HORD004219,2018-05-18,2018-05-21,2018-05-20,StarTrack,Express,Delivered,0.0,True,10.0,15.27,none,3.0,3.0,Afternoon,0.6581,True,0.805
HDEL004220,HORD004220,2018-07-04,2018-07-10,2018-07-12,StarTrack,Standard,Delivered,2.0,False,13.0,12.82,carrier_capacity,6.0,9.0,Afternoon,5.4787,True,1.105
HDEL004221,HORD004221,2018-11-04,2018-11-09,2018-11-09,Direct Freight,Standard,Delivered,0.0,True,55.0,9.24,none,5.0,8.0,Anytime,8.8778,True,0.548
HDEL004222,HORD004222,2018-02-09,2018-02-15,2018-02-15,StarTrack,Standard,Delivered,0.0,True,2.0,9.72,none,6.0,4.0,Morning,5.1975,True,0.459
HDEL004223,HORD004223,2018-09-15,2018-09-22,2018-09-21,AusPost,Standard,Delivered,0.0,True,53.0,7.2,none,7.0,9.0,Anytime,0.6309,True,0.965
HDEL004224,HORD004224,2018-01-03,2018-01-10,2018-01-10,DHL,Express,Delivered,0.0,True,2.0,14.12,none,7.0,8.0,Afternoon,1.5241,True,0.466
HDEL004225,HORD004225,2018-12-19,2018-12-22,2018-12-22,Direct Freight,Standard,Delivered,0.0,True,59.0,10.66,none,3.0,6.0,Anytime,7.6606,False,0.487
HDEL004226,HORD004226,2018-11-28,2018-12-03,2018-12-01,DHL,Standard,Delivered,0.0,True,10.0,8.18,none,5.0,6.0,Morning,5.4352,True,1.237
HDEL004227,HORD004227,2018-05-03,2018-05-07,2018-05-11,StarTrack,Express,Delivered,4.0,False,72.0,16.97,warehouse_congestion,4.0,9.0,Anytime,3.9264,True,0.407
HDEL004228,HORD004228,2018-06-11,2018-06-16,2018-06-16,DHL,Standard,Delivered,0.0,True,53.0,10.83,none,5.0,3.0,Morning,2.2644,True,0.981
HDEL004229,HORD004229,2018-10-24,2018-10-30,2018-10-28,DHL,Standard,Delivered,0.0,True,7.0,8.51,none,6.0,3.0,Afternoon,4.932,True,1.116
HDEL004230,HORD004230,2018-08-27,2018-09-03,2018-09-02,AusPost,Standard,Delivered,0.0,True,60.0,11.06,none,7.0,6.0,Morning,7.996,True,0.677
HDEL004231,HORD004231,2018-08-06,2018-08-10,2018-08-08,DHL,Express,Delivered,0.0,True,44.0,25.38,none,4.0,7.0,Afternoon,7.9077,False,0.516
HDEL004232,HORD004232,2018-05-12,2018-05-15,2018-05-15,AusPost,Express,Delivered,0.0,True,34.0,21.85,none,3.0,3.0,Morning,8.0821,True,0.412
HDEL004233,HORD004233,2018-04-18,2018-04-25,2018-04-25,StarTrack,Standard,Delivered,0.0,True,45.0,9.04,none,7.0,3.0,Anytime,3.7634,False,0.384
HDEL004234,HORD004234,2018-11-07,2018-11-11,2018-11-10,StarTrack,Standard,Delivered,0.0,True,23.0,7.87,none,4.0,7.0,Morning,3.7986,True,0.473
HDEL004235,HORD004235,2018-06-07,2018-06-10,2018-06-09,StarTrack,Express,Delivered,0.0,True,37.0,22.68,none,3.0,9.0,Morning,2.8334,True,0.435
HDEL004236,HORD004236,2018-10-03,2018-10-09,2018-10-07,AusPost,Standard,Delivered,0.0,True,25.0,8.18,none,6.0,4.0,Anytime,3.7002,True,0.441
HDEL004237,HORD004237,2018-05-28,2018-05-31,2018-05-29,DHL,Standard,Delivered,0.0,True,34.0,9.95,none,3.0,6.0,Morning,7.3951,True,0.935
HDEL004238,HORD004238,2018-09-07,2018-09-10,2018-09-09,DHL,Standard,Delivered,0.0,True,62.0,10.74,none,3.0,4.0,Anytime,6.5139,True,0.421
HDEL004239,HORD004239,2018-08-20,2018-08-25,2018-08-24,Direct Freight,Express,Delivered,0.0,True,46.0,25.1,none,5.0,8.0,Morning,7.0268,True,0.414
HDEL004240,HORD004240,2019-01-01,2019-01-04,2019-01-03,StarTrack,Standard,Delivered,0.0,True,7.0,7.81,none,3.0,5.0,Anytime,4.4985,True,0.34
HDEL004241,HORD004241,2018-01-01,2018-01-06,2018-01-09,StarTrack,Standard,Delivered,3.0,False,2.0,10.72,warehouse_congestion,5.0,6.0,Afternoon,6.0446,True,1.059
HDEL004242,HORD004242,2018-08-10,2018-08-15,2018-08-15,DHL,Express,Delivered,0.0,True,38.0,17.48,none,5.0,4.0,Anytime,3.3621,True,0.524
HDEL004243,HORD004243,2018-08-03,2018-08-09,2018-08-08,Direct Freight,Standard,Delivered,0.0,True,11.0,9.51,none,6.0,4.0,Afternoon,5.1255,True,0.556
HDEL004244,HORD004244,2018-03-13,2018-03-17,2018-03-15,AusPost,Express,Delivered,0.0,True,24.0,14.52,none,4.0,8.0,Afternoon,5.1841,True,1.022
HDEL004245,HORD004245,2018-12-10,2018-12-16,2018-12-15,Direct Freight,Express,Delivered,0.0,True,59.0,18.2,none,6.0,8.0,Anytime,8.1012,False,0.471
HDEL004246,HORD004246,2018-11-22,2018-11-27,2018-11-27,StarTrack,Standard,Delivered,0.0,True,26.0,7.81,none,5.0,5.0,Morning,3.7718,True,0.92
HDEL004247,HORD004247,2018-11-26,2018-12-01,2018-11-30,DHL,Express,Delivered,0.0,True,2.0,17.31,none,5.0,7.0,Morning,6.6869,True,0.702
HDEL004248,HORD004248,2018-01-12,2018-01-18,2018-01-22,DHL,Standard,Delivered,4.0,False,9.0,9.1,carrier_capacity,6.0,4.0,Anytime,5.2582,True,0.911
HDEL004249,HORD004249,2018-09-27,2018-10-04,2018-10-02,StarTrack,Standard,Delivered,0.0,True,20.0,7.72,none,7.0,9.0,Afternoon,4.2772,True,0.444
HDEL004250,HORD004250,2018-05-17,2018-05-21,2018-05-21,AusPost,Standard,Delivered,0.0,True,62.0,11.23,none,4.0,3.0,Morning,7.7528,False,0.453
HDEL004251,HORD004251,2018-08-02,2018-08-09,2018-08-09,StarTrack,Standard,Delivered,0.0,True,63.0,10.05,none,7.0,3.0,Anytime,5.5854,True,0.431
HDEL004252,HORD004252,2018-03-27,2018-03-31,2018-03-30,AusPost,Standard,Delivered,0.0,True,16.0,7.86,none,4.0,7.0,Morning,3.296,False,0.292
HDEL004253,HORD004253,2018-08-24,2018-08-28,2018-08-26,StarTrack,Standard,Delivered,0.0,True,62.0,9.04,none,4.0,8.0,Afternoon,3.967,True,1.033
HDEL004254,HORD004254,2018-03-04,2018-03-07,2018-03-05,StarTrack,Standard,Delivered,0.0,True,59.0,8.26,none,3.0,5.0,Anytime,6.16,True,0.759
HDEL004255,HORD004255,2018-10-16,2018-10-19,2018-10-17,StarTrack,Standard,Delivered,0.0,True,22.0,7.07,none,3.0,7.0,Anytime,1.4115,False,0.293
HDEL004256,HORD004256,2018-02-14,2018-02-17,2018-02-16,StarTrack,Standard,Delivered,0.0,True,26.0,9.51,none,3.0,6.0,Afternoon,7.1276,True,1.317
HDEL004257,HORD004257,2018-06-02,2018-06-06,2018-06-06,DHL,Express,Delivered,0.0,True,63.0,15.19,none,4.0,6.0,Morning,6.8145,True,0.429
HDEL004258,HORD004258,2018-08-12,2018-08-16,2018-08-15,StarTrack,Standard,Delivered,0.0,True,47.0,9.61,none,4.0,4.0,Anytime,4.213,True,0.445
HDEL004259,HORD004259,2018-05-27,2018-06-01,2018-06-01,DHL,Standard,Delivered,0.0,True,38.0,7.45,none,5.0,8.0,Afternoon,3.9152,True,0.42
HDEL004260,HORD004260,2018-07-07,2018-07-10,2018-07-10,Direct Freight,Standard,Delivered,0.0,True,26.0,9.93,none,3.0,5.0,Morning,3.15,True,0.896
HDEL004261,HORD004261,2018-12-26,2018-12-31,2018-12-30,StarTrack,Express,Delivered,0.0,True,50.0,17.31,none,5.0,4.0,Afternoon,6.1573,True,1.106
HDEL004262,HORD004262,2018-01-16,2018-01-22,2018-01-21,AusPost,Standard,Delivered,0.0,True,61.0,6.82,none,6.0,6.0,Afternoon,0.919,True,0.491
HDEL004263,HORD004263,2018-06-07,2018-06-13,2018-06-12,AusPost,Express,Delivered,0.0,True,50.0,27.02,none,6.0,6.0,Anytime,7.7045,False,0.408
HDEL004264,HORD004264,2018-06-09,2018-06-13,2018-06-11,StarTrack,Standard,Delivered,0.0,True,72.0,12.8,none,4.0,9.0,Afternoon,7.2366,True,0.475
HDEL004265,HORD004265,2019-01-02,2019-01-09,2019-01-08,AusPost,Standard,Delivered,0.0,True,59.0,7.42,none,7.0,6.0,Morning,3.7002,True,0.369
HDEL004266,HORD004266,2018-07-01,2018-07-04,2018-07-03,DHL,Standard,Delivered,0.0,True,63.0,11.98,none,3.0,6.0,Morning,6.4246,True,0.651
HDEL004267,HORD004267,2018-01-14,2018-01-21,2018-01-20,Direct Freight,Express,Delivered,0.0,True,4.0,19.54,none,7.0,7.0,Morning,4.9641,False,0.352
HDEL004268,HORD004268,2018-09-01,2018-09-06,2018-09-04,Direct Freight,Standard,Delivered,0.0,True,18.0,10.28,none,5.0,5.0,Anytime,1.9466,True,0.32
HDEL004269,HORD004269,2018-08-15,2018-08-18,2018-08-18,Direct Freight,Standard,Delivered,0.0,True,25.0,11.88,none,3.0,8.0,Afternoon,4.7792,False,0.335
HDEL004270,HORD004270,2018-09-23,2018-09-30,2018-09-28,AusPost,Standard,Delivered,0.0,True,13.0,10.43,none,7.0,5.0,Afternoon,5.6988,False,0.399
HDEL004271,HORD004271,2018-09-19,2018-09-26,2018-09-24,Direct Freight,Standard,Delivered,0.0,True,33.0,8.24,none,7.0,8.0,Afternoon,2.8043,False,0.297
HDEL004272,HORD004272,2018-06-25,2018-06-28,2018-06-28,Direct Freight,Standard,Delivered,0.0,True,49.0,9.52,none,3.0,6.0,Morning,1.4273,True,0.437
HDEL004273,HORD004273,2018-06-19,2018-06-23,2018-06-27,AusPost,Standard,Delivered,4.0,False,51.0,11.21,weather,4.0,7.0,Afternoon,5.9503,True,0.478
HDEL004274,HORD004274,2018-03-26,2018-03-30,2018-03-30,DHL,Standard,Delivered,0.0,True,72.0,6.28,none,4.0,8.0,Anytime,3.1272,False,0.333
HDEL004275,HORD004275,2018-11-21,2018-11-27,2018-11-27,DHL,Standard,Delivered,0.0,True,56.0,8.25,none,6.0,5.0,Afternoon,4.573,True,0.529
HDEL004276,HORD004276,2018-03-29,2018-04-02,2018-03-31,DHL,Standard,Delivered,0.0,True,50.0,9.02,none,4.0,3.0,Morning,5.5471,False,0.4
HDEL004277,HORD004277,2018-05-09,2018-05-15,2018-05-15,DHL,Standard,Delivered,0.0,True,2.0,8.45,none,6.0,9.0,Morning,6.7811,True,0.559
HDEL004278,HORD004278,2018-12-23,2018-12-29,2019-01-02,Direct Freight,Standard,Delivered,4.0,False,39.0,10.21,warehouse_congestion,6.0,7.0,Morning,4.932,True,0.393
HDEL004279,HORD004279,2018-08-27,2018-09-01,2018-09-01,Direct Freight,Standard,Delivered,0.0,True,69.0,10.14,none,5.0,3.0,Morning,5.268,True,0.379
HDEL004280,HORD004280,2018-08-05,2018-08-10,2018-08-08,DHL,Standard,Delivered,0.0,True,3.0,14.27,none,5.0,5.0,Morning,10.0361,True,1.033
HDEL004281,HORD004281,2018-11-21,2018-11-27,2018-11-27,StarTrack,Standard,Delivered,0.0,True,37.0,8.08,none,6.0,4.0,Anytime,6.6818,False,0.443
HDEL004282,HORD004282,2018-11-25,2018-11-30,2018-11-28,AusPost,Standard,Delivered,0.0,True,68.0,10.39,none,5.0,6.0,Afternoon,6.2019,False,0.407
HDEL004283,HORD004283,2018-03-18,2018-03-24,2018-03-23,StarTrack,Standard,Delivered,0.0,True,43.0,11.47,none,6.0,5.0,Afternoon,8.3268,True,0.499
HDEL004284,HORD004284,2018-04-05,2018-04-11,2018-04-14,DHL,Standard,Delivered,3.0,False,41.0,8.51,carrier_capacity,6.0,5.0,Anytime,4.6678,True,0.467
HDEL004285,HORD004285,2018-10-27,2018-11-01,2018-11-01,AusPost,Standard,Delivered,0.0,True,22.0,9.13,none,5.0,9.0,Anytime,8.7018,True,0.615
HDEL004286,HORD004286,2018-06-29,2018-07-02,2018-06-30,StarTrack,Express,Delivered,0.0,True,73.0,17.3,none,3.0,8.0,Anytime,1.7057,True,0.332
HDEL004287,HORD004287,2018-10-29,2018-11-03,2018-11-02,DHL,Express,Delivered,0.0,True,56.0,14.3,none,5.0,5.0,Morning,3.9883,False,0.405
HDEL004288,HORD004288,2018-03-17,2018-03-21,2018-03-21,DHL,Standard,Delivered,0.0,True,61.0,9.58,none,4.0,3.0,Afternoon,6.0905,False,0.339
HDEL004289,HORD004289,2018-12-21,2018-12-26,2018-12-24,StarTrack,Standard,Delivered,0.0,True,56.0,11.96,none,5.0,8.0,Anytime,8.9305,True,0.521
HDEL004290,HORD004290,2018-09-28,2018-10-02,2018-09-30,DHL,Standard,Delivered,0.0,True,14.0,8.69,none,4.0,8.0,Morning,5.5612,True,0.367
HDEL004291,HORD004291,2018-08-07,2018-08-11,2018-08-10,DHL,Standard,Delivered,0.0,True,45.0,12.44,none,4.0,9.0,Afternoon,5.9673,True,0.576
HDEL004292,HORD004292,2018-12-14,2018-12-18,2018-12-22,Direct Freight,Standard,Delivered,4.0,False,67.0,9.07,carrier_capacity,4.0,7.0,Afternoon,6.9744,True,1.525
HDEL004293,HORD004293,2018-08-30,2018-09-05,2018-09-05,AusPost,Standard,Delivered,0.0,True,10.0,13.01,none,6.0,4.0,Morning,7.0838,True,0.481
HDEL004294,HORD004294,2018-01-27,2018-02-03,2018-02-02,DHL,Standard,Delivered,0.0,True,11.0,7.2,none,7.0,6.0,Anytime,4.0031,True,0.459
HDEL004295,HORD004295,2018-11-19,2018-11-22,2018-11-22,DHL,Standard,Delivered,0.0,True,3.0,8.33,none,3.0,4.0,Anytime,7.0202,True,1.968
HDEL004296,HORD004296,2018-08-29,2018-09-01,2018-08-31,Direct Freight,Standard,Delivered,0.0,True,45.0,8.36,none,3.0,6.0,Anytime,2.3445,True,0.341
HDEL004297,HORD004297,2018-10-21,2018-10-26,2018-10-25,StarTrack,Express,Delivered,0.0,True,42.0,16.96,none,5.0,5.0,Afternoon,7.7528,True,0.439
HDEL004298,HORD004298,2018-10-02,2018-10-09,2018-10-09,Direct Freight,Express,Delivered,0.0,True,55.0,14.27,none,7.0,7.0,Anytime,3.0744,False,0.295
HDEL004299,HORD004299,2018-03-26,2018-03-30,2018-04-03,DHL,Standard,Delivered,4.0,False,63.0,7.18,warehouse_congestion,4.0,7.0,Anytime,4.5274,True,0.41
HDEL004300,HORD004300,2018-08-03,2018-08-08,2018-08-06,StarTrack,Standard,Delivered,0.0,True,29.0,9.11,none,5.0,6.0,Anytime,2.9648,True,0.346
HDEL004301,HORD004301,2018-11-18,2018-11-22,2018-11-21,Direct Freight,Standard,Delivered,0.0,True,32.0,8.64,none,4.0,7.0,Anytime,5.5221,False,0.405
HDEL004302,HORD004302,2018-08-17,2018-08-24,2018-08-24,StarTrack,Standard,Delivered,0.0,True,44.0,7.92,none,7.0,5.0,Afternoon,0.5058,True,0.982
HDEL004303,HORD004303,2018-12-22,2018-12-26,2018-12-24,AusPost,Standard,Delivered,0.0,True,59.0,7.95,none,4.0,9.0,Morning,1.6332,True,0.305
HDEL004304,HORD004304,2018-05-20,2018-05-25,2018-05-24,StarTrack,Standard,Delivered,0.0,True,38.0,11.76,none,5.0,5.0,Anytime,7.7742,True,0.485
HDEL004305,HORD004305,2018-09-29,2018-10-04,2018-10-02,StarTrack,Standard,Delivered,0.0,True,44.0,7.27,none,5.0,8.0,Morning,4.2277,False,0.458
HDEL004306,HORD004306,2018-11-09,2018-11-13,2018-11-11,StarTrack,Standard,Delivered,0.0,True,44.0,11.79,none,4.0,7.0,Morning,7.7381,True,1.313
HDEL004307,HORD004307,2018-06-25,2018-06-29,2018-06-29,Direct Freight,Standard,Delivered,0.0,True,57.0,10.95,none,4.0,4.0,Anytime,4.8422,True,0.439
HDEL004308,HORD004308,2018-07-08,2018-07-12,2018-07-12,StarTrack,Standard,Delivered,0.0,True,2.0,10.07,none,4.0,9.0,Afternoon,6.2095,True,0.797
HDEL004309,HORD004309,2018-02-27,2018-03-03,2018-03-03,StarTrack,Standard,Delivered,0.0,True,36.0,10.95,none,4.0,3.0,Morning,6.0446,True,1.03
HDEL004310,HORD004310,2018-01-19,2018-01-24,2018-01-22,AusPost,Standard,Delivered,0.0,True,41.0,10.17,none,5.0,3.0,Afternoon,6.0905,True,0.374
HDEL004311,HORD004311,2018-03-22,2018-03-29,2018-03-28,DHL,Standard,Delivered,0.0,True,29.0,9.15,none,7.0,4.0,Afternoon,5.7397,True,0.66
HDEL004312,HORD004312,2018-06-11,2018-06-17,2018-06-15,DHL,Standard,Delivered,0.0,True,40.0,14.33,none,6.0,5.0,Morning,7.3951,True,0.545
HDEL004313,HORD004313,2018-01-17,2018-01-24,2018-01-23,Direct Freight,Standard,Delivered,0.0,True,38.0,8.62,none,7.0,6.0,Anytime,4.8747,False,0.417
HDEL004314,HORD004314,2018-10-29,2018-11-02,2018-11-02,AusPost,Express,Delivered,0.0,True,20.0,17.79,none,4.0,4.0,Morning,5.8441,True,0.446
HDEL004315,HORD004315,2018-02-01,2018-02-05,2018-02-05,Direct Freight,Standard,Delivered,0.0,True,58.0,12.86,none,4.0,9.0,Afternoon,8.7149,True,0.426
HDEL004316,HORD004316,2018-03-25,2018-03-30,2018-03-30,StarTrack,Standard,Delivered,0.0,True,35.0,6.01,none,5.0,7.0,Anytime,2.1106,True,0.351
HDEL004317,HORD004317,2018-04-02,2018-04-06,2018-04-04,AusPost,Standard,Delivered,0.0,True,34.0,8.22,none,4.0,7.0,Morning,4.1646,True,0.42
HDEL004318,HORD004318,2018-06-06,2018-06-09,2018-06-13,DHL,Standard,Delivered,4.0,False,17.0,10.54,carrier_capacity,3.0,6.0,Anytime,3.025,True,0.43
HDEL004319,HORD004319,2018-02-17,2018-02-22,2018-02-22,AusPost,Standard,Delivered,0.0,True,12.0,6.56,none,5.0,8.0,Morning,2.5674,True,0.784
HDEL004320,HORD004320,2018-06-17,2018-06-24,2018-06-24,StarTrack,Standard,Delivered,0.0,True,27.0,10.36,none,7.0,4.0,Anytime,3.0513,True,0.446
HDEL004321,HORD004321,2018-04-27,2018-05-04,2018-05-09,StarTrack,Standard,Delivered,5.0,False,67.0,9.3,warehouse_congestion,7.0,7.0,Morning,4.8889,True,0.5
HDEL004322,HORD004322,2018-05-11,2018-05-14,2018-05-14,DHL,Express,Delivered,0.0,True,29.0,14.7,none,3.0,7.0,Afternoon,4.0907,True,0.393
HDEL004323,HORD004323,2018-03-26,2018-04-02,2018-03-31,Direct Freight,Express,Delivered,0.0,True,33.0,16.95,none,7.0,8.0,Anytime,3.727,True,0.437
HDEL004324,HORD004324,2018-06-05,2018-06-11,2018-06-11,AusPost,Standard,Delivered,0.0,True,59.0,12.52,none,6.0,7.0,Morning,5.1067,True,0.445
HDEL004325,HORD004325,2018-03-22,2018-03-26,2018-03-26,Direct Freight,Standard,Delivered,0.0,True,45.0,8.29,none,4.0,4.0,Anytime,4.2277,False,0.411
HDEL004326,HORD004326,2018-12-15,2018-12-22,2018-12-22,Direct Freight,Standard,Delivered,0.0,True,23.0,9.86,none,7.0,9.0,Anytime,6.0753,True,0.965
HDEL004327,HORD004327,2018-12-15,2018-12-19,2018-12-17,Direct Freight,Standard,Delivered,0.0,True,40.0,9.89,none,4.0,7.0,Anytime,7.1393,True,0.473
HDEL004328,HORD004328,2018-02-22,2018-03-01,2018-03-01,AusPost,Standard,Delivered,0.0,True,22.0,10.52,none,7.0,4.0,Anytime,8.008,True,0.511
HDEL004329,HORD004329,2018-03-10,2018-03-14,2018-03-13,Direct Freight,Standard,Delivered,0.0,True,40.0,8.59,none,4.0,4.0,Morning,4.4785,True,1.107
HDEL004330,HORD004330,2018-08-22,2018-08-28,2018-08-27,StarTrack,Standard,Delivered,0.0,True,48.0,11.0,none,6.0,4.0,Anytime,3.3715,False,0.331
HDEL004331,HORD004331,2018-01-04,2018-01-11,2018-01-10,Direct Freight,Express,Delivered,0.0,True,35.0,14.2,none,7.0,3.0,Morning,2.6944,True,0.825
HDEL004332,HORD004332,2018-05-19,2018-05-26,2018-05-24,DHL,Standard,Delivered,0.0,True,22.0,7.25,none,7.0,3.0,Anytime,4.6678,True,0.443
HDEL004333,HORD004333,2018-10-17,2018-10-23,2018-10-21,Direct Freight,Standard,Delivered,0.0,True,5.0,9.29,none,6.0,6.0,Morning,6.4552,True,0.425
HDEL004334,HORD004334,2018-05-26,2018-05-31,2018-05-31,StarTrack,Standard,Delivered,0.0,True,43.0,7.26,none,5.0,4.0,Morning,5.1031,False,0.411
HDEL004335,HORD004335,2018-03-29,2018-04-03,2018-04-02,DHL,Standard,Delivered,0.0,True,53.0,5.81,none,5.0,7.0,Afternoon,1.9118,True,0.434
HDEL004336,HORD004336,2018-09-01,2018-09-08,2018-09-07,AusPost,Standard,Delivered,0.0,True,22.0,9.31,none,7.0,7.0,Anytime,4.573,True,0.527
HDEL004337,HORD004337,2018-04-16,2018-04-21,2018-04-20,DHL,Standard,Delivered,0.0,True,31.0,5.53,none,5.0,5.0,Afternoon,1.2394,False,0.311
HDEL004338,HORD004338,2018-09-06,2018-09-12,2018-09-16,StarTrack,Standard,Delivered,4.0,False,62.0,7.57,warehouse_congestion,6.0,6.0,Afternoon,5.607,True,0.706
HDEL004339,HORD004339,2018-05-07,2018-05-11,2018-05-09,StarTrack,Standard,Delivered,0.0,True,32.0,9.61,none,4.0,7.0,Morning,7.8949,True,1.317
HDEL004340,HORD004340,2018-03-07,2018-03-13,2018-03-12,DHL,Express,Delivered,0.0,True,35.0,18.71,none,6.0,4.0,Anytime,6.6114,True,0.526
HDEL004341,HORD004341,2018-08-20,2018-08-26,2018-08-26,DHL,Standard,Delivered,0.0,True,2.0,13.05,none,6.0,7.0,Anytime,6.2844,True,0.4
HDEL004342,HORD004342,2018-03-05,2018-03-11,2018-03-16,AusPost,Express,Delivered,5.0,False,71.0,18.53,weather,6.0,9.0,Afternoon,3.0513,False,0.364
HDEL004343,HORD004343,2018-06-30,2018-07-04,2018-07-03,StarTrack,Standard,Delivered,0.0,True,7.0,9.4,none,4.0,9.0,Morning,4.2772,True,0.494
HDEL004344,HORD004344,2018-01-12,2018-01-15,2018-01-15,Direct Freight,Standard,Delivered,0.0,True,65.0,11.61,none,3.0,6.0,Anytime,8.3195,True,0.552
HDEL004345,HORD004345,2018-07-18,2018-07-21,2018-07-20,DHL,Standard,Delivered,0.0,True,53.0,10.57,none,3.0,7.0,Afternoon,4.6966,True,0.42
HDEL004346,HORD004346,2018-02-07,2018-02-14,2018-02-13,StarTrack,Express,Delivered,0.0,True,63.0,18.0,none,7.0,4.0,Morning,6.6818,False,0.411
HDEL004347,HORD004347,2018-10-11,2018-10-14,2018-10-15,DHL,Standard,Delivered,1.0,False,5.0,10.51,carrier_capacity,3.0,7.0,Afternoon,5.6988,True,1.219
HDEL004348,HORD004348,2018-10-24,2018-10-29,2018-10-28,StarTrack,Standard,Delivered,0.0,True,31.0,9.99,none,5.0,6.0,Afternoon,5.4787,True,0.477
HDEL004349,HORD004349,2018-05-24,2018-05-29,2018-05-28,Direct Freight,Express,Delivered,0.0,True,5.0,18.48,none,5.0,9.0,Anytime,6.4246,False,0.452
HDEL004350,HORD004350,2018-11-24,2018-11-27,2018-11-26,AusPost,Standard,Delivered,0.0,True,20.0,8.14,none,3.0,6.0,Morning,5.4352,True,1.216
HDEL004351,HORD004351,2018-01-05,2018-01-11,2018-01-10,StarTrack,Express,Delivered,0.0,True,48.0,15.29,none,6.0,4.0,Morning,7.0974,True,0.562
HDEL004352,HORD004352,2018-11-18,2018-11-25,2018-11-26,StarTrack,Standard,Delivered,1.0,False,9.0,7.18,warehouse_congestion,7.0,5.0,Morning,3.5444,True,0.389
HDEL004353,HORD004353,2018-08-06,2018-08-12,2018-08-10,DHL,Standard,Delivered,0.0,True,66.0,13.62,none,6.0,4.0,Morning,7.7742,True,0.699
HDEL004354,HORD004354,2018-10-16,2018-10-19,2018-10-19,AusPost,Standard,Delivered,0.0,True,23.0,6.88,none,3.0,7.0,Anytime,3.7002,True,0.51
HDEL004355,HORD004355,2018-02-06,2018-02-13,2018-02-12,AusPost,Standard,Delivered,0.0,True,37.0,7.77,none,7.0,4.0,Morning,4.0307,False,0.343
HDEL004356,HORD004356,2018-09-02,2018-09-05,2018-09-04,Direct Freight,Express,Delivered,0.0,True,36.0,21.33,none,3.0,6.0,Afternoon,3.0066,False,0.288
HDEL004357,HORD004357,2018-09-01,2018-09-06,2018-09-05,Direct Freight,Standard,Delivered,0.0,True,49.0,8.78,none,5.0,4.0,Morning,2.4826,False,0.293
HDEL004358,HORD004358,2018-05-16,2018-05-19,2018-05-17,StarTrack,Standard,Delivered,0.0,True,6.0,7.87,none,3.0,4.0,Afternoon,4.0031,True,0.357
HDEL004359,HORD004359,2018-09-16,2018-09-23,2018-09-25,DHL,Express,Delivered,2.0,False,61.0,19.17,weather,7.0,9.0,Afternoon,7.9613,True,0.973
HDEL004360,HORD004360,2018-07-30,2018-08-05,2018-08-06,StarTrack,Express,Delivered,1.0,False,26.0,23.44,carrier_capacity,6.0,3.0,Afternoon,3.286,True,0.345
HDEL004361,HORD004361,2018-10-25,2018-10-29,2018-10-31,Direct Freight,Standard,Delivered,2.0,False,34.0,6.11,warehouse_congestion,4.0,6.0,Afternoon,1.4385,True,0.639
HDEL004362,HORD004362,2018-08-16,2018-08-22,2018-08-22,Direct Freight,Standard,Delivered,0.0,True,40.0,11.2,none,6.0,3.0,Anytime,6.9744,True,1.159
HDEL004363,HORD004363,2018-01-11,2018-01-17,2018-01-17,Direct Freight,Standard,Delivered,0.0,True,72.0,8.27,none,6.0,6.0,Anytime,4.213,True,1.042
HDEL004364,HORD004364,2018-03-20,2018-03-27,2018-03-25,StarTrack,Standard,Delivered,0.0,True,40.0,9.23,none,7.0,5.0,Afternoon,6.2019,True,0.492
HDEL004365,HORD004365,2018-11-09,2018-11-16,2018-11-14,Direct Freight,Standard,Delivered,0.0,True,52.0,6.54,none,7.0,9.0,Anytime,1.2497,True,0.92
HDEL004366,HORD004366,2018-07-08,2018-07-13,2018-07-12,Direct Freight,Standard,Delivered,0.0,True,3.0,9.81,none,5.0,3.0,Morning,4.6266,True,0.495
HDEL004367,HORD004367,2018-04-08,2018-04-15,2018-04-13,StarTrack,Standard,Delivered,0.0,True,30.0,6.97,none,7.0,6.0,Morning,2.8947,True,0.801
HDEL004368,HORD004368,2018-11-23,2018-11-27,2018-11-27,DHL,Express,Delivered,0.0,True,64.0,15.54,none,4.0,9.0,Afternoon,4.4785,True,1.034
HDEL004369,HORD004369,2018-06-19,2018-06-24,2018-06-24,StarTrack,Standard,Delivered,0.0,True,22.0,12.81,none,5.0,8.0,Morning,4.8889,True,0.429
HDEL004370,HORD004370,2018-10-29,2018-11-04,2018-11-02,StarTrack,Standard,Delivered,0.0,True,69.0,9.36,none,6.0,6.0,Morning,6.2844,True,1.101
HDEL004371,HORD004371,2018-03-01,2018-03-05,2018-03-05,StarTrack,Standard,Delivered,0.0,True,41.0,9.7,none,4.0,6.0,Morning,5.6803,True,0.486
HDEL004372,HORD004372,2018-03-18,2018-03-25,2018-03-23,AusPost,Standard,Delivered,0.0,True,63.0,9.41,none,7.0,5.0,Afternoon,8.8092,True,0.932
HDEL004373,HORD004373,2018-09-27,2018-09-30,2018-09-29,StarTrack,Standard,Delivered,0.0,True,35.0,10.04,none,3.0,4.0,Anytime,7.227,True,0.628
HDEL004374,HORD004374,2018-07-31,2018-08-03,2018-08-01,AusPost,Standard,Delivered,0.0,True,41.0,7.31,none,3.0,7.0,Anytime,1.4385,False,0.338
HDEL004375,HORD004375,2018-08-01,2018-08-05,2018-08-05,Direct Freight,Standard,Delivered,0.0,True,69.0,12.08,none,4.0,6.0,Afternoon,7.2331,True,0.47
HDEL004376,HORD004376,2018-08-18,2018-08-21,2018-08-21,Direct Freight,Standard,Delivered,0.0,True,34.0,15.82,none,3.0,6.0,Afternoon,9.0951,False,0.51
HDEL004377,HORD004377,2018-09-15,2018-09-19,2018-09-17,Direct Freight,Standard,Delivered,0.0,True,25.0,8.31,none,4.0,7.0,Afternoon,2.2204,True,0.787
HDEL004378,HORD004378,2018-06-25,2018-06-30,2018-06-28,DHL,Standard,Delivered,0.0,True,4.0,12.6,none,5.0,7.0,Morning,5.3847,True,0.419
HDEL004379,HORD004379,2018-05-27,2018-06-03,2018-06-02,Direct Freight,Standard,Delivered,0.0,True,58.0,10.94,none,7.0,5.0,Afternoon,9.5775,False,0.512
HDEL004380,HORD004380,2018-07-31,2018-08-07,2018-08-07,DHL,Express,Delivered,0.0,True,3.0,17.89,none,7.0,5.0,Afternoon,5.0889,True,0.502
HDEL004381,HORD004381,2018-08-23,2018-08-29,2018-08-27,AusPost,Standard,Delivered,0.0,True,45.0,10.22,none,6.0,6.0,Afternoon,5.6528,True,0.433
HDEL004382,HORD004382,2018-10-13,2018-10-18,2018-10-16,Direct Freight,Standard,Delivered,0.0,True,73.0,13.42,none,5.0,4.0,Anytime,9.7484,False,0.472
HDEL004383,HORD004383,2018-08-08,2018-08-14,2018-08-13,Direct Freight,Standard,Delivered,0.0,True,13.0,12.63,none,6.0,8.0,Anytime,7.353,True,0.525
HDEL004384,HORD004384,2018-05-19,2018-05-24,2018-05-25,DHL,Standard,Delivered,1.0,False,34.0,7.43,carrier_capacity,5.0,3.0,Afternoon,3.7763,True,0.508
HDEL004385,HORD004385,2018-05-22,2018-05-28,2018-05-28,Direct Freight,Standard,Delivered,0.0,True,25.0,8.7,none,6.0,7.0,Anytime,4.895,True,0.382
HDEL004386,HORD004386,2018-01-18,2018-01-25,2018-01-25,Direct Freight,Standard,Delivered,0.0,True,46.0,8.71,none,7.0,8.0,Afternoon,4.2772,True,0.294
HDEL004387,HORD004387,2018-10-08,2018-10-13,2018-10-11,DHL,Standard,Delivered,0.0,True,46.0,7.88,none,5.0,4.0,Afternoon,2.1289,True,0.339
HDEL004388,HORD004388,2018-06-20,2018-06-23,2018-06-21,Direct Freight,Standard,Delivered,0.0,True,48.0,8.23,none,3.0,9.0,Morning,3.1061,True,0.343
HDEL004389,HORD004389,2018-08-18,2018-08-24,2018-08-24,Direct Freight,Standard,Delivered,0.0,True,64.0,14.9,none,6.0,4.0,Afternoon,7.7381,True,0.483
HDEL004390,HORD004390,2018-03-16,2018-03-19,2018-03-20,AusPost,Standard,Delivered,1.0,False,27.0,8.14,warehouse_congestion,3.0,8.0,Morning,3.0748,True,0.324
HDEL004391,HORD004391,2018-08-18,2018-08-21,2018-08-20,AusPost,Standard,Delivered,0.0,True,72.0,16.07,none,3.0,9.0,Morning,9.7157,False,0.469
HDEL004392,HORD004392,2018-08-29,2018-09-01,2018-09-01,DHL,Standard,Delivered,0.0,True,17.0,11.89,none,3.0,5.0,Afternoon,7.5338,True,0.461
HDEL004393,HORD004393,2018-04-03,2018-04-08,2018-04-06,DHL,Standard,Delivered,0.0,True,36.0,10.49,none,5.0,9.0,Anytime,8.9244,True,0.651
HDEL004394,HORD004394,2018-02-18,2018-02-24,2018-02-23,Direct Freight,Standard,Delivered,0.0,True,68.0,8.45,none,6.0,9.0,Afternoon,2.2204,True,0.977
HDEL004395,HORD004395,2018-04-04,2018-04-09,2018-04-07,Direct Freight,Express,Delivered,0.0,True,27.0,17.14,none,5.0,8.0,Anytime,5.6528,True,0.495
HDEL004396,HORD004396,2018-11-15,2018-11-18,2018-11-17,StarTrack,Standard,Delivered,0.0,True,7.0,7.46,none,3.0,3.0,Morning,4.1646,True,0.795
HDEL004397,HORD004397,2018-06-18,2018-06-21,2018-06-22,Direct Freight,Standard,Delivered,1.0,False,26.0,11.15,carrier_capacity,3.0,8.0,Morning,3.0683,True,0.399
HDEL004398,HORD004398,2018-05-26,2018-05-29,2018-05-29,StarTrack,Standard,Delivered,0.0,True,68.0,7.39,none,3.0,8.0,Afternoon,4.2942,True,1.205
HDEL004399,HORD004399,2018-06-10,2018-06-15,2018-06-15,DHL,Standard,Delivered,0.0,True,17.0,14.49,none,5.0,7.0,Anytime,10.0462,True,0.553
HDEL004400,HORD004400,2018-10-15,2018-10-21,2018-10-20,Direct Freight,Standard,Delivered,0.0,True,54.0,9.06,none,6.0,5.0,Anytime,5.4352,True,0.817
HDEL004401,HORD004401,2018-10-01,2018-10-06,2018-10-09,AusPost,Standard,Delivered,3.0,False,53.0,11.47,warehouse_congestion,5.0,8.0,Morning,6.9744,True,1.098
HDEL004402,HORD004402,2018-04-30,2018-05-05,2018-05-04,Direct Freight,Standard,Delivered,0.0,True,24.0,8.52,none,5.0,4.0,Afternoon,5.066,False,0.327
HDEL004403,HORD004403,2018-12-13,2018-12-20,2018-12-20,Direct Freight,Standard,Delivered,0.0,True,25.0,11.04,none,7.0,7.0,Anytime,6.3092,True,0.409
HDEL004404,HORD004404,2018-12-01,2018-12-07,2018-12-06,StarTrack,Express,Delivered,0.0,True,61.0,19.74,none,6.0,4.0,Morning,7.412,True,0.437
HDEL004405,HORD004405,2018-05-28,2018-06-02,2018-06-01,StarTrack,Standard,Delivered,0.0,True,3.0,9.33,none,5.0,6.0,Anytime,7.3718,True,0.577
HDEL004406,HORD004406,2018-04-12,2018-04-16,2018-04-17,Direct Freight,Express,Delivered,1.0,False,13.0,21.04,carrier_capacity,4.0,4.0,Anytime,8.3403,True,0.489
HDEL004407,HORD004407,2018-02-04,2018-02-10,2018-02-08,StarTrack,Standard,Delivered,0.0,True,34.0,8.03,none,6.0,8.0,Anytime,5.9673,True,0.543
HDEL004408,HORD004408,2018-05-16,2018-05-23,2018-05-21,Direct Freight,Standard,Delivered,0.0,True,59.0,8.01,none,7.0,6.0,Afternoon,3.0683,False,0.472
HDEL004409,HORD004409,2018-01-10,2018-01-13,2018-01-12,DHL,Express,Delivered,0.0,True,42.0,15.57,none,3.0,9.0,Anytime,5.6649,True,0.431
HDEL004410,HORD004410,2018-02-09,2018-02-14,2018-02-14,AusPost,Express,Delivered,0.0,True,41.0,16.94,none,5.0,5.0,Morning,4.1707,True,0.413
HDEL004411,HORD004411,2018-06-20,2018-06-25,2018-06-25,StarTrack,Standard,Delivered,0.0,True,60.0,11.04,none,5.0,8.0,Afternoon,3.286,True,0.536
HDEL004412,HORD004412,2018-08-29,2018-09-04,2018-09-08,DHL,Standard,Delivered,4.0,False,4.0,12.46,carrier_capacity,6.0,7.0,Anytime,7.1859,True,0.58
HDEL004413,HORD004413,2018-08-16,2018-08-21,2018-08-19,DHL,Standard,Delivered,0.0,True,35.0,12.24,none,5.0,9.0,Afternoon,5.7885,True,0.458
HDEL004414,HORD004414,2018-11-28,2018-12-04,2018-12-03,DHL,Standard,Delivered,0.0,True,19.0,8.6,none,6.0,6.0,Morning,7.6027,True,0.544
HDEL004415,HORD004415,2018-02-05,2018-02-08,2018-02-06,Direct Freight,Express,Delivered,0.0,True,38.0,17.21,none,3.0,5.0,Morning,5.6803,True,0.434
HDEL004416,HORD004416,2018-06-30,2018-07-05,2018-07-05,AusPost,Express,Delivered,0.0,True,64.0,21.93,none,5.0,6.0,Afternoon,5.4128,False,0.393
HDEL004417,HORD004417,2018-08-11,2018-08-18,2018-08-16,StarTrack,Standard,Delivered,0.0,True,39.0,11.29,none,7.0,3.0,Afternoon,6.1573,True,0.459
HDEL004418,HORD004418,2018-02-26,2018-03-01,2018-02-28,Direct Freight,Standard,Delivered,0.0,True,31.0,12.47,none,3.0,4.0,Morning,9.4002,True,0.636
HDEL004419,HORD004419,2018-03-07,2018-03-13,2018-03-13,StarTrack,Standard,Delivered,0.0,True,22.0,6.17,none,6.0,9.0,Afternoon,2.1289,False,0.246
HDEL004420,HORD004420,2018-12-29,2019-01-03,2019-01-03,StarTrack,Standard,Delivered,0.0,True,20.0,10.12,none,5.0,7.0,Anytime,5.115,True,0.389
HDEL004421,HORD004421,2018-01-25,2018-01-30,2018-01-29,Direct Freight,Standard,Delivered,0.0,True,20.0,9.42,none,5.0,4.0,Anytime,6.5139,False,0.445
HDEL004422,HORD004422,2018-04-02,2018-04-06,2018-04-04,Direct Freight,Standard,Delivered,0.0,True,13.0,8.3,none,4.0,7.0,Morning,5.607,True,0.47
HDEL004423,HORD004423,2018-09-01,2018-09-08,2018-09-08,DHL,Standard,Delivered,0.0,True,69.0,8.84,none,7.0,7.0,Anytime,4.2277,False,0.35
HDEL004424,HORD004424,2018-07-14,2018-07-21,2018-07-21,Direct Freight,Express,Delivered,0.0,True,44.0,21.57,none,7.0,6.0,Afternoon,3.1061,False,0.301
HDEL004425,HORD004425,2018-01-23,2018-01-26,2018-01-24,DHL,Express,Delivered,0.0,True,10.0,17.29,none,3.0,9.0,Afternoon,8.5341,True,0.503
HDEL004426,HORD004426,2018-10-10,2018-10-13,2018-10-13,AusPost,Standard,Delivered,0.0,True,20.0,6.95,none,3.0,4.0,Morning,2.9648,True,0.342
HDEL004427,HORD004427,2018-04-25,2018-05-01,2018-04-30,AusPost,Standard,Delivered,0.0,True,46.0,5.76,none,6.0,8.0,Morning,2.1106,False,0.364
HDEL004428,HORD004428,2018-04-09,2018-04-12,2018-04-12,Direct Freight,Express,Delivered,0.0,True,29.0,16.11,none,3.0,6.0,Morning,6.0658,True,0.432
HDEL004429,HORD004429,2018-09-18,2018-09-24,2018-09-28,Direct Freight,Standard,Delivered,4.0,False,73.0,8.46,carrier_capacity,6.0,3.0,Afternoon,3.3715,True,0.376
HDEL004430,HORD004430,2018-07-02,2018-07-09,2018-07-09,StarTrack,Standard,Delivered,0.0,True,30.0,9.67,none,7.0,7.0,Morning,4.8889,True,0.783
HDEL004431,HORD004431,2018-03-11,2018-03-15,2018-03-15,DHL,Standard,Delivered,0.0,True,70.0,7.26,none,4.0,7.0,Anytime,5.0889,False,0.335
HDEL004432,HORD004432,2018-06-29,2018-07-02,2018-06-30,Direct Freight,Standard,Delivered,0.0,True,58.0,12.83,none,3.0,6.0,Morning,7.7395,True,0.558
HDEL004433,HORD004433,2018-11-14,2018-11-17,2018-11-17,DHL,Standard,Delivered,0.0,True,31.0,8.72,none,3.0,6.0,Morning,7.7961,False,0.524
HDEL004434,HORD004434,2018-02-12,2018-02-18,2018-02-18,Direct Freight,Standard,Delivered,0.0,True,3.0,7.2,none,6.0,6.0,Anytime,1.4827,False,0.259
HDEL004435,HORD004435,2018-02-05,2018-02-08,2018-02-08,Direct Freight,Standard,Delivered,0.0,True,61.0,9.51,none,3.0,7.0,Morning,4.7792,False,0.327
HDEL004436,HORD004436,2018-11-14,2018-11-20,2018-11-19,AusPost,Standard,Delivered,0.0,True,71.0,10.47,none,6.0,3.0,Anytime,8.8786,False,0.587
HDEL004437,HORD004437,2018-03-28,2018-03-31,2018-03-31,StarTrack,Standard,Delivered,0.0,True,48.0,8.25,none,3.0,6.0,Anytime,4.2688,True,0.38
HDEL004438,HORD004438,2018-04-11,2018-04-14,2018-04-16,DHL,Express,Delivered,2.0,False,50.0,17.25,weather,3.0,7.0,Afternoon,4.0907,True,0.438
HDEL004439,HORD004439,2018-02-12,2018-02-16,2018-02-17,AusPost,Standard,Delivered,1.0,False,15.0,9.59,weather,4.0,8.0,Afternoon,8.5452,False,0.446
HDEL004440,HORD004440,2018-01-27,2018-02-03,2018-02-02,DHL,Standard,Delivered,0.0,True,23.0,11.55,none,7.0,4.0,Anytime,6.6818,True,0.607
HDEL004441,HORD004441,2018-06-21,2018-06-25,2018-06-24,Direct Freight,Express,Delivered,0.0,True,65.0,20.65,none,4.0,7.0,Morning,6.2019,False,0.401
HDEL004442,HORD004442,2018-01-21,2018-01-24,2018-01-22,DHL,Standard,Delivered,0.0,True,2.0,9.59,none,3.0,4.0,Morning,3.4906,True,0.527
HDEL004443,HORD004443,2018-04-15,2018-04-18,2018-04-20,AusPost,Standard,Delivered,2.0,False,11.0,9.87,weather,3.0,7.0,Afternoon,6.9271,False,0.413
HDEL004444,HORD004444,2018-09-09,2018-09-15,2018-09-13,Direct Freight,Standard,Delivered,0.0,True,27.0,10.89,none,6.0,3.0,Anytime,7.8474,True,0.492
HDEL004445,HORD004445,2018-08-20,2018-08-24,2018-08-28,StarTrack,Standard,Delivered,4.0,False,62.0,9.55,carrier_capacity,4.0,8.0,Afternoon,3.7434,True,0.463
HDEL004446,HORD004446,2018-12-31,2019-01-03,2019-01-01,AusPost,Express,Delivered,0.0,True,68.0,15.5,none,3.0,6.0,Morning,3.7002,False,0.423
HDEL004447,HORD004447,2018-05-30,2018-06-05,2018-06-03,AusPost,Standard,Delivered,0.0,True,73.0,7.59,none,6.0,8.0,Morning,4.1639,False,0.335
HDEL004448,HORD004448,2018-04-05,2018-04-10,2018-04-09,Direct Freight,Express,Delivered,0.0,True,61.0,18.46,none,5.0,9.0,Anytime,4.4563,False,0.38
HDEL004449,HORD004449,2018-04-05,2018-04-11,2018-04-15,StarTrack,Standard,Delivered,4.0,False,35.0,7.78,carrier_capacity,6.0,4.0,Anytime,3.083,False,0.272
HDEL004450,HORD004450,2018-02-03,2018-02-07,2018-02-05,StarTrack,Standard,Delivered,0.0,True,5.0,8.21,none,4.0,5.0,Morning,3.025,False,0.302
HDEL004451,HORD004451,2018-03-02,2018-03-06,2018-03-06,StarTrack,Standard,Delivered,0.0,True,8.0,9.0,none,4.0,5.0,Afternoon,5.8666,True,0.443
HDEL004452,HORD004452,2018-09-26,2018-10-03,2018-10-01,DHL,Express,Delivered,0.0,True,17.0,15.91,none,7.0,6.0,Morning,4.0037,True,0.344
HDEL004453,HORD004453,2018-04-15,2018-04-21,2018-04-19,DHL,Standard,Delivered,0.0,True,62.0,6.57,none,6.0,7.0,Morning,3.7044,False,0.31
HDEL004454,HORD004454,2018-09-12,2018-09-15,2018-09-13,AusPost,Standard,Delivered,0.0,True,51.0,9.82,none,3.0,3.0,Morning,4.8422,False,0.346
HDEL004455,HORD004455,2018-09-17,2018-09-22,2018-09-20,AusPost,Express,Delivered,0.0,True,68.0,20.81,none,5.0,7.0,Afternoon,8.008,True,0.663
HDEL004456,HORD004456,2018-10-01,2018-10-04,2018-10-04,Direct Freight,Standard,Delivered,0.0,True,58.0,7.14,none,3.0,7.0,Anytime,3.2287,False,0.334
HDEL004457,HORD004457,2018-05-24,2018-05-27,2018-05-26,DHL,Express,Delivered,0.0,True,32.0,14.98,none,3.0,5.0,Morning,0.7955,True,0.534
HDEL004458,HORD004458,2018-08-06,2018-08-10,2018-08-09,StarTrack,Express,Delivered,0.0,True,15.0,22.72,none,4.0,4.0,Anytime,5.5396,True,1.015
HDEL004459,HORD004459,2018-09-15,2018-09-19,2018-09-17,StarTrack,Standard,Delivered,0.0,True,64.0,8.8,none,4.0,4.0,Morning,7.1722,False,0.43
HDEL004460,HORD004460,2018-07-24,2018-07-28,2018-07-27,StarTrack,Express,Delivered,0.0,True,49.0,22.13,none,4.0,8.0,Morning,6.5932,True,0.438
HDEL004461,HORD004461,2018-06-12,2018-06-15,2018-06-14,AusPost,Standard,Delivered,0.0,True,33.0,14.18,none,3.0,9.0,Afternoon,6.7151,True,0.619
HDEL004462,HORD004462,2018-11-09,2018-11-14,2018-11-14,AusPost,Standard,Delivered,0.0,True,73.0,6.89,none,5.0,8.0,Afternoon,2.9396,False,0.321
HDEL004463,HORD004463,2018-01-10,2018-01-13,2018-01-11,AusPost,Standard,Delivered,0.0,True,40.0,7.84,none,3.0,3.0,Anytime,5.4787,False,0.348
HDEL004464,HORD004464,2018-02-23,2018-02-27,2018-02-26,StarTrack,Express,Delivered,0.0,True,8.0,15.96,none,4.0,3.0,Anytime,5.1945,True,1.597
HDEL004465,HORD004465,2018-05-02,2018-05-05,2018-05-04,AusPost,Standard,Delivered,0.0,True,35.0,9.21,none,3.0,6.0,Afternoon,5.3354,True,0.494
HDEL004466,HORD004466,2018-04-16,2018-04-22,2018-04-22,AusPost,Standard,Delivered,0.0,True,11.0,9.12,none,6.0,9.0,Afternoon,7.7395,False,0.575
HDEL004467,HORD004467,2018-07-21,2018-07-26,2018-07-28,AusPost,Standard,Delivered,2.0,False,59.0,11.18,carrier_capacity,5.0,7.0,Afternoon,4.7549,True,1.117
HDEL004468,HORD004468,2018-10-16,2018-10-21,2018-10-19,Direct Freight,Express,Delivered,0.0,True,72.0,17.77,none,5.0,8.0,Morning,5.268,True,0.523
HDEL004469,HORD004469,2018-10-01,2018-10-06,2018-10-06,Direct Freight,Express,Delivered,0.0,True,61.0,17.34,none,5.0,7.0,Afternoon,5.907,True,0.569
HDEL004470,HORD004470,2018-05-06,2018-05-10,2018-05-10,StarTrack,Standard,Delivered,0.0,True,55.0,5.41,none,4.0,9.0,Anytime,0.7001,True,0.313
HDEL004471,HORD004471,2018-10-13,2018-10-19,2018-10-21,DHL,Standard,Delivered,2.0,False,73.0,9.35,weather,6.0,6.0,Anytime,3.7002,True,1.133
HDEL004472,HORD004472,2018-08-08,2018-08-13,2018-08-11,AusPost,Express,Delivered,0.0,True,14.0,22.43,none,5.0,8.0,Morning,2.3052,True,0.324
HDEL004473,HORD004473,2018-01-28,2018-02-04,2018-02-03,AusPost,Standard,Delivered,0.0,True,67.0,11.47,none,7.0,7.0,Anytime,8.5047,False,0.411
HDEL004474,HORD004474,2018-06-21,2018-06-25,2018-06-25,AusPost,Standard,Delivered,0.0,True,57.0,9.5,none,4.0,3.0,Anytime,3.0683,True,0.428
HDEL004475,HORD004475,2018-09-23,2018-09-27,2018-10-01,AusPost,Standard,Delivered,4.0,False,23.0,8.81,carrier_capacity,4.0,7.0,Afternoon,7.6261,True,1.117
HDEL004476,HORD004476,2018-04-11,2018-04-16,2018-04-14,StarTrack,Standard,Delivered,0.0,True,19.0,8.79,none,5.0,7.0,Morning,3.296,False,0.273
HDEL004477,HORD004477,2018-02-06,2018-02-11,2018-02-11,Direct Freight,Standard,Delivered,0.0,True,62.0,9.44,none,5.0,5.0,Anytime,7.1137,True,0.572
HDEL004478,HORD004478,2018-03-16,2018-03-19,2018-03-18,DHL,Standard,Delivered,0.0,True,67.0,7.97,none,3.0,7.0,Anytime,3.241,False,0.321
HDEL004479,HORD004479,2018-01-21,2018-01-25,2018-01-24,StarTrack,Express,Delivered,0.0,True,51.0,19.01,none,4.0,3.0,Afternoon,4.573,True,0.37
HDEL004480,HORD004480,2018-03-20,2018-03-27,2018-03-26,DHL,Standard,Delivered,0.0,True,65.0,8.38,none,7.0,3.0,Afternoon,4.932,True,0.467
HDEL004481,HORD004481,2018-11-01,2018-11-05,2018-11-04,Direct Freight,Express,Delivered,0.0,True,60.0,14.84,none,4.0,8.0,Morning,5.907,False,0.88
HDEL004482,HORD004482,2018-07-09,2018-07-16,2018-07-16,Direct Freight,Standard,Delivered,0.0,True,72.0,9.14,none,7.0,7.0,Morning,0.4249,True,0.873
HDEL004483,HORD004483,2018-12-25,2018-12-31,2018-12-30,DHL,Standard,Delivered,0.0,True,23.0,9.05,none,6.0,4.0,Morning,4.6266,False,0.333
HDEL004484,HORD004484,2018-07-19,2018-07-22,2018-07-21,AusPost,Standard,Delivered,0.0,True,51.0,9.52,none,3.0,7.0,Anytime,4.3804,True,0.447
HDEL004485,HORD004485,2018-04-17,2018-04-21,2018-04-20,StarTrack,Standard,Delivered,0.0,True,20.0,8.65,none,4.0,4.0,Afternoon,7.3718,True,1.269
HDEL004486,HORD004486,2018-03-12,2018-03-16,2018-03-19,Direct Freight,Standard,Delivered,3.0,False,12.0,10.63,weather,4.0,8.0,Morning,6.9714,False,0.45
HDEL004487,HORD004487,2018-01-24,2018-01-28,2018-01-28,AusPost,Standard,Delivered,0.0,True,48.0,7.01,none,4.0,6.0,Morning,0.316,True,0.346
HDEL004488,HORD004488,2018-11-30,2018-12-06,2018-12-05,Direct Freight,Standard,Delivered,0.0,True,54.0,7.81,none,6.0,7.0,Anytime,5.9827,False,0.357
HDEL004489,HORD004489,2018-02-07,2018-02-11,2018-02-11,DHL,Express,Delivered,0.0,True,22.0,17.04,none,4.0,7.0,Morning,2.1752,True,0.36
HDEL004490,HORD004490,2018-05-02,2018-05-08,2018-05-07,DHL,Standard,Delivered,0.0,True,49.0,8.55,none,6.0,4.0,Afternoon,4.1707,True,0.4
HDEL004491,HORD004491,2018-03-14,2018-03-17,2018-03-15,StarTrack,Standard,Delivered,0.0,True,39.0,10.09,none,3.0,3.0,Morning,6.2095,True,1.135
HDEL004492,HORD004492,2018-09-15,2018-09-19,2018-09-19,AusPost,Standard,Delivered,0.0,True,49.0,9.54,none,4.0,3.0,Morning,4.2429,True,1.09
HDEL004493,HORD004493,2018-12-02,2018-12-08,2018-12-08,StarTrack,Standard,Delivered,0.0,True,35.0,8.72,none,6.0,8.0,Afternoon,7.7128,True,0.553
HDEL004494,HORD004494,2018-10-12,2018-10-19,2018-10-19,AusPost,Standard,Delivered,0.0,True,34.0,9.39,none,7.0,4.0,Anytime,5.4688,False,0.372
HDEL004495,HORD004495,2018-12-17,2018-12-21,2018-12-19,DHL,Express,Delivered,0.0,True,13.0,18.36,none,4.0,8.0,Afternoon,5.9673,False,0.433
HDEL004496,HORD004496,2018-02-03,2018-02-10,2018-02-08,AusPost,Express,Delivered,0.0,True,32.0,15.95,none,7.0,5.0,Afternoon,1.6352,False,0.347
HDEL004497,HORD004497,2018-07-22,2018-07-27,2018-07-27,DHL,Standard,Delivered,0.0,True,69.0,8.65,none,5.0,4.0,Afternoon,0.4902,False,0.21
HDEL004498,HORD004498,2018-05-28,2018-05-31,2018-05-31,Direct Freight,Standard,Delivered,0.0,True,33.0,9.24,none,3.0,7.0,Morning,5.4128,False,0.364
HDEL004499,HORD004499,2018-12-09,2018-12-15,2018-12-13,AusPost,Express,Delivered,0.0,True,9.0,20.97,none,6.0,9.0,Morning,6.9029,True,1.272
HDEL004500,HORD004500,2018-01-25,2018-01-30,2018-01-28,StarTrack,Standard,Delivered,0.0,True,34.0,9.1,none,5.0,5.0,Morning,3.4906,True,0.485
HDEL004501,HORD004501,2018-11-14,2018-11-20,2018-11-21,StarTrack,Express,Delivered,1.0,False,20.0,15.36,carrier_capacity,6.0,3.0,Anytime,2.7425,True,0.39
HDEL004502,HORD004502,2018-06-24,2018-06-28,2018-06-27,Direct Freight,Standard,Delivered,0.0,True,29.0,11.18,none,4.0,5.0,Afternoon,4.3706,False,0.351
HDEL004503,HORD004503,2018-02-01,2018-02-07,2018-02-05,Direct Freight,Standard,Delivered,0.0,True,68.0,8.26,none,6.0,3.0,Anytime,3.968,True,0.387
HDEL004504,HORD004504,2018-06-17,2018-06-21,2018-06-20,AusPost,Standard,Delivered,0.0,True,51.0,15.46,none,4.0,6.0,Morning,8.1751,False,0.49
HDEL004505,HORD004505,2018-09-08,2018-09-11,2018-09-11,AusPost,Express,Delivered,0.0,True,6.0,13.39,none,3.0,8.0,Anytime,1.6639,False,0.33
HDEL004506,HORD004506,2018-06-29,2018-07-05,2018-07-05,DHL,Express,Delivered,0.0,True,2.0,20.78,none,6.0,3.0,Morning,8.8778,False,0.456
HDEL004507,HORD004507,2018-05-16,2018-05-22,2018-05-22,StarTrack,Standard,Delivered,0.0,True,43.0,9.59,none,6.0,8.0,Morning,5.5471,True,0.614
HDEL004508,HORD004508,2018-03-26,2018-03-29,2018-03-29,Direct Freight,Express,Delivered,0.0,True,60.0,19.26,none,3.0,6.0,Afternoon,4.1458,True,0.355
HDEL004509,HORD004509,2018-08-30,2018-09-05,2018-09-05,AusPost,Standard,Delivered,0.0,True,60.0,12.39,none,6.0,3.0,Anytime,4.3706,True,0.45
HDEL004510,HORD004510,2018-03-05,2018-03-10,2018-03-10,Direct Freight,Standard,Delivered,0.0,True,50.0,8.72,none,5.0,8.0,Morning,6.6869,True,0.475
HDEL004511,HORD004511,2018-10-20,2018-10-26,2018-10-25,AusPost,Standard,Delivered,0.0,True,22.0,8.82,none,6.0,4.0,Afternoon,5.9294,False,0.393
HDEL004512,HORD004512,2018-10-05,2018-10-09,2018-10-07,StarTrack,Standard,Delivered,0.0,True,46.0,8.2,none,4.0,3.0,Afternoon,2.9396,True,0.377
HDEL004513,HORD004513,2018-03-01,2018-03-05,2018-03-05,StarTrack,Standard,Delivered,0.0,True,3.0,8.91,none,4.0,8.0,Afternoon,8.3403,False,0.513
HDEL004514,HORD004514,2018-04-25,2018-05-02,2018-05-02,AusPost,Standard,Delivered,0.0,True,19.0,6.72,none,7.0,7.0,Afternoon,2.1289,True,0.398
HDEL004515,HORD004515,2018-08-27,2018-08-31,2018-09-02,AusPost,Standard,Delivered,2.0,False,3.0,11.29,carrier_capacity,4.0,3.0,Afternoon,5.3354,True,0.505
HDEL004516,HORD004516,2018-07-09,2018-07-13,2018-07-11,AusPost,Express,Delivered,0.0,True,32.0,19.24,none,4.0,9.0,Afternoon,6.2917,True,0.497
HDEL004517,HORD004517,2018-06-23,2018-06-26,2018-06-25,Direct Freight,Standard,Delivered,0.0,True,68.0,12.63,none,3.0,3.0,Afternoon,9.0951,True,0.616
HDEL004518,HORD004518,2018-12-15,2018-12-21,2018-12-19,StarTrack,Express,Delivered,0.0,True,30.0,14.98,none,6.0,7.0,Afternoon,6.7151,False,0.455
HDEL004519,HORD004519,2018-12-21,2018-12-28,2018-12-26,DHL,Standard,Delivered,0.0,True,36.0,10.75,none,7.0,4.0,Afternoon,5.9294,False,0.45
HDEL004520,HORD004520,2018-11-17,2018-11-23,2018-11-21,DHL,Standard,Delivered,0.0,True,29.0,11.33,none,6.0,3.0,Morning,6.9714,True,0.565
HDEL004521,HORD004521,2018-03-08,2018-03-15,2018-03-13,StarTrack,Standard,Delivered,0.0,True,65.0,8.71,none,7.0,6.0,Anytime,5.5396,True,0.461
HDEL004522,HORD004522,2018-08-26,2018-08-31,2018-09-02,DHL,Standard,Delivered,2.0,False,25.0,9.61,weather,5.0,6.0,Morning,4.0907,False,0.329
HDEL004523,HORD004523,2018-03-17,2018-03-20,2018-03-18,DHL,Standard,Delivered,0.0,True,44.0,9.63,none,3.0,4.0,Anytime,8.3002,True,0.556
HDEL004524,HORD004524,2018-01-23,2018-01-28,2018-01-27,AusPost,Standard,Delivered,0.0,True,52.0,11.47,none,5.0,3.0,Anytime,9.5775,True,0.467
HDEL004525,HORD004525,2018-05-14,2018-05-18,2018-05-17,Direct Freight,Standard,Delivered,0.0,True,51.0,7.12,none,4.0,9.0,Anytime,1.9118,False,0.342
HDEL004526,HORD004526,2018-06-21,2018-06-25,2018-06-23,DHL,Standard,Delivered,0.0,True,9.0,12.46,none,4.0,6.0,Afternoon,7.7742,False,0.604
HDEL004527,HORD004527,2018-03-05,2018-03-09,2018-03-09,AusPost,Standard,Delivered,0.0,True,54.0,11.75,none,4.0,8.0,Anytime,8.3268,True,0.74
HDEL004528,HORD004528,2018-05-29,2018-06-01,2018-05-31,Direct Freight,Express,Delivered,0.0,True,56.0,15.95,none,3.0,7.0,Morning,6.9029,True,0.57
HDEL004529,HORD004529,2018-01-03,2018-01-07,2018-01-06,DHL,Standard,Delivered,0.0,True,22.0,8.7,none,4.0,9.0,Anytime,5.1945,True,1.812
HDEL004530,HORD004530,2018-10-26,2018-10-30,2018-11-02,Direct Freight,Standard,Delivered,3.0,False,48.0,7.86,warehouse_congestion,4.0,3.0,Anytime,5.8767,True,1.123
HDEL004531,HORD004531,2018-02-18,2018-02-23,2018-02-23,Direct Freight,Standard,Delivered,0.0,True,24.0,11.06,none,5.0,7.0,Anytime,6.1287,True,0.529
HDEL004532,HORD004532,2018-09-14,2018-09-17,2018-09-16,StarTrack,Express,Delivered,0.0,True,57.0,18.58,none,3.0,6.0,Morning,7.2147,False,0.384
HDEL004533,HORD004533,2018-02-12,2018-02-15,2018-02-14,AusPost,Standard,Delivered,0.0,True,34.0,11.4,none,3.0,8.0,Anytime,6.5932,True,0.931
HDEL004534,HORD004534,2018-12-03,2018-12-08,2018-12-06,DHL,Standard,Delivered,0.0,True,60.0,10.16,none,5.0,7.0,Afternoon,7.2156,True,0.525
HDEL004535,HORD004535,2018-08-07,2018-08-13,2018-08-11,StarTrack,Standard,Delivered,0.0,True,71.0,11.45,none,6.0,3.0,Anytime,4.6779,True,0.611
HDEL004536,HORD004536,2018-12-12,2018-12-17,2018-12-15,AusPost,Standard,Delivered,0.0,True,28.0,9.51,none,5.0,7.0,Anytime,5.9357,True,0.359
HDEL004537,HORD004537,2018-09-23,2018-09-29,2018-09-27,DHL,Standard,Delivered,0.0,True,31.0,9.7,none,6.0,5.0,Morning,7.7395,True,0.955
HDEL004538,HORD004538,2018-04-14,2018-04-18,2018-04-18,Direct Freight,Standard,Delivered,0.0,True,62.0,7.35,none,4.0,3.0,Anytime,5.3006,True,0.67
HDEL004539,HORD004539,2018-12-06,2018-12-13,2018-12-17,AusPost,Standard,Delivered,4.0,False,19.0,9.92,warehouse_congestion,7.0,6.0,Afternoon,5.3633,True,0.516
HDEL004540,HORD004540,2018-11-12,2018-11-16,2018-11-16,AusPost,Standard,Delivered,0.0,True,42.0,9.88,none,4.0,3.0,Anytime,4.4785,True,1.07
HDEL004541,HORD004541,2018-02-19,2018-02-24,2018-02-22,AusPost,Standard,Delivered,0.0,True,12.0,7.49,none,5.0,3.0,Morning,4.9806,False,0.352
HDEL004542,HORD004542,2018-09-06,2018-09-12,2018-09-10,DHL,Express,Delivered,0.0,True,18.0,14.57,none,6.0,6.0,Afternoon,1.131,True,0.305
HDEL004543,HORD004543,2018-12-02,2018-12-05,2018-12-09,DHL,Express,Delivered,4.0,False,12.0,18.35,weather,3.0,7.0,Morning,6.2778,True,0.492
HDEL004544,HORD004544,2018-05-29,2018-06-04,2018-06-03,Direct Freight,Standard,Delivered,0.0,True,65.0,5.55,none,6.0,5.0,Afternoon,1.5241,True,0.374
HDEL004545,HORD004545,2018-01-29,2018-02-04,2018-02-04,AusPost,Standard,Delivered,0.0,True,67.0,8.38,none,6.0,5.0,Anytime,5.4847,False,0.35
HDEL004546,HORD004546,2018-06-30,2018-07-05,2018-07-05,AusPost,Standard,Delivered,0.0,True,57.0,11.56,none,5.0,3.0,Morning,3.5747,True,1.49
HDEL004547,HORD004547,2018-01-08,2018-01-14,2018-01-12,AusPost,Standard,Delivered,0.0,True,62.0,8.7,none,6.0,8.0,Morning,5.3161,True,1.051
HDEL004548,HORD004548,2018-12-21,2018-12-26,2018-12-24,AusPost,Standard,Delivered,0.0,True,31.0,9.33,none,5.0,4.0,Morning,8.7478,True,0.555
HDEL004549,HORD004549,2018-03-16,2018-03-22,2018-03-21,Direct Freight,Standard,Delivered,0.0,True,40.0,7.38,none,6.0,5.0,Afternoon,5.0681,True,0.862
HDEL004550,HORD004550,2018-02-09,2018-02-14,2018-02-14,DHL,Standard,Delivered,0.0,True,64.0,8.74,none,5.0,3.0,Afternoon,2.1752,True,0.402
HDEL004551,HORD004551,2018-07-07,2018-07-11,2018-07-09,AusPost,Standard,Delivered,0.0,True,5.0,11.8,none,4.0,7.0,Morning,6.9719,True,0.476
HDEL004552,HORD004552,2018-11-11,2018-11-18,2018-11-16,AusPost,Standard,Delivered,0.0,True,44.0,11.27,none,7.0,9.0,Morning,6.9718,True,0.525
HDEL004553,HORD004553,2018-03-06,2018-03-09,2018-03-07,DHL,Standard,Delivered,0.0,True,30.0,8.41,none,3.0,7.0,Morning,3.9471,False,0.405
HDEL004554,HORD004554,2018-02-04,2018-02-10,2018-02-09,StarTrack,Standard,Delivered,0.0,True,5.0,9.57,none,6.0,6.0,Anytime,5.1067,False,0.323
HDEL004555,HORD004555,2018-04-07,2018-04-12,2018-04-10,AusPost,Express,Delivered,0.0,True,55.0,16.96,none,5.0,5.0,Afternoon,1.2394,True,0.415
HDEL004556,HORD004556,2018-08-12,2018-08-17,2018-08-16,StarTrack,Standard,Delivered,0.0,True,57.0,10.06,none,5.0,9.0,Afternoon,6.1296,True,0.487
HDEL004557,HORD004557,2018-06-18,2018-06-25,2018-06-24,Direct Freight,Express,Delivered,0.0,True,38.0,19.22,none,7.0,7.0,Afternoon,2.9648,True,1.145
HDEL004558,HORD004558,2018-02-28,2018-03-04,2018-03-03,DHL,Express,Delivered,0.0,True,14.0,18.08,none,4.0,5.0,Anytime,2.8947,True,1.093
HDEL004559,HORD004559,2018-07-09,2018-07-15,2018-07-15,Direct Freight,Standard,Delivered,0.0,True,7.0,11.36,none,6.0,6.0,Anytime,5.9503,True,1.058
HDEL004560,HORD004560,2018-02-25,2018-03-02,2018-03-03,StarTrack,Standard,Delivered,1.0,False,22.0,7.52,weather,5.0,9.0,Morning,0.6309,True,0.398
HDEL004561,HORD004561,2019-01-01,2019-01-07,2019-01-05,DHL,Standard,Delivered,0.0,True,38.0,6.58,none,6.0,7.0,Afternoon,1.8801,False,0.295
HDEL004562,HORD004562,2018-12-05,2018-12-09,2018-12-07,DHL,Standard,Delivered,0.0,True,40.0,10.05,none,4.0,6.0,Afternoon,8.3403,False,0.478
HDEL004563,HORD004563,2018-02-05,2018-02-09,2018-02-09,AusPost,Standard,Delivered,0.0,True,50.0,7.93,none,4.0,4.0,Afternoon,4.2331,True,0.38
HDEL004564,HORD004564,2018-12-30,2019-01-02,2019-01-02,StarTrack,Standard,Delivered,0.0,True,57.0,11.27,none,3.0,9.0,Anytime,6.9423,False,0.417
HDEL004565,HORD004565,2018-08-10,2018-08-17,2018-08-21,AusPost,Express,Delivered,4.0,False,31.0,16.12,carrier_capacity,7.0,3.0,Anytime,0.243,True,0.349
HDEL004566,HORD004566,2018-03-10,2018-03-13,2018-03-12,DHL,Standard,Delivered,0.0,True,42.0,7.77,none,3.0,4.0,Anytime,4.5289,True,1.616
HDEL004567,HORD004567,2018-02-05,2018-02-11,2018-02-11,DHL,Standard,Delivered,0.0,True,56.0,8.02,none,6.0,8.0,Morning,5.6382,True,0.506
HDEL004568,HORD004568,2018-01-15,2018-01-19,2018-01-19,StarTrack,Standard,Delivered,0.0,True,11.0,11.92,none,4.0,3.0,Anytime,7.7035,True,0.642
HDEL004569,HORD004569,2018-10-20,2018-10-26,2018-10-26,AusPost,Express,Delivered,0.0,True,17.0,18.7,none,6.0,9.0,Afternoon,6.2579,True,1.242
HDEL004570,HORD004570,2018-06-08,2018-06-11,2018-06-09,AusPost,Express,Delivered,0.0,True,8.0,18.89,none,3.0,3.0,Afternoon,5.5612,True,0.407
HDEL004571,HORD004571,2018-07-17,2018-07-24,2018-07-23,Direct Freight,Standard,Delivered,0.0,True,67.0,9.44,none,7.0,6.0,Afternoon,5.0903,True,0.56
HDEL004572,HORD004572,2018-03-13,2018-03-20,2018-03-20,Direct Freight,Standard,Delivered,0.0,True,57.0,8.74,none,7.0,8.0,Afternoon,4.7792,True,0.441
HDEL004573,HORD004573,2018-01-19,2018-01-23,2018-01-22,StarTrack,Standard,Delivered,0.0,True,14.0,6.09,none,4.0,6.0,Afternoon,1.6639,True,0.296
HDEL004574,HORD004574,2018-02-24,2018-03-01,2018-03-01,DHL,Standard,Delivered,0.0,True,26.0,8.1,none,5.0,7.0,Afternoon,4.4822,True,0.537
HDEL004575,HORD004575,2018-10-01,2018-10-06,2018-10-04,AusPost,Standard,Delivered,0.0,True,33.0,11.77,none,5.0,5.0,Anytime,8.7149,True,1.251
HDEL004576,HORD004576,2018-12-12,2018-12-17,2018-12-15,StarTrack,Standard,Delivered,0.0,True,17.0,9.05,none,5.0,6.0,Morning,4.6342,True,0.357
HDEL004577,HORD004577,2018-12-05,2018-12-11,2018-12-09,AusPost,Standard,Delivered,0.0,True,27.0,8.86,none,6.0,9.0,Morning,3.89,False,0.448
HDEL004578,HORD004578,2018-11-18,2018-11-25,2018-11-27,AusPost,Express,Delivered,2.0,False,48.0,15.77,weather,7.0,8.0,Morning,7.8474,True,1.02
HDEL004579,HORD004579,2018-04-11,2018-04-17,2018-04-16,AusPost,Standard,Delivered,0.0,True,39.0,8.96,none,6.0,8.0,Anytime,7.6027,True,0.548
HDEL004580,HORD004580,2018-09-25,2018-09-30,2018-09-29,StarTrack,Standard,Delivered,0.0,True,53.0,6.47,none,5.0,7.0,Morning,2.79,False,0.278
HDEL004581,HORD004581,2018-06-09,2018-06-15,2018-06-15,Direct Freight,Standard,Delivered,0.0,True,43.0,12.67,none,6.0,9.0,Afternoon,6.9423,True,0.514
HDEL004582,HORD004582,2018-11-11,2018-11-18,2018-11-16,StarTrack,Standard,Delivered,0.0,True,44.0,10.88,none,7.0,4.0,Anytime,7.2366,True,1.137
HDEL004583,HORD004583,2018-07-23,2018-07-30,2018-07-28,DHL,Standard,Delivered,0.0,True,73.0,12.07,none,7.0,4.0,Anytime,7.7528,True,0.561
HDEL004584,HORD004584,2018-10-16,2018-10-21,2018-10-21,DHL,Standard,Delivered,0.0,True,40.0,8.03,none,5.0,5.0,Afternoon,2.9003,True,0.563
HDEL004585,HORD004585,2018-02-26,2018-03-02,2018-03-01,StarTrack,Standard,Delivered,0.0,True,2.0,7.37,none,4.0,3.0,Morning,3.3663,True,0.347
HDEL004586,HORD004586,2018-06-19,2018-06-26,2018-06-24,DHL,Standard,Delivered,0.0,True,53.0,11.99,none,7.0,4.0,Afternoon,7.0295,True,0.432
HDEL004587,HORD004587,2018-01-13,2018-01-19,2018-01-19,AusPost,Standard,Delivered,0.0,True,61.0,10.26,none,6.0,3.0,Anytime,7.6606,True,1.208
HDEL004588,HORD004588,2018-10-30,2018-11-03,2018-11-02,Direct Freight,Standard,Delivered,0.0,True,36.0,9.3,none,4.0,9.0,Anytime,4.2942,False,0.377
HDEL004589,HORD004589,2018-09-07,2018-09-13,2018-09-17,AusPost,Express,Delivered,4.0,False,69.0,16.74,carrier_capacity,6.0,7.0,Anytime,6.1287,True,0.423
HDEL004590,HORD004590,2018-12-20,2018-12-24,2018-12-22,DHL,Standard,Delivered,0.0,True,65.0,6.92,none,4.0,8.0,Anytime,3.5321,True,0.314
HDEL004591,HORD004591,2018-02-20,2018-02-24,2018-02-24,DHL,Standard,Delivered,0.0,True,71.0,7.78,none,4.0,3.0,Afternoon,1.131,True,1.073
HDEL004592,HORD004592,2018-01-14,2018-01-19,2018-01-18,StarTrack,Standard,Delivered,0.0,True,36.0,9.93,none,5.0,9.0,Morning,7.6829,True,1.35
HDEL004593,HORD004593,2018-08-06,2018-08-09,2018-08-08,StarTrack,Standard,Delivered,0.0,True,55.0,12.03,none,3.0,3.0,Morning,7.2272,True,0.491
HDEL004594,HORD004594,2018-02-26,2018-03-05,2018-03-03,Direct Freight,Standard,Delivered,0.0,True,45.0,9.88,none,7.0,9.0,Morning,6.163,True,0.478
HDEL004595,HORD004595,2018-07-26,2018-07-29,2018-07-29,StarTrack,Standard,Delivered,0.0,True,48.0,11.47,none,3.0,3.0,Morning,4.3645,False,0.324
HDEL004596,HORD004596,2018-06-10,2018-06-13,2018-06-13,Direct Freight,Standard,Delivered,0.0,True,60.0,12.65,none,3.0,7.0,Anytime,9.5775,True,0.596
HDEL004597,HORD004597,2018-04-06,2018-04-13,2018-04-11,Direct Freight,Standard,Delivered,0.0,True,4.0,5.9,none,7.0,4.0,Morning,1.8105,False,0.337
HDEL004598,HORD004598,2018-04-04,2018-04-10,2018-04-08,DHL,Express,Delivered,0.0,True,66.0,17.56,none,6.0,4.0,Anytime,7.6261,True,0.599
HDEL004599,HORD004599,2018-09-24,2018-10-01,2018-09-30,AusPost,Standard,Delivered,0.0,True,50.0,6.68,none,7.0,4.0,Afternoon,0.7974,False,0.274
HDEL004600,HORD004600,2018-03-17,2018-03-23,2018-03-23,Direct Freight,Standard,Delivered,0.0,True,59.0,9.57,none,6.0,3.0,Afternoon,5.9673,True,1.009
HDEL004601,HORD004601,2018-12-29,2019-01-01,2018-12-30,DHL,Standard,Delivered,0.0,True,3.0,8.96,none,3.0,8.0,Morning,3.7703,True,0.586
HDEL004602,HORD004602,2018-04-07,2018-04-12,2018-04-11,Direct Freight,Standard,Delivered,0.0,True,29.0,8.36,none,5.0,6.0,Anytime,6.5139,True,0.475
HDEL004603,HORD004603,2018-01-27,2018-02-03,2018-02-03,StarTrack,Standard,Delivered,0.0,True,44.0,7.97,none,7.0,7.0,Morning,4.0907,True,0.418
HDEL004604,HORD004604,2018-10-15,2018-10-22,2018-10-22,StarTrack,Standard,Delivered,0.0,True,40.0,8.65,none,7.0,7.0,Afternoon,6.9718,True,0.528
HDEL004605,HORD004605,2018-06-14,2018-06-18,2018-06-18,AusPost,Standard,Delivered,0.0,True,50.0,12.28,none,4.0,5.0,Afternoon,6.972,True,0.828
HDEL004606,HORD004606,2018-02-02,2018-02-07,2018-02-10,AusPost,Express,Delivered,3.0,False,35.0,16.41,warehouse_congestion,5.0,7.0,Afternoon,2.0879,False,0.344
HDEL004607,HORD004607,2018-06-08,2018-06-14,2018-06-12,StarTrack,Express,Delivered,0.0,True,71.0,22.59,none,6.0,5.0,Anytime,5.6443,True,1.207
HDEL004608,HORD004608,2018-11-22,2018-11-27,2018-11-27,DHL,Standard,Delivered,0.0,True,72.0,8.77,none,5.0,6.0,Afternoon,4.7549,True,1.143
HDEL004609,HORD004609,2018-04-24,2018-04-29,2018-04-28,Direct Freight,Standard,Delivered,0.0,True,29.0,12.43,none,5.0,7.0,Afternoon,9.1432,True,0.595
HDEL004610,HORD004610,2018-09-29,2018-10-03,2018-10-03,Direct Freight,Standard,Delivered,0.0,True,22.0,6.38,none,4.0,8.0,Morning,0.919,False,0.229
HDEL004611,HORD004611,2018-08-30,2018-09-04,2018-09-04,Direct Freight,Standard,Delivered,0.0,True,40.0,10.67,none,5.0,8.0,Afternoon,5.5057,True,1.185
HDEL004612,HORD004612,2018-02-20,2018-02-23,2018-02-23,Direct Freight,Express,Delivered,0.0,True,66.0,16.68,none,3.0,3.0,Afternoon,7.0833,True,1.226
HDEL004613,HORD004613,2018-05-30,2018-06-04,2018-06-02,StarTrack,Standard,Delivered,0.0,True,32.0,8.81,none,5.0,9.0,Afternoon,5.6988,True,0.54
HDEL004614,HORD004614,2018-12-27,2019-01-01,2018-12-31,AusPost,Standard,Delivered,0.0,True,55.0,7.72,none,5.0,5.0,Afternoon,4.9806,True,0.414
HDEL004615,HORD004615,2018-08-03,2018-08-06,2018-08-05,StarTrack,Standard,Delivered,0.0,True,22.0,10.76,none,3.0,9.0,Afternoon,6.3388,False,0.36
HDEL004616,HORD004616,2018-12-04,2018-12-10,2018-12-08,Direct Freight,Standard,Delivered,0.0,True,58.0,11.52,none,6.0,5.0,Anytime,6.6085,False,0.364
HDEL004617,HORD004617,2018-03-31,2018-04-03,2018-04-03,StarTrack,Standard,Delivered,0.0,True,68.0,6.24,none,3.0,9.0,Morning,0.6613,True,0.9
HDEL004618,HORD004618,2018-03-25,2018-03-30,2018-03-29,DHL,Standard,Delivered,0.0,True,45.0,10.29,none,5.0,3.0,Afternoon,7.1859,True,0.534
HDEL004619,HORD004619,2018-05-11,2018-05-15,2018-05-13,Direct Freight,Standard,Delivered,0.0,True,50.0,5.3,none,4.0,3.0,Anytime,0.5576,True,1.209
HDEL004620,HORD004620,2018-01-24,2018-01-28,2018-01-27,Direct Freight,Standard,Delivered,0.0,True,73.0,8.72,none,4.0,4.0,Morning,3.5321,True,0.773
HDEL004621,HORD004621,2018-05-26,2018-06-02,2018-06-02,AusPost,Standard,Delivered,0.0,True,22.0,9.15,none,7.0,7.0,Afternoon,6.0905,False,0.362
HDEL004622,HORD004622,2018-11-30,2018-12-03,2018-12-02,Direct Freight,Standard,Delivered,0.0,True,19.0,9.0,none,3.0,4.0,Morning,7.38,True,0.529
HDEL004623,HORD004623,2018-12-04,2018-12-07,2018-12-11,StarTrack,Express,Delivered,4.0,False,21.0,20.0,carrier_capacity,3.0,7.0,Morning,7.0974,False,0.531
HDEL004624,HORD004624,2018-07-06,2018-07-10,2018-07-10,DHL,Standard,Delivered,0.0,True,37.0,10.08,none,4.0,8.0,Morning,2.1106,True,0.348
HDEL004625,HORD004625,2018-01-29,2018-02-05,2018-02-04,Direct Freight,Standard,Delivered,0.0,True,30.0,10.51,none,7.0,7.0,Anytime,5.9294,True,0.38
HDEL004626,HORD004626,2018-03-10,2018-03-17,2018-03-15,AusPost,Standard,Delivered,0.0,True,70.0,6.44,none,7.0,6.0,Anytime,0.919,True,0.465
HDEL004627,HORD004627,2018-02-11,2018-02-14,2018-02-13,DHL,Standard,Delivered,0.0,True,44.0,10.28,none,3.0,7.0,Morning,8.5452,True,1.299
HDEL004628,HORD004628,2018-09-28,2018-10-03,2018-10-01,Direct Freight,Standard,Delivered,0.0,True,26.0,10.34,none,5.0,6.0,Morning,6.8145,True,0.487
HDEL004629,HORD004629,2018-05-12,2018-05-15,2018-05-14,Direct Freight,Standard,Delivered,0.0,True,52.0,7.73,none,3.0,8.0,Afternoon,5.5057,True,0.494
HDEL004630,HORD004630,2018-07-01,2018-07-06,2018-07-06,StarTrack,Express,Delivered,0.0,True,41.0,22.22,none,5.0,9.0,Anytime,3.6405,False,0.316
HDEL004631,HORD004631,2018-02-06,2018-02-09,2018-02-08,AusPost,Standard,Delivered,0.0,True,46.0,8.69,none,3.0,6.0,Afternoon,7.5212,True,0.391
HDEL004632,HORD004632,2018-01-26,2018-01-29,2018-01-29,DHL,Standard,Delivered,0.0,True,35.0,8.87,none,3.0,6.0,Morning,6.9423,True,1.704
HDEL004633,HORD004633,2018-05-09,2018-05-15,2018-05-13,AusPost,Express,Delivered,0.0,True,20.0,17.03,none,6.0,3.0,Anytime,2.3445,True,0.523
HDEL004634,HORD004634,2018-10-08,2018-10-12,2018-10-11,AusPost,Standard,Delivered,0.0,True,59.0,8.55,none,4.0,7.0,Afternoon,7.2366,True,1.208
HDEL004635,HORD004635,2018-05-06,2018-05-09,2018-05-09,Direct Freight,Standard,Delivered,0.0,True,67.0,12.15,none,3.0,9.0,Morning,9.2213,True,0.528
HDEL004636,HORD004636,2018-04-02,2018-04-08,2018-04-13,AusPost,Standard,Delivered,5.0,False,58.0,8.07,weather,6.0,4.0,Morning,3.9131,False,0.433
HDEL004637,HORD004637,2018-06-23,2018-06-26,2018-06-26,StarTrack,Standard,Delivered,0.0,True,25.0,11.15,none,3.0,4.0,Afternoon,3.2287,False,0.352
HDEL004638,HORD004638,2018-10-06,2018-10-09,2018-10-08,StarTrack,Standard,Delivered,0.0,True,42.0,6.02,none,3.0,3.0,Anytime,1.7057,True,0.353
HDEL004639,HORD004639,2018-02-06,2018-02-12,2018-02-10,AusPost,Standard,Delivered,0.0,True,60.0,8.11,none,6.0,6.0,Afternoon,3.15,True,0.472
HDEL004640,HORD004640,2018-09-23,2018-09-26,2018-09-30,Direct Freight,Standard,Delivered,4.0,False,22.0,9.54,carrier_capacity,3.0,9.0,Morning,6.6818,True,0.514
HDEL004641,HORD004641,2018-09-09,2018-09-12,2018-09-10,StarTrack,Standard,Delivered,0.0,True,21.0,10.45,none,3.0,5.0,Anytime,6.5932,True,1.138
HDEL004642,HORD004642,2018-08-30,2018-09-05,2018-09-04,StarTrack,Standard,Delivered,0.0,True,24.0,12.3,none,6.0,4.0,Afternoon,8.7019,True,0.899
HDEL004643,HORD004643,2018-02-08,2018-02-11,2018-02-09,DHL,Express,Delivered,0.0,True,13.0,18.1,none,3.0,3.0,Morning,6.5607,False,0.372
HDEL004644,HORD004644,2018-03-08,2018-03-13,2018-03-13,DHL,Standard,Delivered,0.0,True,38.0,9.53,none,5.0,5.0,Anytime,5.6803,False,0.43
HDEL004645,HORD004645,2018-04-19,2018-04-26,2018-04-26,Direct Freight,Standard,Delivered,0.0,True,48.0,7.99,none,7.0,8.0,Morning,3.1272,True,0.413
HDEL004646,HORD004646,2018-10-23,2018-10-30,2018-10-29,Direct Freight,Standard,Delivered,0.0,True,37.0,10.72,none,7.0,3.0,Anytime,7.0172,True,0.394
HDEL004647,HORD004647,2018-02-13,2018-02-17,2018-02-16,DHL,Standard,Delivered,0.0,True,28.0,7.77,none,4.0,4.0,Anytime,0.6581,False,0.291
HDEL004648,HORD004648,2018-05-31,2018-06-05,2018-06-05,AusPost,Standard,Delivered,0.0,True,48.0,8.03,none,5.0,7.0,Anytime,3.968,True,0.377
HDEL004649,HORD004649,2018-12-12,2018-12-16,2018-12-14,Direct Freight,Standard,Delivered,0.0,True,68.0,9.0,none,4.0,6.0,Anytime,6.063,True,0.493
HDEL004650,HORD004650,2018-05-13,2018-05-20,2018-05-20,StarTrack,Express,Delivered,0.0,True,70.0,14.91,none,7.0,5.0,Anytime,0.6613,True,1.013
HDEL004651,HORD004651,2018-06-11,2018-06-15,2018-06-14,DHL,Standard,Delivered,0.0,True,71.0,14.86,none,4.0,6.0,Morning,8.9305,False,0.472
HDEL004652,HORD004652,2018-09-22,2018-09-27,2018-09-26,AusPost,Standard,Delivered,0.0,True,33.0,7.47,none,5.0,5.0,Morning,5.4309,False,0.41
HDEL004653,HORD004653,2018-04-16,2018-04-20,2018-04-20,AusPost,Standard,Delivered,0.0,True,39.0,9.37,none,4.0,5.0,Anytime,4.8491,True,0.626
HDEL004654,HORD004654,2018-11-21,2018-11-24,2018-11-24,StarTrack,Standard,Delivered,0.0,True,3.0,7.21,none,3.0,5.0,Morning,1.6889,False,0.399
HDEL004655,HORD004655,2018-07-18,2018-07-23,2018-07-21,StarTrack,Standard,Delivered,0.0,True,59.0,12.84,none,5.0,8.0,Anytime,7.0838,True,0.459
HDEL004656,HORD004656,2018-03-01,2018-03-08,2018-03-06,StarTrack,Standard,Delivered,0.0,True,50.0,8.4,none,7.0,9.0,Morning,2.3052,True,0.344
HDEL004657,HORD004657,2018-08-11,2018-08-14,2018-08-14,StarTrack,Express,Delivered,0.0,True,11.0,23.25,none,3.0,5.0,Anytime,8.7076,True,1.253
HDEL004658,HORD004658,2018-04-17,2018-04-21,2018-04-20,DHL,Standard,Delivered,0.0,True,16.0,9.32,none,4.0,4.0,Afternoon,6.5015,False,0.466
HDEL004659,HORD004659,2018-07-10,2018-07-17,2018-07-17,DHL,Standard,Delivered,0.0,True,11.0,14.58,none,7.0,9.0,Anytime,7.7035,False,0.521
HDEL004660,HORD004660,2018-02-28,2018-03-04,2018-03-03,DHL,Express,Delivered,0.0,True,26.0,20.11,none,4.0,9.0,Afternoon,7.0172,True,1.279
HDEL004661,HORD004661,2018-10-21,2018-10-26,2018-10-25,DHL,Standard,Delivered,0.0,True,24.0,12.31,none,5.0,5.0,Afternoon,9.2213,False,0.426
HDEL004662,HORD004662,2018-04-20,2018-04-26,2018-04-24,StarTrack,Standard,Delivered,0.0,True,23.0,11.96,none,6.0,9.0,Morning,8.3403,False,1.11
HDEL004663,HORD004663,2018-08-24,2018-08-27,2018-08-26,DHL,Standard,Delivered,0.0,True,23.0,7.32,none,3.0,3.0,Anytime,0.2025,False,0.281
HDEL004664,HORD004664,2018-10-02,2018-10-08,2018-10-08,AusPost,Standard,Delivered,0.0,True,70.0,8.89,none,6.0,4.0,Anytime,5.5917,True,0.481
HDEL004665,HORD004665,2018-06-24,2018-06-28,2018-07-03,Direct Freight,Standard,Delivered,5.0,False,68.0,13.36,carrier_capacity,4.0,9.0,Morning,6.5391,True,0.54
HDEL004666,HORD004666,2018-03-16,2018-03-19,2018-03-18,DHL,Standard,Delivered,0.0,True,68.0,10.67,none,3.0,9.0,Afternoon,7.2156,False,0.46
HDEL004667,HORD004667,2018-07-22,2018-07-27,2018-07-26,Direct Freight,Standard,Delivered,0.0,True,25.0,12.17,none,5.0,4.0,Afternoon,6.8779,True,0.56
HDEL004668,HORD004668,2018-07-14,2018-07-20,2018-07-20,AusPost,Express,Delivered,0.0,True,42.0,20.21,none,6.0,9.0,Anytime,5.4352,True,0.56
HDEL004669,HORD004669,2018-08-30,2018-09-04,2018-09-04,Direct Freight,Standard,Delivered,0.0,True,17.0,10.4,none,5.0,7.0,Anytime,5.5236,True,0.397
HDEL004670,HORD004670,2018-12-09,2018-12-15,2018-12-14,DHL,Standard,Delivered,0.0,True,37.0,10.26,none,6.0,8.0,Afternoon,6.7811,True,0.551
HDEL004671,HORD004671,2018-07-14,2018-07-17,2018-07-16,Direct Freight,Standard,Delivered,0.0,True,31.0,12.96,none,3.0,5.0,Anytime,7.0974,True,0.977
HDEL004672,HORD004672,2018-08-26,2018-08-30,2018-08-30,StarTrack,Standard,Delivered,0.0,True,18.0,7.39,none,4.0,8.0,Morning,1.4259,True,0.346
HDEL004673,HORD004673,2018-02-17,2018-02-23,2018-02-23,Direct Freight,Express,Delivered,0.0,True,18.0,19.24,none,6.0,7.0,Morning,5.8441,False,0.407
HDEL004674,HORD004674,2018-02-18,2018-02-23,2018-02-21,DHL,Standard,Delivered,0.0,True,39.0,8.33,none,5.0,5.0,Morning,2.5537,False,0.267
HDEL004675,HORD004675,2018-05-17,2018-05-22,2018-05-20,Direct Freight,Standard,Delivered,0.0,True,44.0,8.59,none,5.0,3.0,Morning,7.0295,False,0.395
HDEL004676,HORD004676,2018-04-24,2018-04-29,2018-04-28,StarTrack,Express,Delivered,0.0,True,13.0,18.31,none,5.0,4.0,Afternoon,5.6803,False,0.374
HDEL004677,HORD004677,2018-08-15,2018-08-20,2018-08-18,DHL,Standard,Delivered,0.0,True,6.0,11.27,none,5.0,9.0,Anytime,3.083,False,0.339
HDEL004678,HORD004678,2018-03-08,2018-03-13,2018-03-12,Direct Freight,Standard,Delivered,0.0,True,71.0,6.61,none,5.0,7.0,Morning,3.1272,True,0.971
HDEL004679,HORD004679,2018-11-12,2018-11-18,2018-11-18,StarTrack,Standard,Delivered,0.0,True,61.0,7.72,none,6.0,5.0,Morning,1.5741,False,0.323
HDEL004680,HORD004680,2018-02-26,2018-03-04,2018-03-03,StarTrack,Standard,Delivered,0.0,True,57.0,9.38,none,6.0,8.0,Afternoon,5.5854,True,0.513
HDEL004681,HORD004681,2018-06-05,2018-06-08,2018-06-08,Direct Freight,Standard,Delivered,0.0,True,29.0,10.04,none,3.0,9.0,Anytime,2.8302,False,0.268
HDEL004682,HORD004682,2018-01-03,2018-01-09,2018-01-09,Direct Freight,Express,Delivered,0.0,True,36.0,19.49,none,6.0,8.0,Afternoon,7.1722,True,0.714
HDEL004683,HORD004683,2018-11-05,2018-11-11,2018-11-09,Direct Freight,Express,Delivered,0.0,True,30.0,17.92,none,6.0,4.0,Anytime,3.6405,False,0.386
HDEL004684,HORD004684,2018-07-09,2018-07-14,2018-07-13,DHL,Standard,Delivered,0.0,True,32.0,10.79,none,5.0,7.0,Afternoon,3.3663,True,0.402
HDEL004685,HORD004685,2018-05-03,2018-05-06,2018-05-05,Direct Freight,Standard,Delivered,0.0,True,34.0,9.98,none,3.0,4.0,Anytime,5.9582,True,0.533
HDEL004686,HORD004686,2018-05-16,2018-05-22,2018-05-27,DHL,Standard,Delivered,5.0,False,60.0,8.13,carrier_capacity,6.0,5.0,Anytime,2.79,False,0.343
HDEL004687,HORD004687,2018-05-16,2018-05-22,2018-05-22,DHL,Standard,Delivered,0.0,True,43.0,10.25,none,6.0,8.0,Anytime,6.653,True,0.502
HDEL004688,HORD004688,2018-11-28,2018-12-01,2018-12-06,StarTrack,Express,Delivered,5.0,False,36.0,20.02,carrier_capacity,3.0,7.0,Morning,5.5396,True,0.753
HDEL004689,HORD004689,2018-04-13,2018-04-17,2018-04-15,StarTrack,Standard,Delivered,0.0,True,69.0,9.28,none,4.0,6.0,Morning,3.9556,True,0.39
HDEL004690,HORD004690,2018-12-26,2018-12-30,2018-12-28,AusPost,Standard,Delivered,0.0,True,62.0,8.09,none,4.0,5.0,Anytime,3.2601,True,0.341
HDEL004691,HORD004691,2018-12-20,2018-12-27,2018-12-25,DHL,Express,Delivered,0.0,True,32.0,21.01,none,7.0,5.0,Afternoon,9.1061,False,0.437
HDEL004692,HORD004692,2018-07-28,2018-08-02,2018-08-01,StarTrack,Standard,Delivered,0.0,True,49.0,10.35,none,5.0,4.0,Morning,3.0499,True,0.365
HDEL004693,HORD004693,2018-11-11,2018-11-14,2018-11-15,Direct Freight,Standard,Delivered,1.0,False,3.0,5.0,carrier_capacity,3.0,4.0,Morning,0.134,True,0.377
HDEL004694,HORD004694,2018-09-19,2018-09-23,2018-09-21,StarTrack,Express,Delivered,0.0,True,54.0,14.8,none,4.0,4.0,Anytime,6.3128,True,0.827
HDEL004695,HORD004695,2018-03-24,2018-03-29,2018-03-28,AusPost,Standard,Delivered,0.0,True,21.0,9.12,none,5.0,4.0,Morning,6.3782,True,1.75
HDEL004696,HORD004696,2018-01-05,2018-01-10,2018-01-10,AusPost,Standard,Delivered,0.0,True,34.0,7.25,none,5.0,4.0,Morning,3.6762,True,0.447
HDEL004697,HORD004697,2018-06-04,2018-06-09,2018-06-14,StarTrack,Standard,Delivered,5.0,False,43.0,10.88,carrier_capacity,5.0,8.0,Afternoon,6.4246,False,0.463
HDEL004698,HORD004698,2018-02-02,2018-02-06,2018-02-04,DHL,Standard,Delivered,0.0,True,55.0,9.26,none,4.0,3.0,Morning,5.9648,True,0.534
HDEL004699,HORD004699,2018-09-01,2018-09-07,2018-09-06,AusPost,Standard,Delivered,0.0,True,73.0,14.08,none,6.0,7.0,Anytime,7.7113,False,0.447
HDEL004700,HORD004700,2018-03-20,2018-03-24,2018-03-24,AusPost,Standard,Delivered,0.0,True,27.0,8.65,none,4.0,7.0,Afternoon,7.1859,True,0.43
HDEL004701,HORD004701,2018-02-22,2018-02-26,2018-02-26,AusPost,Standard,Delivered,0.0,True,32.0,11.53,none,4.0,5.0,Afternoon,7.412,True,1.278
HDEL004702,HORD004702,2018-01-10,2018-01-14,2018-01-14,AusPost,Standard,Delivered,0.0,True,24.0,8.04,none,4.0,5.0,Morning,5.0798,False,0.422
HDEL004703,HORD004703,2018-05-16,2018-05-21,2018-05-20,Direct Freight,Standard,Delivered,0.0,True,25.0,6.84,none,5.0,8.0,Afternoon,1.9834,True,0.466
HDEL004704,HORD004704,2018-02-03,2018-02-07,2018-02-05,Direct Freight,Standard,Delivered,0.0,True,29.0,8.75,none,4.0,3.0,Afternoon,6.7151,False,0.424
HDEL004705,HORD004705,2018-11-30,2018-12-07,2018-12-05,AusPost,Standard,Delivered,0.0,True,31.0,7.98,none,7.0,3.0,Morning,5.5396,False,0.45
HDEL004706,HORD004706,2018-02-08,2018-02-14,2018-02-12,StarTrack,Standard,Delivered,0.0,True,50.0,8.17,none,6.0,9.0,Anytime,5.8629,False,0.401
HDEL004707,HORD004707,2018-07-10,2018-07-14,2018-07-14,Direct Freight,Standard,Delivered,0.0,True,12.0,10.57,none,4.0,4.0,Morning,2.8334,True,0.954
HDEL004708,HORD004708,2018-12-20,2018-12-23,2018-12-28,AusPost,Standard,Delivered,5.0,False,8.0,10.07,carrier_capacity,3.0,8.0,Afternoon,8.3195,True,0.624
HDEL004709,HORD004709,2018-02-11,2018-02-18,2018-02-17,Direct Freight,Express,Delivered,0.0,True,21.0,14.63,none,7.0,6.0,Afternoon,0.5576,False,0.362
HDEL004710,HORD004710,2018-04-15,2018-04-20,2018-04-19,Direct Freight,Standard,Delivered,0.0,True,12.0,5.48,none,5.0,7.0,Morning,1.5951,True,0.267
HDEL004711,HORD004711,2018-06-27,2018-07-02,2018-07-02,StarTrack,Express,Delivered,0.0,True,67.0,19.55,none,5.0,3.0,Anytime,7.9613,True,1.301
HDEL004712,HORD004712,2018-10-20,2018-10-25,2018-10-25,AusPost,Standard,Delivered,0.0,True,10.0,7.98,none,5.0,9.0,Afternoon,3.9719,True,0.988
HDEL004713,HORD004713,2018-01-23,2018-01-28,2018-01-27,StarTrack,Standard,Delivered,0.0,True,39.0,11.52,none,5.0,9.0,Anytime,8.1608,False,0.538
HDEL004714,HORD004714,2018-08-21,2018-08-28,2018-08-27,DHL,Standard,Delivered,0.0,True,45.0,10.11,none,7.0,8.0,Anytime,5.1255,True,0.428
HDEL004715,HORD004715,2018-08-21,2018-08-27,2018-08-26,DHL,Standard,Delivered,0.0,True,23.0,11.88,none,6.0,6.0,Afternoon,4.2699,True,0.745
HDEL004716,HORD004716,2018-08-22,2018-08-27,2018-08-26,DHL,Express,Delivered,0.0,True,10.0,19.07,none,5.0,7.0,Anytime,0.316,True,0.322
HDEL004717,HORD004717,2018-01-19,2018-01-24,2018-01-22,Direct Freight,Standard,Delivered,0.0,True,50.0,9.36,none,5.0,3.0,Anytime,6.5139,True,0.581
HDEL004718,HORD004718,2018-07-23,2018-07-27,2018-07-27,AusPost,Standard,Delivered,0.0,True,44.0,13.11,none,4.0,9.0,Afternoon,7.9077,True,0.552
HDEL004719,HORD004719,2018-02-20,2018-02-23,2018-02-21,DHL,Standard,Delivered,0.0,True,51.0,6.35,none,3.0,4.0,Morning,1.6376,False,0.252
HDEL004720,HORD004720,2018-01-03,2018-01-08,2018-01-08,Direct Freight,Standard,Delivered,0.0,True,46.0,8.3,none,5.0,7.0,Afternoon,4.1639,False,0.364
HDEL004721,HORD004721,2018-12-01,2018-12-07,2018-12-07,StarTrack,Standard,Delivered,0.0,True,36.0,6.39,none,6.0,9.0,Morning,3.083,False,0.317
HDEL004722,HORD004722,2018-02-17,2018-02-23,2018-02-22,Direct Freight,Standard,Delivered,0.0,True,31.0,7.85,none,6.0,4.0,Afternoon,3.7018,True,0.398
HDEL004723,HORD004723,2018-11-17,2018-11-21,2018-11-22,DHL,Standard,Delivered,1.0,False,7.0,8.37,weather,4.0,4.0,Afternoon,4.8889,False,0.347
HDEL004724,HORD004724,2018-12-21,2018-12-26,2018-12-24,DHL,Standard,Delivered,0.0,True,7.0,8.71,none,5.0,5.0,Anytime,5.1815,False,0.342
HDEL004725,HORD004725,2018-10-20,2018-10-27,2018-10-27,AusPost,Express,Delivered,0.0,True,37.0,15.18,none,7.0,5.0,Afternoon,3.083,True,0.334
HDEL004726,HORD004726,2018-05-04,2018-05-10,2018-05-10,Direct Freight,Standard,Delivered,0.0,True,24.0,8.09,none,6.0,6.0,Anytime,5.7809,True,0.534
HDEL004727,HORD004727,2018-03-05,2018-03-08,2018-03-07,DHL,Standard,Delivered,0.0,True,5.0,10.66,none,3.0,3.0,Afternoon,6.0905,False,0.368
HDEL004728,HORD004728,2018-05-03,2018-05-09,2018-05-07,Direct Freight,Standard,Delivered,0.0,True,5.0,10.43,none,6.0,5.0,Anytime,5.8666,True,0.989
HDEL004729,HORD004729,2018-02-28,2018-03-07,2018-03-05,DHL,Standard,Delivered,0.0,True,32.0,7.6,none,7.0,8.0,Anytime,5.268,True,1.339
HDEL004730,HORD004730,2018-05-16,2018-05-23,2018-05-24,StarTrack,Standard,Delivered,1.0,False,31.0,9.77,carrier_capacity,7.0,8.0,Morning,5.5854,True,0.553
HDEL004731,HORD004731,2018-03-30,2018-04-03,2018-04-02,AusPost,Standard,Delivered,0.0,True,28.0,9.04,none,4.0,4.0,Anytime,6.6085,True,0.517
HDEL004732,HORD004732,2018-05-02,2018-05-05,2018-05-03,DHL,Standard,Delivered,0.0,True,57.0,12.87,none,3.0,9.0,Afternoon,9.0951,False,0.471
HDEL004733,HORD004733,2018-05-26,2018-05-30,2018-05-29,AusPost,Standard,Delivered,0.0,True,66.0,10.22,none,4.0,5.0,Afternoon,5.6803,True,1.159
HDEL004734,HORD004734,2018-09-03,2018-09-10,2018-09-10,StarTrack,Standard,Delivered,0.0,True,63.0,11.22,none,7.0,8.0,Morning,5.8366,False,0.463
HDEL004735,HORD004735,2018-11-12,2018-11-15,2018-11-13,StarTrack,Standard,Delivered,0.0,True,24.0,9.47,none,3.0,5.0,Morning,7.5354,False,0.381
HDEL004736,HORD004736,2018-05-12,2018-05-18,2018-05-17,StarTrack,Express,Delivered,0.0,True,39.0,19.5,none,6.0,9.0,Morning,7.7961,True,0.451
HDEL004737,HORD004737,2018-04-21,2018-04-27,2018-04-29,Direct Freight,Standard,Delivered,2.0,False,55.0,5.48,weather,6.0,9.0,Anytime,1.6352,True,0.318
HDEL004738,HORD004738,2018-08-12,2018-08-19,2018-08-17,DHL,Standard,Delivered,0.0,True,50.0,13.07,none,7.0,9.0,Morning,8.5047,False,0.439
HDEL004739,HORD004739,2018-05-29,2018-06-05,2018-06-07,StarTrack,Standard,Delivered,2.0,False,12.0,6.87,weather,7.0,8.0,Anytime,4.4822,True,1.051
HDEL004740,HORD004740,2018-08-06,2018-08-12,2018-08-11,Direct Freight,Express,Delivered,0.0,True,25.0,25.98,none,6.0,4.0,Afternoon,6.194,False,0.363
HDEL004741,HORD004741,2018-10-14,2018-10-18,2018-10-16,StarTrack,Standard,Delivered,0.0,True,70.0,11.99,none,4.0,7.0,Anytime,8.7478,True,0.451
HDEL004742,HORD004742,2018-06-01,2018-06-07,2018-06-05,AusPost,Standard,Delivered,0.0,True,70.0,6.1,none,6.0,9.0,Afternoon,2.1106,True,0.405
HDEL004743,HORD004743,2018-03-21,2018-03-26,2018-03-24,Direct Freight,Standard,Delivered,0.0,True,13.0,10.01,none,5.0,8.0,Afternoon,8.8786,True,0.493
HDEL004744,HORD004744,2018-07-31,2018-08-04,2018-08-02,StarTrack,Express,Delivered,0.0,True,49.0,24.61,none,4.0,8.0,Afternoon,5.1945,False,0.358
HDEL004745,HORD004745,2018-07-19,2018-07-23,2018-07-23,StarTrack,Standard,Delivered,0.0,True,31.0,10.83,none,4.0,5.0,Anytime,5.4408,True,0.562
HDEL004746,HORD004746,2018-12-21,2018-12-24,2018-12-23,Direct Freight,Standard,Delivered,0.0,True,51.0,9.91,none,3.0,9.0,Morning,7.3738,True,0.587
HDEL004747,HORD004747,2018-12-12,2018-12-15,2018-12-13,AusPost,Standard,Delivered,0.0,True,64.0,11.43,none,3.0,5.0,Morning,9.7077,False,0.628
HDEL004748,HORD004748,2018-11-17,2018-11-22,2018-11-22,StarTrack,Standard,Delivered,0.0,True,53.0,9.44,none,5.0,8.0,Afternoon,6.0658,False,0.371
HDEL004749,HORD004749,2018-01-07,2018-01-14,2018-01-13,DHL,Standard,Delivered,0.0,True,38.0,9.44,none,7.0,3.0,Anytime,7.7913,True,0.471
HDEL004750,HORD004750,2018-09-16,2018-09-22,2018-09-21,AusPost,Standard,Delivered,0.0,True,49.0,7.57,none,6.0,6.0,Anytime,2.8326,True,0.364
HDEL004751,HORD004751,2018-06-10,2018-06-13,2018-06-13,AusPost,Standard,Delivered,0.0,True,31.0,9.65,none,3.0,4.0,Anytime,3.7755,True,0.408
HDEL004752,HORD004752,2018-12-06,2018-12-09,2018-12-08,Direct Freight,Standard,Delivered,0.0,True,12.0,8.09,none,3.0,4.0,Anytime,3.9883,True,0.543
HDEL004753,HORD004753,2018-12-31,2019-01-04,2019-01-03,StarTrack,Standard,Delivered,0.0,True,44.0,9.97,none,4.0,9.0,Morning,4.0907,False,0.311
HDEL004754,HORD004754,2018-11-10,2018-11-17,2018-11-17,Direct Freight,Standard,Delivered,0.0,True,70.0,8.24,none,7.0,3.0,Anytime,5.8284,True,0.521
HDEL004755,HORD004755,2018-03-20,2018-03-24,2018-03-24,Direct Freight,Standard,Delivered,0.0,True,15.0,6.8,none,4.0,9.0,Morning,3.3621,False,0.356
HDEL004756,HORD004756,2018-04-09,2018-04-16,2018-04-14,AusPost,Standard,Delivered,0.0,True,26.0,9.35,none,7.0,5.0,Anytime,6.2579,False,0.368
HDEL004757,HORD004757,2018-12-26,2019-01-01,2018-12-31,DHL,Standard,Delivered,0.0,True,53.0,10.82,none,6.0,9.0,Morning,5.672,False,0.421
HDEL004758,HORD004758,2018-11-27,2018-11-30,2018-11-30,StarTrack,Standard,Delivered,0.0,True,32.0,10.29,none,3.0,5.0,Afternoon,5.3006,True,1.09
HDEL004759,HORD004759,2018-04-12,2018-04-18,2018-04-16,AusPost,Standard,Delivered,0.0,True,51.0,6.36,none,6.0,7.0,Afternoon,3.2287,True,0.38
HDEL004760,HORD004760,2018-02-20,2018-02-27,2018-02-27,StarTrack,Standard,Delivered,0.0,True,50.0,7.55,none,7.0,7.0,Afternoon,4.8578,False,0.318
HDEL004761,HORD004761,2018-08-25,2018-09-01,2018-08-30,StarTrack,Express,Delivered,0.0,True,29.0,19.58,none,7.0,4.0,Afternoon,7.353,False,0.507
HDEL004762,HORD004762,2018-06-11,2018-06-15,2018-06-15,StarTrack,Standard,Delivered,0.0,True,71.0,13.08,none,4.0,3.0,Anytime,7.6027,True,0.454
HDEL004763,HORD004763,2018-10-15,2018-10-21,2018-10-21,DHL,Standard,Delivered,0.0,True,60.0,10.28,none,6.0,6.0,Anytime,7.5164,True,1.203
HDEL004764,HORD004764,2018-07-05,2018-07-11,2018-07-11,AusPost,Standard,Delivered,0.0,True,31.0,11.65,none,6.0,7.0,Anytime,5.1204,True,0.849
HDEL004765,HORD004765,2018-08-06,2018-08-13,2018-08-12,Direct Freight,Standard,Delivered,0.0,True,21.0,10.96,none,7.0,6.0,Anytime,2.2644,True,0.358
HDEL004766,HORD004766,2018-07-07,2018-07-14,2018-07-14,StarTrack,Standard,Delivered,0.0,True,55.0,12.23,none,7.0,7.0,Afternoon,5.2435,False,0.51
HDEL004767,HORD004767,2018-12-31,2019-01-04,2019-01-04,Direct Freight,Standard,Delivered,0.0,True,19.0,9.53,none,4.0,5.0,Afternoon,4.895,False,0.311
HDEL004768,HORD004768,2018-07-09,2018-07-13,2018-07-13,Direct Freight,Standard,Delivered,0.0,True,10.0,10.79,none,4.0,3.0,Afternoon,4.6966,True,0.461
HDEL004769,HORD004769,2018-05-15,2018-05-22,2018-05-21,DHL,Standard,Delivered,0.0,True,69.0,9.91,none,7.0,5.0,Anytime,4.932,True,0.644
HDEL004770,HORD004770,2018-05-25,2018-05-31,2018-05-31,StarTrack,Standard,Delivered,0.0,True,71.0,6.39,none,6.0,5.0,Morning,0.7001,False,0.26
HDEL004771,HORD004771,2018-10-03,2018-10-10,2018-10-09,DHL,Standard,Delivered,0.0,True,19.0,8.31,none,7.0,4.0,Morning,4.1231,True,0.359
HDEL004772,HORD004772,2018-10-22,2018-10-25,2018-10-23,AusPost,Standard,Delivered,0.0,True,61.0,8.0,none,3.0,5.0,Anytime,2.2644,True,0.409
HDEL004773,HORD004773,2018-10-26,2018-10-29,2018-10-28,AusPost,Standard,Delivered,0.0,True,11.0,9.95,none,3.0,3.0,Morning,5.0303,True,0.853
HDEL004774,HORD004774,2018-08-06,2018-08-13,2018-08-13,AusPost,Standard,Delivered,0.0,True,41.0,11.57,none,7.0,9.0,Afternoon,5.0681,True,0.415
HDEL004775,HORD004775,2018-01-19,2018-01-25,2018-01-24,DHL,Standard,Delivered,0.0,True,30.0,7.5,none,6.0,8.0,Anytime,4.6678,True,1.189
HDEL004776,HORD004776,2018-02-27,2018-03-05,2018-03-04,Direct Freight,Standard,Delivered,0.0,True,18.0,9.1,none,6.0,4.0,Morning,8.5047,False,0.499
HDEL004777,HORD004777,2018-02-18,2018-02-24,2018-02-24,AusPost,Express,Delivered,0.0,True,13.0,14.61,none,6.0,6.0,Afternoon,5.5396,True,0.552
HDEL004778,HORD004778,2018-08-21,2018-08-26,2018-08-26,StarTrack,Standard,Delivered,0.0,True,13.0,14.63,none,5.0,9.0,Afternoon,7.5354,False,0.413
HDEL004779,HORD004779,2018-07-15,2018-07-22,2018-07-21,StarTrack,Express,Delivered,0.0,True,3.0,24.63,none,7.0,4.0,Anytime,7.5212,False,0.463
HDEL004780,HORD004780,2018-11-14,2018-11-19,2018-11-17,AusPost,Standard,Delivered,0.0,True,13.0,9.68,none,5.0,4.0,Morning,7.5354,True,1.114
HDEL004781,HORD004781,2018-05-15,2018-05-21,2018-05-19,DHL,Standard,Delivered,0.0,True,73.0,7.33,none,6.0,7.0,Anytime,3.9556,True,0.533
HDEL004782,HORD004782,2018-01-25,2018-01-30,2018-01-29,AusPost,Standard,Delivered,0.0,True,21.0,9.63,none,5.0,8.0,Anytime,5.4309,True,0.589
HDEL004783,HORD004783,2018-06-20,2018-06-25,2018-06-23,DHL,Express,Delivered,0.0,True,8.0,18.22,none,5.0,8.0,Anytime,2.3095,True,0.425
HDEL004784,HORD004784,2018-03-22,2018-03-28,2018-03-28,DHL,Standard,Delivered,0.0,True,66.0,6.5,none,6.0,6.0,Afternoon,3.5747,True,1.444
HDEL004785,HORD004785,2018-06-24,2018-07-01,2018-06-29,AusPost,Standard,Delivered,0.0,True,69.0,12.89,none,7.0,5.0,Morning,9.458,False,0.464
HDEL004786,HORD004786,2018-09-21,2018-09-28,2018-09-27,DHL,Standard,Delivered,0.0,True,72.0,10.12,none,7.0,4.0,Morning,7.5354,True,0.561
HDEL004787,HORD004787,2018-08-26,2018-08-31,2018-08-29,StarTrack,Standard,Delivered,0.0,True,15.0,14.96,none,5.0,6.0,Afternoon,10.0462,True,0.511
HDEL004788,HORD004788,2018-02-02,2018-02-08,2018-02-08,StarTrack,Express,Delivered,0.0,True,29.0,14.62,none,6.0,9.0,Morning,6.3652,True,0.51
HDEL004789,HORD004789,2018-12-07,2018-12-10,2018-12-08,StarTrack,Standard,Delivered,0.0,True,54.0,11.25,none,3.0,3.0,Morning,6.5436,True,0.522
HDEL004790,HORD004790,2018-03-06,2018-03-10,2018-03-08,StarTrack,Standard,Delivered,0.0,True,52.0,8.06,none,4.0,7.0,Morning,5.8755,False,0.379
HDEL004791,HORD004791,2018-07-14,2018-07-18,2018-07-16,DHL,Standard,Delivered,0.0,True,54.0,9.56,none,4.0,6.0,Morning,2.0879,True,0.505
HDEL004792,HORD004792,2018-05-01,2018-05-07,2018-05-05,AusPost,Standard,Delivered,0.0,True,71.0,7.76,none,6.0,8.0,Afternoon,5.4309,True,0.543
HDEL004793,HORD004793,2018-07-22,2018-07-28,2018-07-26,DHL,Standard,Delivered,0.0,True,42.0,14.29,none,6.0,3.0,Afternoon,8.8092,False,0.527
HDEL004794,HORD004794,2018-04-27,2018-05-04,2018-05-09,AusPost,Standard,Delivered,5.0,False,45.0,8.37,weather,7.0,6.0,Morning,6.3782,True,1.258
HDEL004795,HORD004795,2018-06-08,2018-06-13,2018-06-12,Direct Freight,Standard,Delivered,0.0,True,16.0,13.05,none,5.0,8.0,Afternoon,5.5236,False,0.369
HDEL004796,HORD004796,2018-12-16,2018-12-23,2018-12-21,Direct Freight,Standard,Delivered,0.0,True,6.0,8.72,none,7.0,9.0,Morning,5.6988,True,0.597
HDEL004797,HORD004797,2018-07-23,2018-07-28,2018-07-28,StarTrack,Standard,Delivered,0.0,True,73.0,12.62,none,5.0,7.0,Morning,5.3161,True,0.47
HDEL004798,HORD004798,2018-12-21,2018-12-26,2018-12-24,StarTrack,Standard,Delivered,0.0,True,5.0,7.34,none,5.0,5.0,Morning,1.5241,False,0.306
HDEL004799,HORD004799,2018-08-05,2018-08-09,2018-08-09,Direct Freight,Standard,Delivered,0.0,True,36.0,11.24,none,4.0,4.0,Morning,3.7718,True,0.583
HDEL004800,HORD004800,2018-07-01,2018-07-04,2018-07-04,AusPost,Standard,Delivered,0.0,True,44.0,9.06,none,3.0,5.0,Anytime,4.0721,True,0.915
HDEL004801,HORD004801,2018-10-12,2018-10-16,2018-10-20,AusPost,Standard,Delivered,4.0,False,71.0,9.03,carrier_capacity,4.0,8.0,Morning,4.1646,True,0.366
HDEL004802,HORD004802,2018-05-12,2018-05-15,2018-05-15,DHL,Standard,Delivered,0.0,True,56.0,7.64,none,3.0,8.0,Afternoon,5.4408,False,0.404
HDEL004803,HORD004803,2018-01-18,2018-01-24,2018-01-22,StarTrack,Standard,Delivered,0.0,True,37.0,9.55,none,6.0,5.0,Afternoon,4.2256,True,0.436
HDEL004804,HORD004804,2018-01-18,2018-01-23,2018-01-23,AusPost,Standard,Delivered,0.0,True,2.0,11.19,none,5.0,9.0,Anytime,7.7528,True,1.579
HDEL004805,HORD004805,2018-12-01,2018-12-08,2018-12-06,Direct Freight,Standard,Delivered,0.0,True,66.0,5.66,none,7.0,3.0,Morning,0.919,False,0.225
HDEL004806,HORD004806,2018-02-20,2018-02-24,2018-02-22,DHL,Standard,Delivered,0.0,True,34.0,11.57,none,4.0,3.0,Morning,8.8786,True,0.509
HDEL004807,HORD004807,2018-12-16,2018-12-23,2018-12-21,StarTrack,Standard,Delivered,0.0,True,18.0,11.24,none,7.0,6.0,Anytime,9.2213,False,0.433
HDEL004808,HORD004808,2018-01-10,2018-01-15,2018-01-15,Direct Freight,Standard,Delivered,0.0,True,34.0,8.25,none,5.0,8.0,Afternoon,3.7755,True,1.148
HDEL004809,HORD004809,2018-06-04,2018-06-07,2018-06-05,DHL,Standard,Delivered,0.0,True,34.0,12.06,none,3.0,5.0,Anytime,7.3951,True,0.718
HDEL004810,HORD004810,2018-02-21,2018-02-26,2018-02-25,StarTrack,Standard,Delivered,0.0,True,9.0,8.3,none,5.0,3.0,Afternoon,6.2815,True,0.518
HDEL004811,HORD004811,2018-09-08,2018-09-14,2018-09-14,StarTrack,Standard,Delivered,0.0,True,15.0,11.57,none,6.0,3.0,Morning,9.4002,False,0.576
HDEL004812,HORD004812,2018-09-27,2018-10-02,2018-10-02,AusPost,Standard,Delivered,0.0,True,49.0,11.19,none,5.0,7.0,Afternoon,6.653,False,0.477
HDEL004813,HORD004813,2018-06-01,2018-06-07,2018-06-07,AusPost,Standard,Delivered,0.0,True,43.0,8.42,none,6.0,6.0,Morning,3.3715,True,0.489
HDEL004814,HORD004814,2018-06-03,2018-06-07,2018-06-08,DHL,Standard,Delivered,1.0,False,34.0,11.93,carrier_capacity,4.0,6.0,Afternoon,7.353,False,0.512
HDEL004815,HORD004815,2018-01-04,2018-01-08,2018-01-07,Direct Freight,Standard,Delivered,0.0,True,13.0,11.23,none,4.0,5.0,Anytime,6.2927,False,0.413
HDEL004816,HORD004816,2018-10-21,2018-10-27,2018-10-26,Direct Freight,Express,Delivered,0.0,True,14.0,15.53,none,6.0,8.0,Anytime,6.6214,False,0.388
HDEL004817,HORD004817,2018-06-12,2018-06-18,2018-06-18,DHL,Standard,Delivered,0.0,True,72.0,13.27,none,6.0,5.0,Anytime,6.7151,False,0.52
HDEL004818,HORD004818,2018-11-11,2018-11-15,2018-11-14,StarTrack,Standard,Delivered,0.0,True,26.0,9.99,none,4.0,6.0,Anytime,7.1722,False,0.433
HDEL004819,HORD004819,2018-08-24,2018-08-29,2018-08-28,AusPost,Express,Delivered,0.0,True,37.0,21.64,none,5.0,4.0,Afternoon,6.0446,True,0.367
HDEL004820,HORD004820,2018-09-10,2018-09-17,2018-09-15,StarTrack,Standard,Delivered,0.0,True,62.0,9.32,none,7.0,9.0,Morning,5.0262,True,0.483
HDEL004821,HORD004821,2018-11-01,2018-11-05,2018-11-04,StarTrack,Express,Delivered,0.0,True,22.0,17.6,none,4.0,5.0,Afternoon,2.5537,True,0.442
HDEL004822,HORD004822,2018-08-14,2018-08-18,2018-08-16,Direct Freight,Standard,Delivered,0.0,True,37.0,11.29,none,4.0,9.0,Afternoon,7.7035,True,0.617
HDEL004823,HORD004823,2018-09-17,2018-09-21,2018-09-20,AusPost,Express,Delivered,0.0,True,72.0,17.17,none,4.0,5.0,Anytime,1.0859,True,0.416
HDEL004824,HORD004824,2018-11-05,2018-11-10,2018-11-10,AusPost,Standard,Delivered,0.0,True,54.0,7.69,none,5.0,5.0,Morning,4.8491,True,1.017
HDEL004825,HORD004825,2018-07-01,2018-07-05,2018-07-04,StarTrack,Standard,Delivered,0.0,True,8.0,9.56,none,4.0,5.0,Afternoon,3.0513,True,0.433
HDEL004826,HORD004826,2018-09-18,2018-09-23,2018-09-21,StarTrack,Standard,Delivered,0.0,True,22.0,8.53,none,5.0,9.0,Afternoon,3.5321,False,0.335
HDEL004827,HORD004827,2018-02-28,2018-03-04,2018-03-04,AusPost,Standard,Delivered,0.0,True,50.0,11.78,none,4.0,4.0,Afternoon,8.5452,False,0.403
HDEL004828,HORD004828,2018-02-26,2018-03-03,2018-03-02,AusPost,Standard,Delivered,0.0,True,64.0,10.47,none,5.0,8.0,Anytime,7.6606,True,0.975
HDEL004829,HORD004829,2018-11-17,2018-11-22,2018-11-21,DHL,Standard,Delivered,0.0,True,19.0,9.69,none,5.0,4.0,Morning,6.6553,False,0.379
HDEL004830,HORD004830,2018-12-03,2018-12-08,2018-12-08,StarTrack,Standard,Delivered,0.0,True,3.0,8.24,none,5.0,7.0,Morning,6.2917,True,0.471
HDEL004831,HORD004831,2018-04-01,2018-04-07,2018-04-05,StarTrack,Standard,Delivered,0.0,True,35.0,7.73,none,6.0,6.0,Morning,5.5236,True,0.581
HDEL004832,HORD004832,2018-03-04,2018-03-07,2018-03-07,AusPost,Express,Delivered,0.0,True,61.0,15.4,none,3.0,8.0,Morning,1.013,True,0.942
HDEL004833,HORD004833,2018-07-28,2018-08-04,2018-08-02,StarTrack,Standard,Delivered,0.0,True,33.0,11.89,none,7.0,7.0,Morning,5.839,True,1.022
HDEL004834,HORD004834,2018-02-25,2018-03-01,2018-02-28,Direct Freight,Standard,Delivered,0.0,True,37.0,10.39,none,4.0,3.0,Anytime,6.3388,True,0.471
HDEL004835,HORD004835,2018-10-31,2018-11-06,2018-11-05,StarTrack,Standard,Delivered,0.0,True,56.0,8.91,none,6.0,8.0,Anytime,3.0744,True,0.827
HDEL004836,HORD004836,2018-03-21,2018-03-24,2018-03-22,DHL,Express,Delivered,0.0,True,43.0,18.71,none,3.0,8.0,Anytime,7.7045,True,1.333
HDEL004837,HORD004837,2018-12-16,2018-12-19,2018-12-23,Direct Freight,Standard,Delivered,4.0,False,24.0,10.35,carrier_capacity,3.0,8.0,Morning,7.4924,True,0.606
HDEL004838,HORD004838,2018-12-05,2018-12-10,2018-12-09,StarTrack,Standard,Delivered,0.0,True,9.0,7.65,none,5.0,6.0,Morning,0.5217,False,0.24
HDEL004839,HORD004839,2018-06-03,2018-06-09,2018-06-08,DHL,Standard,Delivered,0.0,True,29.0,13.3,none,6.0,6.0,Morning,7.1497,True,1.155
HDEL004840,HORD004840,2018-05-01,2018-05-05,2018-05-05,Direct Freight,Standard,Delivered,0.0,True,22.0,6.61,none,4.0,8.0,Afternoon,0.7001,True,0.949
HDEL004841,HORD004841,2018-05-02,2018-05-06,2018-05-11,StarTrack,Standard,Delivered,5.0,False,58.0,9.44,warehouse_congestion,4.0,5.0,Anytime,6.5391,False,0.414
HDEL004842,HORD004842,2018-02-26,2018-03-03,2018-03-06,StarTrack,Standard,Delivered,3.0,False,7.0,7.44,warehouse_congestion,5.0,5.0,Morning,0.7001,True,0.368
HDEL004843,HORD004843,2018-06-03,2018-06-09,2018-06-07,DHL,Standard,Delivered,0.0,True,44.0,11.75,none,6.0,8.0,Morning,6.5139,True,0.524
HDEL004844,HORD004844,2018-09-14,2018-09-20,2018-09-21,StarTrack,Standard,Delivered,1.0,False,10.0,8.9,warehouse_congestion,6.0,8.0,Anytime,6.6085,True,0.433
HDEL004845,HORD004845,2018-04-12,2018-04-17,2018-04-17,AusPost,Standard,Delivered,0.0,True,34.0,9.93,none,5.0,7.0,Morning,6.2927,False,0.347
HDEL004846,HORD004846,2018-08-07,2018-08-10,2018-08-10,StarTrack,Standard,Delivered,0.0,True,29.0,11.2,none,3.0,7.0,Afternoon,5.8767,True,1.213
HDEL004847,HORD004847,2018-04-16,2018-04-21,2018-04-19,DHL,Standard,Delivered,0.0,True,16.0,8.32,none,5.0,3.0,Afternoon,6.2917,True,0.532
HDEL004848,HORD004848,2018-06-20,2018-06-26,2018-06-25,Direct Freight,Standard,Delivered,0.0,True,27.0,8.62,none,6.0,4.0,Afternoon,3.025,True,0.441
HDEL004849,HORD004849,2018-10-31,2018-11-06,2018-11-05,DHL,Standard,Delivered,0.0,True,15.0,6.9,none,6.0,3.0,Morning,0.6309,False,0.26
HDEL004850,HORD004850,2018-06-27,2018-06-30,2018-06-29,StarTrack,Standard,Delivered,0.0,True,6.0,8.69,none,3.0,9.0,Afternoon,1.1842,True,0.97
HDEL004851,HORD004851,2018-08-29,2018-09-02,2018-09-04,DHL,Standard,Delivered,2.0,False,65.0,14.01,carrier_capacity,4.0,6.0,Anytime,9.7157,True,0.589
HDEL004852,HORD004852,2018-12-02,2018-12-07,2018-12-06,Direct Freight,Standard,Delivered,0.0,True,22.0,10.77,none,5.0,6.0,Morning,5.6896,True,0.582
HDEL004853,HORD004853,2018-12-11,2018-12-18,2018-12-18,DHL,Standard,Delivered,0.0,True,53.0,7.67,none,7.0,9.0,Afternoon,2.1374,False,0.331
HDEL004854,HORD004854,2018-02-10,2018-02-17,2018-02-16,Direct Freight,Standard,Delivered,0.0,True,41.0,11.88,none,7.0,5.0,Morning,9.5775,True,0.552
HDEL004855,HORD004855,2018-12-17,2018-12-23,2018-12-22,DHL,Standard,Delivered,0.0,True,12.0,9.45,none,6.0,9.0,Morning,5.5221,True,1.822
HDEL004856,HORD004856,2018-03-05,2018-03-11,2018-03-10,DHL,Express,Delivered,0.0,True,50.0,19.64,none,6.0,6.0,Afternoon,7.1722,True,0.439
HDEL004857,HORD004857,2018-01-27,2018-01-30,2018-01-28,DHL,Standard,Delivered,0.0,True,68.0,7.61,none,3.0,7.0,Anytime,0.7955,False,0.256
HDEL004858,HORD004858,2018-01-03,2018-01-09,2018-01-09,StarTrack,Standard,Delivered,0.0,True,20.0,9.1,none,6.0,3.0,Morning,5.1255,True,1.041
HDEL004859,HORD004859,2018-04-12,2018-04-15,2018-04-20,Direct Freight,Standard,Delivered,5.0,False,33.0,8.74,weather,3.0,5.0,Anytime,4.0031,True,0.451
HDEL004860,HORD004860,2018-05-26,2018-06-01,2018-05-31,Direct Freight,Standard,Delivered,0.0,True,33.0,9.04,none,6.0,5.0,Anytime,7.3951,True,0.679
HDEL004861,HORD004861,2018-11-27,2018-12-01,2018-11-29,Direct Freight,Standard,Delivered,0.0,True,60.0,7.69,none,4.0,5.0,Anytime,5.5221,False,0.348
HDEL004862,HORD004862,2018-07-27,2018-08-03,2018-08-02,Direct Freight,Standard,Delivered,0.0,True,14.0,11.61,none,7.0,8.0,Anytime,6.3652,True,0.464
HDEL004863,HORD004863,2018-04-27,2018-04-30,2018-04-28,Direct Freight,Standard,Delivered,0.0,True,4.0,8.57,none,3.0,8.0,Anytime,5.7885,True,1.214
HDEL004864,HORD004864,2018-05-08,2018-05-12,2018-05-12,Direct Freight,Standard,Delivered,0.0,True,12.0,9.24,none,4.0,9.0,Anytime,5.9582,True,0.508
HDEL004865,HORD004865,2018-08-07,2018-08-14,2018-08-13,AusPost,Standard,Delivered,0.0,True,15.0,13.64,none,7.0,7.0,Anytime,9.4002,True,0.477
HDEL004866,HORD004866,2018-02-01,2018-02-08,2018-02-08,StarTrack,Standard,Delivered,0.0,True,36.0,8.96,none,7.0,9.0,Anytime,4.0721,False,0.327
HDEL004867,HORD004867,2018-02-19,2018-02-23,2018-02-23,DHL,Standard,Delivered,0.0,True,35.0,9.79,none,4.0,8.0,Afternoon,6.5607,False,0.358
HDEL004868,HORD004868,2018-12-14,2018-12-20,2018-12-22,AusPost,Standard,Delivered,2.0,False,6.0,10.95,warehouse_congestion,6.0,8.0,Afternoon,6.3092,True,0.47
HDEL004869,HORD004869,2018-03-19,2018-03-23,2018-03-22,AusPost,Standard,Delivered,0.0,True,14.0,7.49,none,4.0,4.0,Afternoon,2.0879,False,0.35
HDEL004870,HORD004870,2018-10-02,2018-10-08,2018-10-07,AusPost,Express,Delivered,0.0,True,24.0,19.5,none,6.0,5.0,Anytime,4.5289,True,0.5
HDEL004871,HORD004871,2018-07-26,2018-07-29,2018-07-28,StarTrack,Standard,Delivered,0.0,True,52.0,16.89,none,3.0,4.0,Afternoon,9.8879,False,0.622
HDEL004872,HORD004872,2018-06-06,2018-06-10,2018-06-09,Direct Freight,Standard,Delivered,0.0,True,52.0,11.02,none,4.0,8.0,Afternoon,4.6342,True,1.089
HDEL004873,HORD004873,2018-06-18,2018-06-24,2018-06-22,StarTrack,Standard,Delivered,0.0,True,11.0,9.77,none,6.0,8.0,Anytime,3.0513,False,0.282
HDEL004874,HORD004874,2018-07-05,2018-07-09,2018-07-08,DHL,Standard,Delivered,0.0,True,38.0,12.34,none,4.0,8.0,Anytime,5.4787,False,0.422
HDEL004875,HORD004875,2018-03-18,2018-03-24,2018-03-22,StarTrack,Standard,Delivered,0.0,True,55.0,8.58,none,6.0,8.0,Afternoon,3.083,False,0.404
HDEL004876,HORD004876,2018-07-06,2018-07-12,2018-07-11,DHL,Standard,Delivered,0.0,True,60.0,9.32,none,6.0,4.0,Morning,3.9131,True,0.983
HDEL004877,HORD004877,2018-09-25,2018-10-02,2018-10-01,AusPost,Standard,Delivered,0.0,True,73.0,10.18,none,7.0,5.0,Afternoon,5.938,True,0.587
HDEL004878,HORD004878,2018-11-12,2018-11-15,2018-11-14,DHL,Standard,Delivered,0.0,True,3.0,9.19,none,3.0,3.0,Anytime,4.1639,False,0.317
HDEL004879,HORD004879,2018-11-10,2018-11-15,2018-11-16,AusPost,Standard,Delivered,1.0,False,45.0,6.15,weather,5.0,3.0,Morning,0.4902,False,0.267
HDEL004880,HORD004880,2018-06-13,2018-06-20,2018-06-18,AusPost,Standard,Delivered,0.0,True,17.0,12.09,none,7.0,3.0,Morning,6.3782,False,0.359
HDEL004881,HORD004881,2018-08-25,2018-09-01,2018-08-30,DHL,Standard,Delivered,0.0,True,20.0,12.03,none,7.0,9.0,Afternoon,5.4787,True,0.516
HDEL004882,HORD004882,2018-09-15,2018-09-19,2018-09-20,DHL,Standard,Delivered,1.0,False,33.0,7.05,weather,4.0,5.0,Afternoon,1.6332,True,0.342
HDEL004883,HORD004883,2018-08-16,2018-08-23,2018-08-21,StarTrack,Standard,Delivered,0.0,True,66.0,11.67,none,7.0,4.0,Afternoon,8.4899,True,0.443
HDEL004884,HORD004884,2018-07-07,2018-07-10,2018-07-10,DHL,Express,Delivered,0.0,True,43.0,21.72,none,3.0,5.0,Anytime,2.522,True,0.438
HDEL004885,HORD004885,2018-03-26,2018-04-02,2018-03-31,StarTrack,Standard,Delivered,0.0,True,21.0,6.8,none,7.0,4.0,Morning,0.7955,False,0.214
HDEL004886,HORD004886,2018-05-06,2018-05-13,2018-05-12,Direct Freight,Standard,Delivered,0.0,True,46.0,12.69,none,7.0,8.0,Morning,9.1432,True,0.559
HDEL004887,HORD004887,2018-08-03,2018-08-09,2018-08-08,Direct Freight,Standard,Delivered,0.0,True,61.0,9.89,none,6.0,9.0,Morning,2.7425,False,0.275
HDEL004888,HORD004888,2018-06-02,2018-06-06,2018-06-04,AusPost,Express,Delivered,0.0,True,44.0,16.76,none,4.0,8.0,Morning,4.1841,True,0.544
HDEL004889,HORD004889,2018-08-14,2018-08-18,2018-08-17,DHL,Standard,Delivered,0.0,True,28.0,14.1,none,4.0,3.0,Afternoon,6.4552,True,1.926
HDEL004890,HORD004890,2018-12-21,2018-12-25,2018-12-24,AusPost,Express,Delivered,0.0,True,33.0,18.07,none,4.0,9.0,Anytime,5.1246,True,1.679
HDEL004891,HORD004891,2018-10-19,2018-10-26,2018-10-26,DHL,Standard,Delivered,0.0,True,46.0,9.33,none,7.0,9.0,Anytime,5.2928,True,1.299
HDEL004892,HORD004892,2018-07-09,2018-07-14,2018-07-14,DHL,Express,Delivered,0.0,True,53.0,20.17,none,5.0,8.0,Afternoon,3.3621,True,0.354
HDEL004893,HORD004893,2018-11-29,2018-12-06,2018-12-04,DHL,Standard,Delivered,0.0,True,2.0,6.77,none,7.0,7.0,Afternoon,0.6613,True,0.84
HDEL004894,HORD004894,2018-08-16,2018-08-20,2018-08-18,Direct Freight,Standard,Delivered,0.0,True,62.0,7.76,none,4.0,9.0,Morning,1.6337,True,0.263
HDEL004895,HORD004895,2018-10-30,2018-11-05,2018-11-03,DHL,Standard,Delivered,0.0,True,37.0,7.26,none,6.0,8.0,Afternoon,3.9152,False,0.347
HDEL004896,HORD004896,2018-07-09,2018-07-16,2018-07-15,AusPost,Standard,Delivered,0.0,True,58.0,9.4,none,7.0,6.0,Morning,3.5071,True,0.864
HDEL004897,HORD004897,2018-08-11,2018-08-14,2018-08-13,StarTrack,Standard,Delivered,0.0,True,65.0,11.52,none,3.0,9.0,Afternoon,4.3706,True,0.372
HDEL004898,HORD004898,2018-02-21,2018-02-25,2018-02-24,DHL,Express,Delivered,0.0,True,12.0,14.39,none,4.0,4.0,Morning,0.5217,False,0.241
HDEL004899,HORD004899,2018-08-04,2018-08-10,2018-08-09,AusPost,Standard,Delivered,0.0,True,24.0,12.24,none,6.0,5.0,Anytime,8.7895,True,1.19
HDEL004900,HORD004900,2018-03-26,2018-04-01,2018-04-01,Direct Freight,Express,Delivered,0.0,True,29.0,15.79,none,6.0,5.0,Morning,0.4249,True,0.44
HDEL004901,HORD004901,2018-04-10,2018-04-17,2018-04-22,DHL,Standard,Delivered,5.0,False,11.0,11.9,weather,7.0,5.0,Morning,8.9244,True,0.56
HDEL004902,HORD004902,2018-01-20,2018-01-25,2018-01-23,Direct Freight,Standard,Delivered,0.0,True,30.0,7.67,none,5.0,9.0,Morning,5.2435,True,1.099
HDEL004903,HORD004903,2018-03-24,2018-03-31,2018-03-29,Direct Freight,Express,Delivered,0.0,True,61.0,21.34,none,7.0,6.0,Afternoon,6.9744,False,0.393
HDEL004904,HORD004904,2018-09-16,2018-09-23,2018-09-27,StarTrack,Standard,Delivered,4.0,False,53.0,10.71,carrier_capacity,7.0,9.0,Anytime,6.5436,True,0.458
HDEL004905,HORD004905,2018-06-29,2018-07-02,2018-07-01,Direct Freight,Standard,Delivered,0.0,True,25.0,13.54,none,3.0,3.0,Afternoon,6.163,False,0.476
HDEL004906,HORD004906,2018-10-13,2018-10-17,2018-10-15,Direct Freight,Standard,Delivered,0.0,True,67.0,10.25,none,4.0,6.0,Morning,7.996,True,0.488
HDEL004907,HORD004907,2018-05-04,2018-05-10,2018-05-08,DHL,Standard,Delivered,0.0,True,36.0,9.26,none,6.0,6.0,Anytime,6.6818,True,0.366
HDEL004908,HORD004908,2018-05-01,2018-05-08,2018-05-07,DHL,Standard,Delivered,0.0,True,26.0,6.8,none,7.0,6.0,Morning,4.1458,True,0.882
HDEL004909,HORD004909,2018-11-04,2018-11-11,2018-11-10,Direct Freight,Express,Delivered,0.0,True,14.0,15.81,none,7.0,6.0,Anytime,5.7397,True,2.456
HDEL004910,HORD004910,2018-05-23,2018-05-26,2018-05-24,DHL,Express,Delivered,0.0,True,23.0,18.89,none,3.0,8.0,Afternoon,7.8594,False,0.406
HDEL004911,HORD004911,2018-04-09,2018-04-12,2018-04-10,AusPost,Standard,Delivered,0.0,True,44.0,8.55,none,3.0,3.0,Afternoon,5.6715,False,0.403
HDEL004912,HORD004912,2018-10-31,2018-11-04,2018-11-04,DHL,Standard,Delivered,0.0,True,24.0,10.44,none,4.0,3.0,Afternoon,8.8092,True,1.283
HDEL004913,HORD004913,2018-09-23,2018-09-27,2018-09-27,StarTrack,Standard,Delivered,0.0,True,28.0,11.79,none,4.0,5.0,Anytime,10.0462,False,0.655
HDEL004914,HORD004914,2018-02-15,2018-02-22,2018-02-21,DHL,Standard,Delivered,0.0,True,45.0,7.76,none,7.0,3.0,Afternoon,1.4385,True,0.271
HDEL004915,HORD004915,2018-12-17,2018-12-21,2018-12-21,Direct Freight,Standard,Delivered,0.0,True,30.0,8.74,none,4.0,5.0,Anytime,6.6214,True,0.49
HDEL004916,HORD004916,2018-01-22,2018-01-26,2018-01-25,Direct Freight,Standard,Delivered,0.0,True,18.0,11.72,none,4.0,7.0,Morning,8.7076,True,0.554
HDEL004917,HORD004917,2018-03-17,2018-03-22,2018-03-21,StarTrack,Standard,Delivered,0.0,True,21.0,9.65,none,5.0,8.0,Morning,7.227,True,1.179
HDEL004918,HORD004918,2018-11-24,2018-11-30,2018-11-28,StarTrack,Express,Delivered,0.0,True,22.0,15.75,none,6.0,9.0,Anytime,6.5801,False,0.443
HDEL004919,HORD004919,2018-10-29,2018-11-03,2018-11-01,StarTrack,Express,Delivered,0.0,True,24.0,15.96,none,5.0,9.0,Morning,7.0295,False,0.544
HDEL004920,HORD004920,2018-07-24,2018-07-28,2018-07-28,DHL,Standard,Delivered,0.0,True,57.0,15.52,none,4.0,7.0,Afternoon,8.6104,True,0.548
HDEL004921,HORD004921,2018-12-18,2018-12-23,2018-12-23,StarTrack,Standard,Delivered,0.0,True,23.0,9.71,none,5.0,8.0,Anytime,6.1569,True,0.557
HDEL004922,HORD004922,2018-12-07,2018-12-12,2018-12-11,StarTrack,Standard,Delivered,0.0,True,56.0,11.45,none,5.0,4.0,Morning,6.7474,True,0.647
HDEL004923,HORD004923,2018-10-28,2018-11-04,2018-11-04,Direct Freight,Standard,Delivered,0.0,True,22.0,7.88,none,7.0,7.0,Afternoon,3.1272,False,0.396
HDEL004924,HORD004924,2018-08-20,2018-08-24,2018-08-24,AusPost,Standard,Delivered,0.0,True,20.0,13.47,none,4.0,4.0,Afternoon,6.5139,False,0.447
HDEL004925,HORD004925,2018-03-31,2018-04-06,2018-04-05,DHL,Standard,Delivered,0.0,True,18.0,7.84,none,6.0,9.0,Afternoon,3.083,True,0.429
HDEL004926,HORD004926,2018-08-20,2018-08-23,2018-08-21,DHL,Express,Delivered,0.0,True,47.0,19.84,none,3.0,4.0,Morning,6.2558,True,0.368
HDEL004927,HORD004927,2018-05-05,2018-05-09,2018-05-09,DHL,Standard,Delivered,0.0,True,44.0,11.43,none,4.0,8.0,Morning,7.38,True,0.487
HDEL004928,HORD004928,2018-07-22,2018-07-28,2018-07-26,Direct Freight,Standard,Delivered,0.0,True,71.0,8.77,none,6.0,9.0,Morning,1.6337,False,0.317
HDEL004929,HORD004929,2018-04-10,2018-04-14,2018-04-13,Direct Freight,Standard,Delivered,0.0,True,9.0,10.51,none,4.0,9.0,Afternoon,5.6988,True,0.574
HDEL004930,HORD004930,2018-10-19,2018-10-22,2018-10-22,AusPost,Express,Delivered,0.0,True,19.0,14.42,none,3.0,4.0,Morning,2.3052,False,0.345
HDEL004931,HORD004931,2018-03-03,2018-03-07,2018-03-07,AusPost,Standard,Delivered,0.0,True,46.0,7.0,none,4.0,6.0,Morning,2.79,True,1.111
HDEL004932,HORD004932,2018-01-23,2018-01-29,2018-01-27,StarTrack,Standard,Delivered,0.0,True,60.0,8.59,none,6.0,4.0,Morning,7.38,False,0.506
HDEL004933,HORD004933,2018-02-04,2018-02-07,2018-02-07,StarTrack,Standard,Delivered,0.0,True,42.0,10.02,none,3.0,5.0,Anytime,6.972,True,0.424
HDEL004934,HORD004934,2018-09-24,2018-10-01,2018-10-01,DHL,Express,Delivered,0.0,True,8.0,14.99,none,7.0,5.0,Afternoon,6.4289,True,0.505
HDEL004935,HORD004935,2018-05-29,2018-06-01,2018-05-31,DHL,Standard,Delivered,0.0,True,39.0,9.7,none,3.0,8.0,Anytime,5.5854,False,0.345
HDEL004936,HORD004936,2018-12-13,2018-12-20,2018-12-20,DHL,Express,Delivered,0.0,True,56.0,15.99,none,7.0,8.0,Morning,4.1707,False,0.299
HDEL004937,HORD004937,2018-12-18,2018-12-21,2018-12-21,AusPost,Standard,Delivered,0.0,True,9.0,7.41,none,3.0,9.0,Anytime,3.0744,False,0.342
HDEL004938,HORD004938,2018-12-12,2018-12-16,2018-12-16,AusPost,Standard,Delivered,0.0,True,47.0,5.39,none,4.0,7.0,Morning,0.243,True,0.799
HDEL004939,HORD004939,2018-02-03,2018-02-09,2018-02-07,AusPost,Express,Delivered,0.0,True,16.0,15.3,none,6.0,8.0,Afternoon,7.7913,False,0.441
HDEL004940,HORD004940,2018-01-22,2018-01-25,2018-01-24,AusPost,Standard,Delivered,0.0,True,68.0,8.08,none,3.0,6.0,Afternoon,5.8138,False,0.379
HDEL004941,HORD004941,2018-12-15,2018-12-19,2018-12-18,AusPost,Standard,Delivered,0.0,True,72.0,9.84,none,4.0,3.0,Afternoon,8.7149,True,1.259
HDEL004942,HORD004942,2018-04-14,2018-04-19,2018-04-18,DHL,Standard,Delivered,0.0,True,23.0,10.52,none,5.0,5.0,Afternoon,7.1497,False,1.171
HDEL004943,HORD004943,2018-06-15,2018-06-19,2018-06-19,StarTrack,Standard,Delivered,0.0,True,42.0,11.9,none,4.0,7.0,Afternoon,7.1535,False,0.403
HDEL004944,HORD004944,2018-01-16,2018-01-23,2018-01-21,AusPost,Express,Delivered,0.0,True,28.0,16.08,none,7.0,9.0,Morning,3.1061,True,1.169
HDEL004945,HORD004945,2018-06-16,2018-06-22,2018-06-20,StarTrack,Standard,Delivered,0.0,True,22.0,10.07,none,6.0,4.0,Anytime,4.2256,False,0.392
HDEL004946,HORD004946,2018-07-07,2018-07-13,2018-07-12,Direct Freight,Standard,Delivered,0.0,True,62.0,11.02,none,6.0,8.0,Morning,7.4249,True,1.626
HDEL004947,HORD004947,2018-09-21,2018-09-24,2018-09-23,AusPost,Standard,Delivered,0.0,True,48.0,7.79,none,3.0,8.0,Anytime,3.7986,True,0.433
HDEL004948,HORD004948,2018-03-06,2018-03-11,2018-03-11,AusPost,Express,Delivered,0.0,True,33.0,19.22,none,5.0,5.0,Anytime,3.9883,True,1.021
HDEL004949,HORD004949,2018-11-30,2018-12-06,2018-12-05,DHL,Standard,Delivered,0.0,True,22.0,11.93,none,6.0,4.0,Morning,7.9613,True,1.142
HDEL004950,HORD004950,2018-07-03,2018-07-07,2018-07-05,AusPost,Standard,Delivered,0.0,True,6.0,10.31,none,4.0,5.0,Morning,2.5537,True,0.453
HDEL004951,HORD004951,2018-01-22,2018-01-25,2018-01-25,AusPost,Standard,Delivered,0.0,True,65.0,7.21,none,3.0,7.0,Afternoon,3.6405,False,0.285
HDEL004952,HORD004952,2018-05-29,2018-06-04,2018-06-04,DHL,Standard,Delivered,0.0,True,20.0,7.9,none,6.0,8.0,Morning,2.5537,True,0.999
HDEL004953,HORD004953,2018-04-24,2018-04-28,2018-04-27,StarTrack,Standard,Delivered,0.0,True,57.0,6.27,none,4.0,5.0,Anytime,0.6613,False,0.271
HDEL004954,HORD004954,2018-08-22,2018-08-26,2018-08-25,StarTrack,Standard,Delivered,0.0,True,47.0,10.3,none,4.0,3.0,Morning,1.4385,True,0.353
HDEL004955,HORD004955,2018-11-11,2018-11-18,2018-11-17,AusPost,Standard,Delivered,0.0,True,24.0,9.41,none,7.0,5.0,Anytime,5.4501,True,1.116
HDEL004956,HORD004956,2018-08-18,2018-08-24,2018-08-23,DHL,Express,Delivered,0.0,True,12.0,16.35,none,6.0,7.0,Anytime,0.2025,True,0.295
HDEL004957,HORD004957,2018-11-25,2018-12-01,2018-12-01,Direct Freight,Express,Delivered,0.0,True,8.0,19.93,none,6.0,8.0,Afternoon,8.0821,True,0.993
HDEL004958,HORD004958,2018-08-03,2018-08-08,2018-08-06,AusPost,Standard,Delivered,0.0,True,47.0,9.73,none,5.0,5.0,Anytime,1.4385,True,0.923
HDEL004959,HORD004959,2018-11-04,2018-11-09,2018-11-07,Direct Freight,Standard,Delivered,0.0,True,67.0,9.72,none,5.0,7.0,Afternoon,5.115,True,0.412
HDEL004960,HORD004960,2018-12-27,2018-12-30,2018-12-28,AusPost,Standard,Delivered,0.0,True,9.0,8.81,none,3.0,7.0,Afternoon,4.0307,True,0.451
HDEL004961,HORD004961,2018-09-11,2018-09-16,2018-09-15,AusPost,Standard,Delivered,0.0,True,28.0,11.38,none,5.0,8.0,Anytime,7.74,True,0.861
HDEL004962,HORD004962,2018-12-14,2018-12-21,2018-12-20,StarTrack,Standard,Delivered,0.0,True,14.0,11.77,none,7.0,4.0,Afternoon,7.2147,False,0.412
HDEL004963,HORD004963,2018-04-27,2018-04-30,2018-04-28,DHL,Standard,Delivered,0.0,True,50.0,8.53,none,3.0,6.0,Afternoon,5.907,True,0.396
HDEL004964,HORD004964,2018-05-18,2018-05-21,2018-05-21,StarTrack,Express,Delivered,0.0,True,62.0,18.2,none,3.0,4.0,Morning,5.5471,True,0.615
HDEL004965,HORD004965,2018-08-27,2018-08-30,2018-08-28,DHL,Standard,Delivered,0.0,True,41.0,14.46,none,3.0,8.0,Morning,7.0833,False,0.385
HDEL004966,HORD004966,2018-10-17,2018-10-21,2018-10-21,DHL,Standard,Delivered,0.0,True,14.0,8.24,none,4.0,5.0,Afternoon,5.7885,False,0.358
HDEL004967,HORD004967,2018-11-12,2018-11-16,2018-11-15,StarTrack,Standard,Delivered,0.0,True,44.0,11.0,none,4.0,5.0,Morning,7.1137,False,0.407
HDEL004968,HORD004968,2018-09-14,2018-09-17,2018-09-16,DHL,Standard,Delivered,0.0,True,18.0,9.22,none,3.0,4.0,Afternoon,6.8779,True,0.559
HDEL004969,HORD004969,2018-01-27,2018-01-30,2018-01-30,AusPost,Standard,Delivered,0.0,True,39.0,10.27,none,3.0,6.0,Afternoon,5.2041,True,0.427
HDEL004970,HORD004970,2018-08-30,2018-09-04,2018-09-04,DHL,Standard,Delivered,0.0,True,66.0,9.93,none,5.0,3.0,Morning,4.3025,True,1.123
HDEL004971,HORD004971,2018-04-09,2018-04-13,2018-04-12,StarTrack,Standard,Delivered,0.0,True,21.0,11.27,none,4.0,4.0,Anytime,7.7913,False,0.45
HDEL004972,HORD004972,2018-06-19,2018-06-26,2018-06-26,StarTrack,Standard,Delivered,0.0,True,31.0,14.55,none,7.0,9.0,Anytime,9.1061,True,1.253
HDEL004973,HORD004973,2018-09-18,2018-09-22,2018-09-21,StarTrack,Express,Delivered,0.0,True,14.0,19.47,none,4.0,8.0,Anytime,6.5801,True,0.382
HDEL004974,HORD004974,2018-12-02,2018-12-09,2018-12-09,AusPost,Standard,Delivered,0.0,True,64.0,8.17,none,7.0,9.0,Anytime,5.6896,True,1.039
HDEL004975,HORD004975,2018-07-15,2018-07-20,2018-07-20,Direct Freight,Express,Delivered,0.0,True,17.0,24.86,none,5.0,8.0,Morning,7.7913,True,1.152
HDEL004976,HORD004976,2018-06-22,2018-06-26,2018-06-25,DHL,Standard,Delivered,0.0,True,20.0,13.31,none,4.0,7.0,Anytime,5.4734,True,0.834
HDEL004977,HORD004977,2018-12-17,2018-12-23,2018-12-22,StarTrack,Standard,Delivered,0.0,True,47.0,9.8,none,6.0,8.0,Anytime,5.9503,True,0.836
HDEL004978,HORD004978,2018-04-09,2018-04-13,2018-04-18,Direct Freight,Standard,Delivered,5.0,False,16.0,10.49,warehouse_congestion,4.0,8.0,Anytime,6.9029,True,1.955
HDEL004979,HORD004979,2018-11-24,2018-11-28,2018-11-27,DHL,Express,Delivered,0.0,True,10.0,20.35,none,4.0,5.0,Anytime,6.2844,True,0.425
HDEL004980,HORD004980,2018-09-12,2018-09-18,2018-09-16,Direct Freight,Standard,Delivered,0.0,True,67.0,5.91,none,6.0,4.0,Morning,1.4259,True,0.358
HDEL004981,HORD004981,2018-09-28,2018-10-02,2018-10-02,Direct Freight,Express,Delivered,0.0,True,70.0,15.96,none,4.0,7.0,Afternoon,0.5058,True,0.36
HDEL004982,HORD004982,2018-09-25,2018-09-30,2018-09-29,Direct Freight,Express,Delivered,0.0,True,67.0,16.98,none,5.0,4.0,Afternoon,2.2204,False,0.355
HDEL004983,HORD004983,2018-06-07,2018-06-14,2018-06-14,DHL,Standard,Delivered,0.0,True,23.0,13.31,none,7.0,8.0,Morning,7.6692,False,0.465
HDEL004984,HORD004984,2018-09-20,2018-09-25,2018-09-23,StarTrack,Standard,Delivered,0.0,True,47.0,7.81,none,5.0,4.0,Anytime,4.6266,True,1.0
HDEL004985,HORD004985,2018-02-05,2018-02-11,2018-02-10,StarTrack,Standard,Delivered,0.0,True,55.0,9.91,none,6.0,6.0,Afternoon,6.2095,True,1.229
HDEL004986,HORD004986,2018-08-09,2018-08-12,2018-08-12,StarTrack,Standard,Delivered,0.0,True,8.0,11.46,none,3.0,8.0,Anytime,6.5015,True,0.591
HDEL004987,HORD004987,2018-11-03,2018-11-08,2018-11-07,AusPost,Standard,Delivered,0.0,True,61.0,6.36,none,5.0,3.0,Afternoon,2.6716,True,1.053
HDEL004988,HORD004988,2018-01-23,2018-01-26,2018-01-24,AusPost,Standard,Delivered,0.0,True,25.0,10.43,none,3.0,7.0,Morning,7.7128,True,1.095
HDEL004989,HORD004989,2018-04-17,2018-04-20,2018-04-20,StarTrack,Standard,Delivered,0.0,True,58.0,10.17,none,3.0,7.0,Morning,5.6382,True,0.4
HDEL004990,HORD004990,2018-01-31,2018-02-03,2018-02-03,Direct Freight,Standard,Delivered,0.0,True,53.0,11.66,none,3.0,8.0,Morning,8.5452,False,0.409
HDEL004991,HORD004991,2018-01-21,2018-01-24,2018-01-22,Direct Freight,Standard,Delivered,0.0,True,5.0,8.1,none,3.0,5.0,Anytime,1.1841,True,1.024
HDEL004992,HORD004992,2018-04-11,2018-04-17,2018-04-15,AusPost,Standard,Delivered,0.0,True,46.0,6.7,none,6.0,6.0,Morning,1.8546,True,0.419
HDEL004993,HORD004993,2018-11-25,2018-11-30,2018-11-30,AusPost,Standard,Delivered,0.0,True,30.0,7.7,none,5.0,3.0,Afternoon,5.0903,True,0.449
HDEL004994,HORD004994,2018-08-30,2018-09-04,2018-09-04,AusPost,Express,Delivered,0.0,True,3.0,23.35,none,5.0,8.0,Anytime,3.9883,True,1.706
HDEL004995,HORD004995,2018-11-03,2018-11-08,2018-11-07,StarTrack,Standard,Delivered,0.0,True,3.0,9.86,none,5.0,4.0,Morning,5.1841,True,0.635
HDEL004996,HORD004996,2018-05-07,2018-05-10,2018-05-15,AusPost,Standard,Delivered,5.0,False,44.0,9.99,weather,3.0,8.0,Morning,5.3937,False,0.39
HDEL004997,HORD004997,2018-11-10,2018-11-17,2018-11-16,Direct Freight,Standard,Delivered,0.0,True,63.0,10.56,none,7.0,3.0,Afternoon,8.0803,True,0.515
HDEL004998,HORD004998,2018-07-18,2018-07-22,2018-07-20,AusPost,Standard,Delivered,0.0,True,65.0,9.89,none,4.0,6.0,Anytime,5.4097,True,0.442
HDEL004999,HORD004999,2018-11-02,2018-11-08,2018-11-08,StarTrack,Express,Delivered,0.0,True,13.0,16.31,none,6.0,8.0,Anytime,3.9556,True,0.484
HDEL005000,HORD005000,2018-03-03,2018-03-07,2018-03-07,Direct Freight,Standard,Delivered,0.0,True,42.0,11.05,none,4.0,9.0,Afternoon,6.5801,False,1.091
